entity,year,value
Algeria,1930,0
Algeria,1931,0
Algeria,1932,0
Algeria,1933,0
Algeria,1934,0
Algeria,1935,0
Algeria,1936,0
Algeria,1937,0
Algeria,1938,0
Algeria,1939,0
Algeria,1940,0
Algeria,1941,0
Algeria,1942,0
Algeria,1943,0
Algeria,1944,0
Algeria,1945,0
Algeria,1946,0
Algeria,1947,0
Algeria,1948,0
Algeria,1949,0
Algeria,1950,0
Algeria,1951,0
Algeria,1952,0
Algeria,1953,0
Algeria,1954,0
Algeria,1955,0
Algeria,1956,0
Algeria,1957,0
Algeria,1958,0
Algeria,1959,0
Algeria,1960,0
Algeria,1961,0
Algeria,1962,0
Algeria,1963,0
Algeria,1964,0
Algeria,1965,0
Algeria,1966,0
Algeria,1967,0
Algeria,1968,0
Algeria,1969,0
Algeria,1970,0
Algeria,1971,0
Algeria,1972,0
Algeria,1973,0
Algeria,1974,0
Algeria,1975,0
Algeria,1976,0
Algeria,1977,0
Algeria,1978,0
Algeria,1979,0
Algeria,1980,0
Algeria,1981,0
Algeria,1982,5
Algeria,1983,5
Algeria,1984,5
Algeria,1985,5
Algeria,1986,6
Algeria,1987,6
Algeria,1988,6
Algeria,1989,6
Algeria,1990,6
Algeria,1991,6
Algeria,1992,6
Algeria,1993,6
Algeria,1994,6
Algeria,1995,6
Algeria,1996,6
Algeria,1997,6
Algeria,1998,6
Algeria,1999,6
Algeria,2000,6
Algeria,2001,6
Algeria,2002,6
Algeria,2003,6
Algeria,2004,6
Algeria,2005,6
Algeria,2006,6
Algeria,2007,6
Algeria,2008,6
Algeria,2009,6
Algeria,2010,6
Algeria,2011,6
Algeria,2012,6
Algeria,2013,6
Algeria,2014,13
Algeria,2015,13
Algeria,2016,13
Algeria,2017,13
Algeria,2018,13
Algeria,2019,13
Algeria,2020,13
Algeria,2021,13
Algeria,2022,13
Algeria,2023,13
Algeria,2024,13
Algeria,2025,13
Algeria,2026,18
Angola,1930,0
Angola,1931,0
Angola,1932,0
Angola,1933,0
Angola,1934,0
Angola,1935,0
Angola,1936,0
Angola,1937,0
Angola,1938,0
Angola,1939,0
Angola,1940,0
Angola,1941,0
Angola,1942,0
Angola,1943,0
Angola,1944,0
Angola,1945,0
Angola,1946,0
Angola,1947,0
Angola,1948,0
Angola,1949,0
Angola,1950,0
Angola,1951,0
Angola,1952,0
Angola,1953,0
Angola,1954,0
Angola,1955,0
Angola,1956,0
Angola,1957,0
Angola,1958,0
Angola,1959,0
Angola,1960,0
Angola,1961,0
Angola,1962,0
Angola,1963,0
Angola,1964,0
Angola,1965,0
Angola,1966,0
Angola,1967,0
Angola,1968,0
Angola,1969,0
Angola,1970,0
Angola,1971,0
Angola,1972,0
Angola,1973,0
Angola,1974,0
Angola,1975,0
Angola,1976,0
Angola,1977,0
Angola,1978,0
Angola,1979,0
Angola,1980,0
Angola,1981,0
Angola,1982,0
Angola,1983,0
Angola,1984,0
Angola,1985,0
Angola,1986,0
Angola,1987,0
Angola,1988,0
Angola,1989,0
Angola,1990,0
Angola,1991,0
Angola,1992,0
Angola,1993,0
Angola,1994,0
Angola,1995,0
Angola,1996,0
Angola,1997,0
Angola,1998,0
Angola,1999,0
Angola,2000,0
Angola,2001,0
Angola,2002,0
Angola,2003,0
Angola,2004,0
Angola,2005,0
Angola,2006,1
Angola,2007,1
Angola,2008,1
Angola,2009,1
Angola,2010,1
Angola,2011,1
Angola,2012,1
Angola,2013,1
Angola,2014,1
Angola,2015,1
Angola,2016,1
Angola,2017,1
Angola,2018,1
Angola,2019,1
Angola,2020,1
Angola,2021,1
Angola,2022,1
Angola,2023,1
Angola,2024,1
Angola,2025,1
Angola,2026,1
Argentina,1930,18
Argentina,1931,18
Argentina,1932,18
Argentina,1933,18
Argentina,1934,20
Argentina,1935,20
Argentina,1936,20
Argentina,1937,20
Argentina,1938,20
Argentina,1939,20
Argentina,1940,20
Argentina,1941,20
Argentina,1942,20
Argentina,1943,20
Argentina,1944,20
Argentina,1945,20
Argentina,1946,20
Argentina,1947,20
Argentina,1948,20
Argentina,1949,20
Argentina,1950,20
Argentina,1951,20
Argentina,1952,20
Argentina,1953,20
Argentina,1954,20
Argentina,1955,20
Argentina,1956,20
Argentina,1957,20
Argentina,1958,25
Argentina,1959,25
Argentina,1960,25
Argentina,1961,25
Argentina,1962,27
Argentina,1963,27
Argentina,1964,27
Argentina,1965,27
Argentina,1966,31
Argentina,1967,31
Argentina,1968,31
Argentina,1969,31
Argentina,1970,31
Argentina,1971,31
Argentina,1972,31
Argentina,1973,31
Argentina,1974,40
Argentina,1975,40
Argentina,1976,40
Argentina,1977,40
Argentina,1978,55
Argentina,1979,55
Argentina,1980,55
Argentina,1981,55
Argentina,1982,63
Argentina,1983,63
Argentina,1984,63
Argentina,1985,63
Argentina,1986,77
Argentina,1987,77
Argentina,1988,77
Argentina,1989,77
Argentina,1990,82
Argentina,1991,82
Argentina,1992,82
Argentina,1993,82
Argentina,1994,90
Argentina,1995,90
Argentina,1996,90
Argentina,1997,90
Argentina,1998,100
Argentina,1999,100
Argentina,2000,100
Argentina,2001,100
Argentina,2002,102
Argentina,2003,102
Argentina,2004,102
Argentina,2005,102
Argentina,2006,113
Argentina,2007,113
Argentina,2008,113
Argentina,2009,113
Argentina,2010,123
Argentina,2011,123
Argentina,2012,123
Argentina,2013,123
Argentina,2014,131
Argentina,2015,131
Argentina,2016,131
Argentina,2017,131
Argentina,2018,137
Argentina,2019,137
Argentina,2020,137
Argentina,2021,137
Argentina,2022,152
Argentina,2023,152
Argentina,2024,152
Argentina,2025,152
Argentina,2026,171
Australia,1930,0
Australia,1931,0
Australia,1932,0
Australia,1933,0
Australia,1934,0
Australia,1935,0
Australia,1936,0
Australia,1937,0
Australia,1938,0
Australia,1939,0
Australia,1940,0
Australia,1941,0
Australia,1942,0
Australia,1943,0
Australia,1944,0
Australia,1945,0
Australia,1946,0
Australia,1947,0
Australia,1948,0
Australia,1949,0
Australia,1950,0
Australia,1951,0
Australia,1952,0
Australia,1953,0
Australia,1954,0
Australia,1955,0
Australia,1956,0
Australia,1957,0
Australia,1958,0
Australia,1959,0
Australia,1960,0
Australia,1961,0
Australia,1962,0
Australia,1963,0
Australia,1964,0
Australia,1965,0
Australia,1966,0
Australia,1967,0
Australia,1968,0
Australia,1969,0
Australia,1970,0
Australia,1971,0
Australia,1972,0
Australia,1973,0
Australia,1974,0
Australia,1975,0
Australia,1976,0
Australia,1977,0
Australia,1978,0
Australia,1979,0
Australia,1980,0
Australia,1981,0
Australia,1982,0
Australia,1983,0
Australia,1984,0
Australia,1985,0
Australia,1986,0
Australia,1987,0
Australia,1988,0
Australia,1989,0
Australia,1990,0
Australia,1991,0
Australia,1992,0
Australia,1993,0
Australia,1994,0
Australia,1995,0
Australia,1996,0
Australia,1997,0
Australia,1998,0
Australia,1999,0
Australia,2000,0
Australia,2001,0
Australia,2002,0
Australia,2003,0
Australia,2004,0
Australia,2005,0
Australia,2006,5
Australia,2007,5
Australia,2008,5
Australia,2009,5
Australia,2010,8
Australia,2011,8
Australia,2012,8
Australia,2013,8
Australia,2014,11
Australia,2015,11
Australia,2016,11
Australia,2017,11
Australia,2018,13
Australia,2019,13
Australia,2020,13
Australia,2021,13
Australia,2022,17
Australia,2023,17
Australia,2024,17
Australia,2025,17
Australia,2026,20
Austria,1930,0
Austria,1931,0
Austria,1932,0
Austria,1933,0
Austria,1934,7
Austria,1935,7
Austria,1936,7
Austria,1937,7
Austria,1938,7
Austria,1939,7
Austria,1940,7
Austria,1941,7
Austria,1942,7
Austria,1943,7
Austria,1944,7
Austria,1945,7
Austria,1946,7
Austria,1947,7
Austria,1948,7
Austria,1949,7
Austria,1950,7
Austria,1951,7
Austria,1952,7
Austria,1953,7
Austria,1954,24
Austria,1955,24
Austria,1956,24
Austria,1957,24
Austria,1958,26
Austria,1959,26
Austria,1960,26
Austria,1961,26
Austria,1962,26
Austria,1963,26
Austria,1964,26
Austria,1965,26
Austria,1966,26
Austria,1967,26
Austria,1968,26
Austria,1969,26
Austria,1970,26
Austria,1971,26
Austria,1972,26
Austria,1973,26
Austria,1974,26
Austria,1975,26
Austria,1976,26
Austria,1977,26
Austria,1978,33
Austria,1979,33
Austria,1980,33
Austria,1981,33
Austria,1982,38
Austria,1983,38
Austria,1984,38
Austria,1985,38
Austria,1986,38
Austria,1987,38
Austria,1988,38
Austria,1989,38
Austria,1990,40
Austria,1991,40
Austria,1992,40
Austria,1993,40
Austria,1994,40
Austria,1995,40
Austria,1996,40
Austria,1997,40
Austria,1998,43
Austria,1999,43
Austria,2000,43
Austria,2001,43
Austria,2002,43
Austria,2003,43
Austria,2004,43
Austria,2005,43
Austria,2006,43
Austria,2007,43
Austria,2008,43
Austria,2009,43
Austria,2010,43
Austria,2011,43
Austria,2012,43
Austria,2013,43
Austria,2014,43
Austria,2015,43
Austria,2016,43
Austria,2017,43
Austria,2018,43
Austria,2019,43
Austria,2020,43
Austria,2021,43
Austria,2022,43
Austria,2023,43
Austria,2024,43
Austria,2025,43
Austria,2026,49
Belgium,1930,0
Belgium,1931,0
Belgium,1932,0
Belgium,1933,0
Belgium,1934,2
Belgium,1935,2
Belgium,1936,2
Belgium,1937,2
Belgium,1938,3
Belgium,1939,3
Belgium,1940,3
Belgium,1941,3
Belgium,1942,3
Belgium,1943,3
Belgium,1944,3
Belgium,1945,3
Belgium,1946,3
Belgium,1947,3
Belgium,1948,3
Belgium,1949,3
Belgium,1950,3
Belgium,1951,3
Belgium,1952,3
Belgium,1953,3
Belgium,1954,8
Belgium,1955,8
Belgium,1956,8
Belgium,1957,8
Belgium,1958,8
Belgium,1959,8
Belgium,1960,8
Belgium,1961,8
Belgium,1962,8
Belgium,1963,8
Belgium,1964,8
Belgium,1965,8
Belgium,1966,8
Belgium,1967,8
Belgium,1968,8
Belgium,1969,8
Belgium,1970,12
Belgium,1971,12
Belgium,1972,12
Belgium,1973,12
Belgium,1974,12
Belgium,1975,12
Belgium,1976,12
Belgium,1977,12
Belgium,1978,12
Belgium,1979,12
Belgium,1980,12
Belgium,1981,12
Belgium,1982,15
Belgium,1983,15
Belgium,1984,15
Belgium,1985,15
Belgium,1986,27
Belgium,1987,27
Belgium,1988,27
Belgium,1989,27
Belgium,1990,33
Belgium,1991,33
Belgium,1992,33
Belgium,1993,33
Belgium,1994,37
Belgium,1995,37
Belgium,1996,37
Belgium,1997,37
Belgium,1998,40
Belgium,1999,40
Belgium,2000,40
Belgium,2001,40
Belgium,2002,46
Belgium,2003,46
Belgium,2004,46
Belgium,2005,46
Belgium,2006,46
Belgium,2007,46
Belgium,2008,46
Belgium,2009,46
Belgium,2010,46
Belgium,2011,46
Belgium,2012,46
Belgium,2013,46
Belgium,2014,52
Belgium,2015,52
Belgium,2016,52
Belgium,2017,52
Belgium,2018,68
Belgium,2019,68
Belgium,2020,68
Belgium,2021,68
Belgium,2022,69
Belgium,2023,69
Belgium,2024,69
Belgium,2025,69
Belgium,2026,83
Bolivia,1930,0
Bolivia,1931,0
Bolivia,1932,0
Bolivia,1933,0
Bolivia,1934,0
Bolivia,1935,0
Bolivia,1936,0
Bolivia,1937,0
Bolivia,1938,0
Bolivia,1939,0
Bolivia,1940,0
Bolivia,1941,0
Bolivia,1942,0
Bolivia,1943,0
Bolivia,1944,0
Bolivia,1945,0
Bolivia,1946,0
Bolivia,1947,0
Bolivia,1948,0
Bolivia,1949,0
Bolivia,1950,0
Bolivia,1951,0
Bolivia,1952,0
Bolivia,1953,0
Bolivia,1954,0
Bolivia,1955,0
Bolivia,1956,0
Bolivia,1957,0
Bolivia,1958,0
Bolivia,1959,0
Bolivia,1960,0
Bolivia,1961,0
Bolivia,1962,0
Bolivia,1963,0
Bolivia,1964,0
Bolivia,1965,0
Bolivia,1966,0
Bolivia,1967,0
Bolivia,1968,0
Bolivia,1969,0
Bolivia,1970,0
Bolivia,1971,0
Bolivia,1972,0
Bolivia,1973,0
Bolivia,1974,0
Bolivia,1975,0
Bolivia,1976,0
Bolivia,1977,0
Bolivia,1978,0
Bolivia,1979,0
Bolivia,1980,0
Bolivia,1981,0
Bolivia,1982,0
Bolivia,1983,0
Bolivia,1984,0
Bolivia,1985,0
Bolivia,1986,0
Bolivia,1987,0
Bolivia,1988,0
Bolivia,1989,0
Bolivia,1990,0
Bolivia,1991,0
Bolivia,1992,0
Bolivia,1993,0
Bolivia,1994,1
Bolivia,1995,1
Bolivia,1996,1
Bolivia,1997,1
Bolivia,1998,1
Bolivia,1999,1
Bolivia,2000,1
Bolivia,2001,1
Bolivia,2002,1
Bolivia,2003,1
Bolivia,2004,1
Bolivia,2005,1
Bolivia,2006,1
Bolivia,2007,1
Bolivia,2008,1
Bolivia,2009,1
Bolivia,2010,1
Bolivia,2011,1
Bolivia,2012,1
Bolivia,2013,1
Bolivia,2014,1
Bolivia,2015,1
Bolivia,2016,1
Bolivia,2017,1
Bolivia,2018,1
Bolivia,2019,1
Bolivia,2020,1
Bolivia,2021,1
Bolivia,2022,1
Bolivia,2023,1
Bolivia,2024,1
Bolivia,2025,1
Bolivia,2026,1
Bosnia and Herzegovina,1930,0
Bosnia and Herzegovina,1931,0
Bosnia and Herzegovina,1932,0
Bosnia and Herzegovina,1933,0
Bosnia and Herzegovina,1934,0
Bosnia and Herzegovina,1935,0
Bosnia and Herzegovina,1936,0
Bosnia and Herzegovina,1937,0
Bosnia and Herzegovina,1938,0
Bosnia and Herzegovina,1939,0
Bosnia and Herzegovina,1940,0
Bosnia and Herzegovina,1941,0
Bosnia and Herzegovina,1942,0
Bosnia and Herzegovina,1943,0
Bosnia and Herzegovina,1944,0
Bosnia and Herzegovina,1945,0
Bosnia and Herzegovina,1946,0
Bosnia and Herzegovina,1947,0
Bosnia and Herzegovina,1948,0
Bosnia and Herzegovina,1949,0
Bosnia and Herzegovina,1950,0
Bosnia and Herzegovina,1951,0
Bosnia and Herzegovina,1952,0
Bosnia and Herzegovina,1953,0
Bosnia and Herzegovina,1954,0
Bosnia and Herzegovina,1955,0
Bosnia and Herzegovina,1956,0
Bosnia and Herzegovina,1957,0
Bosnia and Herzegovina,1958,0
Bosnia and Herzegovina,1959,0
Bosnia and Herzegovina,1960,0
Bosnia and Herzegovina,1961,0
Bosnia and Herzegovina,1962,0
Bosnia and Herzegovina,1963,0
Bosnia and Herzegovina,1964,0
Bosnia and Herzegovina,1965,0
Bosnia and Herzegovina,1966,0
Bosnia and Herzegovina,1967,0
Bosnia and Herzegovina,1968,0
Bosnia and Herzegovina,1969,0
Bosnia and Herzegovina,1970,0
Bosnia and Herzegovina,1971,0
Bosnia and Herzegovina,1972,0
Bosnia and Herzegovina,1973,0
Bosnia and Herzegovina,1974,0
Bosnia and Herzegovina,1975,0
Bosnia and Herzegovina,1976,0
Bosnia and Herzegovina,1977,0
Bosnia and Herzegovina,1978,0
Bosnia and Herzegovina,1979,0
Bosnia and Herzegovina,1980,0
Bosnia and Herzegovina,1981,0
Bosnia and Herzegovina,1982,0
Bosnia and Herzegovina,1983,0
Bosnia and Herzegovina,1984,0
Bosnia and Herzegovina,1985,0
Bosnia and Herzegovina,1986,0
Bosnia and Herzegovina,1987,0
Bosnia and Herzegovina,1988,0
Bosnia and Herzegovina,1989,0
Bosnia and Herzegovina,1990,0
Bosnia and Herzegovina,1991,0
Bosnia and Herzegovina,1992,0
Bosnia and Herzegovina,1993,0
Bosnia and Herzegovina,1994,0
Bosnia and Herzegovina,1995,0
Bosnia and Herzegovina,1996,0
Bosnia and Herzegovina,1997,0
Bosnia and Herzegovina,1998,0
Bosnia and Herzegovina,1999,0
Bosnia and Herzegovina,2000,0
Bosnia and Herzegovina,2001,0
Bosnia and Herzegovina,2002,0
Bosnia and Herzegovina,2003,0
Bosnia and Herzegovina,2004,0
Bosnia and Herzegovina,2005,0
Bosnia and Herzegovina,2006,0
Bosnia and Herzegovina,2007,0
Bosnia and Herzegovina,2008,0
Bosnia and Herzegovina,2009,0
Bosnia and Herzegovina,2010,0
Bosnia and Herzegovina,2011,0
Bosnia and Herzegovina,2012,0
Bosnia and Herzegovina,2013,0
Bosnia and Herzegovina,2014,4
Bosnia and Herzegovina,2015,4
Bosnia and Herzegovina,2016,4
Bosnia and Herzegovina,2017,4
Bosnia and Herzegovina,2018,4
Bosnia and Herzegovina,2019,4
Bosnia and Herzegovina,2020,4
Bosnia and Herzegovina,2021,4
Bosnia and Herzegovina,2022,4
Bosnia and Herzegovina,2023,4
Bosnia and Herzegovina,2024,4
Bosnia and Herzegovina,2025,4
Bosnia and Herzegovina,2026,9
Brazil,1930,5
Brazil,1931,5
Brazil,1932,5
Brazil,1933,5
Brazil,1934,6
Brazil,1935,6
Brazil,1936,6
Brazil,1937,6
Brazil,1938,20
Brazil,1939,20
Brazil,1940,20
Brazil,1941,20
Brazil,1942,20
Brazil,1943,20
Brazil,1944,20
Brazil,1945,20
Brazil,1946,20
Brazil,1947,20
Brazil,1948,20
Brazil,1949,20
Brazil,1950,42
Brazil,1951,42
Brazil,1952,42
Brazil,1953,42
Brazil,1954,50
Brazil,1955,50
Brazil,1956,50
Brazil,1957,50
Brazil,1958,66
Brazil,1959,66
Brazil,1960,66
Brazil,1961,66
Brazil,1962,80
Brazil,1963,80
Brazil,1964,80
Brazil,1965,80
Brazil,1966,84
Brazil,1967,84
Brazil,1968,84
Brazil,1969,84
Brazil,1970,103
Brazil,1971,103
Brazil,1972,103
Brazil,1973,103
Brazil,1974,109
Brazil,1975,109
Brazil,1976,109
Brazil,1977,109
Brazil,1978,119
Brazil,1979,119
Brazil,1980,119
Brazil,1981,119
Brazil,1982,134
Brazil,1983,134
Brazil,1984,134
Brazil,1985,134
Brazil,1986,144
Brazil,1987,144
Brazil,1988,144
Brazil,1989,144
Brazil,1990,148
Brazil,1991,148
Brazil,1992,148
Brazil,1993,148
Brazil,1994,159
Brazil,1995,159
Brazil,1996,159
Brazil,1997,159
Brazil,1998,173
Brazil,1999,173
Brazil,2000,173
Brazil,2001,173
Brazil,2002,191
Brazil,2003,191
Brazil,2004,191
Brazil,2005,191
Brazil,2006,201
Brazil,2007,201
Brazil,2008,201
Brazil,2009,201
Brazil,2010,210
Brazil,2011,210
Brazil,2012,210
Brazil,2013,210
Brazil,2014,221
Brazil,2015,221
Brazil,2016,221
Brazil,2017,221
Brazil,2018,229
Brazil,2019,229
Brazil,2020,229
Brazil,2021,229
Brazil,2022,237
Brazil,2023,237
Brazil,2024,237
Brazil,2025,237
Brazil,2026,247
Bulgaria,1930,0
Bulgaria,1931,0
Bulgaria,1932,0
Bulgaria,1933,0
Bulgaria,1934,0
Bulgaria,1935,0
Bulgaria,1936,0
Bulgaria,1937,0
Bulgaria,1938,0
Bulgaria,1939,0
Bulgaria,1940,0
Bulgaria,1941,0
Bulgaria,1942,0
Bulgaria,1943,0
Bulgaria,1944,0
Bulgaria,1945,0
Bulgaria,1946,0
Bulgaria,1947,0
Bulgaria,1948,0
Bulgaria,1949,0
Bulgaria,1950,0
Bulgaria,1951,0
Bulgaria,1952,0
Bulgaria,1953,0
Bulgaria,1954,0
Bulgaria,1955,0
Bulgaria,1956,0
Bulgaria,1957,0
Bulgaria,1958,0
Bulgaria,1959,0
Bulgaria,1960,0
Bulgaria,1961,0
Bulgaria,1962,1
Bulgaria,1963,1
Bulgaria,1964,1
Bulgaria,1965,1
Bulgaria,1966,2
Bulgaria,1967,2
Bulgaria,1968,2
Bulgaria,1969,2
Bulgaria,1970,7
Bulgaria,1971,7
Bulgaria,1972,7
Bulgaria,1973,7
Bulgaria,1974,9
Bulgaria,1975,9
Bulgaria,1976,9
Bulgaria,1977,9
Bulgaria,1978,9
Bulgaria,1979,9
Bulgaria,1980,9
Bulgaria,1981,9
Bulgaria,1982,9
Bulgaria,1983,9
Bulgaria,1984,9
Bulgaria,1985,9
Bulgaria,1986,11
Bulgaria,1987,11
Bulgaria,1988,11
Bulgaria,1989,11
Bulgaria,1990,11
Bulgaria,1991,11
Bulgaria,1992,11
Bulgaria,1993,11
Bulgaria,1994,21
Bulgaria,1995,21
Bulgaria,1996,21
Bulgaria,1997,21
Bulgaria,1998,22
Bulgaria,1999,22
Bulgaria,2000,22
Bulgaria,2001,22
Bulgaria,2002,22
Bulgaria,2003,22
Bulgaria,2004,22
Bulgaria,2005,22
Bulgaria,2006,22
Bulgaria,2007,22
Bulgaria,2008,22
Bulgaria,2009,22
Bulgaria,2010,22
Bulgaria,2011,22
Bulgaria,2012,22
Bulgaria,2013,22
Bulgaria,2014,22
Bulgaria,2015,22
Bulgaria,2016,22
Bulgaria,2017,22
Bulgaria,2018,22
Bulgaria,2019,22
Bulgaria,2020,22
Bulgaria,2021,22
Bulgaria,2022,22
Bulgaria,2023,22
Bulgaria,2024,22
Bulgaria,2025,22
Bulgaria,2026,22
Cameroon,1930,0
Cameroon,1931,0
Cameroon,1932,0
Cameroon,1933,0
Cameroon,1934,0
Cameroon,1935,0
Cameroon,1936,0
Cameroon,1937,0
Cameroon,1938,0
Cameroon,1939,0
Cameroon,1940,0
Cameroon,1941,0
Cameroon,1942,0
Cameroon,1943,0
Cameroon,1944,0
Cameroon,1945,0
Cameroon,1946,0
Cameroon,1947,0
Cameroon,1948,0
Cameroon,1949,0
Cameroon,1950,0
Cameroon,1951,0
Cameroon,1952,0
Cameroon,1953,0
Cameroon,1954,0
Cameroon,1955,0
Cameroon,1956,0
Cameroon,1957,0
Cameroon,1958,0
Cameroon,1959,0
Cameroon,1960,0
Cameroon,1961,0
Cameroon,1962,0
Cameroon,1963,0
Cameroon,1964,0
Cameroon,1965,0
Cameroon,1966,0
Cameroon,1967,0
Cameroon,1968,0
Cameroon,1969,0
Cameroon,1970,0
Cameroon,1971,0
Cameroon,1972,0
Cameroon,1973,0
Cameroon,1974,0
Cameroon,1975,0
Cameroon,1976,0
Cameroon,1977,0
Cameroon,1978,0
Cameroon,1979,0
Cameroon,1980,0
Cameroon,1981,0
Cameroon,1982,1
Cameroon,1983,1
Cameroon,1984,1
Cameroon,1985,1
Cameroon,1986,1
Cameroon,1987,1
Cameroon,1988,1
Cameroon,1989,1
Cameroon,1990,8
Cameroon,1991,8
Cameroon,1992,8
Cameroon,1993,8
Cameroon,1994,11
Cameroon,1995,11
Cameroon,1996,11
Cameroon,1997,11
Cameroon,1998,13
Cameroon,1999,13
Cameroon,2000,13
Cameroon,2001,13
Cameroon,2002,15
Cameroon,2003,15
Cameroon,2004,15
Cameroon,2005,15
Cameroon,2006,15
Cameroon,2007,15
Cameroon,2008,15
Cameroon,2009,15
Cameroon,2010,17
Cameroon,2011,17
Cameroon,2012,17
Cameroon,2013,17
Cameroon,2014,18
Cameroon,2015,18
Cameroon,2016,18
Cameroon,2017,18
Cameroon,2018,18
Cameroon,2019,18
Cameroon,2020,18
Cameroon,2021,18
Cameroon,2022,22
Cameroon,2023,22
Cameroon,2024,22
Cameroon,2025,22
Cameroon,2026,22
Canada,1930,0
Canada,1931,0
Canada,1932,0
Canada,1933,0
Canada,1934,0
Canada,1935,0
Canada,1936,0
Canada,1937,0
Canada,1938,0
Canada,1939,0
Canada,1940,0
Canada,1941,0
Canada,1942,0
Canada,1943,0
Canada,1944,0
Canada,1945,0
Canada,1946,0
Canada,1947,0
Canada,1948,0
Canada,1949,0
Canada,1950,0
Canada,1951,0
Canada,1952,0
Canada,1953,0
Canada,1954,0
Canada,1955,0
Canada,1956,0
Canada,1957,0
Canada,1958,0
Canada,1959,0
Canada,1960,0
Canada,1961,0
Canada,1962,0
Canada,1963,0
Canada,1964,0
Canada,1965,0
Canada,1966,0
Canada,1967,0
Canada,1968,0
Canada,1969,0
Canada,1970,0
Canada,1971,0
Canada,1972,0
Canada,1973,0
Canada,1974,0
Canada,1975,0
Canada,1976,0
Canada,1977,0
Canada,1978,0
Canada,1979,0
Canada,1980,0
Canada,1981,0
Canada,1982,0
Canada,1983,0
Canada,1984,0
Canada,1985,0
Canada,1986,0
Canada,1987,0
Canada,1988,0
Canada,1989,0
Canada,1990,0
Canada,1991,0
Canada,1992,0
Canada,1993,0
Canada,1994,0
Canada,1995,0
Canada,1996,0
Canada,1997,0
Canada,1998,0
Canada,1999,0
Canada,2000,0
Canada,2001,0
Canada,2002,0
Canada,2003,0
Canada,2004,0
Canada,2005,0
Canada,2006,0
Canada,2007,0
Canada,2008,0
Canada,2009,0
Canada,2010,0
Canada,2011,0
Canada,2012,0
Canada,2013,0
Canada,2014,0
Canada,2015,0
Canada,2016,0
Canada,2017,0
Canada,2018,0
Canada,2019,0
Canada,2020,0
Canada,2021,0
Canada,2022,2
Canada,2023,2
Canada,2024,2
Canada,2025,2
Canada,2026,11
Cape Verde,1930,0
Cape Verde,1931,0
Cape Verde,1932,0
Cape Verde,1933,0
Cape Verde,1934,0
Cape Verde,1935,0
Cape Verde,1936,0
Cape Verde,1937,0
Cape Verde,1938,0
Cape Verde,1939,0
Cape Verde,1940,0
Cape Verde,1941,0
Cape Verde,1942,0
Cape Verde,1943,0
Cape Verde,1944,0
Cape Verde,1945,0
Cape Verde,1946,0
Cape Verde,1947,0
Cape Verde,1948,0
Cape Verde,1949,0
Cape Verde,1950,0
Cape Verde,1951,0
Cape Verde,1952,0
Cape Verde,1953,0
Cape Verde,1954,0
Cape Verde,1955,0
Cape Verde,1956,0
Cape Verde,1957,0
Cape Verde,1958,0
Cape Verde,1959,0
Cape Verde,1960,0
Cape Verde,1961,0
Cape Verde,1962,0
Cape Verde,1963,0
Cape Verde,1964,0
Cape Verde,1965,0
Cape Verde,1966,0
Cape Verde,1967,0
Cape Verde,1968,0
Cape Verde,1969,0
Cape Verde,1970,0
Cape Verde,1971,0
Cape Verde,1972,0
Cape Verde,1973,0
Cape Verde,1974,0
Cape Verde,1975,0
Cape Verde,1976,0
Cape Verde,1977,0
Cape Verde,1978,0
Cape Verde,1979,0
Cape Verde,1980,0
Cape Verde,1981,0
Cape Verde,1982,0
Cape Verde,1983,0
Cape Verde,1984,0
Cape Verde,1985,0
Cape Verde,1986,0
Cape Verde,1987,0
Cape Verde,1988,0
Cape Verde,1989,0
Cape Verde,1990,0
Cape Verde,1991,0
Cape Verde,1992,0
Cape Verde,1993,0
Cape Verde,1994,0
Cape Verde,1995,0
Cape Verde,1996,0
Cape Verde,1997,0
Cape Verde,1998,0
Cape Verde,1999,0
Cape Verde,2000,0
Cape Verde,2001,0
Cape Verde,2002,0
Cape Verde,2003,0
Cape Verde,2004,0
Cape Verde,2005,0
Cape Verde,2006,0
Cape Verde,2007,0
Cape Verde,2008,0
Cape Verde,2009,0
Cape Verde,2010,0
Cape Verde,2011,0
Cape Verde,2012,0
Cape Verde,2013,0
Cape Verde,2014,0
Cape Verde,2015,0
Cape Verde,2016,0
Cape Verde,2017,0
Cape Verde,2018,0
Cape Verde,2019,0
Cape Verde,2020,0
Cape Verde,2021,0
Cape Verde,2022,0
Cape Verde,2023,0
Cape Verde,2024,0
Cape Verde,2025,0
Cape Verde,2026,4
Chile,1930,5
Chile,1931,5
Chile,1932,5
Chile,1933,5
Chile,1934,5
Chile,1935,5
Chile,1936,5
Chile,1937,5
Chile,1938,5
Chile,1939,5
Chile,1940,5
Chile,1941,5
Chile,1942,5
Chile,1943,5
Chile,1944,5
Chile,1945,5
Chile,1946,5
Chile,1947,5
Chile,1948,5
Chile,1949,5
Chile,1950,10
Chile,1951,10
Chile,1952,10
Chile,1953,10
Chile,1954,10
Chile,1955,10
Chile,1956,10
Chile,1957,10
Chile,1958,10
Chile,1959,10
Chile,1960,10
Chile,1961,10
Chile,1962,20
Chile,1963,20
Chile,1964,20
Chile,1965,20
Chile,1966,22
Chile,1967,22
Chile,1968,22
Chile,1969,22
Chile,1970,22
Chile,1971,22
Chile,1972,22
Chile,1973,22
Chile,1974,23
Chile,1975,23
Chile,1976,23
Chile,1977,23
Chile,1978,23
Chile,1979,23
Chile,1980,23
Chile,1981,23
Chile,1982,26
Chile,1983,26
Chile,1984,26
Chile,1985,26
Chile,1986,26
Chile,1987,26
Chile,1988,26
Chile,1989,26
Chile,1990,26
Chile,1991,26
Chile,1992,26
Chile,1993,26
Chile,1994,26
Chile,1995,26
Chile,1996,26
Chile,1997,26
Chile,1998,31
Chile,1999,31
Chile,2000,31
Chile,2001,31
Chile,2002,31
Chile,2003,31
Chile,2004,31
Chile,2005,31
Chile,2006,31
Chile,2007,31
Chile,2008,31
Chile,2009,31
Chile,2010,34
Chile,2011,34
Chile,2012,34
Chile,2013,34
Chile,2014,40
Chile,2015,40
Chile,2016,40
Chile,2017,40
Chile,2018,40
Chile,2019,40
Chile,2020,40
Chile,2021,40
Chile,2022,40
Chile,2023,40
Chile,2024,40
Chile,2025,40
Chile,2026,40
China,1930,0
China,1931,0
China,1932,0
China,1933,0
China,1934,0
China,1935,0
China,1936,0
China,1937,0
China,1938,0
China,1939,0
China,1940,0
China,1941,0
China,1942,0
China,1943,0
China,1944,0
China,1945,0
China,1946,0
China,1947,0
China,1948,0
China,1949,0
China,1950,0
China,1951,0
China,1952,0
China,1953,0
China,1954,0
China,1955,0
China,1956,0
China,1957,0
China,1958,0
China,1959,0
China,1960,0
China,1961,0
China,1962,0
China,1963,0
China,1964,0
China,1965,0
China,1966,0
China,1967,0
China,1968,0
China,1969,0
China,1970,0
China,1971,0
China,1972,0
China,1973,0
China,1974,0
China,1975,0
China,1976,0
China,1977,0
China,1978,0
China,1979,0
China,1980,0
China,1981,0
China,1982,0
China,1983,0
China,1984,0
China,1985,0
China,1986,0
China,1987,0
China,1988,0
China,1989,0
China,1990,0
China,1991,0
China,1992,0
China,1993,0
China,1994,0
China,1995,0
China,1996,0
China,1997,0
China,1998,0
China,1999,0
China,2000,0
China,2001,0
China,2002,0
China,2003,0
China,2004,0
China,2005,0
China,2006,0
China,2007,0
China,2008,0
China,2009,0
China,2010,0
China,2011,0
China,2012,0
China,2013,0
China,2014,0
China,2015,0
China,2016,0
China,2017,0
China,2018,0
China,2019,0
China,2020,0
China,2021,0
China,2022,0
China,2023,0
China,2024,0
China,2025,0
China,2026,0
Colombia,1930,0
Colombia,1931,0
Colombia,1932,0
Colombia,1933,0
Colombia,1934,0
Colombia,1935,0
Colombia,1936,0
Colombia,1937,0
Colombia,1938,0
Colombia,1939,0
Colombia,1940,0
Colombia,1941,0
Colombia,1942,0
Colombia,1943,0
Colombia,1944,0
Colombia,1945,0
Colombia,1946,0
Colombia,1947,0
Colombia,1948,0
Colombia,1949,0
Colombia,1950,0
Colombia,1951,0
Colombia,1952,0
Colombia,1953,0
Colombia,1954,0
Colombia,1955,0
Colombia,1956,0
Colombia,1957,0
Colombia,1958,0
Colombia,1959,0
Colombia,1960,0
Colombia,1961,0
Colombia,1962,5
Colombia,1963,5
Colombia,1964,5
Colombia,1965,5
Colombia,1966,5
Colombia,1967,5
Colombia,1968,5
Colombia,1969,5
Colombia,1970,5
Colombia,1971,5
Colombia,1972,5
Colombia,1973,5
Colombia,1974,5
Colombia,1975,5
Colombia,1976,5
Colombia,1977,5
Colombia,1978,5
Colombia,1979,5
Colombia,1980,5
Colombia,1981,5
Colombia,1982,5
Colombia,1983,5
Colombia,1984,5
Colombia,1985,5
Colombia,1986,5
Colombia,1987,5
Colombia,1988,5
Colombia,1989,5
Colombia,1990,9
Colombia,1991,9
Colombia,1992,9
Colombia,1993,9
Colombia,1994,13
Colombia,1995,13
Colombia,1996,13
Colombia,1997,13
Colombia,1998,14
Colombia,1999,14
Colombia,2000,14
Colombia,2001,14
Colombia,2002,14
Colombia,2003,14
Colombia,2004,14
Colombia,2005,14
Colombia,2006,14
Colombia,2007,14
Colombia,2008,14
Colombia,2009,14
Colombia,2010,14
Colombia,2011,14
Colombia,2012,14
Colombia,2013,14
Colombia,2014,26
Colombia,2015,26
Colombia,2016,26
Colombia,2017,26
Colombia,2018,32
Colombia,2019,32
Colombia,2020,32
Colombia,2021,32
Colombia,2022,32
Colombia,2023,32
Colombia,2024,32
Colombia,2025,32
Colombia,2026,37
Costa Rica,1930,0
Costa Rica,1931,0
Costa Rica,1932,0
Costa Rica,1933,0
Costa Rica,1934,0
Costa Rica,1935,0
Costa Rica,1936,0
Costa Rica,1937,0
Costa Rica,1938,0
Costa Rica,1939,0
Costa Rica,1940,0
Costa Rica,1941,0
Costa Rica,1942,0
Costa Rica,1943,0
Costa Rica,1944,0
Costa Rica,1945,0
Costa Rica,1946,0
Costa Rica,1947,0
Costa Rica,1948,0
Costa Rica,1949,0
Costa Rica,1950,0
Costa Rica,1951,0
Costa Rica,1952,0
Costa Rica,1953,0
Costa Rica,1954,0
Costa Rica,1955,0
Costa Rica,1956,0
Costa Rica,1957,0
Costa Rica,1958,0
Costa Rica,1959,0
Costa Rica,1960,0
Costa Rica,1961,0
Costa Rica,1962,0
Costa Rica,1963,0
Costa Rica,1964,0
Costa Rica,1965,0
Costa Rica,1966,0
Costa Rica,1967,0
Costa Rica,1968,0
Costa Rica,1969,0
Costa Rica,1970,0
Costa Rica,1971,0
Costa Rica,1972,0
Costa Rica,1973,0
Costa Rica,1974,0
Costa Rica,1975,0
Costa Rica,1976,0
Costa Rica,1977,0
Costa Rica,1978,0
Costa Rica,1979,0
Costa Rica,1980,0
Costa Rica,1981,0
Costa Rica,1982,0
Costa Rica,1983,0
Costa Rica,1984,0
Costa Rica,1985,0
Costa Rica,1986,0
Costa Rica,1987,0
Costa Rica,1988,0
Costa Rica,1989,0
Costa Rica,1990,4
Costa Rica,1991,4
Costa Rica,1992,4
Costa Rica,1993,4
Costa Rica,1994,4
Costa Rica,1995,4
Costa Rica,1996,4
Costa Rica,1997,4
Costa Rica,1998,4
Costa Rica,1999,4
Costa Rica,2000,4
Costa Rica,2001,4
Costa Rica,2002,9
Costa Rica,2003,9
Costa Rica,2004,9
Costa Rica,2005,9
Costa Rica,2006,12
Costa Rica,2007,12
Costa Rica,2008,12
Costa Rica,2009,12
Costa Rica,2010,12
Costa Rica,2011,12
Costa Rica,2012,12
Costa Rica,2013,12
Costa Rica,2014,17
Costa Rica,2015,17
Costa Rica,2016,17
Costa Rica,2017,17
Costa Rica,2018,19
Costa Rica,2019,19
Costa Rica,2020,19
Costa Rica,2021,19
Costa Rica,2022,22
Costa Rica,2023,22
Costa Rica,2024,22
Costa Rica,2025,22
Costa Rica,2026,22
Croatia,1930,0
Croatia,1931,0
Croatia,1932,0
Croatia,1933,0
Croatia,1934,0
Croatia,1935,0
Croatia,1936,0
Croatia,1937,0
Croatia,1938,0
Croatia,1939,0
Croatia,1940,0
Croatia,1941,0
Croatia,1942,0
Croatia,1943,0
Croatia,1944,0
Croatia,1945,0
Croatia,1946,0
Croatia,1947,0
Croatia,1948,0
Croatia,1949,0
Croatia,1950,0
Croatia,1951,0
Croatia,1952,0
Croatia,1953,0
Croatia,1954,0
Croatia,1955,0
Croatia,1956,0
Croatia,1957,0
Croatia,1958,0
Croatia,1959,0
Croatia,1960,0
Croatia,1961,0
Croatia,1962,0
Croatia,1963,0
Croatia,1964,0
Croatia,1965,0
Croatia,1966,0
Croatia,1967,0
Croatia,1968,0
Croatia,1969,0
Croatia,1970,0
Croatia,1971,0
Croatia,1972,0
Croatia,1973,0
Croatia,1974,0
Croatia,1975,0
Croatia,1976,0
Croatia,1977,0
Croatia,1978,0
Croatia,1979,0
Croatia,1980,0
Croatia,1981,0
Croatia,1982,0
Croatia,1983,0
Croatia,1984,0
Croatia,1985,0
Croatia,1986,0
Croatia,1987,0
Croatia,1988,0
Croatia,1989,0
Croatia,1990,0
Croatia,1991,0
Croatia,1992,0
Croatia,1993,0
Croatia,1994,0
Croatia,1995,0
Croatia,1996,0
Croatia,1997,0
Croatia,1998,11
Croatia,1999,11
Croatia,2000,11
Croatia,2001,11
Croatia,2002,13
Croatia,2003,13
Croatia,2004,13
Croatia,2005,13
Croatia,2006,15
Croatia,2007,15
Croatia,2008,15
Croatia,2009,15
Croatia,2010,15
Croatia,2011,15
Croatia,2012,15
Croatia,2013,15
Croatia,2014,21
Croatia,2015,21
Croatia,2016,21
Croatia,2017,21
Croatia,2018,35
Croatia,2019,35
Croatia,2020,35
Croatia,2021,35
Croatia,2022,43
Croatia,2023,43
Croatia,2024,43
Croatia,2025,43
Croatia,2026,49
Cuba,1930,0
Cuba,1931,0
Cuba,1932,0
Cuba,1933,0
Cuba,1934,0
Cuba,1935,0
Cuba,1936,0
Cuba,1937,0
Cuba,1938,5
Cuba,1939,5
Cuba,1940,5
Cuba,1941,5
Cuba,1942,5
Cuba,1943,5
Cuba,1944,5
Cuba,1945,5
Cuba,1946,5
Cuba,1947,5
Cuba,1948,5
Cuba,1949,5
Cuba,1950,5
Cuba,1951,5
Cuba,1952,5
Cuba,1953,5
Cuba,1954,5
Cuba,1955,5
Cuba,1956,5
Cuba,1957,5
Cuba,1958,5
Cuba,1959,5
Cuba,1960,5
Cuba,1961,5
Cuba,1962,5
Cuba,1963,5
Cuba,1964,5
Cuba,1965,5
Cuba,1966,5
Cuba,1967,5
Cuba,1968,5
Cuba,1969,5
Cuba,1970,5
Cuba,1971,5
Cuba,1972,5
Cuba,1973,5
Cuba,1974,5
Cuba,1975,5
Cuba,1976,5
Cuba,1977,5
Cuba,1978,5
Cuba,1979,5
Cuba,1980,5
Cuba,1981,5
Cuba,1982,5
Cuba,1983,5
Cuba,1984,5
Cuba,1985,5
Cuba,1986,5
Cuba,1987,5
Cuba,1988,5
Cuba,1989,5
Cuba,1990,5
Cuba,1991,5
Cuba,1992,5
Cuba,1993,5
Cuba,1994,5
Cuba,1995,5
Cuba,1996,5
Cuba,1997,5
Cuba,1998,5
Cuba,1999,5
Cuba,2000,5
Cuba,2001,5
Cuba,2002,5
Cuba,2003,5
Cuba,2004,5
Cuba,2005,5
Cuba,2006,5
Cuba,2007,5
Cuba,2008,5
Cuba,2009,5
Cuba,2010,5
Cuba,2011,5
Cuba,2012,5
Cuba,2013,5
Cuba,2014,5
Cuba,2015,5
Cuba,2016,5
Cuba,2017,5
Cuba,2018,5
Cuba,2019,5
Cuba,2020,5
Cuba,2021,5
Cuba,2022,5
Cuba,2023,5
Cuba,2024,5
Cuba,2025,5
Cuba,2026,5
Curaçao,1930,0
Curaçao,1931,0
Curaçao,1932,0
Curaçao,1933,0
Curaçao,1934,0
Curaçao,1935,0
Curaçao,1936,0
Curaçao,1937,0
Curaçao,1938,0
Curaçao,1939,0
Curaçao,1940,0
Curaçao,1941,0
Curaçao,1942,0
Curaçao,1943,0
Curaçao,1944,0
Curaçao,1945,0
Curaçao,1946,0
Curaçao,1947,0
Curaçao,1948,0
Curaçao,1949,0
Curaçao,1950,0
Curaçao,1951,0
Curaçao,1952,0
Curaçao,1953,0
Curaçao,1954,0
Curaçao,1955,0
Curaçao,1956,0
Curaçao,1957,0
Curaçao,1958,0
Curaçao,1959,0
Curaçao,1960,0
Curaçao,1961,0
Curaçao,1962,0
Curaçao,1963,0
Curaçao,1964,0
Curaçao,1965,0
Curaçao,1966,0
Curaçao,1967,0
Curaçao,1968,0
Curaçao,1969,0
Curaçao,1970,0
Curaçao,1971,0
Curaçao,1972,0
Curaçao,1973,0
Curaçao,1974,0
Curaçao,1975,0
Curaçao,1976,0
Curaçao,1977,0
Curaçao,1978,0
Curaçao,1979,0
Curaçao,1980,0
Curaçao,1981,0
Curaçao,1982,0
Curaçao,1983,0
Curaçao,1984,0
Curaçao,1985,0
Curaçao,1986,0
Curaçao,1987,0
Curaçao,1988,0
Curaçao,1989,0
Curaçao,1990,0
Curaçao,1991,0
Curaçao,1992,0
Curaçao,1993,0
Curaçao,1994,0
Curaçao,1995,0
Curaçao,1996,0
Curaçao,1997,0
Curaçao,1998,0
Curaçao,1999,0
Curaçao,2000,0
Curaçao,2001,0
Curaçao,2002,0
Curaçao,2003,0
Curaçao,2004,0
Curaçao,2005,0
Curaçao,2006,0
Curaçao,2007,0
Curaçao,2008,0
Curaçao,2009,0
Curaçao,2010,0
Curaçao,2011,0
Curaçao,2012,0
Curaçao,2013,0
Curaçao,2014,0
Curaçao,2015,0
Curaçao,2016,0
Curaçao,2017,0
Curaçao,2018,0
Curaçao,2019,0
Curaçao,2020,0
Curaçao,2021,0
Curaçao,2022,0
Curaçao,2023,0
Curaçao,2024,0
Curaçao,2025,0
Curaçao,2026,1
Czech Republic,1930,0
Czech Republic,1931,0
Czech Republic,1932,0
Czech Republic,1933,0
Czech Republic,1934,0
Czech Republic,1935,0
Czech Republic,1936,0
Czech Republic,1937,0
Czech Republic,1938,0
Czech Republic,1939,0
Czech Republic,1940,0
Czech Republic,1941,0
Czech Republic,1942,0
Czech Republic,1943,0
Czech Republic,1944,0
Czech Republic,1945,0
Czech Republic,1946,0
Czech Republic,1947,0
Czech Republic,1948,0
Czech Republic,1949,0
Czech Republic,1950,0
Czech Republic,1951,0
Czech Republic,1952,0
Czech Republic,1953,0
Czech Republic,1954,0
Czech Republic,1955,0
Czech Republic,1956,0
Czech Republic,1957,0
Czech Republic,1958,0
Czech Republic,1959,0
Czech Republic,1960,0
Czech Republic,1961,0
Czech Republic,1962,0
Czech Republic,1963,0
Czech Republic,1964,0
Czech Republic,1965,0
Czech Republic,1966,0
Czech Republic,1967,0
Czech Republic,1968,0
Czech Republic,1969,0
Czech Republic,1970,0
Czech Republic,1971,0
Czech Republic,1972,0
Czech Republic,1973,0
Czech Republic,1974,0
Czech Republic,1975,0
Czech Republic,1976,0
Czech Republic,1977,0
Czech Republic,1978,0
Czech Republic,1979,0
Czech Republic,1980,0
Czech Republic,1981,0
Czech Republic,1982,0
Czech Republic,1983,0
Czech Republic,1984,0
Czech Republic,1985,0
Czech Republic,1986,0
Czech Republic,1987,0
Czech Republic,1988,0
Czech Republic,1989,0
Czech Republic,1990,0
Czech Republic,1991,0
Czech Republic,1992,0
Czech Republic,1993,0
Czech Republic,1994,0
Czech Republic,1995,0
Czech Republic,1996,0
Czech Republic,1997,0
Czech Republic,1998,0
Czech Republic,1999,0
Czech Republic,2000,0
Czech Republic,2001,0
Czech Republic,2002,0
Czech Republic,2003,0
Czech Republic,2004,0
Czech Republic,2005,0
Czech Republic,2006,3
Czech Republic,2007,3
Czech Republic,2008,3
Czech Republic,2009,3
Czech Republic,2010,3
Czech Republic,2011,3
Czech Republic,2012,3
Czech Republic,2013,3
Czech Republic,2014,3
Czech Republic,2015,3
Czech Republic,2016,3
Czech Republic,2017,3
Czech Republic,2018,3
Czech Republic,2019,3
Czech Republic,2020,3
Czech Republic,2021,3
Czech Republic,2022,3
Czech Republic,2023,3
Czech Republic,2024,3
Czech Republic,2025,3
Czech Republic,2026,5
Czechoslovakia,1930,0
Czechoslovakia,1931,0
Czechoslovakia,1932,0
Czechoslovakia,1933,0
Czechoslovakia,1934,9
Czechoslovakia,1935,9
Czechoslovakia,1936,9
Czechoslovakia,1937,9
Czechoslovakia,1938,14
Czechoslovakia,1939,14
Czechoslovakia,1940,14
Czechoslovakia,1941,14
Czechoslovakia,1942,14
Czechoslovakia,1943,14
Czechoslovakia,1944,14
Czechoslovakia,1945,14
Czechoslovakia,1946,14
Czechoslovakia,1947,14
Czechoslovakia,1948,14
Czechoslovakia,1949,14
Czechoslovakia,1950,14
Czechoslovakia,1951,14
Czechoslovakia,1952,14
Czechoslovakia,1953,14
Czechoslovakia,1954,14
Czechoslovakia,1955,14
Czechoslovakia,1956,14
Czechoslovakia,1957,14
Czechoslovakia,1958,23
Czechoslovakia,1959,23
Czechoslovakia,1960,23
Czechoslovakia,1961,23
Czechoslovakia,1962,30
Czechoslovakia,1963,30
Czechoslovakia,1964,30
Czechoslovakia,1965,30
Czechoslovakia,1966,30
Czechoslovakia,1967,30
Czechoslovakia,1968,30
Czechoslovakia,1969,30
Czechoslovakia,1970,32
Czechoslovakia,1971,32
Czechoslovakia,1972,32
Czechoslovakia,1973,32
Czechoslovakia,1974,32
Czechoslovakia,1975,32
Czechoslovakia,1976,32
Czechoslovakia,1977,32
Czechoslovakia,1978,32
Czechoslovakia,1979,32
Czechoslovakia,1980,32
Czechoslovakia,1981,32
Czechoslovakia,1982,34
Czechoslovakia,1983,34
Czechoslovakia,1984,34
Czechoslovakia,1985,34
Czechoslovakia,1986,34
Czechoslovakia,1987,34
Czechoslovakia,1988,34
Czechoslovakia,1989,34
Czechoslovakia,1990,44
Czechoslovakia,1991,44
Czechoslovakia,1992,44
Czechoslovakia,1993,44
Czechoslovakia,1994,44
Czechoslovakia,1995,44
Czechoslovakia,1996,44
Czechoslovakia,1997,44
Czechoslovakia,1998,44
Czechoslovakia,1999,44
Czechoslovakia,2000,44
Czechoslovakia,2001,44
Czechoslovakia,2002,44
Czechoslovakia,2003,44
Czechoslovakia,2004,44
Czechoslovakia,2005,44
Czechoslovakia,2006,44
Czechoslovakia,2007,44
Czechoslovakia,2008,44
Czechoslovakia,2009,44
Czechoslovakia,2010,44
Czechoslovakia,2011,44
Czechoslovakia,2012,44
Czechoslovakia,2013,44
Czechoslovakia,2014,44
Czechoslovakia,2015,44
Czechoslovakia,2016,44
Czechoslovakia,2017,44
Czechoslovakia,2018,44
Czechoslovakia,2019,44
Czechoslovakia,2020,44
Czechoslovakia,2021,44
Czechoslovakia,2022,44
Czechoslovakia,2023,44
Czechoslovakia,2024,44
Czechoslovakia,2025,44
Czechoslovakia,2026,44
DR Congo,1930,0
DR Congo,1931,0
DR Congo,1932,0
DR Congo,1933,0
DR Congo,1934,0
DR Congo,1935,0
DR Congo,1936,0
DR Congo,1937,0
DR Congo,1938,0
DR Congo,1939,0
DR Congo,1940,0
DR Congo,1941,0
DR Congo,1942,0
DR Congo,1943,0
DR Congo,1944,0
DR Congo,1945,0
DR Congo,1946,0
DR Congo,1947,0
DR Congo,1948,0
DR Congo,1949,0
DR Congo,1950,0
DR Congo,1951,0
DR Congo,1952,0
DR Congo,1953,0
DR Congo,1954,0
DR Congo,1955,0
DR Congo,1956,0
DR Congo,1957,0
DR Congo,1958,0
DR Congo,1959,0
DR Congo,1960,0
DR Congo,1961,0
DR Congo,1962,0
DR Congo,1963,0
DR Congo,1964,0
DR Congo,1965,0
DR Congo,1966,0
DR Congo,1967,0
DR Congo,1968,0
DR Congo,1969,0
DR Congo,1970,0
DR Congo,1971,0
DR Congo,1972,0
DR Congo,1973,0
DR Congo,1974,0
DR Congo,1975,0
DR Congo,1976,0
DR Congo,1977,0
DR Congo,1978,0
DR Congo,1979,0
DR Congo,1980,0
DR Congo,1981,0
DR Congo,1982,0
DR Congo,1983,0
DR Congo,1984,0
DR Congo,1985,0
DR Congo,1986,0
DR Congo,1987,0
DR Congo,1988,0
DR Congo,1989,0
DR Congo,1990,0
DR Congo,1991,0
DR Congo,1992,0
DR Congo,1993,0
DR Congo,1994,0
DR Congo,1995,0
DR Congo,1996,0
DR Congo,1997,0
DR Congo,1998,0
DR Congo,1999,0
DR Congo,2000,0
DR Congo,2001,0
DR Congo,2002,0
DR Congo,2003,0
DR Congo,2004,0
DR Congo,2005,0
DR Congo,2006,0
DR Congo,2007,0
DR Congo,2008,0
DR Congo,2009,0
DR Congo,2010,0
DR Congo,2011,0
DR Congo,2012,0
DR Congo,2013,0
DR Congo,2014,0
DR Congo,2015,0
DR Congo,2016,0
DR Congo,2017,0
DR Congo,2018,0
DR Congo,2019,0
DR Congo,2020,0
DR Congo,2021,0
DR Congo,2022,0
DR Congo,2023,0
DR Congo,2024,0
DR Congo,2025,0
DR Congo,2026,5
Denmark,1930,0
Denmark,1931,0
Denmark,1932,0
Denmark,1933,0
Denmark,1934,0
Denmark,1935,0
Denmark,1936,0
Denmark,1937,0
Denmark,1938,0
Denmark,1939,0
Denmark,1940,0
Denmark,1941,0
Denmark,1942,0
Denmark,1943,0
Denmark,1944,0
Denmark,1945,0
Denmark,1946,0
Denmark,1947,0
Denmark,1948,0
Denmark,1949,0
Denmark,1950,0
Denmark,1951,0
Denmark,1952,0
Denmark,1953,0
Denmark,1954,0
Denmark,1955,0
Denmark,1956,0
Denmark,1957,0
Denmark,1958,0
Denmark,1959,0
Denmark,1960,0
Denmark,1961,0
Denmark,1962,0
Denmark,1963,0
Denmark,1964,0
Denmark,1965,0
Denmark,1966,0
Denmark,1967,0
Denmark,1968,0
Denmark,1969,0
Denmark,1970,0
Denmark,1971,0
Denmark,1972,0
Denmark,1973,0
Denmark,1974,0
Denmark,1975,0
Denmark,1976,0
Denmark,1977,0
Denmark,1978,0
Denmark,1979,0
Denmark,1980,0
Denmark,1981,0
Denmark,1982,0
Denmark,1983,0
Denmark,1984,0
Denmark,1985,0
Denmark,1986,10
Denmark,1987,10
Denmark,1988,10
Denmark,1989,10
Denmark,1990,10
Denmark,1991,10
Denmark,1992,10
Denmark,1993,10
Denmark,1994,10
Denmark,1995,10
Denmark,1996,10
Denmark,1997,10
Denmark,1998,19
Denmark,1999,19
Denmark,2000,19
Denmark,2001,19
Denmark,2002,24
Denmark,2003,24
Denmark,2004,24
Denmark,2005,24
Denmark,2006,24
Denmark,2007,24
Denmark,2008,24
Denmark,2009,24
Denmark,2010,27
Denmark,2011,27
Denmark,2012,27
Denmark,2013,27
Denmark,2014,27
Denmark,2015,27
Denmark,2016,27
Denmark,2017,27
Denmark,2018,30
Denmark,2019,30
Denmark,2020,30
Denmark,2021,30
Denmark,2022,31
Denmark,2023,31
Denmark,2024,31
Denmark,2025,31
Denmark,2026,31
Ecuador,1930,0
Ecuador,1931,0
Ecuador,1932,0
Ecuador,1933,0
Ecuador,1934,0
Ecuador,1935,0
Ecuador,1936,0
Ecuador,1937,0
Ecuador,1938,0
Ecuador,1939,0
Ecuador,1940,0
Ecuador,1941,0
Ecuador,1942,0
Ecuador,1943,0
Ecuador,1944,0
Ecuador,1945,0
Ecuador,1946,0
Ecuador,1947,0
Ecuador,1948,0
Ecuador,1949,0
Ecuador,1950,0
Ecuador,1951,0
Ecuador,1952,0
Ecuador,1953,0
Ecuador,1954,0
Ecuador,1955,0
Ecuador,1956,0
Ecuador,1957,0
Ecuador,1958,0
Ecuador,1959,0
Ecuador,1960,0
Ecuador,1961,0
Ecuador,1962,0
Ecuador,1963,0
Ecuador,1964,0
Ecuador,1965,0
Ecuador,1966,0
Ecuador,1967,0
Ecuador,1968,0
Ecuador,1969,0
Ecuador,1970,0
Ecuador,1971,0
Ecuador,1972,0
Ecuador,1973,0
Ecuador,1974,0
Ecuador,1975,0
Ecuador,1976,0
Ecuador,1977,0
Ecuador,1978,0
Ecuador,1979,0
Ecuador,1980,0
Ecuador,1981,0
Ecuador,1982,0
Ecuador,1983,0
Ecuador,1984,0
Ecuador,1985,0
Ecuador,1986,0
Ecuador,1987,0
Ecuador,1988,0
Ecuador,1989,0
Ecuador,1990,0
Ecuador,1991,0
Ecuador,1992,0
Ecuador,1993,0
Ecuador,1994,0
Ecuador,1995,0
Ecuador,1996,0
Ecuador,1997,0
Ecuador,1998,0
Ecuador,1999,0
Ecuador,2000,0
Ecuador,2001,0
Ecuador,2002,2
Ecuador,2003,2
Ecuador,2004,2
Ecuador,2005,2
Ecuador,2006,7
Ecuador,2007,7
Ecuador,2008,7
Ecuador,2009,7
Ecuador,2010,7
Ecuador,2011,7
Ecuador,2012,7
Ecuador,2013,7
Ecuador,2014,10
Ecuador,2015,10
Ecuador,2016,10
Ecuador,2017,10
Ecuador,2018,10
Ecuador,2019,10
Ecuador,2020,10
Ecuador,2021,10
Ecuador,2022,14
Ecuador,2023,14
Ecuador,2024,14
Ecuador,2025,14
Ecuador,2026,16
Egypt,1930,0
Egypt,1931,0
Egypt,1932,0
Egypt,1933,0
Egypt,1934,2
Egypt,1935,2
Egypt,1936,2
Egypt,1937,2
Egypt,1938,2
Egypt,1939,2
Egypt,1940,2
Egypt,1941,2
Egypt,1942,2
Egypt,1943,2
Egypt,1944,2
Egypt,1945,2
Egypt,1946,2
Egypt,1947,2
Egypt,1948,2
Egypt,1949,2
Egypt,1950,2
Egypt,1951,2
Egypt,1952,2
Egypt,1953,2
Egypt,1954,2
Egypt,1955,2
Egypt,1956,2
Egypt,1957,2
Egypt,1958,2
Egypt,1959,2
Egypt,1960,2
Egypt,1961,2
Egypt,1962,2
Egypt,1963,2
Egypt,1964,2
Egypt,1965,2
Egypt,1966,2
Egypt,1967,2
Egypt,1968,2
Egypt,1969,2
Egypt,1970,2
Egypt,1971,2
Egypt,1972,2
Egypt,1973,2
Egypt,1974,2
Egypt,1975,2
Egypt,1976,2
Egypt,1977,2
Egypt,1978,2
Egypt,1979,2
Egypt,1980,2
Egypt,1981,2
Egypt,1982,2
Egypt,1983,2
Egypt,1984,2
Egypt,1985,2
Egypt,1986,2
Egypt,1987,2
Egypt,1988,2
Egypt,1989,2
Egypt,1990,3
Egypt,1991,3
Egypt,1992,3
Egypt,1993,3
Egypt,1994,3
Egypt,1995,3
Egypt,1996,3
Egypt,1997,3
Egypt,1998,3
Egypt,1999,3
Egypt,2000,3
Egypt,2001,3
Egypt,2002,3
Egypt,2003,3
Egypt,2004,3
Egypt,2005,3
Egypt,2006,3
Egypt,2007,3
Egypt,2008,3
Egypt,2009,3
Egypt,2010,3
Egypt,2011,3
Egypt,2012,3
Egypt,2013,3
Egypt,2014,3
Egypt,2015,3
Egypt,2016,3
Egypt,2017,3
Egypt,2018,5
Egypt,2019,5
Egypt,2020,5
Egypt,2021,5
Egypt,2022,5
Egypt,2023,5
Egypt,2024,5
Egypt,2025,5
Egypt,2026,13
El Salvador,1930,0
El Salvador,1931,0
El Salvador,1932,0
El Salvador,1933,0
El Salvador,1934,0
El Salvador,1935,0
El Salvador,1936,0
El Salvador,1937,0
El Salvador,1938,0
El Salvador,1939,0
El Salvador,1940,0
El Salvador,1941,0
El Salvador,1942,0
El Salvador,1943,0
El Salvador,1944,0
El Salvador,1945,0
El Salvador,1946,0
El Salvador,1947,0
El Salvador,1948,0
El Salvador,1949,0
El Salvador,1950,0
El Salvador,1951,0
El Salvador,1952,0
El Salvador,1953,0
El Salvador,1954,0
El Salvador,1955,0
El Salvador,1956,0
El Salvador,1957,0
El Salvador,1958,0
El Salvador,1959,0
El Salvador,1960,0
El Salvador,1961,0
El Salvador,1962,0
El Salvador,1963,0
El Salvador,1964,0
El Salvador,1965,0
El Salvador,1966,0
El Salvador,1967,0
El Salvador,1968,0
El Salvador,1969,0
El Salvador,1970,0
El Salvador,1971,0
El Salvador,1972,0
El Salvador,1973,0
El Salvador,1974,0
El Salvador,1975,0
El Salvador,1976,0
El Salvador,1977,0
El Salvador,1978,0
El Salvador,1979,0
El Salvador,1980,0
El Salvador,1981,0
El Salvador,1982,1
El Salvador,1983,1
El Salvador,1984,1
El Salvador,1985,1
El Salvador,1986,1
El Salvador,1987,1
El Salvador,1988,1
El Salvador,1989,1
El Salvador,1990,1
El Salvador,1991,1
El Salvador,1992,1
El Salvador,1993,1
El Salvador,1994,1
El Salvador,1995,1
El Salvador,1996,1
El Salvador,1997,1
El Salvador,1998,1
El Salvador,1999,1
El Salvador,2000,1
El Salvador,2001,1
El Salvador,2002,1
El Salvador,2003,1
El Salvador,2004,1
El Salvador,2005,1
El Salvador,2006,1
El Salvador,2007,1
El Salvador,2008,1
El Salvador,2009,1
El Salvador,2010,1
El Salvador,2011,1
El Salvador,2012,1
El Salvador,2013,1
El Salvador,2014,1
El Salvador,2015,1
El Salvador,2016,1
El Salvador,2017,1
El Salvador,2018,1
El Salvador,2019,1
El Salvador,2020,1
El Salvador,2021,1
El Salvador,2022,1
El Salvador,2023,1
El Salvador,2024,1
El Salvador,2025,1
El Salvador,2026,1
England,1930,0
England,1931,0
England,1932,0
England,1933,0
England,1934,0
England,1935,0
England,1936,0
England,1937,0
England,1938,0
England,1939,0
England,1940,0
England,1941,0
England,1942,0
England,1943,0
England,1944,0
England,1945,0
England,1946,0
England,1947,0
England,1948,0
England,1949,0
England,1950,2
England,1951,2
England,1952,2
England,1953,2
England,1954,10
England,1955,10
England,1956,10
England,1957,10
England,1958,14
England,1959,14
England,1960,14
England,1961,14
England,1962,19
England,1963,19
England,1964,19
England,1965,19
England,1966,30
England,1967,30
England,1968,30
England,1969,30
England,1970,34
England,1971,34
England,1972,34
England,1973,34
England,1974,34
England,1975,34
England,1976,34
England,1977,34
England,1978,34
England,1979,34
England,1980,34
England,1981,34
England,1982,40
England,1983,40
England,1984,40
England,1985,40
England,1986,47
England,1987,47
England,1988,47
England,1989,47
England,1990,55
England,1991,55
England,1992,55
England,1993,55
England,1994,55
England,1995,55
England,1996,55
England,1997,55
England,1998,62
England,1999,62
England,2000,62
England,2001,62
England,2002,68
England,2003,68
England,2004,68
England,2005,68
England,2006,74
England,2007,74
England,2008,74
England,2009,74
England,2010,77
England,2011,77
England,2012,77
England,2013,77
England,2014,79
England,2015,79
England,2016,79
England,2017,79
England,2018,91
England,2019,91
England,2020,91
England,2021,91
England,2022,104
England,2023,104
England,2024,104
England,2025,104
England,2026,124
France,1930,4
France,1931,4
France,1932,4
France,1933,4
France,1934,6
France,1935,6
France,1936,6
France,1937,6
France,1938,10
France,1939,10
France,1940,10
France,1941,10
France,1942,10
France,1943,10
France,1944,10
France,1945,10
France,1946,10
France,1947,10
France,1948,10
France,1949,10
France,1950,10
France,1951,10
France,1952,10
France,1953,10
France,1954,13
France,1955,13
France,1956,13
France,1957,13
France,1958,36
France,1959,36
France,1960,36
France,1961,36
France,1962,36
France,1963,36
France,1964,36
France,1965,36
France,1966,38
France,1967,38
France,1968,38
France,1969,38
France,1970,38
France,1971,38
France,1972,38
France,1973,38
France,1974,38
France,1975,38
France,1976,38
France,1977,38
France,1978,43
France,1979,43
France,1980,43
France,1981,43
France,1982,59
France,1983,59
France,1984,59
France,1985,59
France,1986,71
France,1987,71
France,1988,71
France,1989,71
France,1990,71
France,1991,71
France,1992,71
France,1993,71
France,1994,71
France,1995,71
France,1996,71
France,1997,71
France,1998,86
France,1999,86
France,2000,86
France,2001,86
France,2002,86
France,2003,86
France,2004,86
France,2005,86
France,2006,95
France,2007,95
France,2008,95
France,2009,95
France,2010,96
France,2011,96
France,2012,96
France,2013,96
France,2014,106
France,2015,106
France,2016,106
France,2017,106
France,2018,120
France,2019,120
France,2020,120
France,2021,120
France,2022,136
France,2023,136
France,2024,136
France,2025,136
France,2026,156
German DR,1930,0
German DR,1931,0
German DR,1932,0
German DR,1933,0
German DR,1934,0
German DR,1935,0
German DR,1936,0
German DR,1937,0
German DR,1938,0
German DR,1939,0
German DR,1940,0
German DR,1941,0
German DR,1942,0
German DR,1943,0
German DR,1944,0
German DR,1945,0
German DR,1946,0
German DR,1947,0
German DR,1948,0
German DR,1949,0
German DR,1950,0
German DR,1951,0
German DR,1952,0
German DR,1953,0
German DR,1954,0
German DR,1955,0
German DR,1956,0
German DR,1957,0
German DR,1958,0
German DR,1959,0
German DR,1960,0
German DR,1961,0
German DR,1962,0
German DR,1963,0
German DR,1964,0
German DR,1965,0
German DR,1966,0
German DR,1967,0
German DR,1968,0
German DR,1969,0
German DR,1970,0
German DR,1971,0
German DR,1972,0
German DR,1973,0
German DR,1974,5
German DR,1975,5
German DR,1976,5
German DR,1977,5
German DR,1978,5
German DR,1979,5
German DR,1980,5
German DR,1981,5
German DR,1982,5
German DR,1983,5
German DR,1984,5
German DR,1985,5
German DR,1986,5
German DR,1987,5
German DR,1988,5
German DR,1989,5
German DR,1990,5
German DR,1991,5
German DR,1992,5
German DR,1993,5
German DR,1994,5
German DR,1995,5
German DR,1996,5
German DR,1997,5
German DR,1998,5
German DR,1999,5
German DR,2000,5
German DR,2001,5
German DR,2002,5
German DR,2003,5
German DR,2004,5
German DR,2005,5
German DR,2006,5
German DR,2007,5
German DR,2008,5
German DR,2009,5
German DR,2010,5
German DR,2011,5
German DR,2012,5
German DR,2013,5
German DR,2014,5
German DR,2015,5
German DR,2016,5
German DR,2017,5
German DR,2018,5
German DR,2019,5
German DR,2020,5
German DR,2021,5
German DR,2022,5
German DR,2023,5
German DR,2024,5
German DR,2025,5
German DR,2026,5
Germany,1930,0
Germany,1931,0
Germany,1932,0
Germany,1933,0
Germany,1934,11
Germany,1935,11
Germany,1936,11
Germany,1937,11
Germany,1938,14
Germany,1939,14
Germany,1940,14
Germany,1941,14
Germany,1942,14
Germany,1943,14
Germany,1944,14
Germany,1945,14
Germany,1946,14
Germany,1947,14
Germany,1948,14
Germany,1949,14
Germany,1950,14
Germany,1951,14
Germany,1952,14
Germany,1953,14
Germany,1954,39
Germany,1955,39
Germany,1956,39
Germany,1957,39
Germany,1958,51
Germany,1959,51
Germany,1960,51
Germany,1961,51
Germany,1962,55
Germany,1963,55
Germany,1964,55
Germany,1965,55
Germany,1966,70
Germany,1967,70
Germany,1968,70
Germany,1969,70
Germany,1970,87
Germany,1971,87
Germany,1972,87
Germany,1973,87
Germany,1974,100
Germany,1975,100
Germany,1976,100
Germany,1977,100
Germany,1978,110
Germany,1979,110
Germany,1980,110
Germany,1981,110
Germany,1982,122
Germany,1983,122
Germany,1984,122
Germany,1985,122
Germany,1986,130
Germany,1987,130
Germany,1988,130
Germany,1989,130
Germany,1990,145
Germany,1991,145
Germany,1992,145
Germany,1993,145
Germany,1994,154
Germany,1995,154
Germany,1996,154
Germany,1997,154
Germany,1998,162
Germany,1999,162
Germany,2000,162
Germany,2001,162
Germany,2002,176
Germany,2003,176
Germany,2004,176
Germany,2005,176
Germany,2006,190
Germany,2007,190
Germany,2008,190
Germany,2009,190
Germany,2010,206
Germany,2011,206
Germany,2012,206
Germany,2013,206
Germany,2014,224
Germany,2015,224
Germany,2016,224
Germany,2017,224
Germany,2018,226
Germany,2019,226
Germany,2020,226
Germany,2021,226
Germany,2022,232
Germany,2023,232
Germany,2024,232
Germany,2025,232
Germany,2026,243
Ghana,1930,0
Ghana,1931,0
Ghana,1932,0
Ghana,1933,0
Ghana,1934,0
Ghana,1935,0
Ghana,1936,0
Ghana,1937,0
Ghana,1938,0
Ghana,1939,0
Ghana,1940,0
Ghana,1941,0
Ghana,1942,0
Ghana,1943,0
Ghana,1944,0
Ghana,1945,0
Ghana,1946,0
Ghana,1947,0
Ghana,1948,0
Ghana,1949,0
Ghana,1950,0
Ghana,1951,0
Ghana,1952,0
Ghana,1953,0
Ghana,1954,0
Ghana,1955,0
Ghana,1956,0
Ghana,1957,0
Ghana,1958,0
Ghana,1959,0
Ghana,1960,0
Ghana,1961,0
Ghana,1962,0
Ghana,1963,0
Ghana,1964,0
Ghana,1965,0
Ghana,1966,0
Ghana,1967,0
Ghana,1968,0
Ghana,1969,0
Ghana,1970,0
Ghana,1971,0
Ghana,1972,0
Ghana,1973,0
Ghana,1974,0
Ghana,1975,0
Ghana,1976,0
Ghana,1977,0
Ghana,1978,0
Ghana,1979,0
Ghana,1980,0
Ghana,1981,0
Ghana,1982,0
Ghana,1983,0
Ghana,1984,0
Ghana,1985,0
Ghana,1986,0
Ghana,1987,0
Ghana,1988,0
Ghana,1989,0
Ghana,1990,0
Ghana,1991,0
Ghana,1992,0
Ghana,1993,0
Ghana,1994,0
Ghana,1995,0
Ghana,1996,0
Ghana,1997,0
Ghana,1998,0
Ghana,1999,0
Ghana,2000,0
Ghana,2001,0
Ghana,2002,0
Ghana,2003,0
Ghana,2004,0
Ghana,2005,0
Ghana,2006,4
Ghana,2007,4
Ghana,2008,4
Ghana,2009,4
Ghana,2010,9
Ghana,2011,9
Ghana,2012,9
Ghana,2013,9
Ghana,2014,13
Ghana,2015,13
Ghana,2016,13
Ghana,2017,13
Ghana,2018,13
Ghana,2019,13
Ghana,2020,13
Ghana,2021,13
Ghana,2022,18
Ghana,2023,18
Ghana,2024,18
Ghana,2025,18
Ghana,2026,20
Greece,1930,0
Greece,1931,0
Greece,1932,0
Greece,1933,0
Greece,1934,0
Greece,1935,0
Greece,1936,0
Greece,1937,0
Greece,1938,0
Greece,1939,0
Greece,1940,0
Greece,1941,0
Greece,1942,0
Greece,1943,0
Greece,1944,0
Greece,1945,0
Greece,1946,0
Greece,1947,0
Greece,1948,0
Greece,1949,0
Greece,1950,0
Greece,1951,0
Greece,1952,0
Greece,1953,0
Greece,1954,0
Greece,1955,0
Greece,1956,0
Greece,1957,0
Greece,1958,0
Greece,1959,0
Greece,1960,0
Greece,1961,0
Greece,1962,0
Greece,1963,0
Greece,1964,0
Greece,1965,0
Greece,1966,0
Greece,1967,0
Greece,1968,0
Greece,1969,0
Greece,1970,0
Greece,1971,0
Greece,1972,0
Greece,1973,0
Greece,1974,0
Greece,1975,0
Greece,1976,0
Greece,1977,0
Greece,1978,0
Greece,1979,0
Greece,1980,0
Greece,1981,0
Greece,1982,0
Greece,1983,0
Greece,1984,0
Greece,1985,0
Greece,1986,0
Greece,1987,0
Greece,1988,0
Greece,1989,0
Greece,1990,0
Greece,1991,0
Greece,1992,0
Greece,1993,0
Greece,1994,0
Greece,1995,0
Greece,1996,0
Greece,1997,0
Greece,1998,0
Greece,1999,0
Greece,2000,0
Greece,2001,0
Greece,2002,0
Greece,2003,0
Greece,2004,0
Greece,2005,0
Greece,2006,0
Greece,2007,0
Greece,2008,0
Greece,2009,0
Greece,2010,2
Greece,2011,2
Greece,2012,2
Greece,2013,2
Greece,2014,5
Greece,2015,5
Greece,2016,5
Greece,2017,5
Greece,2018,5
Greece,2019,5
Greece,2020,5
Greece,2021,5
Greece,2022,5
Greece,2023,5
Greece,2024,5
Greece,2025,5
Greece,2026,5
Haiti,1930,0
Haiti,1931,0
Haiti,1932,0
Haiti,1933,0
Haiti,1934,0
Haiti,1935,0
Haiti,1936,0
Haiti,1937,0
Haiti,1938,0
Haiti,1939,0
Haiti,1940,0
Haiti,1941,0
Haiti,1942,0
Haiti,1943,0
Haiti,1944,0
Haiti,1945,0
Haiti,1946,0
Haiti,1947,0
Haiti,1948,0
Haiti,1949,0
Haiti,1950,0
Haiti,1951,0
Haiti,1952,0
Haiti,1953,0
Haiti,1954,0
Haiti,1955,0
Haiti,1956,0
Haiti,1957,0
Haiti,1958,0
Haiti,1959,0
Haiti,1960,0
Haiti,1961,0
Haiti,1962,0
Haiti,1963,0
Haiti,1964,0
Haiti,1965,0
Haiti,1966,0
Haiti,1967,0
Haiti,1968,0
Haiti,1969,0
Haiti,1970,0
Haiti,1971,0
Haiti,1972,0
Haiti,1973,0
Haiti,1974,2
Haiti,1975,2
Haiti,1976,2
Haiti,1977,2
Haiti,1978,2
Haiti,1979,2
Haiti,1980,2
Haiti,1981,2
Haiti,1982,2
Haiti,1983,2
Haiti,1984,2
Haiti,1985,2
Haiti,1986,2
Haiti,1987,2
Haiti,1988,2
Haiti,1989,2
Haiti,1990,2
Haiti,1991,2
Haiti,1992,2
Haiti,1993,2
Haiti,1994,2
Haiti,1995,2
Haiti,1996,2
Haiti,1997,2
Haiti,1998,2
Haiti,1999,2
Haiti,2000,2
Haiti,2001,2
Haiti,2002,2
Haiti,2003,2
Haiti,2004,2
Haiti,2005,2
Haiti,2006,2
Haiti,2007,2
Haiti,2008,2
Haiti,2009,2
Haiti,2010,2
Haiti,2011,2
Haiti,2012,2
Haiti,2013,2
Haiti,2014,2
Haiti,2015,2
Haiti,2016,2
Haiti,2017,2
Haiti,2018,2
Haiti,2019,2
Haiti,2020,2
Haiti,2021,2
Haiti,2022,2
Haiti,2023,2
Haiti,2024,2
Haiti,2025,2
Haiti,2026,4
Honduras,1930,0
Honduras,1931,0
Honduras,1932,0
Honduras,1933,0
Honduras,1934,0
Honduras,1935,0
Honduras,1936,0
Honduras,1937,0
Honduras,1938,0
Honduras,1939,0
Honduras,1940,0
Honduras,1941,0
Honduras,1942,0
Honduras,1943,0
Honduras,1944,0
Honduras,1945,0
Honduras,1946,0
Honduras,1947,0
Honduras,1948,0
Honduras,1949,0
Honduras,1950,0
Honduras,1951,0
Honduras,1952,0
Honduras,1953,0
Honduras,1954,0
Honduras,1955,0
Honduras,1956,0
Honduras,1957,0
Honduras,1958,0
Honduras,1959,0
Honduras,1960,0
Honduras,1961,0
Honduras,1962,0
Honduras,1963,0
Honduras,1964,0
Honduras,1965,0
Honduras,1966,0
Honduras,1967,0
Honduras,1968,0
Honduras,1969,0
Honduras,1970,0
Honduras,1971,0
Honduras,1972,0
Honduras,1973,0
Honduras,1974,0
Honduras,1975,0
Honduras,1976,0
Honduras,1977,0
Honduras,1978,0
Honduras,1979,0
Honduras,1980,0
Honduras,1981,0
Honduras,1982,2
Honduras,1983,2
Honduras,1984,2
Honduras,1985,2
Honduras,1986,2
Honduras,1987,2
Honduras,1988,2
Honduras,1989,2
Honduras,1990,2
Honduras,1991,2
Honduras,1992,2
Honduras,1993,2
Honduras,1994,2
Honduras,1995,2
Honduras,1996,2
Honduras,1997,2
Honduras,1998,2
Honduras,1999,2
Honduras,2000,2
Honduras,2001,2
Honduras,2002,2
Honduras,2003,2
Honduras,2004,2
Honduras,2005,2
Honduras,2006,2
Honduras,2007,2
Honduras,2008,2
Honduras,2009,2
Honduras,2010,2
Honduras,2011,2
Honduras,2012,2
Honduras,2013,2
Honduras,2014,3
Honduras,2015,3
Honduras,2016,3
Honduras,2017,3
Honduras,2018,3
Honduras,2019,3
Honduras,2020,3
Honduras,2021,3
Honduras,2022,3
Honduras,2023,3
Honduras,2024,3
Honduras,2025,3
Honduras,2026,3
Hungary,1930,0
Hungary,1931,0
Hungary,1932,0
Hungary,1933,0
Hungary,1934,5
Hungary,1935,5
Hungary,1936,5
Hungary,1937,5
Hungary,1938,20
Hungary,1939,20
Hungary,1940,20
Hungary,1941,20
Hungary,1942,20
Hungary,1943,20
Hungary,1944,20
Hungary,1945,20
Hungary,1946,20
Hungary,1947,20
Hungary,1948,20
Hungary,1949,20
Hungary,1950,20
Hungary,1951,20
Hungary,1952,20
Hungary,1953,20
Hungary,1954,47
Hungary,1955,47
Hungary,1956,47
Hungary,1957,47
Hungary,1958,54
Hungary,1959,54
Hungary,1960,54
Hungary,1961,54
Hungary,1962,62
Hungary,1963,62
Hungary,1964,62
Hungary,1965,62
Hungary,1966,70
Hungary,1967,70
Hungary,1968,70
Hungary,1969,70
Hungary,1970,70
Hungary,1971,70
Hungary,1972,70
Hungary,1973,70
Hungary,1974,70
Hungary,1975,70
Hungary,1976,70
Hungary,1977,70
Hungary,1978,73
Hungary,1979,73
Hungary,1980,73
Hungary,1981,73
Hungary,1982,85
Hungary,1983,85
Hungary,1984,85
Hungary,1985,85
Hungary,1986,87
Hungary,1987,87
Hungary,1988,87
Hungary,1989,87
Hungary,1990,87
Hungary,1991,87
Hungary,1992,87
Hungary,1993,87
Hungary,1994,87
Hungary,1995,87
Hungary,1996,87
Hungary,1997,87
Hungary,1998,87
Hungary,1999,87
Hungary,2000,87
Hungary,2001,87
Hungary,2002,87
Hungary,2003,87
Hungary,2004,87
Hungary,2005,87
Hungary,2006,87
Hungary,2007,87
Hungary,2008,87
Hungary,2009,87
Hungary,2010,87
Hungary,2011,87
Hungary,2012,87
Hungary,2013,87
Hungary,2014,87
Hungary,2015,87
Hungary,2016,87
Hungary,2017,87
Hungary,2018,87
Hungary,2019,87
Hungary,2020,87
Hungary,2021,87
Hungary,2022,87
Hungary,2023,87
Hungary,2024,87
Hungary,2025,87
Hungary,2026,87
Iceland,1930,0
Iceland,1931,0
Iceland,1932,0
Iceland,1933,0
Iceland,1934,0
Iceland,1935,0
Iceland,1936,0
Iceland,1937,0
Iceland,1938,0
Iceland,1939,0
Iceland,1940,0
Iceland,1941,0
Iceland,1942,0
Iceland,1943,0
Iceland,1944,0
Iceland,1945,0
Iceland,1946,0
Iceland,1947,0
Iceland,1948,0
Iceland,1949,0
Iceland,1950,0
Iceland,1951,0
Iceland,1952,0
Iceland,1953,0
Iceland,1954,0
Iceland,1955,0
Iceland,1956,0
Iceland,1957,0
Iceland,1958,0
Iceland,1959,0
Iceland,1960,0
Iceland,1961,0
Iceland,1962,0
Iceland,1963,0
Iceland,1964,0
Iceland,1965,0
Iceland,1966,0
Iceland,1967,0
Iceland,1968,0
Iceland,1969,0
Iceland,1970,0
Iceland,1971,0
Iceland,1972,0
Iceland,1973,0
Iceland,1974,0
Iceland,1975,0
Iceland,1976,0
Iceland,1977,0
Iceland,1978,0
Iceland,1979,0
Iceland,1980,0
Iceland,1981,0
Iceland,1982,0
Iceland,1983,0
Iceland,1984,0
Iceland,1985,0
Iceland,1986,0
Iceland,1987,0
Iceland,1988,0
Iceland,1989,0
Iceland,1990,0
Iceland,1991,0
Iceland,1992,0
Iceland,1993,0
Iceland,1994,0
Iceland,1995,0
Iceland,1996,0
Iceland,1997,0
Iceland,1998,0
Iceland,1999,0
Iceland,2000,0
Iceland,2001,0
Iceland,2002,0
Iceland,2003,0
Iceland,2004,0
Iceland,2005,0
Iceland,2006,0
Iceland,2007,0
Iceland,2008,0
Iceland,2009,0
Iceland,2010,0
Iceland,2011,0
Iceland,2012,0
Iceland,2013,0
Iceland,2014,0
Iceland,2015,0
Iceland,2016,0
Iceland,2017,0
Iceland,2018,2
Iceland,2019,2
Iceland,2020,2
Iceland,2021,2
Iceland,2022,2
Iceland,2023,2
Iceland,2024,2
Iceland,2025,2
Iceland,2026,2
Indonesia,1930,0
Indonesia,1931,0
Indonesia,1932,0
Indonesia,1933,0
Indonesia,1934,0
Indonesia,1935,0
Indonesia,1936,0
Indonesia,1937,0
Indonesia,1938,0
Indonesia,1939,0
Indonesia,1940,0
Indonesia,1941,0
Indonesia,1942,0
Indonesia,1943,0
Indonesia,1944,0
Indonesia,1945,0
Indonesia,1946,0
Indonesia,1947,0
Indonesia,1948,0
Indonesia,1949,0
Indonesia,1950,0
Indonesia,1951,0
Indonesia,1952,0
Indonesia,1953,0
Indonesia,1954,0
Indonesia,1955,0
Indonesia,1956,0
Indonesia,1957,0
Indonesia,1958,0
Indonesia,1959,0
Indonesia,1960,0
Indonesia,1961,0
Indonesia,1962,0
Indonesia,1963,0
Indonesia,1964,0
Indonesia,1965,0
Indonesia,1966,0
Indonesia,1967,0
Indonesia,1968,0
Indonesia,1969,0
Indonesia,1970,0
Indonesia,1971,0
Indonesia,1972,0
Indonesia,1973,0
Indonesia,1974,0
Indonesia,1975,0
Indonesia,1976,0
Indonesia,1977,0
Indonesia,1978,0
Indonesia,1979,0
Indonesia,1980,0
Indonesia,1981,0
Indonesia,1982,0
Indonesia,1983,0
Indonesia,1984,0
Indonesia,1985,0
Indonesia,1986,0
Indonesia,1987,0
Indonesia,1988,0
Indonesia,1989,0
Indonesia,1990,0
Indonesia,1991,0
Indonesia,1992,0
Indonesia,1993,0
Indonesia,1994,0
Indonesia,1995,0
Indonesia,1996,0
Indonesia,1997,0
Indonesia,1998,0
Indonesia,1999,0
Indonesia,2000,0
Indonesia,2001,0
Indonesia,2002,0
Indonesia,2003,0
Indonesia,2004,0
Indonesia,2005,0
Indonesia,2006,0
Indonesia,2007,0
Indonesia,2008,0
Indonesia,2009,0
Indonesia,2010,0
Indonesia,2011,0
Indonesia,2012,0
Indonesia,2013,0
Indonesia,2014,0
Indonesia,2015,0
Indonesia,2016,0
Indonesia,2017,0
Indonesia,2018,0
Indonesia,2019,0
Indonesia,2020,0
Indonesia,2021,0
Indonesia,2022,0
Indonesia,2023,0
Indonesia,2024,0
Indonesia,2025,0
Indonesia,2026,0
Iran,1930,0
Iran,1931,0
Iran,1932,0
Iran,1933,0
Iran,1934,0
Iran,1935,0
Iran,1936,0
Iran,1937,0
Iran,1938,0
Iran,1939,0
Iran,1940,0
Iran,1941,0
Iran,1942,0
Iran,1943,0
Iran,1944,0
Iran,1945,0
Iran,1946,0
Iran,1947,0
Iran,1948,0
Iran,1949,0
Iran,1950,0
Iran,1951,0
Iran,1952,0
Iran,1953,0
Iran,1954,0
Iran,1955,0
Iran,1956,0
Iran,1957,0
Iran,1958,0
Iran,1959,0
Iran,1960,0
Iran,1961,0
Iran,1962,0
Iran,1963,0
Iran,1964,0
Iran,1965,0
Iran,1966,0
Iran,1967,0
Iran,1968,0
Iran,1969,0
Iran,1970,0
Iran,1971,0
Iran,1972,0
Iran,1973,0
Iran,1974,0
Iran,1975,0
Iran,1976,0
Iran,1977,0
Iran,1978,2
Iran,1979,2
Iran,1980,2
Iran,1981,2
Iran,1982,2
Iran,1983,2
Iran,1984,2
Iran,1985,2
Iran,1986,2
Iran,1987,2
Iran,1988,2
Iran,1989,2
Iran,1990,2
Iran,1991,2
Iran,1992,2
Iran,1993,2
Iran,1994,2
Iran,1995,2
Iran,1996,2
Iran,1997,2
Iran,1998,4
Iran,1999,4
Iran,2000,4
Iran,2001,4
Iran,2002,4
Iran,2003,4
Iran,2004,4
Iran,2005,4
Iran,2006,6
Iran,2007,6
Iran,2008,6
Iran,2009,6
Iran,2010,6
Iran,2011,6
Iran,2012,6
Iran,2013,6
Iran,2014,7
Iran,2015,7
Iran,2016,7
Iran,2017,7
Iran,2018,9
Iran,2019,9
Iran,2020,9
Iran,2021,9
Iran,2022,13
Iran,2023,13
Iran,2024,13
Iran,2025,13
Iran,2026,16
Iraq,1930,0
Iraq,1931,0
Iraq,1932,0
Iraq,1933,0
Iraq,1934,0
Iraq,1935,0
Iraq,1936,0
Iraq,1937,0
Iraq,1938,0
Iraq,1939,0
Iraq,1940,0
Iraq,1941,0
Iraq,1942,0
Iraq,1943,0
Iraq,1944,0
Iraq,1945,0
Iraq,1946,0
Iraq,1947,0
Iraq,1948,0
Iraq,1949,0
Iraq,1950,0
Iraq,1951,0
Iraq,1952,0
Iraq,1953,0
Iraq,1954,0
Iraq,1955,0
Iraq,1956,0
Iraq,1957,0
Iraq,1958,0
Iraq,1959,0
Iraq,1960,0
Iraq,1961,0
Iraq,1962,0
Iraq,1963,0
Iraq,1964,0
Iraq,1965,0
Iraq,1966,0
Iraq,1967,0
Iraq,1968,0
Iraq,1969,0
Iraq,1970,0
Iraq,1971,0
Iraq,1972,0
Iraq,1973,0
Iraq,1974,0
Iraq,1975,0
Iraq,1976,0
Iraq,1977,0
Iraq,1978,0
Iraq,1979,0
Iraq,1980,0
Iraq,1981,0
Iraq,1982,0
Iraq,1983,0
Iraq,1984,0
Iraq,1985,0
Iraq,1986,1
Iraq,1987,1
Iraq,1988,1
Iraq,1989,1
Iraq,1990,1
Iraq,1991,1
Iraq,1992,1
Iraq,1993,1
Iraq,1994,1
Iraq,1995,1
Iraq,1996,1
Iraq,1997,1
Iraq,1998,1
Iraq,1999,1
Iraq,2000,1
Iraq,2001,1
Iraq,2002,1
Iraq,2003,1
Iraq,2004,1
Iraq,2005,1
Iraq,2006,1
Iraq,2007,1
Iraq,2008,1
Iraq,2009,1
Iraq,2010,1
Iraq,2011,1
Iraq,2012,1
Iraq,2013,1
Iraq,2014,1
Iraq,2015,1
Iraq,2016,1
Iraq,2017,1
Iraq,2018,1
Iraq,2019,1
Iraq,2020,1
Iraq,2021,1
Iraq,2022,1
Iraq,2023,1
Iraq,2024,1
Iraq,2025,1
Iraq,2026,2
Israel,1930,0
Israel,1931,0
Israel,1932,0
Israel,1933,0
Israel,1934,0
Israel,1935,0
Israel,1936,0
Israel,1937,0
Israel,1938,0
Israel,1939,0
Israel,1940,0
Israel,1941,0
Israel,1942,0
Israel,1943,0
Israel,1944,0
Israel,1945,0
Israel,1946,0
Israel,1947,0
Israel,1948,0
Israel,1949,0
Israel,1950,0
Israel,1951,0
Israel,1952,0
Israel,1953,0
Israel,1954,0
Israel,1955,0
Israel,1956,0
Israel,1957,0
Israel,1958,0
Israel,1959,0
Israel,1960,0
Israel,1961,0
Israel,1962,0
Israel,1963,0
Israel,1964,0
Israel,1965,0
Israel,1966,0
Israel,1967,0
Israel,1968,0
Israel,1969,0
Israel,1970,1
Israel,1971,1
Israel,1972,1
Israel,1973,1
Israel,1974,1
Israel,1975,1
Israel,1976,1
Israel,1977,1
Israel,1978,1
Israel,1979,1
Israel,1980,1
Israel,1981,1
Israel,1982,1
Israel,1983,1
Israel,1984,1
Israel,1985,1
Israel,1986,1
Israel,1987,1
Israel,1988,1
Israel,1989,1
Israel,1990,1
Israel,1991,1
Israel,1992,1
Israel,1993,1
Israel,1994,1
Israel,1995,1
Israel,1996,1
Israel,1997,1
Israel,1998,1
Israel,1999,1
Israel,2000,1
Israel,2001,1
Israel,2002,1
Israel,2003,1
Israel,2004,1
Israel,2005,1
Israel,2006,1
Israel,2007,1
Israel,2008,1
Israel,2009,1
Israel,2010,1
Israel,2011,1
Israel,2012,1
Israel,2013,1
Israel,2014,1
Israel,2015,1
Israel,2016,1
Israel,2017,1
Israel,2018,1
Israel,2019,1
Israel,2020,1
Israel,2021,1
Israel,2022,1
Israel,2023,1
Israel,2024,1
Israel,2025,1
Israel,2026,1
Italy,1930,0
Italy,1931,0
Italy,1932,0
Italy,1933,0
Italy,1934,12
Italy,1935,12
Italy,1936,12
Italy,1937,12
Italy,1938,23
Italy,1939,23
Italy,1940,23
Italy,1941,23
Italy,1942,23
Italy,1943,23
Italy,1944,23
Italy,1945,23
Italy,1946,23
Italy,1947,23
Italy,1948,23
Italy,1949,23
Italy,1950,27
Italy,1951,27
Italy,1952,27
Italy,1953,27
Italy,1954,33
Italy,1955,33
Italy,1956,33
Italy,1957,33
Italy,1958,33
Italy,1959,33
Italy,1960,33
Italy,1961,33
Italy,1962,36
Italy,1963,36
Italy,1964,36
Italy,1965,36
Italy,1966,38
Italy,1967,38
Italy,1968,38
Italy,1969,38
Italy,1970,48
Italy,1971,48
Italy,1972,48
Italy,1973,48
Italy,1974,53
Italy,1975,53
Italy,1976,53
Italy,1977,53
Italy,1978,62
Italy,1979,62
Italy,1980,62
Italy,1981,62
Italy,1982,74
Italy,1983,74
Italy,1984,74
Italy,1985,74
Italy,1986,79
Italy,1987,79
Italy,1988,79
Italy,1989,79
Italy,1990,89
Italy,1991,89
Italy,1992,89
Italy,1993,89
Italy,1994,97
Italy,1995,97
Italy,1996,97
Italy,1997,97
Italy,1998,105
Italy,1999,105
Italy,2000,105
Italy,2001,105
Italy,2002,110
Italy,2003,110
Italy,2004,110
Italy,2005,110
Italy,2006,122
Italy,2007,122
Italy,2008,122
Italy,2009,122
Italy,2010,126
Italy,2011,126
Italy,2012,126
Italy,2013,126
Italy,2014,128
Italy,2015,128
Italy,2016,128
Italy,2017,128
Italy,2018,128
Italy,2019,128
Italy,2020,128
Italy,2021,128
Italy,2022,128
Italy,2023,128
Italy,2024,128
Italy,2025,128
Italy,2026,128
Ivory Coast,1930,0
Ivory Coast,1931,0
Ivory Coast,1932,0
Ivory Coast,1933,0
Ivory Coast,1934,0
Ivory Coast,1935,0
Ivory Coast,1936,0
Ivory Coast,1937,0
Ivory Coast,1938,0
Ivory Coast,1939,0
Ivory Coast,1940,0
Ivory Coast,1941,0
Ivory Coast,1942,0
Ivory Coast,1943,0
Ivory Coast,1944,0
Ivory Coast,1945,0
Ivory Coast,1946,0
Ivory Coast,1947,0
Ivory Coast,1948,0
Ivory Coast,1949,0
Ivory Coast,1950,0
Ivory Coast,1951,0
Ivory Coast,1952,0
Ivory Coast,1953,0
Ivory Coast,1954,0
Ivory Coast,1955,0
Ivory Coast,1956,0
Ivory Coast,1957,0
Ivory Coast,1958,0
Ivory Coast,1959,0
Ivory Coast,1960,0
Ivory Coast,1961,0
Ivory Coast,1962,0
Ivory Coast,1963,0
Ivory Coast,1964,0
Ivory Coast,1965,0
Ivory Coast,1966,0
Ivory Coast,1967,0
Ivory Coast,1968,0
Ivory Coast,1969,0
Ivory Coast,1970,0
Ivory Coast,1971,0
Ivory Coast,1972,0
Ivory Coast,1973,0
Ivory Coast,1974,0
Ivory Coast,1975,0
Ivory Coast,1976,0
Ivory Coast,1977,0
Ivory Coast,1978,0
Ivory Coast,1979,0
Ivory Coast,1980,0
Ivory Coast,1981,0
Ivory Coast,1982,0
Ivory Coast,1983,0
Ivory Coast,1984,0
Ivory Coast,1985,0
Ivory Coast,1986,0
Ivory Coast,1987,0
Ivory Coast,1988,0
Ivory Coast,1989,0
Ivory Coast,1990,0
Ivory Coast,1991,0
Ivory Coast,1992,0
Ivory Coast,1993,0
Ivory Coast,1994,0
Ivory Coast,1995,0
Ivory Coast,1996,0
Ivory Coast,1997,0
Ivory Coast,1998,0
Ivory Coast,1999,0
Ivory Coast,2000,0
Ivory Coast,2001,0
Ivory Coast,2002,0
Ivory Coast,2003,0
Ivory Coast,2004,0
Ivory Coast,2005,0
Ivory Coast,2006,5
Ivory Coast,2007,5
Ivory Coast,2008,5
Ivory Coast,2009,5
Ivory Coast,2010,9
Ivory Coast,2011,9
Ivory Coast,2012,9
Ivory Coast,2013,9
Ivory Coast,2014,13
Ivory Coast,2015,13
Ivory Coast,2016,13
Ivory Coast,2017,13
Ivory Coast,2018,13
Ivory Coast,2019,13
Ivory Coast,2020,13
Ivory Coast,2021,13
Ivory Coast,2022,13
Ivory Coast,2023,13
Ivory Coast,2024,13
Ivory Coast,2025,13
Ivory Coast,2026,18
Jamaica,1930,0
Jamaica,1931,0
Jamaica,1932,0
Jamaica,1933,0
Jamaica,1934,0
Jamaica,1935,0
Jamaica,1936,0
Jamaica,1937,0
Jamaica,1938,0
Jamaica,1939,0
Jamaica,1940,0
Jamaica,1941,0
Jamaica,1942,0
Jamaica,1943,0
Jamaica,1944,0
Jamaica,1945,0
Jamaica,1946,0
Jamaica,1947,0
Jamaica,1948,0
Jamaica,1949,0
Jamaica,1950,0
Jamaica,1951,0
Jamaica,1952,0
Jamaica,1953,0
Jamaica,1954,0
Jamaica,1955,0
Jamaica,1956,0
Jamaica,1957,0
Jamaica,1958,0
Jamaica,1959,0
Jamaica,1960,0
Jamaica,1961,0
Jamaica,1962,0
Jamaica,1963,0
Jamaica,1964,0
Jamaica,1965,0
Jamaica,1966,0
Jamaica,1967,0
Jamaica,1968,0
Jamaica,1969,0
Jamaica,1970,0
Jamaica,1971,0
Jamaica,1972,0
Jamaica,1973,0
Jamaica,1974,0
Jamaica,1975,0
Jamaica,1976,0
Jamaica,1977,0
Jamaica,1978,0
Jamaica,1979,0
Jamaica,1980,0
Jamaica,1981,0
Jamaica,1982,0
Jamaica,1983,0
Jamaica,1984,0
Jamaica,1985,0
Jamaica,1986,0
Jamaica,1987,0
Jamaica,1988,0
Jamaica,1989,0
Jamaica,1990,0
Jamaica,1991,0
Jamaica,1992,0
Jamaica,1993,0
Jamaica,1994,0
Jamaica,1995,0
Jamaica,1996,0
Jamaica,1997,0
Jamaica,1998,3
Jamaica,1999,3
Jamaica,2000,3
Jamaica,2001,3
Jamaica,2002,3
Jamaica,2003,3
Jamaica,2004,3
Jamaica,2005,3
Jamaica,2006,3
Jamaica,2007,3
Jamaica,2008,3
Jamaica,2009,3
Jamaica,2010,3
Jamaica,2011,3
Jamaica,2012,3
Jamaica,2013,3
Jamaica,2014,3
Jamaica,2015,3
Jamaica,2016,3
Jamaica,2017,3
Jamaica,2018,3
Jamaica,2019,3
Jamaica,2020,3
Jamaica,2021,3
Jamaica,2022,3
Jamaica,2023,3
Jamaica,2024,3
Jamaica,2025,3
Jamaica,2026,3
Japan,1930,0
Japan,1931,0
Japan,1932,0
Japan,1933,0
Japan,1934,0
Japan,1935,0
Japan,1936,0
Japan,1937,0
Japan,1938,0
Japan,1939,0
Japan,1940,0
Japan,1941,0
Japan,1942,0
Japan,1943,0
Japan,1944,0
Japan,1945,0
Japan,1946,0
Japan,1947,0
Japan,1948,0
Japan,1949,0
Japan,1950,0
Japan,1951,0
Japan,1952,0
Japan,1953,0
Japan,1954,0
Japan,1955,0
Japan,1956,0
Japan,1957,0
Japan,1958,0
Japan,1959,0
Japan,1960,0
Japan,1961,0
Japan,1962,0
Japan,1963,0
Japan,1964,0
Japan,1965,0
Japan,1966,0
Japan,1967,0
Japan,1968,0
Japan,1969,0
Japan,1970,0
Japan,1971,0
Japan,1972,0
Japan,1973,0
Japan,1974,0
Japan,1975,0
Japan,1976,0
Japan,1977,0
Japan,1978,0
Japan,1979,0
Japan,1980,0
Japan,1981,0
Japan,1982,0
Japan,1983,0
Japan,1984,0
Japan,1985,0
Japan,1986,0
Japan,1987,0
Japan,1988,0
Japan,1989,0
Japan,1990,0
Japan,1991,0
Japan,1992,0
Japan,1993,0
Japan,1994,0
Japan,1995,0
Japan,1996,0
Japan,1997,0
Japan,1998,1
Japan,1999,1
Japan,2000,1
Japan,2001,1
Japan,2002,6
Japan,2003,6
Japan,2004,6
Japan,2005,6
Japan,2006,8
Japan,2007,8
Japan,2008,8
Japan,2009,8
Japan,2010,12
Japan,2011,12
Japan,2012,12
Japan,2013,12
Japan,2014,14
Japan,2015,14
Japan,2016,14
Japan,2017,14
Japan,2018,20
Japan,2019,20
Japan,2020,20
Japan,2021,20
Japan,2022,25
Japan,2023,25
Japan,2024,25
Japan,2025,25
Japan,2026,33
Jordan,1930,0
Jordan,1931,0
Jordan,1932,0
Jordan,1933,0
Jordan,1934,0
Jordan,1935,0
Jordan,1936,0
Jordan,1937,0
Jordan,1938,0
Jordan,1939,0
Jordan,1940,0
Jordan,1941,0
Jordan,1942,0
Jordan,1943,0
Jordan,1944,0
Jordan,1945,0
Jordan,1946,0
Jordan,1947,0
Jordan,1948,0
Jordan,1949,0
Jordan,1950,0
Jordan,1951,0
Jordan,1952,0
Jordan,1953,0
Jordan,1954,0
Jordan,1955,0
Jordan,1956,0
Jordan,1957,0
Jordan,1958,0
Jordan,1959,0
Jordan,1960,0
Jordan,1961,0
Jordan,1962,0
Jordan,1963,0
Jordan,1964,0
Jordan,1965,0
Jordan,1966,0
Jordan,1967,0
Jordan,1968,0
Jordan,1969,0
Jordan,1970,0
Jordan,1971,0
Jordan,1972,0
Jordan,1973,0
Jordan,1974,0
Jordan,1975,0
Jordan,1976,0
Jordan,1977,0
Jordan,1978,0
Jordan,1979,0
Jordan,1980,0
Jordan,1981,0
Jordan,1982,0
Jordan,1983,0
Jordan,1984,0
Jordan,1985,0
Jordan,1986,0
Jordan,1987,0
Jordan,1988,0
Jordan,1989,0
Jordan,1990,0
Jordan,1991,0
Jordan,1992,0
Jordan,1993,0
Jordan,1994,0
Jordan,1995,0
Jordan,1996,0
Jordan,1997,0
Jordan,1998,0
Jordan,1999,0
Jordan,2000,0
Jordan,2001,0
Jordan,2002,0
Jordan,2003,0
Jordan,2004,0
Jordan,2005,0
Jordan,2006,0
Jordan,2007,0
Jordan,2008,0
Jordan,2009,0
Jordan,2010,0
Jordan,2011,0
Jordan,2012,0
Jordan,2013,0
Jordan,2014,0
Jordan,2015,0
Jordan,2016,0
Jordan,2017,0
Jordan,2018,0
Jordan,2019,0
Jordan,2020,0
Jordan,2021,0
Jordan,2022,0
Jordan,2023,0
Jordan,2024,0
Jordan,2025,0
Jordan,2026,3
Kuwait,1930,0
Kuwait,1931,0
Kuwait,1932,0
Kuwait,1933,0
Kuwait,1934,0
Kuwait,1935,0
Kuwait,1936,0
Kuwait,1937,0
Kuwait,1938,0
Kuwait,1939,0
Kuwait,1940,0
Kuwait,1941,0
Kuwait,1942,0
Kuwait,1943,0
Kuwait,1944,0
Kuwait,1945,0
Kuwait,1946,0
Kuwait,1947,0
Kuwait,1948,0
Kuwait,1949,0
Kuwait,1950,0
Kuwait,1951,0
Kuwait,1952,0
Kuwait,1953,0
Kuwait,1954,0
Kuwait,1955,0
Kuwait,1956,0
Kuwait,1957,0
Kuwait,1958,0
Kuwait,1959,0
Kuwait,1960,0
Kuwait,1961,0
Kuwait,1962,0
Kuwait,1963,0
Kuwait,1964,0
Kuwait,1965,0
Kuwait,1966,0
Kuwait,1967,0
Kuwait,1968,0
Kuwait,1969,0
Kuwait,1970,0
Kuwait,1971,0
Kuwait,1972,0
Kuwait,1973,0
Kuwait,1974,0
Kuwait,1975,0
Kuwait,1976,0
Kuwait,1977,0
Kuwait,1978,0
Kuwait,1979,0
Kuwait,1980,0
Kuwait,1981,0
Kuwait,1982,2
Kuwait,1983,2
Kuwait,1984,2
Kuwait,1985,2
Kuwait,1986,2
Kuwait,1987,2
Kuwait,1988,2
Kuwait,1989,2
Kuwait,1990,2
Kuwait,1991,2
Kuwait,1992,2
Kuwait,1993,2
Kuwait,1994,2
Kuwait,1995,2
Kuwait,1996,2
Kuwait,1997,2
Kuwait,1998,2
Kuwait,1999,2
Kuwait,2000,2
Kuwait,2001,2
Kuwait,2002,2
Kuwait,2003,2
Kuwait,2004,2
Kuwait,2005,2
Kuwait,2006,2
Kuwait,2007,2
Kuwait,2008,2
Kuwait,2009,2
Kuwait,2010,2
Kuwait,2011,2
Kuwait,2012,2
Kuwait,2013,2
Kuwait,2014,2
Kuwait,2015,2
Kuwait,2016,2
Kuwait,2017,2
Kuwait,2018,2
Kuwait,2019,2
Kuwait,2020,2
Kuwait,2021,2
Kuwait,2022,2
Kuwait,2023,2
Kuwait,2024,2
Kuwait,2025,2
Kuwait,2026,2
Mexico,1930,4
Mexico,1931,4
Mexico,1932,4
Mexico,1933,4
Mexico,1934,4
Mexico,1935,4
Mexico,1936,4
Mexico,1937,4
Mexico,1938,4
Mexico,1939,4
Mexico,1940,4
Mexico,1941,4
Mexico,1942,4
Mexico,1943,4
Mexico,1944,4
Mexico,1945,4
Mexico,1946,4
Mexico,1947,4
Mexico,1948,4
Mexico,1949,4
Mexico,1950,6
Mexico,1951,6
Mexico,1952,6
Mexico,1953,6
Mexico,1954,8
Mexico,1955,8
Mexico,1956,8
Mexico,1957,8
Mexico,1958,9
Mexico,1959,9
Mexico,1960,9
Mexico,1961,9
Mexico,1962,12
Mexico,1963,12
Mexico,1964,12
Mexico,1965,12
Mexico,1966,13
Mexico,1967,13
Mexico,1968,13
Mexico,1969,13
Mexico,1970,19
Mexico,1971,19
Mexico,1972,19
Mexico,1973,19
Mexico,1974,19
Mexico,1975,19
Mexico,1976,19
Mexico,1977,19
Mexico,1978,21
Mexico,1979,21
Mexico,1980,21
Mexico,1981,21
Mexico,1982,21
Mexico,1983,21
Mexico,1984,21
Mexico,1985,21
Mexico,1986,27
Mexico,1987,27
Mexico,1988,27
Mexico,1989,27
Mexico,1990,27
Mexico,1991,27
Mexico,1992,27
Mexico,1993,27
Mexico,1994,31
Mexico,1995,31
Mexico,1996,31
Mexico,1997,31
Mexico,1998,39
Mexico,1999,39
Mexico,2000,39
Mexico,2001,39
Mexico,2002,43
Mexico,2003,43
Mexico,2004,43
Mexico,2005,43
Mexico,2006,48
Mexico,2007,48
Mexico,2008,48
Mexico,2009,48
Mexico,2010,52
Mexico,2011,52
Mexico,2012,52
Mexico,2013,52
Mexico,2014,57
Mexico,2015,57
Mexico,2016,57
Mexico,2017,57
Mexico,2018,60
Mexico,2019,60
Mexico,2020,60
Mexico,2021,60
Mexico,2022,62
Mexico,2023,62
Mexico,2024,62
Mexico,2025,62
Mexico,2026,72
Morocco,1930,0
Morocco,1931,0
Morocco,1932,0
Morocco,1933,0
Morocco,1934,0
Morocco,1935,0
Morocco,1936,0
Morocco,1937,0
Morocco,1938,0
Morocco,1939,0
Morocco,1940,0
Morocco,1941,0
Morocco,1942,0
Morocco,1943,0
Morocco,1944,0
Morocco,1945,0
Morocco,1946,0
Morocco,1947,0
Morocco,1948,0
Morocco,1949,0
Morocco,1950,0
Morocco,1951,0
Morocco,1952,0
Morocco,1953,0
Morocco,1954,0
Morocco,1955,0
Morocco,1956,0
Morocco,1957,0
Morocco,1958,0
Morocco,1959,0
Morocco,1960,0
Morocco,1961,0
Morocco,1962,0
Morocco,1963,0
Morocco,1964,0
Morocco,1965,0
Morocco,1966,0
Morocco,1967,0
Morocco,1968,0
Morocco,1969,0
Morocco,1970,2
Morocco,1971,2
Morocco,1972,2
Morocco,1973,2
Morocco,1974,2
Morocco,1975,2
Morocco,1976,2
Morocco,1977,2
Morocco,1978,2
Morocco,1979,2
Morocco,1980,2
Morocco,1981,2
Morocco,1982,2
Morocco,1983,2
Morocco,1984,2
Morocco,1985,2
Morocco,1986,5
Morocco,1987,5
Morocco,1988,5
Morocco,1989,5
Morocco,1990,5
Morocco,1991,5
Morocco,1992,5
Morocco,1993,5
Morocco,1994,7
Morocco,1995,7
Morocco,1996,7
Morocco,1997,7
Morocco,1998,12
Morocco,1999,12
Morocco,2000,12
Morocco,2001,12
Morocco,2002,12
Morocco,2003,12
Morocco,2004,12
Morocco,2005,12
Morocco,2006,12
Morocco,2007,12
Morocco,2008,12
Morocco,2009,12
Morocco,2010,12
Morocco,2011,12
Morocco,2012,12
Morocco,2013,12
Morocco,2014,12
Morocco,2015,12
Morocco,2016,12
Morocco,2017,12
Morocco,2018,14
Morocco,2019,14
Morocco,2020,14
Morocco,2021,14
Morocco,2022,20
Morocco,2023,20
Morocco,2024,20
Morocco,2025,20
Morocco,2026,30
Netherlands,1930,0
Netherlands,1931,0
Netherlands,1932,0
Netherlands,1933,0
Netherlands,1934,2
Netherlands,1935,2
Netherlands,1936,2
Netherlands,1937,2
Netherlands,1938,2
Netherlands,1939,2
Netherlands,1940,2
Netherlands,1941,2
Netherlands,1942,2
Netherlands,1943,2
Netherlands,1944,2
Netherlands,1945,2
Netherlands,1946,2
Netherlands,1947,2
Netherlands,1948,2
Netherlands,1949,2
Netherlands,1950,2
Netherlands,1951,2
Netherlands,1952,2
Netherlands,1953,2
Netherlands,1954,2
Netherlands,1955,2
Netherlands,1956,2
Netherlands,1957,2
Netherlands,1958,2
Netherlands,1959,2
Netherlands,1960,2
Netherlands,1961,2
Netherlands,1962,2
Netherlands,1963,2
Netherlands,1964,2
Netherlands,1965,2
Netherlands,1966,2
Netherlands,1967,2
Netherlands,1968,2
Netherlands,1969,2
Netherlands,1970,2
Netherlands,1971,2
Netherlands,1972,2
Netherlands,1973,2
Netherlands,1974,17
Netherlands,1975,17
Netherlands,1976,17
Netherlands,1977,17
Netherlands,1978,32
Netherlands,1979,32
Netherlands,1980,32
Netherlands,1981,32
Netherlands,1982,32
Netherlands,1983,32
Netherlands,1984,32
Netherlands,1985,32
Netherlands,1986,32
Netherlands,1987,32
Netherlands,1988,32
Netherlands,1989,32
Netherlands,1990,35
Netherlands,1991,35
Netherlands,1992,35
Netherlands,1993,35
Netherlands,1994,43
Netherlands,1995,43
Netherlands,1996,43
Netherlands,1997,43
Netherlands,1998,56
Netherlands,1999,56
Netherlands,2000,56
Netherlands,2001,56
Netherlands,2002,56
Netherlands,2003,56
Netherlands,2004,56
Netherlands,2005,56
Netherlands,2006,59
Netherlands,2007,59
Netherlands,2008,59
Netherlands,2009,59
Netherlands,2010,71
Netherlands,2011,71
Netherlands,2012,71
Netherlands,2013,71
Netherlands,2014,86
Netherlands,2015,86
Netherlands,2016,86
Netherlands,2017,86
Netherlands,2018,86
Netherlands,2019,86
Netherlands,2020,86
Netherlands,2021,86
Netherlands,2022,96
Netherlands,2023,96
Netherlands,2024,96
Netherlands,2025,96
Netherlands,2026,107
New Zealand,1930,0
New Zealand,1931,0
New Zealand,1932,0
New Zealand,1933,0
New Zealand,1934,0
New Zealand,1935,0
New Zealand,1936,0
New Zealand,1937,0
New Zealand,1938,0
New Zealand,1939,0
New Zealand,1940,0
New Zealand,1941,0
New Zealand,1942,0
New Zealand,1943,0
New Zealand,1944,0
New Zealand,1945,0
New Zealand,1946,0
New Zealand,1947,0
New Zealand,1948,0
New Zealand,1949,0
New Zealand,1950,0
New Zealand,1951,0
New Zealand,1952,0
New Zealand,1953,0
New Zealand,1954,0
New Zealand,1955,0
New Zealand,1956,0
New Zealand,1957,0
New Zealand,1958,0
New Zealand,1959,0
New Zealand,1960,0
New Zealand,1961,0
New Zealand,1962,0
New Zealand,1963,0
New Zealand,1964,0
New Zealand,1965,0
New Zealand,1966,0
New Zealand,1967,0
New Zealand,1968,0
New Zealand,1969,0
New Zealand,1970,0
New Zealand,1971,0
New Zealand,1972,0
New Zealand,1973,0
New Zealand,1974,0
New Zealand,1975,0
New Zealand,1976,0
New Zealand,1977,0
New Zealand,1978,0
New Zealand,1979,0
New Zealand,1980,0
New Zealand,1981,0
New Zealand,1982,2
New Zealand,1983,2
New Zealand,1984,2
New Zealand,1985,2
New Zealand,1986,2
New Zealand,1987,2
New Zealand,1988,2
New Zealand,1989,2
New Zealand,1990,2
New Zealand,1991,2
New Zealand,1992,2
New Zealand,1993,2
New Zealand,1994,2
New Zealand,1995,2
New Zealand,1996,2
New Zealand,1997,2
New Zealand,1998,2
New Zealand,1999,2
New Zealand,2000,2
New Zealand,2001,2
New Zealand,2002,2
New Zealand,2003,2
New Zealand,2004,2
New Zealand,2005,2
New Zealand,2006,2
New Zealand,2007,2
New Zealand,2008,2
New Zealand,2009,2
New Zealand,2010,4
New Zealand,2011,4
New Zealand,2012,4
New Zealand,2013,4
New Zealand,2014,4
New Zealand,2015,4
New Zealand,2016,4
New Zealand,2017,4
New Zealand,2018,4
New Zealand,2019,4
New Zealand,2020,4
New Zealand,2021,4
New Zealand,2022,4
New Zealand,2023,4
New Zealand,2024,4
New Zealand,2025,4
New Zealand,2026,8
Nigeria,1930,0
Nigeria,1931,0
Nigeria,1932,0
Nigeria,1933,0
Nigeria,1934,0
Nigeria,1935,0
Nigeria,1936,0
Nigeria,1937,0
Nigeria,1938,0
Nigeria,1939,0
Nigeria,1940,0
Nigeria,1941,0
Nigeria,1942,0
Nigeria,1943,0
Nigeria,1944,0
Nigeria,1945,0
Nigeria,1946,0
Nigeria,1947,0
Nigeria,1948,0
Nigeria,1949,0
Nigeria,1950,0
Nigeria,1951,0
Nigeria,1952,0
Nigeria,1953,0
Nigeria,1954,0
Nigeria,1955,0
Nigeria,1956,0
Nigeria,1957,0
Nigeria,1958,0
Nigeria,1959,0
Nigeria,1960,0
Nigeria,1961,0
Nigeria,1962,0
Nigeria,1963,0
Nigeria,1964,0
Nigeria,1965,0
Nigeria,1966,0
Nigeria,1967,0
Nigeria,1968,0
Nigeria,1969,0
Nigeria,1970,0
Nigeria,1971,0
Nigeria,1972,0
Nigeria,1973,0
Nigeria,1974,0
Nigeria,1975,0
Nigeria,1976,0
Nigeria,1977,0
Nigeria,1978,0
Nigeria,1979,0
Nigeria,1980,0
Nigeria,1981,0
Nigeria,1982,0
Nigeria,1983,0
Nigeria,1984,0
Nigeria,1985,0
Nigeria,1986,0
Nigeria,1987,0
Nigeria,1988,0
Nigeria,1989,0
Nigeria,1990,0
Nigeria,1991,0
Nigeria,1992,0
Nigeria,1993,0
Nigeria,1994,7
Nigeria,1995,7
Nigeria,1996,7
Nigeria,1997,7
Nigeria,1998,13
Nigeria,1999,13
Nigeria,2000,13
Nigeria,2001,13
Nigeria,2002,14
Nigeria,2003,14
Nigeria,2004,14
Nigeria,2005,14
Nigeria,2006,14
Nigeria,2007,14
Nigeria,2008,14
Nigeria,2009,14
Nigeria,2010,17
Nigeria,2011,17
Nigeria,2012,17
Nigeria,2013,17
Nigeria,2014,20
Nigeria,2015,20
Nigeria,2016,20
Nigeria,2017,20
Nigeria,2018,23
Nigeria,2019,23
Nigeria,2020,23
Nigeria,2021,23
Nigeria,2022,23
Nigeria,2023,23
Nigeria,2024,23
Nigeria,2025,23
Nigeria,2026,23
North Korea,1930,0
North Korea,1931,0
North Korea,1932,0
North Korea,1933,0
North Korea,1934,0
North Korea,1935,0
North Korea,1936,0
North Korea,1937,0
North Korea,1938,0
North Korea,1939,0
North Korea,1940,0
North Korea,1941,0
North Korea,1942,0
North Korea,1943,0
North Korea,1944,0
North Korea,1945,0
North Korea,1946,0
North Korea,1947,0
North Korea,1948,0
North Korea,1949,0
North Korea,1950,0
North Korea,1951,0
North Korea,1952,0
North Korea,1953,0
North Korea,1954,0
North Korea,1955,0
North Korea,1956,0
North Korea,1957,0
North Korea,1958,0
North Korea,1959,0
North Korea,1960,0
North Korea,1961,0
North Korea,1962,0
North Korea,1963,0
North Korea,1964,0
North Korea,1965,0
North Korea,1966,5
North Korea,1967,5
North Korea,1968,5
North Korea,1969,5
North Korea,1970,5
North Korea,1971,5
North Korea,1972,5
North Korea,1973,5
North Korea,1974,5
North Korea,1975,5
North Korea,1976,5
North Korea,1977,5
North Korea,1978,5
North Korea,1979,5
North Korea,1980,5
North Korea,1981,5
North Korea,1982,5
North Korea,1983,5
North Korea,1984,5
North Korea,1985,5
North Korea,1986,5
North Korea,1987,5
North Korea,1988,5
North Korea,1989,5
North Korea,1990,5
North Korea,1991,5
North Korea,1992,5
North Korea,1993,5
North Korea,1994,5
North Korea,1995,5
North Korea,1996,5
North Korea,1997,5
North Korea,1998,5
North Korea,1999,5
North Korea,2000,5
North Korea,2001,5
North Korea,2002,5
North Korea,2003,5
North Korea,2004,5
North Korea,2005,5
North Korea,2006,5
North Korea,2007,5
North Korea,2008,5
North Korea,2009,5
North Korea,2010,6
North Korea,2011,6
North Korea,2012,6
North Korea,2013,6
North Korea,2014,6
North Korea,2015,6
North Korea,2016,6
North Korea,2017,6
North Korea,2018,6
North Korea,2019,6
North Korea,2020,6
North Korea,2021,6
North Korea,2022,6
North Korea,2023,6
North Korea,2024,6
North Korea,2025,6
North Korea,2026,6
Northern Ireland,1930,0
Northern Ireland,1931,0
Northern Ireland,1932,0
Northern Ireland,1933,0
Northern Ireland,1934,0
Northern Ireland,1935,0
Northern Ireland,1936,0
Northern Ireland,1937,0
Northern Ireland,1938,0
Northern Ireland,1939,0
Northern Ireland,1940,0
Northern Ireland,1941,0
Northern Ireland,1942,0
Northern Ireland,1943,0
Northern Ireland,1944,0
Northern Ireland,1945,0
Northern Ireland,1946,0
Northern Ireland,1947,0
Northern Ireland,1948,0
Northern Ireland,1949,0
Northern Ireland,1950,0
Northern Ireland,1951,0
Northern Ireland,1952,0
Northern Ireland,1953,0
Northern Ireland,1954,0
Northern Ireland,1955,0
Northern Ireland,1956,0
Northern Ireland,1957,0
Northern Ireland,1958,6
Northern Ireland,1959,6
Northern Ireland,1960,6
Northern Ireland,1961,6
Northern Ireland,1962,6
Northern Ireland,1963,6
Northern Ireland,1964,6
Northern Ireland,1965,6
Northern Ireland,1966,6
Northern Ireland,1967,6
Northern Ireland,1968,6
Northern Ireland,1969,6
Northern Ireland,1970,6
Northern Ireland,1971,6
Northern Ireland,1972,6
Northern Ireland,1973,6
Northern Ireland,1974,6
Northern Ireland,1975,6
Northern Ireland,1976,6
Northern Ireland,1977,6
Northern Ireland,1978,6
Northern Ireland,1979,6
Northern Ireland,1980,6
Northern Ireland,1981,6
Northern Ireland,1982,11
Northern Ireland,1983,11
Northern Ireland,1984,11
Northern Ireland,1985,11
Northern Ireland,1986,13
Northern Ireland,1987,13
Northern Ireland,1988,13
Northern Ireland,1989,13
Northern Ireland,1990,13
Northern Ireland,1991,13
Northern Ireland,1992,13
Northern Ireland,1993,13
Northern Ireland,1994,13
Northern Ireland,1995,13
Northern Ireland,1996,13
Northern Ireland,1997,13
Northern Ireland,1998,13
Northern Ireland,1999,13
Northern Ireland,2000,13
Northern Ireland,2001,13
Northern Ireland,2002,13
Northern Ireland,2003,13
Northern Ireland,2004,13
Northern Ireland,2005,13
Northern Ireland,2006,13
Northern Ireland,2007,13
Northern Ireland,2008,13
Northern Ireland,2009,13
Northern Ireland,2010,13
Northern Ireland,2011,13
Northern Ireland,2012,13
Northern Ireland,2013,13
Northern Ireland,2014,13
Northern Ireland,2015,13
Northern Ireland,2016,13
Northern Ireland,2017,13
Northern Ireland,2018,13
Northern Ireland,2019,13
Northern Ireland,2020,13
Northern Ireland,2021,13
Northern Ireland,2022,13
Northern Ireland,2023,13
Northern Ireland,2024,13
Northern Ireland,2025,13
Northern Ireland,2026,13
Norway,1930,0
Norway,1931,0
Norway,1932,0
Norway,1933,0
Norway,1934,0
Norway,1935,0
Norway,1936,0
Norway,1937,0
Norway,1938,1
Norway,1939,1
Norway,1940,1
Norway,1941,1
Norway,1942,1
Norway,1943,1
Norway,1944,1
Norway,1945,1
Norway,1946,1
Norway,1947,1
Norway,1948,1
Norway,1949,1
Norway,1950,1
Norway,1951,1
Norway,1952,1
Norway,1953,1
Norway,1954,1
Norway,1955,1
Norway,1956,1
Norway,1957,1
Norway,1958,1
Norway,1959,1
Norway,1960,1
Norway,1961,1
Norway,1962,1
Norway,1963,1
Norway,1964,1
Norway,1965,1
Norway,1966,1
Norway,1967,1
Norway,1968,1
Norway,1969,1
Norway,1970,1
Norway,1971,1
Norway,1972,1
Norway,1973,1
Norway,1974,1
Norway,1975,1
Norway,1976,1
Norway,1977,1
Norway,1978,1
Norway,1979,1
Norway,1980,1
Norway,1981,1
Norway,1982,1
Norway,1983,1
Norway,1984,1
Norway,1985,1
Norway,1986,1
Norway,1987,1
Norway,1988,1
Norway,1989,1
Norway,1990,1
Norway,1991,1
Norway,1992,1
Norway,1993,1
Norway,1994,2
Norway,1995,2
Norway,1996,2
Norway,1997,2
Norway,1998,7
Norway,1999,7
Norway,2000,7
Norway,2001,7
Norway,2002,7
Norway,2003,7
Norway,2004,7
Norway,2005,7
Norway,2006,7
Norway,2007,7
Norway,2008,7
Norway,2009,7
Norway,2010,7
Norway,2011,7
Norway,2012,7
Norway,2013,7
Norway,2014,7
Norway,2015,7
Norway,2016,7
Norway,2017,7
Norway,2018,7
Norway,2019,7
Norway,2020,7
Norway,2021,7
Norway,2022,7
Norway,2023,7
Norway,2024,7
Norway,2025,7
Norway,2026,20
Panama,1930,0
Panama,1931,0
Panama,1932,0
Panama,1933,0
Panama,1934,0
Panama,1935,0
Panama,1936,0
Panama,1937,0
Panama,1938,0
Panama,1939,0
Panama,1940,0
Panama,1941,0
Panama,1942,0
Panama,1943,0
Panama,1944,0
Panama,1945,0
Panama,1946,0
Panama,1947,0
Panama,1948,0
Panama,1949,0
Panama,1950,0
Panama,1951,0
Panama,1952,0
Panama,1953,0
Panama,1954,0
Panama,1955,0
Panama,1956,0
Panama,1957,0
Panama,1958,0
Panama,1959,0
Panama,1960,0
Panama,1961,0
Panama,1962,0
Panama,1963,0
Panama,1964,0
Panama,1965,0
Panama,1966,0
Panama,1967,0
Panama,1968,0
Panama,1969,0
Panama,1970,0
Panama,1971,0
Panama,1972,0
Panama,1973,0
Panama,1974,0
Panama,1975,0
Panama,1976,0
Panama,1977,0
Panama,1978,0
Panama,1979,0
Panama,1980,0
Panama,1981,0
Panama,1982,0
Panama,1983,0
Panama,1984,0
Panama,1985,0
Panama,1986,0
Panama,1987,0
Panama,1988,0
Panama,1989,0
Panama,1990,0
Panama,1991,0
Panama,1992,0
Panama,1993,0
Panama,1994,0
Panama,1995,0
Panama,1996,0
Panama,1997,0
Panama,1998,0
Panama,1999,0
Panama,2000,0
Panama,2001,0
Panama,2002,0
Panama,2003,0
Panama,2004,0
Panama,2005,0
Panama,2006,0
Panama,2007,0
Panama,2008,0
Panama,2009,0
Panama,2010,0
Panama,2011,0
Panama,2012,0
Panama,2013,0
Panama,2014,0
Panama,2015,0
Panama,2016,0
Panama,2017,0
Panama,2018,2
Panama,2019,2
Panama,2020,2
Panama,2021,2
Panama,2022,2
Panama,2023,2
Panama,2024,2
Panama,2025,2
Panama,2026,2
Paraguay,1930,1
Paraguay,1931,1
Paraguay,1932,1
Paraguay,1933,1
Paraguay,1934,1
Paraguay,1935,1
Paraguay,1936,1
Paraguay,1937,1
Paraguay,1938,1
Paraguay,1939,1
Paraguay,1940,1
Paraguay,1941,1
Paraguay,1942,1
Paraguay,1943,1
Paraguay,1944,1
Paraguay,1945,1
Paraguay,1946,1
Paraguay,1947,1
Paraguay,1948,1
Paraguay,1949,1
Paraguay,1950,3
Paraguay,1951,3
Paraguay,1952,3
Paraguay,1953,3
Paraguay,1954,3
Paraguay,1955,3
Paraguay,1956,3
Paraguay,1957,3
Paraguay,1958,12
Paraguay,1959,12
Paraguay,1960,12
Paraguay,1961,12
Paraguay,1962,12
Paraguay,1963,12
Paraguay,1964,12
Paraguay,1965,12
Paraguay,1966,12
Paraguay,1967,12
Paraguay,1968,12
Paraguay,1969,12
Paraguay,1970,12
Paraguay,1971,12
Paraguay,1972,12
Paraguay,1973,12
Paraguay,1974,12
Paraguay,1975,12
Paraguay,1976,12
Paraguay,1977,12
Paraguay,1978,12
Paraguay,1979,12
Paraguay,1980,12
Paraguay,1981,12
Paraguay,1982,12
Paraguay,1983,12
Paraguay,1984,12
Paraguay,1985,12
Paraguay,1986,16
Paraguay,1987,16
Paraguay,1988,16
Paraguay,1989,16
Paraguay,1990,16
Paraguay,1991,16
Paraguay,1992,16
Paraguay,1993,16
Paraguay,1994,16
Paraguay,1995,16
Paraguay,1996,16
Paraguay,1997,16
Paraguay,1998,19
Paraguay,1999,19
Paraguay,2000,19
Paraguay,2001,19
Paraguay,2002,25
Paraguay,2003,25
Paraguay,2004,25
Paraguay,2005,25
Paraguay,2006,27
Paraguay,2007,27
Paraguay,2008,27
Paraguay,2009,27
Paraguay,2010,30
Paraguay,2011,30
Paraguay,2012,30
Paraguay,2013,30
Paraguay,2014,30
Paraguay,2015,30
Paraguay,2016,30
Paraguay,2017,30
Paraguay,2018,30
Paraguay,2019,30
Paraguay,2020,30
Paraguay,2021,30
Paraguay,2022,30
Paraguay,2023,30
Paraguay,2024,30
Paraguay,2025,30
Paraguay,2026,33
Peru,1930,1
Peru,1931,1
Peru,1932,1
Peru,1933,1
Peru,1934,1
Peru,1935,1
Peru,1936,1
Peru,1937,1
Peru,1938,1
Peru,1939,1
Peru,1940,1
Peru,1941,1
Peru,1942,1
Peru,1943,1
Peru,1944,1
Peru,1945,1
Peru,1946,1
Peru,1947,1
Peru,1948,1
Peru,1949,1
Peru,1950,1
Peru,1951,1
Peru,1952,1
Peru,1953,1
Peru,1954,1
Peru,1955,1
Peru,1956,1
Peru,1957,1
Peru,1958,1
Peru,1959,1
Peru,1960,1
Peru,1961,1
Peru,1962,1
Peru,1963,1
Peru,1964,1
Peru,1965,1
Peru,1966,1
Peru,1967,1
Peru,1968,1
Peru,1969,1
Peru,1970,10
Peru,1971,10
Peru,1972,10
Peru,1973,10
Peru,1974,10
Peru,1975,10
Peru,1976,10
Peru,1977,10
Peru,1978,17
Peru,1979,17
Peru,1980,17
Peru,1981,17
Peru,1982,19
Peru,1983,19
Peru,1984,19
Peru,1985,19
Peru,1986,19
Peru,1987,19
Peru,1988,19
Peru,1989,19
Peru,1990,19
Peru,1991,19
Peru,1992,19
Peru,1993,19
Peru,1994,19
Peru,1995,19
Peru,1996,19
Peru,1997,19
Peru,1998,19
Peru,1999,19
Peru,2000,19
Peru,2001,19
Peru,2002,19
Peru,2003,19
Peru,2004,19
Peru,2005,19
Peru,2006,19
Peru,2007,19
Peru,2008,19
Peru,2009,19
Peru,2010,19
Peru,2011,19
Peru,2012,19
Peru,2013,19
Peru,2014,19
Peru,2015,19
Peru,2016,19
Peru,2017,19
Peru,2018,21
Peru,2019,21
Peru,2020,21
Peru,2021,21
Peru,2022,21
Peru,2023,21
Peru,2024,21
Peru,2025,21
Peru,2026,21
Poland,1930,0
Poland,1931,0
Poland,1932,0
Poland,1933,0
Poland,1934,0
Poland,1935,0
Poland,1936,0
Poland,1937,0
Poland,1938,5
Poland,1939,5
Poland,1940,5
Poland,1941,5
Poland,1942,5
Poland,1943,5
Poland,1944,5
Poland,1945,5
Poland,1946,5
Poland,1947,5
Poland,1948,5
Poland,1949,5
Poland,1950,5
Poland,1951,5
Poland,1952,5
Poland,1953,5
Poland,1954,5
Poland,1955,5
Poland,1956,5
Poland,1957,5
Poland,1958,5
Poland,1959,5
Poland,1960,5
Poland,1961,5
Poland,1962,5
Poland,1963,5
Poland,1964,5
Poland,1965,5
Poland,1966,5
Poland,1967,5
Poland,1968,5
Poland,1969,5
Poland,1970,5
Poland,1971,5
Poland,1972,5
Poland,1973,5
Poland,1974,21
Poland,1975,21
Poland,1976,21
Poland,1977,21
Poland,1978,27
Poland,1979,27
Poland,1980,27
Poland,1981,27
Poland,1982,38
Poland,1983,38
Poland,1984,38
Poland,1985,38
Poland,1986,39
Poland,1987,39
Poland,1988,39
Poland,1989,39
Poland,1990,39
Poland,1991,39
Poland,1992,39
Poland,1993,39
Poland,1994,39
Poland,1995,39
Poland,1996,39
Poland,1997,39
Poland,1998,39
Poland,1999,39
Poland,2000,39
Poland,2001,39
Poland,2002,42
Poland,2003,42
Poland,2004,42
Poland,2005,42
Poland,2006,44
Poland,2007,44
Poland,2008,44
Poland,2009,44
Poland,2010,44
Poland,2011,44
Poland,2012,44
Poland,2013,44
Poland,2014,44
Poland,2015,44
Poland,2016,44
Poland,2017,44
Poland,2018,46
Poland,2019,46
Poland,2020,46
Poland,2021,46
Poland,2022,49
Poland,2023,49
Poland,2024,49
Poland,2025,49
Poland,2026,49
Portugal,1930,0
Portugal,1931,0
Portugal,1932,0
Portugal,1933,0
Portugal,1934,0
Portugal,1935,0
Portugal,1936,0
Portugal,1937,0
Portugal,1938,0
Portugal,1939,0
Portugal,1940,0
Portugal,1941,0
Portugal,1942,0
Portugal,1943,0
Portugal,1944,0
Portugal,1945,0
Portugal,1946,0
Portugal,1947,0
Portugal,1948,0
Portugal,1949,0
Portugal,1950,0
Portugal,1951,0
Portugal,1952,0
Portugal,1953,0
Portugal,1954,0
Portugal,1955,0
Portugal,1956,0
Portugal,1957,0
Portugal,1958,0
Portugal,1959,0
Portugal,1960,0
Portugal,1961,0
Portugal,1962,0
Portugal,1963,0
Portugal,1964,0
Portugal,1965,0
Portugal,1966,17
Portugal,1967,17
Portugal,1968,17
Portugal,1969,17
Portugal,1970,17
Portugal,1971,17
Portugal,1972,17
Portugal,1973,17
Portugal,1974,17
Portugal,1975,17
Portugal,1976,17
Portugal,1977,17
Portugal,1978,17
Portugal,1979,17
Portugal,1980,17
Portugal,1981,17
Portugal,1982,17
Portugal,1983,17
Portugal,1984,17
Portugal,1985,17
Portugal,1986,19
Portugal,1987,19
Portugal,1988,19
Portugal,1989,19
Portugal,1990,19
Portugal,1991,19
Portugal,1992,19
Portugal,1993,19
Portugal,1994,19
Portugal,1995,19
Portugal,1996,19
Portugal,1997,19
Portugal,1998,19
Portugal,1999,19
Portugal,2000,19
Portugal,2001,19
Portugal,2002,25
Portugal,2003,25
Portugal,2004,25
Portugal,2005,25
Portugal,2006,32
Portugal,2007,32
Portugal,2008,32
Portugal,2009,32
Portugal,2010,39
Portugal,2011,39
Portugal,2012,39
Portugal,2013,39
Portugal,2014,43
Portugal,2015,43
Portugal,2016,43
Portugal,2017,43
Portugal,2018,49
Portugal,2019,49
Portugal,2020,49
Portugal,2021,49
Portugal,2022,61
Portugal,2023,61
Portugal,2024,61
Portugal,2025,61
Portugal,2026,69
Qatar,1930,0
Qatar,1931,0
Qatar,1932,0
Qatar,1933,0
Qatar,1934,0
Qatar,1935,0
Qatar,1936,0
Qatar,1937,0
Qatar,1938,0
Qatar,1939,0
Qatar,1940,0
Qatar,1941,0
Qatar,1942,0
Qatar,1943,0
Qatar,1944,0
Qatar,1945,0
Qatar,1946,0
Qatar,1947,0
Qatar,1948,0
Qatar,1949,0
Qatar,1950,0
Qatar,1951,0
Qatar,1952,0
Qatar,1953,0
Qatar,1954,0
Qatar,1955,0
Qatar,1956,0
Qatar,1957,0
Qatar,1958,0
Qatar,1959,0
Qatar,1960,0
Qatar,1961,0
Qatar,1962,0
Qatar,1963,0
Qatar,1964,0
Qatar,1965,0
Qatar,1966,0
Qatar,1967,0
Qatar,1968,0
Qatar,1969,0
Qatar,1970,0
Qatar,1971,0
Qatar,1972,0
Qatar,1973,0
Qatar,1974,0
Qatar,1975,0
Qatar,1976,0
Qatar,1977,0
Qatar,1978,0
Qatar,1979,0
Qatar,1980,0
Qatar,1981,0
Qatar,1982,0
Qatar,1983,0
Qatar,1984,0
Qatar,1985,0
Qatar,1986,0
Qatar,1987,0
Qatar,1988,0
Qatar,1989,0
Qatar,1990,0
Qatar,1991,0
Qatar,1992,0
Qatar,1993,0
Qatar,1994,0
Qatar,1995,0
Qatar,1996,0
Qatar,1997,0
Qatar,1998,0
Qatar,1999,0
Qatar,2000,0
Qatar,2001,0
Qatar,2002,0
Qatar,2003,0
Qatar,2004,0
Qatar,2005,0
Qatar,2006,0
Qatar,2007,0
Qatar,2008,0
Qatar,2009,0
Qatar,2010,0
Qatar,2011,0
Qatar,2012,0
Qatar,2013,0
Qatar,2014,0
Qatar,2015,0
Qatar,2016,0
Qatar,2017,0
Qatar,2018,0
Qatar,2019,0
Qatar,2020,0
Qatar,2021,0
Qatar,2022,1
Qatar,2023,1
Qatar,2024,1
Qatar,2025,1
Qatar,2026,3
Republic of Ireland,1930,0
Republic of Ireland,1931,0
Republic of Ireland,1932,0
Republic of Ireland,1933,0
Republic of Ireland,1934,0
Republic of Ireland,1935,0
Republic of Ireland,1936,0
Republic of Ireland,1937,0
Republic of Ireland,1938,0
Republic of Ireland,1939,0
Republic of Ireland,1940,0
Republic of Ireland,1941,0
Republic of Ireland,1942,0
Republic of Ireland,1943,0
Republic of Ireland,1944,0
Republic of Ireland,1945,0
Republic of Ireland,1946,0
Republic of Ireland,1947,0
Republic of Ireland,1948,0
Republic of Ireland,1949,0
Republic of Ireland,1950,0
Republic of Ireland,1951,0
Republic of Ireland,1952,0
Republic of Ireland,1953,0
Republic of Ireland,1954,0
Republic of Ireland,1955,0
Republic of Ireland,1956,0
Republic of Ireland,1957,0
Republic of Ireland,1958,0
Republic of Ireland,1959,0
Republic of Ireland,1960,0
Republic of Ireland,1961,0
Republic of Ireland,1962,0
Republic of Ireland,1963,0
Republic of Ireland,1964,0
Republic of Ireland,1965,0
Republic of Ireland,1966,0
Republic of Ireland,1967,0
Republic of Ireland,1968,0
Republic of Ireland,1969,0
Republic of Ireland,1970,0
Republic of Ireland,1971,0
Republic of Ireland,1972,0
Republic of Ireland,1973,0
Republic of Ireland,1974,0
Republic of Ireland,1975,0
Republic of Ireland,1976,0
Republic of Ireland,1977,0
Republic of Ireland,1978,0
Republic of Ireland,1979,0
Republic of Ireland,1980,0
Republic of Ireland,1981,0
Republic of Ireland,1982,0
Republic of Ireland,1983,0
Republic of Ireland,1984,0
Republic of Ireland,1985,0
Republic of Ireland,1986,0
Republic of Ireland,1987,0
Republic of Ireland,1988,0
Republic of Ireland,1989,0
Republic of Ireland,1990,2
Republic of Ireland,1991,2
Republic of Ireland,1992,2
Republic of Ireland,1993,2
Republic of Ireland,1994,4
Republic of Ireland,1995,4
Republic of Ireland,1996,4
Republic of Ireland,1997,4
Republic of Ireland,1998,4
Republic of Ireland,1999,4
Republic of Ireland,2000,4
Republic of Ireland,2001,4
Republic of Ireland,2002,10
Republic of Ireland,2003,10
Republic of Ireland,2004,10
Republic of Ireland,2005,10
Republic of Ireland,2006,10
Republic of Ireland,2007,10
Republic of Ireland,2008,10
Republic of Ireland,2009,10
Republic of Ireland,2010,10
Republic of Ireland,2011,10
Republic of Ireland,2012,10
Republic of Ireland,2013,10
Republic of Ireland,2014,10
Republic of Ireland,2015,10
Republic of Ireland,2016,10
Republic of Ireland,2017,10
Republic of Ireland,2018,10
Republic of Ireland,2019,10
Republic of Ireland,2020,10
Republic of Ireland,2021,10
Republic of Ireland,2022,10
Republic of Ireland,2023,10
Republic of Ireland,2024,10
Republic of Ireland,2025,10
Republic of Ireland,2026,10
Romania,1930,3
Romania,1931,3
Romania,1932,3
Romania,1933,3
Romania,1934,4
Romania,1935,4
Romania,1936,4
Romania,1937,4
Romania,1938,8
Romania,1939,8
Romania,1940,8
Romania,1941,8
Romania,1942,8
Romania,1943,8
Romania,1944,8
Romania,1945,8
Romania,1946,8
Romania,1947,8
Romania,1948,8
Romania,1949,8
Romania,1950,8
Romania,1951,8
Romania,1952,8
Romania,1953,8
Romania,1954,8
Romania,1955,8
Romania,1956,8
Romania,1957,8
Romania,1958,8
Romania,1959,8
Romania,1960,8
Romania,1961,8
Romania,1962,8
Romania,1963,8
Romania,1964,8
Romania,1965,8
Romania,1966,8
Romania,1967,8
Romania,1968,8
Romania,1969,8
Romania,1970,12
Romania,1971,12
Romania,1972,12
Romania,1973,12
Romania,1974,12
Romania,1975,12
Romania,1976,12
Romania,1977,12
Romania,1978,12
Romania,1979,12
Romania,1980,12
Romania,1981,12
Romania,1982,12
Romania,1983,12
Romania,1984,12
Romania,1985,12
Romania,1986,12
Romania,1987,12
Romania,1988,12
Romania,1989,12
Romania,1990,16
Romania,1991,16
Romania,1992,16
Romania,1993,16
Romania,1994,26
Romania,1995,26
Romania,1996,26
Romania,1997,26
Romania,1998,30
Romania,1999,30
Romania,2000,30
Romania,2001,30
Romania,2002,30
Romania,2003,30
Romania,2004,30
Romania,2005,30
Romania,2006,30
Romania,2007,30
Romania,2008,30
Romania,2009,30
Romania,2010,30
Romania,2011,30
Romania,2012,30
Romania,2013,30
Romania,2014,30
Romania,2015,30
Romania,2016,30
Romania,2017,30
Romania,2018,30
Romania,2019,30
Romania,2020,30
Romania,2021,30
Romania,2022,30
Romania,2023,30
Romania,2024,30
Romania,2025,30
Romania,2026,30
Russia,1930,0
Russia,1931,0
Russia,1932,0
Russia,1933,0
Russia,1934,0
Russia,1935,0
Russia,1936,0
Russia,1937,0
Russia,1938,0
Russia,1939,0
Russia,1940,0
Russia,1941,0
Russia,1942,0
Russia,1943,0
Russia,1944,0
Russia,1945,0
Russia,1946,0
Russia,1947,0
Russia,1948,0
Russia,1949,0
Russia,1950,0
Russia,1951,0
Russia,1952,0
Russia,1953,0
Russia,1954,0
Russia,1955,0
Russia,1956,0
Russia,1957,0
Russia,1958,5
Russia,1959,5
Russia,1960,5
Russia,1961,5
Russia,1962,14
Russia,1963,14
Russia,1964,14
Russia,1965,14
Russia,1966,24
Russia,1967,24
Russia,1968,24
Russia,1969,24
Russia,1970,30
Russia,1971,30
Russia,1972,30
Russia,1973,30
Russia,1974,30
Russia,1975,30
Russia,1976,30
Russia,1977,30
Russia,1978,30
Russia,1979,30
Russia,1980,30
Russia,1981,30
Russia,1982,37
Russia,1983,37
Russia,1984,37
Russia,1985,37
Russia,1986,49
Russia,1987,49
Russia,1988,49
Russia,1989,49
Russia,1990,53
Russia,1991,53
Russia,1992,53
Russia,1993,53
Russia,1994,60
Russia,1995,60
Russia,1996,60
Russia,1997,60
Russia,1998,60
Russia,1999,60
Russia,2000,60
Russia,2001,60
Russia,2002,64
Russia,2003,64
Russia,2004,64
Russia,2005,64
Russia,2006,64
Russia,2007,64
Russia,2008,64
Russia,2009,64
Russia,2010,64
Russia,2011,64
Russia,2012,64
Russia,2013,64
Russia,2014,66
Russia,2015,66
Russia,2016,66
Russia,2017,66
Russia,2018,77
Russia,2019,77
Russia,2020,77
Russia,2021,77
Russia,2022,77
Russia,2023,77
Russia,2024,77
Russia,2025,77
Russia,2026,77
Saudi Arabia,1930,0
Saudi Arabia,1931,0
Saudi Arabia,1932,0
Saudi Arabia,1933,0
Saudi Arabia,1934,0
Saudi Arabia,1935,0
Saudi Arabia,1936,0
Saudi Arabia,1937,0
Saudi Arabia,1938,0
Saudi Arabia,1939,0
Saudi Arabia,1940,0
Saudi Arabia,1941,0
Saudi Arabia,1942,0
Saudi Arabia,1943,0
Saudi Arabia,1944,0
Saudi Arabia,1945,0
Saudi Arabia,1946,0
Saudi Arabia,1947,0
Saudi Arabia,1948,0
Saudi Arabia,1949,0
Saudi Arabia,1950,0
Saudi Arabia,1951,0
Saudi Arabia,1952,0
Saudi Arabia,1953,0
Saudi Arabia,1954,0
Saudi Arabia,1955,0
Saudi Arabia,1956,0
Saudi Arabia,1957,0
Saudi Arabia,1958,0
Saudi Arabia,1959,0
Saudi Arabia,1960,0
Saudi Arabia,1961,0
Saudi Arabia,1962,0
Saudi Arabia,1963,0
Saudi Arabia,1964,0
Saudi Arabia,1965,0
Saudi Arabia,1966,0
Saudi Arabia,1967,0
Saudi Arabia,1968,0
Saudi Arabia,1969,0
Saudi Arabia,1970,0
Saudi Arabia,1971,0
Saudi Arabia,1972,0
Saudi Arabia,1973,0
Saudi Arabia,1974,0
Saudi Arabia,1975,0
Saudi Arabia,1976,0
Saudi Arabia,1977,0
Saudi Arabia,1978,0
Saudi Arabia,1979,0
Saudi Arabia,1980,0
Saudi Arabia,1981,0
Saudi Arabia,1982,0
Saudi Arabia,1983,0
Saudi Arabia,1984,0
Saudi Arabia,1985,0
Saudi Arabia,1986,0
Saudi Arabia,1987,0
Saudi Arabia,1988,0
Saudi Arabia,1989,0
Saudi Arabia,1990,0
Saudi Arabia,1991,0
Saudi Arabia,1992,0
Saudi Arabia,1993,0
Saudi Arabia,1994,5
Saudi Arabia,1995,5
Saudi Arabia,1996,5
Saudi Arabia,1997,5
Saudi Arabia,1998,7
Saudi Arabia,1999,7
Saudi Arabia,2000,7
Saudi Arabia,2001,7
Saudi Arabia,2002,7
Saudi Arabia,2003,7
Saudi Arabia,2004,7
Saudi Arabia,2005,7
Saudi Arabia,2006,9
Saudi Arabia,2007,9
Saudi Arabia,2008,9
Saudi Arabia,2009,9
Saudi Arabia,2010,9
Saudi Arabia,2011,9
Saudi Arabia,2012,9
Saudi Arabia,2013,9
Saudi Arabia,2014,9
Saudi Arabia,2015,9
Saudi Arabia,2016,9
Saudi Arabia,2017,9
Saudi Arabia,2018,11
Saudi Arabia,2019,11
Saudi Arabia,2020,11
Saudi Arabia,2021,11
Saudi Arabia,2022,14
Saudi Arabia,2023,14
Saudi Arabia,2024,14
Saudi Arabia,2025,14
Saudi Arabia,2026,15
Scotland,1930,0
Scotland,1931,0
Scotland,1932,0
Scotland,1933,0
Scotland,1934,0
Scotland,1935,0
Scotland,1936,0
Scotland,1937,0
Scotland,1938,0
Scotland,1939,0
Scotland,1940,0
Scotland,1941,0
Scotland,1942,0
Scotland,1943,0
Scotland,1944,0
Scotland,1945,0
Scotland,1946,0
Scotland,1947,0
Scotland,1948,0
Scotland,1949,0
Scotland,1950,0
Scotland,1951,0
Scotland,1952,0
Scotland,1953,0
Scotland,1954,0
Scotland,1955,0
Scotland,1956,0
Scotland,1957,0
Scotland,1958,4
Scotland,1959,4
Scotland,1960,4
Scotland,1961,4
Scotland,1962,4
Scotland,1963,4
Scotland,1964,4
Scotland,1965,4
Scotland,1966,4
Scotland,1967,4
Scotland,1968,4
Scotland,1969,4
Scotland,1970,4
Scotland,1971,4
Scotland,1972,4
Scotland,1973,4
Scotland,1974,7
Scotland,1975,7
Scotland,1976,7
Scotland,1977,7
Scotland,1978,12
Scotland,1979,12
Scotland,1980,12
Scotland,1981,12
Scotland,1982,20
Scotland,1983,20
Scotland,1984,20
Scotland,1985,20
Scotland,1986,21
Scotland,1987,21
Scotland,1988,21
Scotland,1989,21
Scotland,1990,23
Scotland,1991,23
Scotland,1992,23
Scotland,1993,23
Scotland,1994,23
Scotland,1995,23
Scotland,1996,23
Scotland,1997,23
Scotland,1998,25
Scotland,1999,25
Scotland,2000,25
Scotland,2001,25
Scotland,2002,25
Scotland,2003,25
Scotland,2004,25
Scotland,2005,25
Scotland,2006,25
Scotland,2007,25
Scotland,2008,25
Scotland,2009,25
Scotland,2010,25
Scotland,2011,25
Scotland,2012,25
Scotland,2013,25
Scotland,2014,25
Scotland,2015,25
Scotland,2016,25
Scotland,2017,25
Scotland,2018,25
Scotland,2019,25
Scotland,2020,25
Scotland,2021,25
Scotland,2022,25
Scotland,2023,25
Scotland,2024,25
Scotland,2025,25
Scotland,2026,26
Senegal,1930,0
Senegal,1931,0
Senegal,1932,0
Senegal,1933,0
Senegal,1934,0
Senegal,1935,0
Senegal,1936,0
Senegal,1937,0
Senegal,1938,0
Senegal,1939,0
Senegal,1940,0
Senegal,1941,0
Senegal,1942,0
Senegal,1943,0
Senegal,1944,0
Senegal,1945,0
Senegal,1946,0
Senegal,1947,0
Senegal,1948,0
Senegal,1949,0
Senegal,1950,0
Senegal,1951,0
Senegal,1952,0
Senegal,1953,0
Senegal,1954,0
Senegal,1955,0
Senegal,1956,0
Senegal,1957,0
Senegal,1958,0
Senegal,1959,0
Senegal,1960,0
Senegal,1961,0
Senegal,1962,0
Senegal,1963,0
Senegal,1964,0
Senegal,1965,0
Senegal,1966,0
Senegal,1967,0
Senegal,1968,0
Senegal,1969,0
Senegal,1970,0
Senegal,1971,0
Senegal,1972,0
Senegal,1973,0
Senegal,1974,0
Senegal,1975,0
Senegal,1976,0
Senegal,1977,0
Senegal,1978,0
Senegal,1979,0
Senegal,1980,0
Senegal,1981,0
Senegal,1982,0
Senegal,1983,0
Senegal,1984,0
Senegal,1985,0
Senegal,1986,0
Senegal,1987,0
Senegal,1988,0
Senegal,1989,0
Senegal,1990,0
Senegal,1991,0
Senegal,1992,0
Senegal,1993,0
Senegal,1994,0
Senegal,1995,0
Senegal,1996,0
Senegal,1997,0
Senegal,1998,0
Senegal,1999,0
Senegal,2000,0
Senegal,2001,0
Senegal,2002,7
Senegal,2003,7
Senegal,2004,7
Senegal,2005,7
Senegal,2006,7
Senegal,2007,7
Senegal,2008,7
Senegal,2009,7
Senegal,2010,7
Senegal,2011,7
Senegal,2012,7
Senegal,2013,7
Senegal,2014,7
Senegal,2015,7
Senegal,2016,7
Senegal,2017,7
Senegal,2018,11
Senegal,2019,11
Senegal,2020,11
Senegal,2021,11
Senegal,2022,16
Senegal,2023,16
Senegal,2024,16
Senegal,2025,16
Senegal,2026,26
Serbia,1930,0
Serbia,1931,0
Serbia,1932,0
Serbia,1933,0
Serbia,1934,0
Serbia,1935,0
Serbia,1936,0
Serbia,1937,0
Serbia,1938,0
Serbia,1939,0
Serbia,1940,0
Serbia,1941,0
Serbia,1942,0
Serbia,1943,0
Serbia,1944,0
Serbia,1945,0
Serbia,1946,0
Serbia,1947,0
Serbia,1948,0
Serbia,1949,0
Serbia,1950,0
Serbia,1951,0
Serbia,1952,0
Serbia,1953,0
Serbia,1954,0
Serbia,1955,0
Serbia,1956,0
Serbia,1957,0
Serbia,1958,0
Serbia,1959,0
Serbia,1960,0
Serbia,1961,0
Serbia,1962,0
Serbia,1963,0
Serbia,1964,0
Serbia,1965,0
Serbia,1966,0
Serbia,1967,0
Serbia,1968,0
Serbia,1969,0
Serbia,1970,0
Serbia,1971,0
Serbia,1972,0
Serbia,1973,0
Serbia,1974,0
Serbia,1975,0
Serbia,1976,0
Serbia,1977,0
Serbia,1978,0
Serbia,1979,0
Serbia,1980,0
Serbia,1981,0
Serbia,1982,0
Serbia,1983,0
Serbia,1984,0
Serbia,1985,0
Serbia,1986,0
Serbia,1987,0
Serbia,1988,0
Serbia,1989,0
Serbia,1990,0
Serbia,1991,0
Serbia,1992,0
Serbia,1993,0
Serbia,1994,0
Serbia,1995,0
Serbia,1996,0
Serbia,1997,0
Serbia,1998,5
Serbia,1999,5
Serbia,2000,5
Serbia,2001,5
Serbia,2002,5
Serbia,2003,5
Serbia,2004,5
Serbia,2005,5
Serbia,2006,7
Serbia,2007,7
Serbia,2008,7
Serbia,2009,7
Serbia,2010,9
Serbia,2011,9
Serbia,2012,9
Serbia,2013,9
Serbia,2014,9
Serbia,2015,9
Serbia,2016,9
Serbia,2017,9
Serbia,2018,11
Serbia,2019,11
Serbia,2020,11
Serbia,2021,11
Serbia,2022,16
Serbia,2023,16
Serbia,2024,16
Serbia,2025,16
Serbia,2026,16
Slovakia,1930,0
Slovakia,1931,0
Slovakia,1932,0
Slovakia,1933,0
Slovakia,1934,0
Slovakia,1935,0
Slovakia,1936,0
Slovakia,1937,0
Slovakia,1938,0
Slovakia,1939,0
Slovakia,1940,0
Slovakia,1941,0
Slovakia,1942,0
Slovakia,1943,0
Slovakia,1944,0
Slovakia,1945,0
Slovakia,1946,0
Slovakia,1947,0
Slovakia,1948,0
Slovakia,1949,0
Slovakia,1950,0
Slovakia,1951,0
Slovakia,1952,0
Slovakia,1953,0
Slovakia,1954,0
Slovakia,1955,0
Slovakia,1956,0
Slovakia,1957,0
Slovakia,1958,0
Slovakia,1959,0
Slovakia,1960,0
Slovakia,1961,0
Slovakia,1962,0
Slovakia,1963,0
Slovakia,1964,0
Slovakia,1965,0
Slovakia,1966,0
Slovakia,1967,0
Slovakia,1968,0
Slovakia,1969,0
Slovakia,1970,0
Slovakia,1971,0
Slovakia,1972,0
Slovakia,1973,0
Slovakia,1974,0
Slovakia,1975,0
Slovakia,1976,0
Slovakia,1977,0
Slovakia,1978,0
Slovakia,1979,0
Slovakia,1980,0
Slovakia,1981,0
Slovakia,1982,0
Slovakia,1983,0
Slovakia,1984,0
Slovakia,1985,0
Slovakia,1986,0
Slovakia,1987,0
Slovakia,1988,0
Slovakia,1989,0
Slovakia,1990,0
Slovakia,1991,0
Slovakia,1992,0
Slovakia,1993,0
Slovakia,1994,0
Slovakia,1995,0
Slovakia,1996,0
Slovakia,1997,0
Slovakia,1998,0
Slovakia,1999,0
Slovakia,2000,0
Slovakia,2001,0
Slovakia,2002,0
Slovakia,2003,0
Slovakia,2004,0
Slovakia,2005,0
Slovakia,2006,0
Slovakia,2007,0
Slovakia,2008,0
Slovakia,2009,0
Slovakia,2010,5
Slovakia,2011,5
Slovakia,2012,5
Slovakia,2013,5
Slovakia,2014,5
Slovakia,2015,5
Slovakia,2016,5
Slovakia,2017,5
Slovakia,2018,5
Slovakia,2019,5
Slovakia,2020,5
Slovakia,2021,5
Slovakia,2022,5
Slovakia,2023,5
Slovakia,2024,5
Slovakia,2025,5
Slovakia,2026,5
Slovenia,1930,0
Slovenia,1931,0
Slovenia,1932,0
Slovenia,1933,0
Slovenia,1934,0
Slovenia,1935,0
Slovenia,1936,0
Slovenia,1937,0
Slovenia,1938,0
Slovenia,1939,0
Slovenia,1940,0
Slovenia,1941,0
Slovenia,1942,0
Slovenia,1943,0
Slovenia,1944,0
Slovenia,1945,0
Slovenia,1946,0
Slovenia,1947,0
Slovenia,1948,0
Slovenia,1949,0
Slovenia,1950,0
Slovenia,1951,0
Slovenia,1952,0
Slovenia,1953,0
Slovenia,1954,0
Slovenia,1955,0
Slovenia,1956,0
Slovenia,1957,0
Slovenia,1958,0
Slovenia,1959,0
Slovenia,1960,0
Slovenia,1961,0
Slovenia,1962,0
Slovenia,1963,0
Slovenia,1964,0
Slovenia,1965,0
Slovenia,1966,0
Slovenia,1967,0
Slovenia,1968,0
Slovenia,1969,0
Slovenia,1970,0
Slovenia,1971,0
Slovenia,1972,0
Slovenia,1973,0
Slovenia,1974,0
Slovenia,1975,0
Slovenia,1976,0
Slovenia,1977,0
Slovenia,1978,0
Slovenia,1979,0
Slovenia,1980,0
Slovenia,1981,0
Slovenia,1982,0
Slovenia,1983,0
Slovenia,1984,0
Slovenia,1985,0
Slovenia,1986,0
Slovenia,1987,0
Slovenia,1988,0
Slovenia,1989,0
Slovenia,1990,0
Slovenia,1991,0
Slovenia,1992,0
Slovenia,1993,0
Slovenia,1994,0
Slovenia,1995,0
Slovenia,1996,0
Slovenia,1997,0
Slovenia,1998,0
Slovenia,1999,0
Slovenia,2000,0
Slovenia,2001,0
Slovenia,2002,2
Slovenia,2003,2
Slovenia,2004,2
Slovenia,2005,2
Slovenia,2006,2
Slovenia,2007,2
Slovenia,2008,2
Slovenia,2009,2
Slovenia,2010,5
Slovenia,2011,5
Slovenia,2012,5
Slovenia,2013,5
Slovenia,2014,5
Slovenia,2015,5
Slovenia,2016,5
Slovenia,2017,5
Slovenia,2018,5
Slovenia,2019,5
Slovenia,2020,5
Slovenia,2021,5
Slovenia,2022,5
Slovenia,2023,5
Slovenia,2024,5
Slovenia,2025,5
Slovenia,2026,5
South Africa,1930,0
South Africa,1931,0
South Africa,1932,0
South Africa,1933,0
South Africa,1934,0
South Africa,1935,0
South Africa,1936,0
South Africa,1937,0
South Africa,1938,0
South Africa,1939,0
South Africa,1940,0
South Africa,1941,0
South Africa,1942,0
South Africa,1943,0
South Africa,1944,0
South Africa,1945,0
South Africa,1946,0
South Africa,1947,0
South Africa,1948,0
South Africa,1949,0
South Africa,1950,0
South Africa,1951,0
South Africa,1952,0
South Africa,1953,0
South Africa,1954,0
South Africa,1955,0
South Africa,1956,0
South Africa,1957,0
South Africa,1958,0
South Africa,1959,0
South Africa,1960,0
South Africa,1961,0
South Africa,1962,0
South Africa,1963,0
South Africa,1964,0
South Africa,1965,0
South Africa,1966,0
South Africa,1967,0
South Africa,1968,0
South Africa,1969,0
South Africa,1970,0
South Africa,1971,0
South Africa,1972,0
South Africa,1973,0
South Africa,1974,0
South Africa,1975,0
South Africa,1976,0
South Africa,1977,0
South Africa,1978,0
South Africa,1979,0
South Africa,1980,0
South Africa,1981,0
South Africa,1982,0
South Africa,1983,0
South Africa,1984,0
South Africa,1985,0
South Africa,1986,0
South Africa,1987,0
South Africa,1988,0
South Africa,1989,0
South Africa,1990,0
South Africa,1991,0
South Africa,1992,0
South Africa,1993,0
South Africa,1994,0
South Africa,1995,0
South Africa,1996,0
South Africa,1997,0
South Africa,1998,3
South Africa,1999,3
South Africa,2000,3
South Africa,2001,3
South Africa,2002,8
South Africa,2003,8
South Africa,2004,8
South Africa,2005,8
South Africa,2006,8
South Africa,2007,8
South Africa,2008,8
South Africa,2009,8
South Africa,2010,11
South Africa,2011,11
South Africa,2012,11
South Africa,2013,11
South Africa,2014,11
South Africa,2015,11
South Africa,2016,11
South Africa,2017,11
South Africa,2018,11
South Africa,2019,11
South Africa,2020,11
South Africa,2021,11
South Africa,2022,11
South Africa,2023,11
South Africa,2024,11
South Africa,2025,11
South Africa,2026,13
South Korea,1930,0
South Korea,1931,0
South Korea,1932,0
South Korea,1933,0
South Korea,1934,0
South Korea,1935,0
South Korea,1936,0
South Korea,1937,0
South Korea,1938,0
South Korea,1939,0
South Korea,1940,0
South Korea,1941,0
South Korea,1942,0
South Korea,1943,0
South Korea,1944,0
South Korea,1945,0
South Korea,1946,0
South Korea,1947,0
South Korea,1948,0
South Korea,1949,0
South Korea,1950,0
South Korea,1951,0
South Korea,1952,0
South Korea,1953,0
South Korea,1954,0
South Korea,1955,0
South Korea,1956,0
South Korea,1957,0
South Korea,1958,0
South Korea,1959,0
South Korea,1960,0
South Korea,1961,0
South Korea,1962,0
South Korea,1963,0
South Korea,1964,0
South Korea,1965,0
South Korea,1966,0
South Korea,1967,0
South Korea,1968,0
South Korea,1969,0
South Korea,1970,0
South Korea,1971,0
South Korea,1972,0
South Korea,1973,0
South Korea,1974,0
South Korea,1975,0
South Korea,1976,0
South Korea,1977,0
South Korea,1978,0
South Korea,1979,0
South Korea,1980,0
South Korea,1981,0
South Korea,1982,0
South Korea,1983,0
South Korea,1984,0
South Korea,1985,0
South Korea,1986,4
South Korea,1987,4
South Korea,1988,4
South Korea,1989,4
South Korea,1990,5
South Korea,1991,5
South Korea,1992,5
South Korea,1993,5
South Korea,1994,9
South Korea,1995,9
South Korea,1996,9
South Korea,1997,9
South Korea,1998,11
South Korea,1999,11
South Korea,2000,11
South Korea,2001,11
South Korea,2002,19
South Korea,2003,19
South Korea,2004,19
South Korea,2005,19
South Korea,2006,22
South Korea,2007,22
South Korea,2008,22
South Korea,2009,22
South Korea,2010,28
South Korea,2011,28
South Korea,2012,28
South Korea,2013,28
South Korea,2014,31
South Korea,2015,31
South Korea,2016,31
South Korea,2017,31
South Korea,2018,34
South Korea,2019,34
South Korea,2020,34
South Korea,2021,34
South Korea,2022,39
South Korea,2023,39
South Korea,2024,39
South Korea,2025,39
South Korea,2026,41
Spain,1930,0
Spain,1931,0
Spain,1932,0
Spain,1933,0
Spain,1934,4
Spain,1935,4
Spain,1936,4
Spain,1937,4
Spain,1938,4
Spain,1939,4
Spain,1940,4
Spain,1941,4
Spain,1942,4
Spain,1943,4
Spain,1944,4
Spain,1945,4
Spain,1946,4
Spain,1947,4
Spain,1948,4
Spain,1949,4
Spain,1950,14
Spain,1951,14
Spain,1952,14
Spain,1953,14
Spain,1954,14
Spain,1955,14
Spain,1956,14
Spain,1957,14
Spain,1958,14
Spain,1959,14
Spain,1960,14
Spain,1961,14
Spain,1962,16
Spain,1963,16
Spain,1964,16
Spain,1965,16
Spain,1966,20
Spain,1967,20
Spain,1968,20
Spain,1969,20
Spain,1970,20
Spain,1971,20
Spain,1972,20
Spain,1973,20
Spain,1974,20
Spain,1975,20
Spain,1976,20
Spain,1977,20
Spain,1978,22
Spain,1979,22
Spain,1980,22
Spain,1981,22
Spain,1982,26
Spain,1983,26
Spain,1984,26
Spain,1985,26
Spain,1986,37
Spain,1987,37
Spain,1988,37
Spain,1989,37
Spain,1990,43
Spain,1991,43
Spain,1992,43
Spain,1993,43
Spain,1994,53
Spain,1995,53
Spain,1996,53
Spain,1997,53
Spain,1998,61
Spain,1999,61
Spain,2000,61
Spain,2001,61
Spain,2002,71
Spain,2003,71
Spain,2004,71
Spain,2005,71
Spain,2006,80
Spain,2007,80
Spain,2008,80
Spain,2009,80
Spain,2010,88
Spain,2011,88
Spain,2012,88
Spain,2013,88
Spain,2014,92
Spain,2015,92
Spain,2016,92
Spain,2017,92
Spain,2018,99
Spain,2019,99
Spain,2020,99
Spain,2021,99
Spain,2022,108
Spain,2023,108
Spain,2024,108
Spain,2025,108
Spain,2026,122
Sweden,1930,0
Sweden,1931,0
Sweden,1932,0
Sweden,1933,0
Sweden,1934,4
Sweden,1935,4
Sweden,1936,4
Sweden,1937,4
Sweden,1938,15
Sweden,1939,15
Sweden,1940,15
Sweden,1941,15
Sweden,1942,15
Sweden,1943,15
Sweden,1944,15
Sweden,1945,15
Sweden,1946,15
Sweden,1947,15
Sweden,1948,15
Sweden,1949,15
Sweden,1950,26
Sweden,1951,26
Sweden,1952,26
Sweden,1953,26
Sweden,1954,26
Sweden,1955,26
Sweden,1956,26
Sweden,1957,26
Sweden,1958,38
Sweden,1959,38
Sweden,1960,38
Sweden,1961,38
Sweden,1962,38
Sweden,1963,38
Sweden,1964,38
Sweden,1965,38
Sweden,1966,38
Sweden,1967,38
Sweden,1968,38
Sweden,1969,38
Sweden,1970,40
Sweden,1971,40
Sweden,1972,40
Sweden,1973,40
Sweden,1974,47
Sweden,1975,47
Sweden,1976,47
Sweden,1977,47
Sweden,1978,48
Sweden,1979,48
Sweden,1980,48
Sweden,1981,48
Sweden,1982,48
Sweden,1983,48
Sweden,1984,48
Sweden,1985,48
Sweden,1986,48
Sweden,1987,48
Sweden,1988,48
Sweden,1989,48
Sweden,1990,51
Sweden,1991,51
Sweden,1992,51
Sweden,1993,51
Sweden,1994,66
Sweden,1995,66
Sweden,1996,66
Sweden,1997,66
Sweden,1998,66
Sweden,1999,66
Sweden,2000,66
Sweden,2001,66
Sweden,2002,71
Sweden,2003,71
Sweden,2004,71
Sweden,2005,71
Sweden,2006,74
Sweden,2007,74
Sweden,2008,74
Sweden,2009,74
Sweden,2010,74
Sweden,2011,74
Sweden,2012,74
Sweden,2013,74
Sweden,2014,74
Sweden,2015,74
Sweden,2016,74
Sweden,2017,74
Sweden,2018,80
Sweden,2019,80
Sweden,2020,80
Sweden,2021,80
Sweden,2022,80
Sweden,2023,80
Sweden,2024,80
Sweden,2025,80
Sweden,2026,87
Switzerland,1930,0
Switzerland,1931,0
Switzerland,1932,0
Switzerland,1933,0
Switzerland,1934,5
Switzerland,1935,5
Switzerland,1936,5
Switzerland,1937,5
Switzerland,1938,10
Switzerland,1939,10
Switzerland,1940,10
Switzerland,1941,10
Switzerland,1942,10
Switzerland,1943,10
Switzerland,1944,10
Switzerland,1945,10
Switzerland,1946,10
Switzerland,1947,10
Switzerland,1948,10
Switzerland,1949,10
Switzerland,1950,14
Switzerland,1951,14
Switzerland,1952,14
Switzerland,1953,14
Switzerland,1954,25
Switzerland,1955,25
Switzerland,1956,25
Switzerland,1957,25
Switzerland,1958,25
Switzerland,1959,25
Switzerland,1960,25
Switzerland,1961,25
Switzerland,1962,27
Switzerland,1963,27
Switzerland,1964,27
Switzerland,1965,27
Switzerland,1966,28
Switzerland,1967,28
Switzerland,1968,28
Switzerland,1969,28
Switzerland,1970,28
Switzerland,1971,28
Switzerland,1972,28
Switzerland,1973,28
Switzerland,1974,28
Switzerland,1975,28
Switzerland,1976,28
Switzerland,1977,28
Switzerland,1978,28
Switzerland,1979,28
Switzerland,1980,28
Switzerland,1981,28
Switzerland,1982,28
Switzerland,1983,28
Switzerland,1984,28
Switzerland,1985,28
Switzerland,1986,28
Switzerland,1987,28
Switzerland,1988,28
Switzerland,1989,28
Switzerland,1990,28
Switzerland,1991,28
Switzerland,1992,28
Switzerland,1993,28
Switzerland,1994,33
Switzerland,1995,33
Switzerland,1996,33
Switzerland,1997,33
Switzerland,1998,33
Switzerland,1999,33
Switzerland,2000,33
Switzerland,2001,33
Switzerland,2002,33
Switzerland,2003,33
Switzerland,2004,33
Switzerland,2005,33
Switzerland,2006,37
Switzerland,2007,37
Switzerland,2008,37
Switzerland,2009,37
Switzerland,2010,38
Switzerland,2011,38
Switzerland,2012,38
Switzerland,2013,38
Switzerland,2014,45
Switzerland,2015,45
Switzerland,2016,45
Switzerland,2017,45
Switzerland,2018,50
Switzerland,2019,50
Switzerland,2020,50
Switzerland,2021,50
Switzerland,2022,55
Switzerland,2023,55
Switzerland,2024,55
Switzerland,2025,55
Switzerland,2026,65
Togo,1930,0
Togo,1931,0
Togo,1932,0
Togo,1933,0
Togo,1934,0
Togo,1935,0
Togo,1936,0
Togo,1937,0
Togo,1938,0
Togo,1939,0
Togo,1940,0
Togo,1941,0
Togo,1942,0
Togo,1943,0
Togo,1944,0
Togo,1945,0
Togo,1946,0
Togo,1947,0
Togo,1948,0
Togo,1949,0
Togo,1950,0
Togo,1951,0
Togo,1952,0
Togo,1953,0
Togo,1954,0
Togo,1955,0
Togo,1956,0
Togo,1957,0
Togo,1958,0
Togo,1959,0
Togo,1960,0
Togo,1961,0
Togo,1962,0
Togo,1963,0
Togo,1964,0
Togo,1965,0
Togo,1966,0
Togo,1967,0
Togo,1968,0
Togo,1969,0
Togo,1970,0
Togo,1971,0
Togo,1972,0
Togo,1973,0
Togo,1974,0
Togo,1975,0
Togo,1976,0
Togo,1977,0
Togo,1978,0
Togo,1979,0
Togo,1980,0
Togo,1981,0
Togo,1982,0
Togo,1983,0
Togo,1984,0
Togo,1985,0
Togo,1986,0
Togo,1987,0
Togo,1988,0
Togo,1989,0
Togo,1990,0
Togo,1991,0
Togo,1992,0
Togo,1993,0
Togo,1994,0
Togo,1995,0
Togo,1996,0
Togo,1997,0
Togo,1998,0
Togo,1999,0
Togo,2000,0
Togo,2001,0
Togo,2002,0
Togo,2003,0
Togo,2004,0
Togo,2005,0
Togo,2006,1
Togo,2007,1
Togo,2008,1
Togo,2009,1
Togo,2010,1
Togo,2011,1
Togo,2012,1
Togo,2013,1
Togo,2014,1
Togo,2015,1
Togo,2016,1
Togo,2017,1
Togo,2018,1
Togo,2019,1
Togo,2020,1
Togo,2021,1
Togo,2022,1
Togo,2023,1
Togo,2024,1
Togo,2025,1
Togo,2026,1
Trinidad and Tobago,1930,0
Trinidad and Tobago,1931,0
Trinidad and Tobago,1932,0
Trinidad and Tobago,1933,0
Trinidad and Tobago,1934,0
Trinidad and Tobago,1935,0
Trinidad and Tobago,1936,0
Trinidad and Tobago,1937,0
Trinidad and Tobago,1938,0
Trinidad and Tobago,1939,0
Trinidad and Tobago,1940,0
Trinidad and Tobago,1941,0
Trinidad and Tobago,1942,0
Trinidad and Tobago,1943,0
Trinidad and Tobago,1944,0
Trinidad and Tobago,1945,0
Trinidad and Tobago,1946,0
Trinidad and Tobago,1947,0
Trinidad and Tobago,1948,0
Trinidad and Tobago,1949,0
Trinidad and Tobago,1950,0
Trinidad and Tobago,1951,0
Trinidad and Tobago,1952,0
Trinidad and Tobago,1953,0
Trinidad and Tobago,1954,0
Trinidad and Tobago,1955,0
Trinidad and Tobago,1956,0
Trinidad and Tobago,1957,0
Trinidad and Tobago,1958,0
Trinidad and Tobago,1959,0
Trinidad and Tobago,1960,0
Trinidad and Tobago,1961,0
Trinidad and Tobago,1962,0
Trinidad and Tobago,1963,0
Trinidad and Tobago,1964,0
Trinidad and Tobago,1965,0
Trinidad and Tobago,1966,0
Trinidad and Tobago,1967,0
Trinidad and Tobago,1968,0
Trinidad and Tobago,1969,0
Trinidad and Tobago,1970,0
Trinidad and Tobago,1971,0
Trinidad and Tobago,1972,0
Trinidad and Tobago,1973,0
Trinidad and Tobago,1974,0
Trinidad and Tobago,1975,0
Trinidad and Tobago,1976,0
Trinidad and Tobago,1977,0
Trinidad and Tobago,1978,0
Trinidad and Tobago,1979,0
Trinidad and Tobago,1980,0
Trinidad and Tobago,1981,0
Trinidad and Tobago,1982,0
Trinidad and Tobago,1983,0
Trinidad and Tobago,1984,0
Trinidad and Tobago,1985,0
Trinidad and Tobago,1986,0
Trinidad and Tobago,1987,0
Trinidad and Tobago,1988,0
Trinidad and Tobago,1989,0
Trinidad and Tobago,1990,0
Trinidad and Tobago,1991,0
Trinidad and Tobago,1992,0
Trinidad and Tobago,1993,0
Trinidad and Tobago,1994,0
Trinidad and Tobago,1995,0
Trinidad and Tobago,1996,0
Trinidad and Tobago,1997,0
Trinidad and Tobago,1998,0
Trinidad and Tobago,1999,0
Trinidad and Tobago,2000,0
Trinidad and Tobago,2001,0
Trinidad and Tobago,2002,0
Trinidad and Tobago,2003,0
Trinidad and Tobago,2004,0
Trinidad and Tobago,2005,0
Trinidad and Tobago,2006,0
Trinidad and Tobago,2007,0
Trinidad and Tobago,2008,0
Trinidad and Tobago,2009,0
Trinidad and Tobago,2010,0
Trinidad and Tobago,2011,0
Trinidad and Tobago,2012,0
Trinidad and Tobago,2013,0
Trinidad and Tobago,2014,0
Trinidad and Tobago,2015,0
Trinidad and Tobago,2016,0
Trinidad and Tobago,2017,0
Trinidad and Tobago,2018,0
Trinidad and Tobago,2019,0
Trinidad and Tobago,2020,0
Trinidad and Tobago,2021,0
Trinidad and Tobago,2022,0
Trinidad and Tobago,2023,0
Trinidad and Tobago,2024,0
Trinidad and Tobago,2025,0
Trinidad and Tobago,2026,0
Tunisia,1930,0
Tunisia,1931,0
Tunisia,1932,0
Tunisia,1933,0
Tunisia,1934,0
Tunisia,1935,0
Tunisia,1936,0
Tunisia,1937,0
Tunisia,1938,0
Tunisia,1939,0
Tunisia,1940,0
Tunisia,1941,0
Tunisia,1942,0
Tunisia,1943,0
Tunisia,1944,0
Tunisia,1945,0
Tunisia,1946,0
Tunisia,1947,0
Tunisia,1948,0
Tunisia,1949,0
Tunisia,1950,0
Tunisia,1951,0
Tunisia,1952,0
Tunisia,1953,0
Tunisia,1954,0
Tunisia,1955,0
Tunisia,1956,0
Tunisia,1957,0
Tunisia,1958,0
Tunisia,1959,0
Tunisia,1960,0
Tunisia,1961,0
Tunisia,1962,0
Tunisia,1963,0
Tunisia,1964,0
Tunisia,1965,0
Tunisia,1966,0
Tunisia,1967,0
Tunisia,1968,0
Tunisia,1969,0
Tunisia,1970,0
Tunisia,1971,0
Tunisia,1972,0
Tunisia,1973,0
Tunisia,1974,0
Tunisia,1975,0
Tunisia,1976,0
Tunisia,1977,0
Tunisia,1978,3
Tunisia,1979,3
Tunisia,1980,3
Tunisia,1981,3
Tunisia,1982,3
Tunisia,1983,3
Tunisia,1984,3
Tunisia,1985,3
Tunisia,1986,3
Tunisia,1987,3
Tunisia,1988,3
Tunisia,1989,3
Tunisia,1990,3
Tunisia,1991,3
Tunisia,1992,3
Tunisia,1993,3
Tunisia,1994,3
Tunisia,1995,3
Tunisia,1996,3
Tunisia,1997,3
Tunisia,1998,4
Tunisia,1999,4
Tunisia,2000,4
Tunisia,2001,4
Tunisia,2002,5
Tunisia,2003,5
Tunisia,2004,5
Tunisia,2005,5
Tunisia,2006,8
Tunisia,2007,8
Tunisia,2008,8
Tunisia,2009,8
Tunisia,2010,8
Tunisia,2011,8
Tunisia,2012,8
Tunisia,2013,8
Tunisia,2014,8
Tunisia,2015,8
Tunisia,2016,8
Tunisia,2017,8
Tunisia,2018,13
Tunisia,2019,13
Tunisia,2020,13
Tunisia,2021,13
Tunisia,2022,14
Tunisia,2023,14
Tunisia,2024,14
Tunisia,2025,14
Tunisia,2026,16
Turkey,1930,0
Turkey,1931,0
Turkey,1932,0
Turkey,1933,0
Turkey,1934,0
Turkey,1935,0
Turkey,1936,0
Turkey,1937,0
Turkey,1938,0
Turkey,1939,0
Turkey,1940,0
Turkey,1941,0
Turkey,1942,0
Turkey,1943,0
Turkey,1944,0
Turkey,1945,0
Turkey,1946,0
Turkey,1947,0
Turkey,1948,0
Turkey,1949,0
Turkey,1950,0
Turkey,1951,0
Turkey,1952,0
Turkey,1953,0
Turkey,1954,10
Turkey,1955,10
Turkey,1956,10
Turkey,1957,10
Turkey,1958,10
Turkey,1959,10
Turkey,1960,10
Turkey,1961,10
Turkey,1962,10
Turkey,1963,10
Turkey,1964,10
Turkey,1965,10
Turkey,1966,10
Turkey,1967,10
Turkey,1968,10
Turkey,1969,10
Turkey,1970,10
Turkey,1971,10
Turkey,1972,10
Turkey,1973,10
Turkey,1974,10
Turkey,1975,10
Turkey,1976,10
Turkey,1977,10
Turkey,1978,10
Turkey,1979,10
Turkey,1980,10
Turkey,1981,10
Turkey,1982,10
Turkey,1983,10
Turkey,1984,10
Turkey,1985,10
Turkey,1986,10
Turkey,1987,10
Turkey,1988,10
Turkey,1989,10
Turkey,1990,10
Turkey,1991,10
Turkey,1992,10
Turkey,1993,10
Turkey,1994,10
Turkey,1995,10
Turkey,1996,10
Turkey,1997,10
Turkey,1998,10
Turkey,1999,10
Turkey,2000,10
Turkey,2001,10
Turkey,2002,20
Turkey,2003,20
Turkey,2004,20
Turkey,2005,20
Turkey,2006,20
Turkey,2007,20
Turkey,2008,20
Turkey,2009,20
Turkey,2010,20
Turkey,2011,20
Turkey,2012,20
Turkey,2013,20
Turkey,2014,20
Turkey,2015,20
Turkey,2016,20
Turkey,2017,20
Turkey,2018,20
Turkey,2019,20
Turkey,2020,20
Turkey,2021,20
Turkey,2022,20
Turkey,2023,20
Turkey,2024,20
Turkey,2025,20
Turkey,2026,23
Ukraine,1930,0
Ukraine,1931,0
Ukraine,1932,0
Ukraine,1933,0
Ukraine,1934,0
Ukraine,1935,0
Ukraine,1936,0
Ukraine,1937,0
Ukraine,1938,0
Ukraine,1939,0
Ukraine,1940,0
Ukraine,1941,0
Ukraine,1942,0
Ukraine,1943,0
Ukraine,1944,0
Ukraine,1945,0
Ukraine,1946,0
Ukraine,1947,0
Ukraine,1948,0
Ukraine,1949,0
Ukraine,1950,0
Ukraine,1951,0
Ukraine,1952,0
Ukraine,1953,0
Ukraine,1954,0
Ukraine,1955,0
Ukraine,1956,0
Ukraine,1957,0
Ukraine,1958,0
Ukraine,1959,0
Ukraine,1960,0
Ukraine,1961,0
Ukraine,1962,0
Ukraine,1963,0
Ukraine,1964,0
Ukraine,1965,0
Ukraine,1966,0
Ukraine,1967,0
Ukraine,1968,0
Ukraine,1969,0
Ukraine,1970,0
Ukraine,1971,0
Ukraine,1972,0
Ukraine,1973,0
Ukraine,1974,0
Ukraine,1975,0
Ukraine,1976,0
Ukraine,1977,0
Ukraine,1978,0
Ukraine,1979,0
Ukraine,1980,0
Ukraine,1981,0
Ukraine,1982,0
Ukraine,1983,0
Ukraine,1984,0
Ukraine,1985,0
Ukraine,1986,0
Ukraine,1987,0
Ukraine,1988,0
Ukraine,1989,0
Ukraine,1990,0
Ukraine,1991,0
Ukraine,1992,0
Ukraine,1993,0
Ukraine,1994,0
Ukraine,1995,0
Ukraine,1996,0
Ukraine,1997,0
Ukraine,1998,0
Ukraine,1999,0
Ukraine,2000,0
Ukraine,2001,0
Ukraine,2002,0
Ukraine,2003,0
Ukraine,2004,0
Ukraine,2005,0
Ukraine,2006,5
Ukraine,2007,5
Ukraine,2008,5
Ukraine,2009,5
Ukraine,2010,5
Ukraine,2011,5
Ukraine,2012,5
Ukraine,2013,5
Ukraine,2014,5
Ukraine,2015,5
Ukraine,2016,5
Ukraine,2017,5
Ukraine,2018,5
Ukraine,2019,5
Ukraine,2020,5
Ukraine,2021,5
Ukraine,2022,5
Ukraine,2023,5
Ukraine,2024,5
Ukraine,2025,5
Ukraine,2026,5
United Arab Emirates,1930,0
United Arab Emirates,1931,0
United Arab Emirates,1932,0
United Arab Emirates,1933,0
United Arab Emirates,1934,0
United Arab Emirates,1935,0
United Arab Emirates,1936,0
United Arab Emirates,1937,0
United Arab Emirates,1938,0
United Arab Emirates,1939,0
United Arab Emirates,1940,0
United Arab Emirates,1941,0
United Arab Emirates,1942,0
United Arab Emirates,1943,0
United Arab Emirates,1944,0
United Arab Emirates,1945,0
United Arab Emirates,1946,0
United Arab Emirates,1947,0
United Arab Emirates,1948,0
United Arab Emirates,1949,0
United Arab Emirates,1950,0
United Arab Emirates,1951,0
United Arab Emirates,1952,0
United Arab Emirates,1953,0
United Arab Emirates,1954,0
United Arab Emirates,1955,0
United Arab Emirates,1956,0
United Arab Emirates,1957,0
United Arab Emirates,1958,0
United Arab Emirates,1959,0
United Arab Emirates,1960,0
United Arab Emirates,1961,0
United Arab Emirates,1962,0
United Arab Emirates,1963,0
United Arab Emirates,1964,0
United Arab Emirates,1965,0
United Arab Emirates,1966,0
United Arab Emirates,1967,0
United Arab Emirates,1968,0
United Arab Emirates,1969,0
United Arab Emirates,1970,0
United Arab Emirates,1971,0
United Arab Emirates,1972,0
United Arab Emirates,1973,0
United Arab Emirates,1974,0
United Arab Emirates,1975,0
United Arab Emirates,1976,0
United Arab Emirates,1977,0
United Arab Emirates,1978,0
United Arab Emirates,1979,0
United Arab Emirates,1980,0
United Arab Emirates,1981,0
United Arab Emirates,1982,0
United Arab Emirates,1983,0
United Arab Emirates,1984,0
United Arab Emirates,1985,0
United Arab Emirates,1986,0
United Arab Emirates,1987,0
United Arab Emirates,1988,0
United Arab Emirates,1989,0
United Arab Emirates,1990,2
United Arab Emirates,1991,2
United Arab Emirates,1992,2
United Arab Emirates,1993,2
United Arab Emirates,1994,2
United Arab Emirates,1995,2
United Arab Emirates,1996,2
United Arab Emirates,1997,2
United Arab Emirates,1998,2
United Arab Emirates,1999,2
United Arab Emirates,2000,2
United Arab Emirates,2001,2
United Arab Emirates,2002,2
United Arab Emirates,2003,2
United Arab Emirates,2004,2
United Arab Emirates,2005,2
United Arab Emirates,2006,2
United Arab Emirates,2007,2
United Arab Emirates,2008,2
United Arab Emirates,2009,2
United Arab Emirates,2010,2
United Arab Emirates,2011,2
United Arab Emirates,2012,2
United Arab Emirates,2013,2
United Arab Emirates,2014,2
United Arab Emirates,2015,2
United Arab Emirates,2016,2
United Arab Emirates,2017,2
United Arab Emirates,2018,2
United Arab Emirates,2019,2
United Arab Emirates,2020,2
United Arab Emirates,2021,2
United Arab Emirates,2022,2
United Arab Emirates,2023,2
United Arab Emirates,2024,2
United Arab Emirates,2025,2
United Arab Emirates,2026,2
United States,1930,7
United States,1931,7
United States,1932,7
United States,1933,7
United States,1934,8
United States,1935,8
United States,1936,8
United States,1937,8
United States,1938,8
United States,1939,8
United States,1940,8
United States,1941,8
United States,1942,8
United States,1943,8
United States,1944,8
United States,1945,8
United States,1946,8
United States,1947,8
United States,1948,8
United States,1949,8
United States,1950,12
United States,1951,12
United States,1952,12
United States,1953,12
United States,1954,12
United States,1955,12
United States,1956,12
United States,1957,12
United States,1958,12
United States,1959,12
United States,1960,12
United States,1961,12
United States,1962,12
United States,1963,12
United States,1964,12
United States,1965,12
United States,1966,12
United States,1967,12
United States,1968,12
United States,1969,12
United States,1970,12
United States,1971,12
United States,1972,12
United States,1973,12
United States,1974,12
United States,1975,12
United States,1976,12
United States,1977,12
United States,1978,12
United States,1979,12
United States,1980,12
United States,1981,12
United States,1982,12
United States,1983,12
United States,1984,12
United States,1985,12
United States,1986,12
United States,1987,12
United States,1988,12
United States,1989,12
United States,1990,14
United States,1991,14
United States,1992,14
United States,1993,14
United States,1994,17
United States,1995,17
United States,1996,17
United States,1997,17
United States,1998,18
United States,1999,18
United States,2000,18
United States,2001,18
United States,2002,25
United States,2003,25
United States,2004,25
United States,2005,25
United States,2006,27
United States,2007,27
United States,2008,27
United States,2009,27
United States,2010,32
United States,2011,32
United States,2012,32
United States,2013,32
United States,2014,37
United States,2015,37
United States,2016,37
United States,2017,37
United States,2018,37
United States,2019,37
United States,2020,37
United States,2021,37
United States,2022,40
United States,2023,40
United States,2024,40
United States,2025,40
United States,2026,51
Uruguay,1930,15
Uruguay,1931,15
Uruguay,1932,15
Uruguay,1933,15
Uruguay,1934,15
Uruguay,1935,15
Uruguay,1936,15
Uruguay,1937,15
Uruguay,1938,15
Uruguay,1939,15
Uruguay,1940,15
Uruguay,1941,15
Uruguay,1942,15
Uruguay,1943,15
Uruguay,1944,15
Uruguay,1945,15
Uruguay,1946,15
Uruguay,1947,15
Uruguay,1948,15
Uruguay,1949,15
Uruguay,1950,30
Uruguay,1951,30
Uruguay,1952,30
Uruguay,1953,30
Uruguay,1954,46
Uruguay,1955,46
Uruguay,1956,46
Uruguay,1957,46
Uruguay,1958,46
Uruguay,1959,46
Uruguay,1960,46
Uruguay,1961,46
Uruguay,1962,50
Uruguay,1963,50
Uruguay,1964,50
Uruguay,1965,50
Uruguay,1966,52
Uruguay,1967,52
Uruguay,1968,52
Uruguay,1969,52
Uruguay,1970,56
Uruguay,1971,56
Uruguay,1972,56
Uruguay,1973,56
Uruguay,1974,57
Uruguay,1975,57
Uruguay,1976,57
Uruguay,1977,57
Uruguay,1978,57
Uruguay,1979,57
Uruguay,1980,57
Uruguay,1981,57
Uruguay,1982,57
Uruguay,1983,57
Uruguay,1984,57
Uruguay,1985,57
Uruguay,1986,59
Uruguay,1987,59
Uruguay,1988,59
Uruguay,1989,59
Uruguay,1990,61
Uruguay,1991,61
Uruguay,1992,61
Uruguay,1993,61
Uruguay,1994,61
Uruguay,1995,61
Uruguay,1996,61
Uruguay,1997,61
Uruguay,1998,61
Uruguay,1999,61
Uruguay,2000,61
Uruguay,2001,61
Uruguay,2002,65
Uruguay,2003,65
Uruguay,2004,65
Uruguay,2005,65
Uruguay,2006,65
Uruguay,2007,65
Uruguay,2008,65
Uruguay,2009,65
Uruguay,2010,76
Uruguay,2011,76
Uruguay,2012,76
Uruguay,2013,76
Uruguay,2014,80
Uruguay,2015,80
Uruguay,2016,80
Uruguay,2017,80
Uruguay,2018,87
Uruguay,2019,87
Uruguay,2020,87
Uruguay,2021,87
Uruguay,2022,89
Uruguay,2023,89
Uruguay,2024,89
Uruguay,2025,89
Uruguay,2026,92
Uzbekistan,1930,0
Uzbekistan,1931,0
Uzbekistan,1932,0
Uzbekistan,1933,0
Uzbekistan,1934,0
Uzbekistan,1935,0
Uzbekistan,1936,0
Uzbekistan,1937,0
Uzbekistan,1938,0
Uzbekistan,1939,0
Uzbekistan,1940,0
Uzbekistan,1941,0
Uzbekistan,1942,0
Uzbekistan,1943,0
Uzbekistan,1944,0
Uzbekistan,1945,0
Uzbekistan,1946,0
Uzbekistan,1947,0
Uzbekistan,1948,0
Uzbekistan,1949,0
Uzbekistan,1950,0
Uzbekistan,1951,0
Uzbekistan,1952,0
Uzbekistan,1953,0
Uzbekistan,1954,0
Uzbekistan,1955,0
Uzbekistan,1956,0
Uzbekistan,1957,0
Uzbekistan,1958,0
Uzbekistan,1959,0
Uzbekistan,1960,0
Uzbekistan,1961,0
Uzbekistan,1962,0
Uzbekistan,1963,0
Uzbekistan,1964,0
Uzbekistan,1965,0
Uzbekistan,1966,0
Uzbekistan,1967,0
Uzbekistan,1968,0
Uzbekistan,1969,0
Uzbekistan,1970,0
Uzbekistan,1971,0
Uzbekistan,1972,0
Uzbekistan,1973,0
Uzbekistan,1974,0
Uzbekistan,1975,0
Uzbekistan,1976,0
Uzbekistan,1977,0
Uzbekistan,1978,0
Uzbekistan,1979,0
Uzbekistan,1980,0
Uzbekistan,1981,0
Uzbekistan,1982,0
Uzbekistan,1983,0
Uzbekistan,1984,0
Uzbekistan,1985,0
Uzbekistan,1986,0
Uzbekistan,1987,0
Uzbekistan,1988,0
Uzbekistan,1989,0
Uzbekistan,1990,0
Uzbekistan,1991,0
Uzbekistan,1992,0
Uzbekistan,1993,0
Uzbekistan,1994,0
Uzbekistan,1995,0
Uzbekistan,1996,0
Uzbekistan,1997,0
Uzbekistan,1998,0
Uzbekistan,1999,0
Uzbekistan,2000,0
Uzbekistan,2001,0
Uzbekistan,2002,0
Uzbekistan,2003,0
Uzbekistan,2004,0
Uzbekistan,2005,0
Uzbekistan,2006,0
Uzbekistan,2007,0
Uzbekistan,2008,0
Uzbekistan,2009,0
Uzbekistan,2010,0
Uzbekistan,2011,0
Uzbekistan,2012,0
Uzbekistan,2013,0
Uzbekistan,2014,0
Uzbekistan,2015,0
Uzbekistan,2016,0
Uzbekistan,2017,0
Uzbekistan,2018,0
Uzbekistan,2019,0
Uzbekistan,2020,0
Uzbekistan,2021,0
Uzbekistan,2022,0
Uzbekistan,2023,0
Uzbekistan,2024,0
Uzbekistan,2025,0
Uzbekistan,2026,2
Wales,1930,0
Wales,1931,0
Wales,1932,0
Wales,1933,0
Wales,1934,0
Wales,1935,0
Wales,1936,0
Wales,1937,0
Wales,1938,0
Wales,1939,0
Wales,1940,0
Wales,1941,0
Wales,1942,0
Wales,1943,0
Wales,1944,0
Wales,1945,0
Wales,1946,0
Wales,1947,0
Wales,1948,0
Wales,1949,0
Wales,1950,0
Wales,1951,0
Wales,1952,0
Wales,1953,0
Wales,1954,0
Wales,1955,0
Wales,1956,0
Wales,1957,0
Wales,1958,4
Wales,1959,4
Wales,1960,4
Wales,1961,4
Wales,1962,4
Wales,1963,4
Wales,1964,4
Wales,1965,4
Wales,1966,4
Wales,1967,4
Wales,1968,4
Wales,1969,4
Wales,1970,4
Wales,1971,4
Wales,1972,4
Wales,1973,4
Wales,1974,4
Wales,1975,4
Wales,1976,4
Wales,1977,4
Wales,1978,4
Wales,1979,4
Wales,1980,4
Wales,1981,4
Wales,1982,4
Wales,1983,4
Wales,1984,4
Wales,1985,4
Wales,1986,4
Wales,1987,4
Wales,1988,4
Wales,1989,4
Wales,1990,4
Wales,1991,4
Wales,1992,4
Wales,1993,4
Wales,1994,4
Wales,1995,4
Wales,1996,4
Wales,1997,4
Wales,1998,4
Wales,1999,4
Wales,2000,4
Wales,2001,4
Wales,2002,4
Wales,2003,4
Wales,2004,4
Wales,2005,4
Wales,2006,4
Wales,2007,4
Wales,2008,4
Wales,2009,4
Wales,2010,4
Wales,2011,4
Wales,2012,4
Wales,2013,4
Wales,2014,4
Wales,2015,4
Wales,2016,4
Wales,2017,4
Wales,2018,4
Wales,2019,4
Wales,2020,4
Wales,2021,4
Wales,2022,5
Wales,2023,5
Wales,2024,5
Wales,2025,5
Wales,2026,5
Yugoslavia,1930,7
Yugoslavia,1931,7
Yugoslavia,1932,7
Yugoslavia,1933,7
Yugoslavia,1934,7
Yugoslavia,1935,7
Yugoslavia,1936,7
Yugoslavia,1937,7
Yugoslavia,1938,7
Yugoslavia,1939,7
Yugoslavia,1940,7
Yugoslavia,1941,7
Yugoslavia,1942,7
Yugoslavia,1943,7
Yugoslavia,1944,7
Yugoslavia,1945,7
Yugoslavia,1946,7
Yugoslavia,1947,7
Yugoslavia,1948,7
Yugoslavia,1949,7
Yugoslavia,1950,14
Yugoslavia,1951,14
Yugoslavia,1952,14
Yugoslavia,1953,14
Yugoslavia,1954,16
Yugoslavia,1955,16
Yugoslavia,1956,16
Yugoslavia,1957,16
Yugoslavia,1958,23
Yugoslavia,1959,23
Yugoslavia,1960,23
Yugoslavia,1961,23
Yugoslavia,1962,33
Yugoslavia,1963,33
Yugoslavia,1964,33
Yugoslavia,1965,33
Yugoslavia,1966,33
Yugoslavia,1967,33
Yugoslavia,1968,33
Yugoslavia,1969,33
Yugoslavia,1970,33
Yugoslavia,1971,33
Yugoslavia,1972,33
Yugoslavia,1973,33
Yugoslavia,1974,45
Yugoslavia,1975,45
Yugoslavia,1976,45
Yugoslavia,1977,45
Yugoslavia,1978,45
Yugoslavia,1979,45
Yugoslavia,1980,45
Yugoslavia,1981,45
Yugoslavia,1982,47
Yugoslavia,1983,47
Yugoslavia,1984,47
Yugoslavia,1985,47
Yugoslavia,1986,47
Yugoslavia,1987,47
Yugoslavia,1988,47
Yugoslavia,1989,47
Yugoslavia,1990,55
Yugoslavia,1991,55
Yugoslavia,1992,55
Yugoslavia,1993,55
Yugoslavia,1994,55
Yugoslavia,1995,55
Yugoslavia,1996,55
Yugoslavia,1997,55
Yugoslavia,1998,55
Yugoslavia,1999,55
Yugoslavia,2000,55
Yugoslavia,2001,55
Yugoslavia,2002,55
Yugoslavia,2003,55
Yugoslavia,2004,55
Yugoslavia,2005,55
Yugoslavia,2006,55
Yugoslavia,2007,55
Yugoslavia,2008,55
Yugoslavia,2009,55
Yugoslavia,2010,55
Yugoslavia,2011,55
Yugoslavia,2012,55
Yugoslavia,2013,55
Yugoslavia,2014,55
Yugoslavia,2015,55
Yugoslavia,2016,55
Yugoslavia,2017,55
Yugoslavia,2018,55
Yugoslavia,2019,55
Yugoslavia,2020,55
Yugoslavia,2021,55
Yugoslavia,2022,55
Yugoslavia,2023,55
Yugoslavia,2024,55
Yugoslavia,2025,55
Yugoslavia,2026,55
