entity,year,value
Abkhazia,1873,0
Abkhazia,1874,0
Abkhazia,1875,0
Abkhazia,1876,0
Abkhazia,1877,0
Abkhazia,1878,0
Abkhazia,1879,0
Abkhazia,1880,0
Abkhazia,1881,0
Abkhazia,1882,0
Abkhazia,1883,0
Abkhazia,1884,0
Abkhazia,1885,0
Abkhazia,1886,0
Abkhazia,1887,0
Abkhazia,1888,0
Abkhazia,1889,0
Abkhazia,1890,0
Abkhazia,1891,0
Abkhazia,1892,0
Abkhazia,1893,0
Abkhazia,1894,0
Abkhazia,1895,0
Abkhazia,1896,0
Abkhazia,1897,0
Abkhazia,1898,0
Abkhazia,1899,0
Abkhazia,1900,0
Abkhazia,1901,0
Abkhazia,1902,0
Abkhazia,1903,0
Abkhazia,1904,0
Abkhazia,1905,0
Abkhazia,1906,0
Abkhazia,1907,0
Abkhazia,1908,0
Abkhazia,1909,0
Abkhazia,1910,0
Abkhazia,1911,0
Abkhazia,1912,0
Abkhazia,1913,0
Abkhazia,1914,0
Abkhazia,1915,0
Abkhazia,1916,0
Abkhazia,1917,0
Abkhazia,1918,0
Abkhazia,1919,0
Abkhazia,1920,0
Abkhazia,1921,0
Abkhazia,1922,0
Abkhazia,1923,0
Abkhazia,1924,0
Abkhazia,1925,0
Abkhazia,1926,0
Abkhazia,1927,0
Abkhazia,1928,0
Abkhazia,1929,0
Abkhazia,1930,0
Abkhazia,1931,0
Abkhazia,1932,0
Abkhazia,1933,0
Abkhazia,1934,0
Abkhazia,1935,0
Abkhazia,1936,0
Abkhazia,1937,0
Abkhazia,1938,0
Abkhazia,1939,0
Abkhazia,1940,0
Abkhazia,1941,0
Abkhazia,1942,0
Abkhazia,1943,0
Abkhazia,1944,0
Abkhazia,1945,0
Abkhazia,1946,0
Abkhazia,1947,0
Abkhazia,1948,0
Abkhazia,1949,0
Abkhazia,1950,0
Abkhazia,1951,0
Abkhazia,1952,0
Abkhazia,1953,0
Abkhazia,1954,0
Abkhazia,1955,0
Abkhazia,1956,0
Abkhazia,1957,0
Abkhazia,1958,0
Abkhazia,1959,0
Abkhazia,1960,0
Abkhazia,1961,0
Abkhazia,1962,0
Abkhazia,1963,0
Abkhazia,1964,0
Abkhazia,1965,0
Abkhazia,1966,0
Abkhazia,1967,0
Abkhazia,1968,0
Abkhazia,1969,0
Abkhazia,1970,0
Abkhazia,1971,0
Abkhazia,1972,0
Abkhazia,1973,0
Abkhazia,1974,0
Abkhazia,1975,0
Abkhazia,1976,0
Abkhazia,1977,0
Abkhazia,1978,0
Abkhazia,1979,0
Abkhazia,1980,0
Abkhazia,1981,0
Abkhazia,1982,0
Abkhazia,1983,0
Abkhazia,1984,0
Abkhazia,1985,0
Abkhazia,1986,0
Abkhazia,1987,0
Abkhazia,1988,0
Abkhazia,1989,0
Abkhazia,1990,0
Abkhazia,1991,0
Abkhazia,1992,0
Abkhazia,1993,0
Abkhazia,1994,0
Abkhazia,1995,0
Abkhazia,1996,0
Abkhazia,1997,0
Abkhazia,1998,0
Abkhazia,1999,0
Abkhazia,2000,0
Abkhazia,2001,0
Abkhazia,2002,0
Abkhazia,2003,0
Abkhazia,2004,0
Abkhazia,2005,0
Abkhazia,2006,0
Abkhazia,2007,0
Abkhazia,2008,0
Abkhazia,2009,0
Abkhazia,2010,0
Abkhazia,2011,0
Abkhazia,2012,0
Abkhazia,2013,1
Abkhazia,2014,2
Abkhazia,2015,4
Abkhazia,2016,8
Abkhazia,2017,9
Abkhazia,2018,13
Abkhazia,2019,15
Abkhazia,2020,15
Abkhazia,2021,15
Abkhazia,2022,15
Abkhazia,2023,15
Abkhazia,2024,15
Abkhazia,2025,15
Abkhazia,2026,15
Afghanistan,1873,0
Afghanistan,1874,0
Afghanistan,1875,0
Afghanistan,1876,0
Afghanistan,1877,0
Afghanistan,1878,0
Afghanistan,1879,0
Afghanistan,1880,0
Afghanistan,1881,0
Afghanistan,1882,0
Afghanistan,1883,0
Afghanistan,1884,0
Afghanistan,1885,0
Afghanistan,1886,0
Afghanistan,1887,0
Afghanistan,1888,0
Afghanistan,1889,0
Afghanistan,1890,0
Afghanistan,1891,0
Afghanistan,1892,0
Afghanistan,1893,0
Afghanistan,1894,0
Afghanistan,1895,0
Afghanistan,1896,0
Afghanistan,1897,0
Afghanistan,1898,0
Afghanistan,1899,0
Afghanistan,1900,0
Afghanistan,1901,0
Afghanistan,1902,0
Afghanistan,1903,0
Afghanistan,1904,0
Afghanistan,1905,0
Afghanistan,1906,0
Afghanistan,1907,0
Afghanistan,1908,0
Afghanistan,1909,0
Afghanistan,1910,0
Afghanistan,1911,0
Afghanistan,1912,0
Afghanistan,1913,0
Afghanistan,1914,0
Afghanistan,1915,0
Afghanistan,1916,0
Afghanistan,1917,0
Afghanistan,1918,0
Afghanistan,1919,0
Afghanistan,1920,0
Afghanistan,1921,0
Afghanistan,1922,0
Afghanistan,1923,0
Afghanistan,1924,0
Afghanistan,1925,0
Afghanistan,1926,0
Afghanistan,1927,0
Afghanistan,1928,0
Afghanistan,1929,0
Afghanistan,1930,0
Afghanistan,1931,0
Afghanistan,1932,0
Afghanistan,1933,0
Afghanistan,1934,0
Afghanistan,1935,0
Afghanistan,1936,0
Afghanistan,1937,0
Afghanistan,1938,0
Afghanistan,1939,0
Afghanistan,1940,0
Afghanistan,1941,0
Afghanistan,1942,0
Afghanistan,1943,0
Afghanistan,1944,0
Afghanistan,1945,0
Afghanistan,1946,0
Afghanistan,1947,0
Afghanistan,1948,0
Afghanistan,1949,0
Afghanistan,1950,0
Afghanistan,1951,0
Afghanistan,1952,0
Afghanistan,1953,0
Afghanistan,1954,0
Afghanistan,1955,0
Afghanistan,1956,0
Afghanistan,1957,0
Afghanistan,1958,0
Afghanistan,1959,0
Afghanistan,1960,0
Afghanistan,1961,0
Afghanistan,1962,0
Afghanistan,1963,0
Afghanistan,1964,0
Afghanistan,1965,0
Afghanistan,1966,0
Afghanistan,1967,0
Afghanistan,1968,0
Afghanistan,1969,0
Afghanistan,1970,0
Afghanistan,1971,0
Afghanistan,1972,0
Afghanistan,1973,0
Afghanistan,1974,0
Afghanistan,1975,0
Afghanistan,1976,1
Afghanistan,1977,1
Afghanistan,1978,1
Afghanistan,1979,1
Afghanistan,1980,1
Afghanistan,1981,1
Afghanistan,1982,1
Afghanistan,1983,1
Afghanistan,1984,1
Afghanistan,1985,1
Afghanistan,1986,1
Afghanistan,1987,1
Afghanistan,1988,1
Afghanistan,1989,1
Afghanistan,1990,1
Afghanistan,1991,1
Afghanistan,1992,1
Afghanistan,1993,1
Afghanistan,1994,1
Afghanistan,1995,1
Afghanistan,1996,1
Afghanistan,1997,1
Afghanistan,1998,1
Afghanistan,1999,1
Afghanistan,2000,1
Afghanistan,2001,1
Afghanistan,2002,1
Afghanistan,2003,2
Afghanistan,2004,2
Afghanistan,2005,3
Afghanistan,2006,3
Afghanistan,2007,3
Afghanistan,2008,4
Afghanistan,2009,4
Afghanistan,2010,4
Afghanistan,2011,10
Afghanistan,2012,10
Afghanistan,2013,16
Afghanistan,2014,18
Afghanistan,2015,25
Afghanistan,2016,26
Afghanistan,2017,28
Afghanistan,2018,29
Afghanistan,2019,30
Afghanistan,2020,30
Afghanistan,2021,32
Afghanistan,2022,32
Afghanistan,2023,34
Afghanistan,2024,35
Afghanistan,2025,35
Afghanistan,2026,36
Albania,1873,0
Albania,1874,0
Albania,1875,0
Albania,1876,0
Albania,1877,0
Albania,1878,0
Albania,1879,0
Albania,1880,0
Albania,1881,0
Albania,1882,0
Albania,1883,0
Albania,1884,0
Albania,1885,0
Albania,1886,0
Albania,1887,0
Albania,1888,0
Albania,1889,0
Albania,1890,0
Albania,1891,0
Albania,1892,0
Albania,1893,0
Albania,1894,0
Albania,1895,0
Albania,1896,0
Albania,1897,0
Albania,1898,0
Albania,1899,0
Albania,1900,0
Albania,1901,0
Albania,1902,0
Albania,1903,0
Albania,1904,0
Albania,1905,0
Albania,1906,0
Albania,1907,0
Albania,1908,0
Albania,1909,0
Albania,1910,0
Albania,1911,0
Albania,1912,0
Albania,1913,0
Albania,1914,0
Albania,1915,0
Albania,1916,0
Albania,1917,0
Albania,1918,0
Albania,1919,0
Albania,1920,0
Albania,1921,0
Albania,1922,0
Albania,1923,0
Albania,1924,0
Albania,1925,0
Albania,1926,0
Albania,1927,0
Albania,1928,0
Albania,1929,0
Albania,1930,0
Albania,1931,0
Albania,1932,0
Albania,1933,0
Albania,1934,0
Albania,1935,0
Albania,1936,0
Albania,1937,0
Albania,1938,0
Albania,1939,0
Albania,1940,0
Albania,1941,0
Albania,1942,0
Albania,1943,0
Albania,1944,0
Albania,1945,0
Albania,1946,3
Albania,1947,3
Albania,1948,4
Albania,1949,4
Albania,1950,5
Albania,1951,5
Albania,1952,6
Albania,1953,7
Albania,1954,7
Albania,1955,7
Albania,1956,7
Albania,1957,7
Albania,1958,7
Albania,1959,7
Albania,1960,7
Albania,1961,7
Albania,1962,7
Albania,1963,8
Albania,1964,8
Albania,1965,8
Albania,1966,8
Albania,1967,8
Albania,1968,8
Albania,1969,8
Albania,1970,8
Albania,1971,9
Albania,1972,9
Albania,1973,10
Albania,1974,10
Albania,1975,10
Albania,1976,11
Albania,1977,11
Albania,1978,11
Albania,1979,11
Albania,1980,12
Albania,1981,12
Albania,1982,12
Albania,1983,12
Albania,1984,13
Albania,1985,13
Albania,1986,13
Albania,1987,13
Albania,1988,13
Albania,1989,13
Albania,1990,13
Albania,1991,15
Albania,1992,17
Albania,1993,17
Albania,1994,17
Albania,1995,20
Albania,1996,20
Albania,1997,21
Albania,1998,22
Albania,1999,24
Albania,2000,29
Albania,2001,30
Albania,2002,31
Albania,2003,35
Albania,2004,39
Albania,2005,42
Albania,2006,43
Albania,2007,46
Albania,2008,48
Albania,2009,49
Albania,2010,54
Albania,2011,56
Albania,2012,60
Albania,2013,63
Albania,2014,67
Albania,2015,70
Albania,2016,75
Albania,2017,78
Albania,2018,80
Albania,2019,84
Albania,2020,88
Albania,2021,94
Albania,2022,95
Albania,2023,100
Albania,2024,104
Albania,2025,110
Albania,2026,113
Alderney,1873,0
Alderney,1874,0
Alderney,1875,0
Alderney,1876,0
Alderney,1877,0
Alderney,1878,0
Alderney,1879,0
Alderney,1880,0
Alderney,1881,0
Alderney,1882,0
Alderney,1883,0
Alderney,1884,0
Alderney,1885,0
Alderney,1886,0
Alderney,1887,0
Alderney,1888,0
Alderney,1889,0
Alderney,1890,0
Alderney,1891,0
Alderney,1892,0
Alderney,1893,0
Alderney,1894,0
Alderney,1895,0
Alderney,1896,0
Alderney,1897,0
Alderney,1898,0
Alderney,1899,0
Alderney,1900,0
Alderney,1901,0
Alderney,1902,0
Alderney,1903,0
Alderney,1904,0
Alderney,1905,0
Alderney,1906,0
Alderney,1907,0
Alderney,1908,0
Alderney,1909,0
Alderney,1910,0
Alderney,1911,0
Alderney,1912,0
Alderney,1913,0
Alderney,1914,0
Alderney,1915,0
Alderney,1916,0
Alderney,1917,0
Alderney,1918,0
Alderney,1919,0
Alderney,1920,1
Alderney,1921,1
Alderney,1922,1
Alderney,1923,1
Alderney,1924,2
Alderney,1925,2
Alderney,1926,2
Alderney,1927,2
Alderney,1928,2
Alderney,1929,2
Alderney,1930,2
Alderney,1931,2
Alderney,1932,2
Alderney,1933,2
Alderney,1934,2
Alderney,1935,2
Alderney,1936,2
Alderney,1937,2
Alderney,1938,2
Alderney,1939,2
Alderney,1940,2
Alderney,1941,2
Alderney,1942,2
Alderney,1943,2
Alderney,1944,2
Alderney,1945,2
Alderney,1946,2
Alderney,1947,2
Alderney,1948,2
Alderney,1949,2
Alderney,1950,2
Alderney,1951,2
Alderney,1952,2
Alderney,1953,2
Alderney,1954,2
Alderney,1955,2
Alderney,1956,2
Alderney,1957,2
Alderney,1958,2
Alderney,1959,2
Alderney,1960,2
Alderney,1961,2
Alderney,1962,2
Alderney,1963,2
Alderney,1964,2
Alderney,1965,2
Alderney,1966,2
Alderney,1967,2
Alderney,1968,2
Alderney,1969,2
Alderney,1970,2
Alderney,1971,2
Alderney,1972,2
Alderney,1973,2
Alderney,1974,2
Alderney,1975,2
Alderney,1976,2
Alderney,1977,2
Alderney,1978,2
Alderney,1979,2
Alderney,1980,2
Alderney,1981,2
Alderney,1982,2
Alderney,1983,2
Alderney,1984,2
Alderney,1985,2
Alderney,1986,2
Alderney,1987,2
Alderney,1988,2
Alderney,1989,2
Alderney,1990,2
Alderney,1991,2
Alderney,1992,2
Alderney,1993,2
Alderney,1994,2
Alderney,1995,2
Alderney,1996,2
Alderney,1997,2
Alderney,1998,2
Alderney,1999,2
Alderney,2000,2
Alderney,2001,2
Alderney,2002,2
Alderney,2003,3
Alderney,2004,3
Alderney,2005,3
Alderney,2006,3
Alderney,2007,3
Alderney,2008,3
Alderney,2009,3
Alderney,2010,3
Alderney,2011,3
Alderney,2012,3
Alderney,2013,3
Alderney,2014,3
Alderney,2015,3
Alderney,2016,3
Alderney,2017,4
Alderney,2018,4
Alderney,2019,5
Alderney,2020,5
Alderney,2021,5
Alderney,2022,5
Alderney,2023,5
Alderney,2024,5
Alderney,2025,5
Alderney,2026,5
Algeria,1873,0
Algeria,1874,0
Algeria,1875,0
Algeria,1876,0
Algeria,1877,0
Algeria,1878,0
Algeria,1879,0
Algeria,1880,0
Algeria,1881,0
Algeria,1882,0
Algeria,1883,0
Algeria,1884,0
Algeria,1885,0
Algeria,1886,0
Algeria,1887,0
Algeria,1888,0
Algeria,1889,0
Algeria,1890,0
Algeria,1891,0
Algeria,1892,0
Algeria,1893,0
Algeria,1894,0
Algeria,1895,0
Algeria,1896,0
Algeria,1897,0
Algeria,1898,0
Algeria,1899,0
Algeria,1900,0
Algeria,1901,0
Algeria,1902,0
Algeria,1903,0
Algeria,1904,0
Algeria,1905,0
Algeria,1906,0
Algeria,1907,0
Algeria,1908,0
Algeria,1909,0
Algeria,1910,0
Algeria,1911,0
Algeria,1912,0
Algeria,1913,0
Algeria,1914,0
Algeria,1915,0
Algeria,1916,0
Algeria,1917,0
Algeria,1918,0
Algeria,1919,0
Algeria,1920,0
Algeria,1921,0
Algeria,1922,0
Algeria,1923,0
Algeria,1924,0
Algeria,1925,0
Algeria,1926,0
Algeria,1927,0
Algeria,1928,0
Algeria,1929,0
Algeria,1930,0
Algeria,1931,0
Algeria,1932,0
Algeria,1933,0
Algeria,1934,0
Algeria,1935,0
Algeria,1936,0
Algeria,1937,0
Algeria,1938,0
Algeria,1939,0
Algeria,1940,0
Algeria,1941,0
Algeria,1942,0
Algeria,1943,0
Algeria,1944,0
Algeria,1945,0
Algeria,1946,0
Algeria,1947,0
Algeria,1948,0
Algeria,1949,0
Algeria,1950,0
Algeria,1951,0
Algeria,1952,0
Algeria,1953,0
Algeria,1954,0
Algeria,1955,0
Algeria,1956,0
Algeria,1957,0
Algeria,1958,0
Algeria,1959,0
Algeria,1960,0
Algeria,1961,0
Algeria,1962,0
Algeria,1963,1
Algeria,1964,2
Algeria,1965,4
Algeria,1966,4
Algeria,1967,8
Algeria,1968,9
Algeria,1969,12
Algeria,1970,13
Algeria,1971,13
Algeria,1972,21
Algeria,1973,26
Algeria,1974,28
Algeria,1975,28
Algeria,1976,32
Algeria,1977,35
Algeria,1978,42
Algeria,1979,44
Algeria,1980,48
Algeria,1981,54
Algeria,1982,61
Algeria,1983,64
Algeria,1984,69
Algeria,1985,76
Algeria,1986,80
Algeria,1987,82
Algeria,1988,85
Algeria,1989,91
Algeria,1990,99
Algeria,1991,103
Algeria,1992,105
Algeria,1993,109
Algeria,1994,109
Algeria,1995,117
Algeria,1996,121
Algeria,1997,127
Algeria,1998,129
Algeria,1999,131
Algeria,2000,136
Algeria,2001,142
Algeria,2002,145
Algeria,2003,151
Algeria,2004,152
Algeria,2005,154
Algeria,2006,156
Algeria,2007,159
Algeria,2008,163
Algeria,2009,170
Algeria,2010,173
Algeria,2011,176
Algeria,2012,182
Algeria,2013,189
Algeria,2014,198
Algeria,2015,205
Algeria,2016,208
Algeria,2017,214
Algeria,2018,218
Algeria,2019,230
Algeria,2020,232
Algeria,2021,245
Algeria,2022,253
Algeria,2023,260
Algeria,2024,269
Algeria,2025,283
Algeria,2026,290
American Samoa,1873,0
American Samoa,1874,0
American Samoa,1875,0
American Samoa,1876,0
American Samoa,1877,0
American Samoa,1878,0
American Samoa,1879,0
American Samoa,1880,0
American Samoa,1881,0
American Samoa,1882,0
American Samoa,1883,0
American Samoa,1884,0
American Samoa,1885,0
American Samoa,1886,0
American Samoa,1887,0
American Samoa,1888,0
American Samoa,1889,0
American Samoa,1890,0
American Samoa,1891,0
American Samoa,1892,0
American Samoa,1893,0
American Samoa,1894,0
American Samoa,1895,0
American Samoa,1896,0
American Samoa,1897,0
American Samoa,1898,0
American Samoa,1899,0
American Samoa,1900,0
American Samoa,1901,0
American Samoa,1902,0
American Samoa,1903,0
American Samoa,1904,0
American Samoa,1905,0
American Samoa,1906,0
American Samoa,1907,0
American Samoa,1908,0
American Samoa,1909,0
American Samoa,1910,0
American Samoa,1911,0
American Samoa,1912,0
American Samoa,1913,0
American Samoa,1914,0
American Samoa,1915,0
American Samoa,1916,0
American Samoa,1917,0
American Samoa,1918,0
American Samoa,1919,0
American Samoa,1920,0
American Samoa,1921,0
American Samoa,1922,0
American Samoa,1923,0
American Samoa,1924,0
American Samoa,1925,0
American Samoa,1926,0
American Samoa,1927,0
American Samoa,1928,0
American Samoa,1929,0
American Samoa,1930,0
American Samoa,1931,0
American Samoa,1932,0
American Samoa,1933,0
American Samoa,1934,0
American Samoa,1935,0
American Samoa,1936,0
American Samoa,1937,0
American Samoa,1938,0
American Samoa,1939,0
American Samoa,1940,0
American Samoa,1941,0
American Samoa,1942,0
American Samoa,1943,0
American Samoa,1944,0
American Samoa,1945,0
American Samoa,1946,0
American Samoa,1947,0
American Samoa,1948,0
American Samoa,1949,0
American Samoa,1950,0
American Samoa,1951,0
American Samoa,1952,0
American Samoa,1953,0
American Samoa,1954,0
American Samoa,1955,0
American Samoa,1956,0
American Samoa,1957,0
American Samoa,1958,0
American Samoa,1959,0
American Samoa,1960,0
American Samoa,1961,0
American Samoa,1962,0
American Samoa,1963,0
American Samoa,1964,0
American Samoa,1965,0
American Samoa,1966,0
American Samoa,1967,0
American Samoa,1968,0
American Samoa,1969,0
American Samoa,1970,0
American Samoa,1971,0
American Samoa,1972,0
American Samoa,1973,0
American Samoa,1974,0
American Samoa,1975,0
American Samoa,1976,0
American Samoa,1977,0
American Samoa,1978,0
American Samoa,1979,0
American Samoa,1980,0
American Samoa,1981,0
American Samoa,1982,0
American Samoa,1983,1
American Samoa,1984,1
American Samoa,1985,1
American Samoa,1986,1
American Samoa,1987,1
American Samoa,1988,1
American Samoa,1989,1
American Samoa,1990,1
American Samoa,1991,1
American Samoa,1992,1
American Samoa,1993,1
American Samoa,1994,1
American Samoa,1995,1
American Samoa,1996,1
American Samoa,1997,1
American Samoa,1998,1
American Samoa,1999,1
American Samoa,2000,1
American Samoa,2001,1
American Samoa,2002,1
American Samoa,2003,1
American Samoa,2004,1
American Samoa,2005,1
American Samoa,2006,1
American Samoa,2007,1
American Samoa,2008,1
American Samoa,2009,1
American Samoa,2010,1
American Samoa,2011,2
American Samoa,2012,2
American Samoa,2013,2
American Samoa,2014,2
American Samoa,2015,4
American Samoa,2016,4
American Samoa,2017,4
American Samoa,2018,4
American Samoa,2019,4
American Samoa,2020,4
American Samoa,2021,4
American Samoa,2022,4
American Samoa,2023,4
American Samoa,2024,4
American Samoa,2025,4
American Samoa,2026,4
Andalusia,1873,0
Andalusia,1874,0
Andalusia,1875,0
Andalusia,1876,0
Andalusia,1877,0
Andalusia,1878,0
Andalusia,1879,0
Andalusia,1880,0
Andalusia,1881,0
Andalusia,1882,0
Andalusia,1883,0
Andalusia,1884,0
Andalusia,1885,0
Andalusia,1886,0
Andalusia,1887,0
Andalusia,1888,0
Andalusia,1889,0
Andalusia,1890,0
Andalusia,1891,0
Andalusia,1892,0
Andalusia,1893,0
Andalusia,1894,0
Andalusia,1895,0
Andalusia,1896,0
Andalusia,1897,0
Andalusia,1898,0
Andalusia,1899,0
Andalusia,1900,0
Andalusia,1901,0
Andalusia,1902,0
Andalusia,1903,0
Andalusia,1904,0
Andalusia,1905,0
Andalusia,1906,0
Andalusia,1907,0
Andalusia,1908,0
Andalusia,1909,0
Andalusia,1910,0
Andalusia,1911,0
Andalusia,1912,0
Andalusia,1913,0
Andalusia,1914,0
Andalusia,1915,0
Andalusia,1916,0
Andalusia,1917,0
Andalusia,1918,0
Andalusia,1919,0
Andalusia,1920,0
Andalusia,1921,0
Andalusia,1922,0
Andalusia,1923,0
Andalusia,1924,0
Andalusia,1925,0
Andalusia,1926,0
Andalusia,1927,0
Andalusia,1928,0
Andalusia,1929,0
Andalusia,1930,0
Andalusia,1931,0
Andalusia,1932,0
Andalusia,1933,0
Andalusia,1934,0
Andalusia,1935,0
Andalusia,1936,0
Andalusia,1937,0
Andalusia,1938,0
Andalusia,1939,0
Andalusia,1940,0
Andalusia,1941,0
Andalusia,1942,0
Andalusia,1943,0
Andalusia,1944,0
Andalusia,1945,0
Andalusia,1946,0
Andalusia,1947,0
Andalusia,1948,0
Andalusia,1949,0
Andalusia,1950,0
Andalusia,1951,0
Andalusia,1952,0
Andalusia,1953,0
Andalusia,1954,0
Andalusia,1955,0
Andalusia,1956,0
Andalusia,1957,0
Andalusia,1958,0
Andalusia,1959,0
Andalusia,1960,0
Andalusia,1961,0
Andalusia,1962,0
Andalusia,1963,0
Andalusia,1964,0
Andalusia,1965,0
Andalusia,1966,0
Andalusia,1967,0
Andalusia,1968,0
Andalusia,1969,0
Andalusia,1970,0
Andalusia,1971,0
Andalusia,1972,0
Andalusia,1973,0
Andalusia,1974,0
Andalusia,1975,0
Andalusia,1976,0
Andalusia,1977,0
Andalusia,1978,0
Andalusia,1979,0
Andalusia,1980,0
Andalusia,1981,0
Andalusia,1982,0
Andalusia,1983,0
Andalusia,1984,0
Andalusia,1985,0
Andalusia,1986,0
Andalusia,1987,0
Andalusia,1988,0
Andalusia,1989,0
Andalusia,1990,0
Andalusia,1991,0
Andalusia,1992,0
Andalusia,1993,0
Andalusia,1994,0
Andalusia,1995,0
Andalusia,1996,0
Andalusia,1997,0
Andalusia,1998,0
Andalusia,1999,1
Andalusia,2000,2
Andalusia,2001,3
Andalusia,2002,4
Andalusia,2003,5
Andalusia,2004,5
Andalusia,2005,6
Andalusia,2006,6
Andalusia,2007,7
Andalusia,2008,7
Andalusia,2009,7
Andalusia,2010,7
Andalusia,2011,7
Andalusia,2012,7
Andalusia,2013,8
Andalusia,2014,8
Andalusia,2015,8
Andalusia,2016,8
Andalusia,2017,8
Andalusia,2018,8
Andalusia,2019,8
Andalusia,2020,8
Andalusia,2021,8
Andalusia,2022,8
Andalusia,2023,8
Andalusia,2024,8
Andalusia,2025,8
Andalusia,2026,8
Andorra,1873,0
Andorra,1874,0
Andorra,1875,0
Andorra,1876,0
Andorra,1877,0
Andorra,1878,0
Andorra,1879,0
Andorra,1880,0
Andorra,1881,0
Andorra,1882,0
Andorra,1883,0
Andorra,1884,0
Andorra,1885,0
Andorra,1886,0
Andorra,1887,0
Andorra,1888,0
Andorra,1889,0
Andorra,1890,0
Andorra,1891,0
Andorra,1892,0
Andorra,1893,0
Andorra,1894,0
Andorra,1895,0
Andorra,1896,0
Andorra,1897,0
Andorra,1898,0
Andorra,1899,0
Andorra,1900,0
Andorra,1901,0
Andorra,1902,0
Andorra,1903,0
Andorra,1904,0
Andorra,1905,0
Andorra,1906,0
Andorra,1907,0
Andorra,1908,0
Andorra,1909,0
Andorra,1910,0
Andorra,1911,0
Andorra,1912,0
Andorra,1913,0
Andorra,1914,0
Andorra,1915,0
Andorra,1916,0
Andorra,1917,0
Andorra,1918,0
Andorra,1919,0
Andorra,1920,0
Andorra,1921,0
Andorra,1922,0
Andorra,1923,0
Andorra,1924,0
Andorra,1925,0
Andorra,1926,0
Andorra,1927,0
Andorra,1928,0
Andorra,1929,0
Andorra,1930,0
Andorra,1931,0
Andorra,1932,0
Andorra,1933,0
Andorra,1934,0
Andorra,1935,0
Andorra,1936,0
Andorra,1937,0
Andorra,1938,0
Andorra,1939,0
Andorra,1940,0
Andorra,1941,0
Andorra,1942,0
Andorra,1943,0
Andorra,1944,0
Andorra,1945,0
Andorra,1946,0
Andorra,1947,0
Andorra,1948,0
Andorra,1949,0
Andorra,1950,0
Andorra,1951,0
Andorra,1952,0
Andorra,1953,0
Andorra,1954,0
Andorra,1955,0
Andorra,1956,0
Andorra,1957,0
Andorra,1958,0
Andorra,1959,0
Andorra,1960,0
Andorra,1961,0
Andorra,1962,0
Andorra,1963,0
Andorra,1964,0
Andorra,1965,0
Andorra,1966,0
Andorra,1967,0
Andorra,1968,0
Andorra,1969,0
Andorra,1970,0
Andorra,1971,0
Andorra,1972,0
Andorra,1973,0
Andorra,1974,0
Andorra,1975,0
Andorra,1976,0
Andorra,1977,0
Andorra,1978,0
Andorra,1979,0
Andorra,1980,0
Andorra,1981,0
Andorra,1982,0
Andorra,1983,0
Andorra,1984,0
Andorra,1985,0
Andorra,1986,0
Andorra,1987,0
Andorra,1988,0
Andorra,1989,0
Andorra,1990,0
Andorra,1991,0
Andorra,1992,0
Andorra,1993,0
Andorra,1994,0
Andorra,1995,0
Andorra,1996,0
Andorra,1997,0
Andorra,1998,0
Andorra,1999,0
Andorra,2000,1
Andorra,2001,1
Andorra,2002,2
Andorra,2003,2
Andorra,2004,3
Andorra,2005,3
Andorra,2006,3
Andorra,2007,3
Andorra,2008,3
Andorra,2009,3
Andorra,2010,3
Andorra,2011,3
Andorra,2012,3
Andorra,2013,3
Andorra,2014,3
Andorra,2015,3
Andorra,2016,3
Andorra,2017,4
Andorra,2018,5
Andorra,2019,6
Andorra,2020,6
Andorra,2021,8
Andorra,2022,12
Andorra,2023,12
Andorra,2024,13
Andorra,2025,13
Andorra,2026,14
Angola,1873,0
Angola,1874,0
Angola,1875,0
Angola,1876,0
Angola,1877,0
Angola,1878,0
Angola,1879,0
Angola,1880,0
Angola,1881,0
Angola,1882,0
Angola,1883,0
Angola,1884,0
Angola,1885,0
Angola,1886,0
Angola,1887,0
Angola,1888,0
Angola,1889,0
Angola,1890,0
Angola,1891,0
Angola,1892,0
Angola,1893,0
Angola,1894,0
Angola,1895,0
Angola,1896,0
Angola,1897,0
Angola,1898,0
Angola,1899,0
Angola,1900,0
Angola,1901,0
Angola,1902,0
Angola,1903,0
Angola,1904,0
Angola,1905,0
Angola,1906,0
Angola,1907,0
Angola,1908,0
Angola,1909,0
Angola,1910,0
Angola,1911,0
Angola,1912,0
Angola,1913,0
Angola,1914,0
Angola,1915,0
Angola,1916,0
Angola,1917,0
Angola,1918,0
Angola,1919,0
Angola,1920,0
Angola,1921,0
Angola,1922,0
Angola,1923,0
Angola,1924,0
Angola,1925,0
Angola,1926,0
Angola,1927,0
Angola,1928,0
Angola,1929,0
Angola,1930,0
Angola,1931,0
Angola,1932,0
Angola,1933,0
Angola,1934,0
Angola,1935,0
Angola,1936,0
Angola,1937,0
Angola,1938,0
Angola,1939,0
Angola,1940,0
Angola,1941,0
Angola,1942,0
Angola,1943,0
Angola,1944,0
Angola,1945,0
Angola,1946,0
Angola,1947,0
Angola,1948,0
Angola,1949,0
Angola,1950,0
Angola,1951,0
Angola,1952,0
Angola,1953,0
Angola,1954,0
Angola,1955,0
Angola,1956,0
Angola,1957,0
Angola,1958,0
Angola,1959,0
Angola,1960,0
Angola,1961,0
Angola,1962,0
Angola,1963,0
Angola,1964,0
Angola,1965,0
Angola,1966,0
Angola,1967,0
Angola,1968,0
Angola,1969,0
Angola,1970,0
Angola,1971,0
Angola,1972,0
Angola,1973,0
Angola,1974,0
Angola,1975,0
Angola,1976,0
Angola,1977,0
Angola,1978,0
Angola,1979,2
Angola,1980,2
Angola,1981,3
Angola,1982,4
Angola,1983,5
Angola,1984,8
Angola,1985,10
Angola,1986,12
Angola,1987,14
Angola,1988,17
Angola,1989,19
Angola,1990,23
Angola,1991,23
Angola,1992,23
Angola,1993,24
Angola,1994,26
Angola,1995,31
Angola,1996,34
Angola,1997,37
Angola,1998,40
Angola,1999,45
Angola,2000,50
Angola,2001,57
Angola,2002,58
Angola,2003,62
Angola,2004,68
Angola,2005,73
Angola,2006,79
Angola,2007,83
Angola,2008,87
Angola,2009,89
Angola,2010,92
Angola,2011,96
Angola,2012,101
Angola,2013,105
Angola,2014,107
Angola,2015,110
Angola,2016,110
Angola,2017,111
Angola,2018,115
Angola,2019,119
Angola,2020,120
Angola,2021,122
Angola,2022,127
Angola,2023,129
Angola,2024,138
Angola,2025,140
Angola,2026,142
Anguilla,1873,0
Anguilla,1874,0
Anguilla,1875,0
Anguilla,1876,0
Anguilla,1877,0
Anguilla,1878,0
Anguilla,1879,0
Anguilla,1880,0
Anguilla,1881,0
Anguilla,1882,0
Anguilla,1883,0
Anguilla,1884,0
Anguilla,1885,0
Anguilla,1886,0
Anguilla,1887,0
Anguilla,1888,0
Anguilla,1889,0
Anguilla,1890,0
Anguilla,1891,0
Anguilla,1892,0
Anguilla,1893,0
Anguilla,1894,0
Anguilla,1895,0
Anguilla,1896,0
Anguilla,1897,0
Anguilla,1898,0
Anguilla,1899,0
Anguilla,1900,0
Anguilla,1901,0
Anguilla,1902,0
Anguilla,1903,0
Anguilla,1904,0
Anguilla,1905,0
Anguilla,1906,0
Anguilla,1907,0
Anguilla,1908,0
Anguilla,1909,0
Anguilla,1910,0
Anguilla,1911,0
Anguilla,1912,0
Anguilla,1913,0
Anguilla,1914,0
Anguilla,1915,0
Anguilla,1916,0
Anguilla,1917,0
Anguilla,1918,0
Anguilla,1919,0
Anguilla,1920,0
Anguilla,1921,0
Anguilla,1922,0
Anguilla,1923,0
Anguilla,1924,0
Anguilla,1925,0
Anguilla,1926,0
Anguilla,1927,0
Anguilla,1928,0
Anguilla,1929,0
Anguilla,1930,0
Anguilla,1931,0
Anguilla,1932,0
Anguilla,1933,0
Anguilla,1934,0
Anguilla,1935,0
Anguilla,1936,0
Anguilla,1937,0
Anguilla,1938,0
Anguilla,1939,0
Anguilla,1940,0
Anguilla,1941,0
Anguilla,1942,0
Anguilla,1943,0
Anguilla,1944,0
Anguilla,1945,0
Anguilla,1946,0
Anguilla,1947,0
Anguilla,1948,0
Anguilla,1949,0
Anguilla,1950,0
Anguilla,1951,0
Anguilla,1952,0
Anguilla,1953,0
Anguilla,1954,0
Anguilla,1955,0
Anguilla,1956,0
Anguilla,1957,0
Anguilla,1958,0
Anguilla,1959,0
Anguilla,1960,0
Anguilla,1961,0
Anguilla,1962,0
Anguilla,1963,0
Anguilla,1964,0
Anguilla,1965,0
Anguilla,1966,0
Anguilla,1967,0
Anguilla,1968,0
Anguilla,1969,0
Anguilla,1970,0
Anguilla,1971,0
Anguilla,1972,0
Anguilla,1973,0
Anguilla,1974,0
Anguilla,1975,0
Anguilla,1976,0
Anguilla,1977,0
Anguilla,1978,0
Anguilla,1979,0
Anguilla,1980,0
Anguilla,1981,0
Anguilla,1982,0
Anguilla,1983,0
Anguilla,1984,0
Anguilla,1985,0
Anguilla,1986,0
Anguilla,1987,0
Anguilla,1988,0
Anguilla,1989,0
Anguilla,1990,0
Anguilla,1991,0
Anguilla,1992,0
Anguilla,1993,0
Anguilla,1994,0
Anguilla,1995,0
Anguilla,1996,0
Anguilla,1997,0
Anguilla,1998,0
Anguilla,1999,0
Anguilla,2000,1
Anguilla,2001,2
Anguilla,2002,2
Anguilla,2003,2
Anguilla,2004,2
Anguilla,2005,2
Anguilla,2006,2
Anguilla,2007,2
Anguilla,2008,2
Anguilla,2009,2
Anguilla,2010,3
Anguilla,2011,3
Anguilla,2012,3
Anguilla,2013,3
Anguilla,2014,3
Anguilla,2015,3
Anguilla,2016,3
Anguilla,2017,3
Anguilla,2018,4
Anguilla,2019,4
Anguilla,2020,4
Anguilla,2021,4
Anguilla,2022,4
Anguilla,2023,4
Anguilla,2024,5
Anguilla,2025,6
Anguilla,2026,7
Antigua and Barbuda,1873,0
Antigua and Barbuda,1874,0
Antigua and Barbuda,1875,0
Antigua and Barbuda,1876,0
Antigua and Barbuda,1877,0
Antigua and Barbuda,1878,0
Antigua and Barbuda,1879,0
Antigua and Barbuda,1880,0
Antigua and Barbuda,1881,0
Antigua and Barbuda,1882,0
Antigua and Barbuda,1883,0
Antigua and Barbuda,1884,0
Antigua and Barbuda,1885,0
Antigua and Barbuda,1886,0
Antigua and Barbuda,1887,0
Antigua and Barbuda,1888,0
Antigua and Barbuda,1889,0
Antigua and Barbuda,1890,0
Antigua and Barbuda,1891,0
Antigua and Barbuda,1892,0
Antigua and Barbuda,1893,0
Antigua and Barbuda,1894,0
Antigua and Barbuda,1895,0
Antigua and Barbuda,1896,0
Antigua and Barbuda,1897,0
Antigua and Barbuda,1898,0
Antigua and Barbuda,1899,0
Antigua and Barbuda,1900,0
Antigua and Barbuda,1901,0
Antigua and Barbuda,1902,0
Antigua and Barbuda,1903,0
Antigua and Barbuda,1904,0
Antigua and Barbuda,1905,0
Antigua and Barbuda,1906,0
Antigua and Barbuda,1907,0
Antigua and Barbuda,1908,0
Antigua and Barbuda,1909,0
Antigua and Barbuda,1910,0
Antigua and Barbuda,1911,0
Antigua and Barbuda,1912,0
Antigua and Barbuda,1913,0
Antigua and Barbuda,1914,0
Antigua and Barbuda,1915,0
Antigua and Barbuda,1916,0
Antigua and Barbuda,1917,0
Antigua and Barbuda,1918,0
Antigua and Barbuda,1919,0
Antigua and Barbuda,1920,0
Antigua and Barbuda,1921,0
Antigua and Barbuda,1922,0
Antigua and Barbuda,1923,0
Antigua and Barbuda,1924,0
Antigua and Barbuda,1925,0
Antigua and Barbuda,1926,0
Antigua and Barbuda,1927,0
Antigua and Barbuda,1928,0
Antigua and Barbuda,1929,0
Antigua and Barbuda,1930,0
Antigua and Barbuda,1931,0
Antigua and Barbuda,1932,0
Antigua and Barbuda,1933,0
Antigua and Barbuda,1934,0
Antigua and Barbuda,1935,0
Antigua and Barbuda,1936,0
Antigua and Barbuda,1937,0
Antigua and Barbuda,1938,0
Antigua and Barbuda,1939,0
Antigua and Barbuda,1940,0
Antigua and Barbuda,1941,0
Antigua and Barbuda,1942,0
Antigua and Barbuda,1943,0
Antigua and Barbuda,1944,0
Antigua and Barbuda,1945,0
Antigua and Barbuda,1946,0
Antigua and Barbuda,1947,0
Antigua and Barbuda,1948,0
Antigua and Barbuda,1949,0
Antigua and Barbuda,1950,0
Antigua and Barbuda,1951,0
Antigua and Barbuda,1952,0
Antigua and Barbuda,1953,0
Antigua and Barbuda,1954,0
Antigua and Barbuda,1955,0
Antigua and Barbuda,1956,0
Antigua and Barbuda,1957,0
Antigua and Barbuda,1958,0
Antigua and Barbuda,1959,0
Antigua and Barbuda,1960,0
Antigua and Barbuda,1961,0
Antigua and Barbuda,1962,0
Antigua and Barbuda,1963,0
Antigua and Barbuda,1964,0
Antigua and Barbuda,1965,0
Antigua and Barbuda,1966,0
Antigua and Barbuda,1967,0
Antigua and Barbuda,1968,0
Antigua and Barbuda,1969,0
Antigua and Barbuda,1970,0
Antigua and Barbuda,1971,0
Antigua and Barbuda,1972,0
Antigua and Barbuda,1973,0
Antigua and Barbuda,1974,0
Antigua and Barbuda,1975,1
Antigua and Barbuda,1976,1
Antigua and Barbuda,1977,1
Antigua and Barbuda,1978,1
Antigua and Barbuda,1979,1
Antigua and Barbuda,1980,1
Antigua and Barbuda,1981,1
Antigua and Barbuda,1982,1
Antigua and Barbuda,1983,3
Antigua and Barbuda,1984,4
Antigua and Barbuda,1985,5
Antigua and Barbuda,1986,5
Antigua and Barbuda,1987,5
Antigua and Barbuda,1988,6
Antigua and Barbuda,1989,8
Antigua and Barbuda,1990,8
Antigua and Barbuda,1991,8
Antigua and Barbuda,1992,11
Antigua and Barbuda,1993,13
Antigua and Barbuda,1994,14
Antigua and Barbuda,1995,15
Antigua and Barbuda,1996,15
Antigua and Barbuda,1997,16
Antigua and Barbuda,1998,19
Antigua and Barbuda,1999,21
Antigua and Barbuda,2000,23
Antigua and Barbuda,2001,23
Antigua and Barbuda,2002,24
Antigua and Barbuda,2003,24
Antigua and Barbuda,2004,27
Antigua and Barbuda,2005,28
Antigua and Barbuda,2006,31
Antigua and Barbuda,2007,32
Antigua and Barbuda,2008,41
Antigua and Barbuda,2009,42
Antigua and Barbuda,2010,45
Antigua and Barbuda,2011,51
Antigua and Barbuda,2012,52
Antigua and Barbuda,2013,52
Antigua and Barbuda,2014,53
Antigua and Barbuda,2015,58
Antigua and Barbuda,2016,59
Antigua and Barbuda,2017,59
Antigua and Barbuda,2018,61
Antigua and Barbuda,2019,65
Antigua and Barbuda,2020,65
Antigua and Barbuda,2021,67
Antigua and Barbuda,2022,69
Antigua and Barbuda,2023,71
Antigua and Barbuda,2024,71
Antigua and Barbuda,2025,71
Antigua and Barbuda,2026,74
Arameans Suryoye,1873,0
Arameans Suryoye,1874,0
Arameans Suryoye,1875,0
Arameans Suryoye,1876,0
Arameans Suryoye,1877,0
Arameans Suryoye,1878,0
Arameans Suryoye,1879,0
Arameans Suryoye,1880,0
Arameans Suryoye,1881,0
Arameans Suryoye,1882,0
Arameans Suryoye,1883,0
Arameans Suryoye,1884,0
Arameans Suryoye,1885,0
Arameans Suryoye,1886,0
Arameans Suryoye,1887,0
Arameans Suryoye,1888,0
Arameans Suryoye,1889,0
Arameans Suryoye,1890,0
Arameans Suryoye,1891,0
Arameans Suryoye,1892,0
Arameans Suryoye,1893,0
Arameans Suryoye,1894,0
Arameans Suryoye,1895,0
Arameans Suryoye,1896,0
Arameans Suryoye,1897,0
Arameans Suryoye,1898,0
Arameans Suryoye,1899,0
Arameans Suryoye,1900,0
Arameans Suryoye,1901,0
Arameans Suryoye,1902,0
Arameans Suryoye,1903,0
Arameans Suryoye,1904,0
Arameans Suryoye,1905,0
Arameans Suryoye,1906,0
Arameans Suryoye,1907,0
Arameans Suryoye,1908,0
Arameans Suryoye,1909,0
Arameans Suryoye,1910,0
Arameans Suryoye,1911,0
Arameans Suryoye,1912,0
Arameans Suryoye,1913,0
Arameans Suryoye,1914,0
Arameans Suryoye,1915,0
Arameans Suryoye,1916,0
Arameans Suryoye,1917,0
Arameans Suryoye,1918,0
Arameans Suryoye,1919,0
Arameans Suryoye,1920,0
Arameans Suryoye,1921,0
Arameans Suryoye,1922,0
Arameans Suryoye,1923,0
Arameans Suryoye,1924,0
Arameans Suryoye,1925,0
Arameans Suryoye,1926,0
Arameans Suryoye,1927,0
Arameans Suryoye,1928,0
Arameans Suryoye,1929,0
Arameans Suryoye,1930,0
Arameans Suryoye,1931,0
Arameans Suryoye,1932,0
Arameans Suryoye,1933,0
Arameans Suryoye,1934,0
Arameans Suryoye,1935,0
Arameans Suryoye,1936,0
Arameans Suryoye,1937,0
Arameans Suryoye,1938,0
Arameans Suryoye,1939,0
Arameans Suryoye,1940,0
Arameans Suryoye,1941,0
Arameans Suryoye,1942,0
Arameans Suryoye,1943,0
Arameans Suryoye,1944,0
Arameans Suryoye,1945,0
Arameans Suryoye,1946,0
Arameans Suryoye,1947,0
Arameans Suryoye,1948,0
Arameans Suryoye,1949,0
Arameans Suryoye,1950,0
Arameans Suryoye,1951,0
Arameans Suryoye,1952,0
Arameans Suryoye,1953,0
Arameans Suryoye,1954,0
Arameans Suryoye,1955,0
Arameans Suryoye,1956,0
Arameans Suryoye,1957,0
Arameans Suryoye,1958,0
Arameans Suryoye,1959,0
Arameans Suryoye,1960,0
Arameans Suryoye,1961,0
Arameans Suryoye,1962,0
Arameans Suryoye,1963,0
Arameans Suryoye,1964,0
Arameans Suryoye,1965,0
Arameans Suryoye,1966,0
Arameans Suryoye,1967,0
Arameans Suryoye,1968,0
Arameans Suryoye,1969,0
Arameans Suryoye,1970,0
Arameans Suryoye,1971,0
Arameans Suryoye,1972,0
Arameans Suryoye,1973,0
Arameans Suryoye,1974,0
Arameans Suryoye,1975,0
Arameans Suryoye,1976,0
Arameans Suryoye,1977,0
Arameans Suryoye,1978,0
Arameans Suryoye,1979,0
Arameans Suryoye,1980,0
Arameans Suryoye,1981,0
Arameans Suryoye,1982,0
Arameans Suryoye,1983,0
Arameans Suryoye,1984,0
Arameans Suryoye,1985,0
Arameans Suryoye,1986,0
Arameans Suryoye,1987,0
Arameans Suryoye,1988,0
Arameans Suryoye,1989,0
Arameans Suryoye,1990,0
Arameans Suryoye,1991,0
Arameans Suryoye,1992,0
Arameans Suryoye,1993,0
Arameans Suryoye,1994,0
Arameans Suryoye,1995,0
Arameans Suryoye,1996,0
Arameans Suryoye,1997,0
Arameans Suryoye,1998,0
Arameans Suryoye,1999,0
Arameans Suryoye,2000,0
Arameans Suryoye,2001,0
Arameans Suryoye,2002,0
Arameans Suryoye,2003,0
Arameans Suryoye,2004,0
Arameans Suryoye,2005,0
Arameans Suryoye,2006,0
Arameans Suryoye,2007,0
Arameans Suryoye,2008,2
Arameans Suryoye,2009,2
Arameans Suryoye,2010,2
Arameans Suryoye,2011,2
Arameans Suryoye,2012,2
Arameans Suryoye,2013,2
Arameans Suryoye,2014,5
Arameans Suryoye,2015,5
Arameans Suryoye,2016,5
Arameans Suryoye,2017,5
Arameans Suryoye,2018,5
Arameans Suryoye,2019,5
Arameans Suryoye,2020,5
Arameans Suryoye,2021,5
Arameans Suryoye,2022,5
Arameans Suryoye,2023,5
Arameans Suryoye,2024,5
Arameans Suryoye,2025,5
Arameans Suryoye,2026,5
Argentina,1873,0
Argentina,1874,0
Argentina,1875,0
Argentina,1876,0
Argentina,1877,0
Argentina,1878,0
Argentina,1879,0
Argentina,1880,0
Argentina,1881,0
Argentina,1882,0
Argentina,1883,0
Argentina,1884,0
Argentina,1885,0
Argentina,1886,0
Argentina,1887,0
Argentina,1888,0
Argentina,1889,0
Argentina,1890,0
Argentina,1891,0
Argentina,1892,0
Argentina,1893,0
Argentina,1894,0
Argentina,1895,0
Argentina,1896,0
Argentina,1897,0
Argentina,1898,0
Argentina,1899,0
Argentina,1900,0
Argentina,1901,0
Argentina,1902,1
Argentina,1903,1
Argentina,1904,1
Argentina,1905,1
Argentina,1906,3
Argentina,1907,3
Argentina,1908,4
Argentina,1909,6
Argentina,1910,10
Argentina,1911,12
Argentina,1912,13
Argentina,1913,17
Argentina,1914,19
Argentina,1915,21
Argentina,1916,27
Argentina,1917,31
Argentina,1918,33
Argentina,1919,39
Argentina,1920,41
Argentina,1921,44
Argentina,1922,49
Argentina,1923,54
Argentina,1924,58
Argentina,1925,61
Argentina,1926,65
Argentina,1927,69
Argentina,1928,73
Argentina,1929,77
Argentina,1930,82
Argentina,1931,84
Argentina,1932,85
Argentina,1933,87
Argentina,1934,88
Argentina,1935,91
Argentina,1936,93
Argentina,1937,99
Argentina,1938,101
Argentina,1939,103
Argentina,1940,111
Argentina,1941,118
Argentina,1942,123
Argentina,1943,125
Argentina,1944,125
Argentina,1945,135
Argentina,1946,140
Argentina,1947,146
Argentina,1948,146
Argentina,1949,146
Argentina,1950,147
Argentina,1951,148
Argentina,1952,150
Argentina,1953,152
Argentina,1954,153
Argentina,1955,157
Argentina,1956,167
Argentina,1957,177
Argentina,1958,180
Argentina,1959,187
Argentina,1960,197
Argentina,1961,199
Argentina,1962,203
Argentina,1963,208
Argentina,1964,213
Argentina,1965,217
Argentina,1966,219
Argentina,1967,223
Argentina,1968,226
Argentina,1969,228
Argentina,1970,230
Argentina,1971,234
Argentina,1972,239
Argentina,1973,245
Argentina,1974,249
Argentina,1975,253
Argentina,1976,261
Argentina,1977,266
Argentina,1978,276
Argentina,1979,279
Argentina,1980,285
Argentina,1981,286
Argentina,1982,290
Argentina,1983,292
Argentina,1984,296
Argentina,1985,301
Argentina,1986,307
Argentina,1987,309
Argentina,1988,310
Argentina,1989,312
Argentina,1990,315
Argentina,1991,323
Argentina,1992,329
Argentina,1993,336
Argentina,1994,342
Argentina,1995,350
Argentina,1996,352
Argentina,1997,359
Argentina,1998,369
Argentina,1999,376
Argentina,2000,385
Argentina,2001,391
Argentina,2002,394
Argentina,2003,403
Argentina,2004,415
Argentina,2005,423
Argentina,2006,427
Argentina,2007,438
Argentina,2008,443
Argentina,2009,451
Argentina,2010,463
Argentina,2011,472
Argentina,2012,480
Argentina,2013,487
Argentina,2014,497
Argentina,2015,505
Argentina,2016,514
Argentina,2017,519
Argentina,2018,526
Argentina,2019,534
Argentina,2020,537
Argentina,2021,547
Argentina,2022,559
Argentina,2023,568
Argentina,2024,580
Argentina,2025,587
Argentina,2026,602
Armenia,1873,0
Armenia,1874,0
Armenia,1875,0
Armenia,1876,0
Armenia,1877,0
Armenia,1878,0
Armenia,1879,0
Armenia,1880,0
Armenia,1881,0
Armenia,1882,0
Armenia,1883,0
Armenia,1884,0
Armenia,1885,0
Armenia,1886,0
Armenia,1887,0
Armenia,1888,0
Armenia,1889,0
Armenia,1890,0
Armenia,1891,0
Armenia,1892,0
Armenia,1893,0
Armenia,1894,0
Armenia,1895,0
Armenia,1896,0
Armenia,1897,0
Armenia,1898,0
Armenia,1899,0
Armenia,1900,0
Armenia,1901,0
Armenia,1902,0
Armenia,1903,0
Armenia,1904,0
Armenia,1905,0
Armenia,1906,0
Armenia,1907,0
Armenia,1908,0
Armenia,1909,0
Armenia,1910,0
Armenia,1911,0
Armenia,1912,0
Armenia,1913,0
Armenia,1914,0
Armenia,1915,0
Armenia,1916,0
Armenia,1917,0
Armenia,1918,0
Armenia,1919,0
Armenia,1920,0
Armenia,1921,0
Armenia,1922,0
Armenia,1923,0
Armenia,1924,0
Armenia,1925,0
Armenia,1926,0
Armenia,1927,0
Armenia,1928,0
Armenia,1929,0
Armenia,1930,0
Armenia,1931,0
Armenia,1932,0
Armenia,1933,0
Armenia,1934,0
Armenia,1935,0
Armenia,1936,0
Armenia,1937,0
Armenia,1938,0
Armenia,1939,0
Armenia,1940,0
Armenia,1941,0
Armenia,1942,0
Armenia,1943,0
Armenia,1944,0
Armenia,1945,0
Armenia,1946,0
Armenia,1947,0
Armenia,1948,0
Armenia,1949,0
Armenia,1950,0
Armenia,1951,0
Armenia,1952,0
Armenia,1953,0
Armenia,1954,0
Armenia,1955,0
Armenia,1956,0
Armenia,1957,0
Armenia,1958,0
Armenia,1959,0
Armenia,1960,0
Armenia,1961,0
Armenia,1962,0
Armenia,1963,0
Armenia,1964,0
Armenia,1965,0
Armenia,1966,0
Armenia,1967,0
Armenia,1968,0
Armenia,1969,0
Armenia,1970,0
Armenia,1971,0
Armenia,1972,0
Armenia,1973,0
Armenia,1974,0
Armenia,1975,0
Armenia,1976,0
Armenia,1977,0
Armenia,1978,0
Armenia,1979,0
Armenia,1980,0
Armenia,1981,0
Armenia,1982,0
Armenia,1983,0
Armenia,1984,0
Armenia,1985,0
Armenia,1986,0
Armenia,1987,0
Armenia,1988,0
Armenia,1989,0
Armenia,1990,0
Armenia,1991,0
Armenia,1992,0
Armenia,1993,0
Armenia,1994,1
Armenia,1995,2
Armenia,1996,3
Armenia,1997,4
Armenia,1998,7
Armenia,1999,8
Armenia,2000,9
Armenia,2001,10
Armenia,2002,11
Armenia,2003,13
Armenia,2004,15
Armenia,2005,17
Armenia,2006,17
Armenia,2007,20
Armenia,2008,23
Armenia,2009,24
Armenia,2010,27
Armenia,2011,30
Armenia,2012,34
Armenia,2013,37
Armenia,2014,38
Armenia,2015,38
Armenia,2016,41
Armenia,2017,45
Armenia,2018,48
Armenia,2019,51
Armenia,2020,54
Armenia,2021,57
Armenia,2022,59
Armenia,2023,61
Armenia,2024,64
Armenia,2025,65
Armenia,2026,66
Artsakh,1873,0
Artsakh,1874,0
Artsakh,1875,0
Artsakh,1876,0
Artsakh,1877,0
Artsakh,1878,0
Artsakh,1879,0
Artsakh,1880,0
Artsakh,1881,0
Artsakh,1882,0
Artsakh,1883,0
Artsakh,1884,0
Artsakh,1885,0
Artsakh,1886,0
Artsakh,1887,0
Artsakh,1888,0
Artsakh,1889,0
Artsakh,1890,0
Artsakh,1891,0
Artsakh,1892,0
Artsakh,1893,0
Artsakh,1894,0
Artsakh,1895,0
Artsakh,1896,0
Artsakh,1897,0
Artsakh,1898,0
Artsakh,1899,0
Artsakh,1900,0
Artsakh,1901,0
Artsakh,1902,0
Artsakh,1903,0
Artsakh,1904,0
Artsakh,1905,0
Artsakh,1906,0
Artsakh,1907,0
Artsakh,1908,0
Artsakh,1909,0
Artsakh,1910,0
Artsakh,1911,0
Artsakh,1912,0
Artsakh,1913,0
Artsakh,1914,0
Artsakh,1915,0
Artsakh,1916,0
Artsakh,1917,0
Artsakh,1918,0
Artsakh,1919,0
Artsakh,1920,0
Artsakh,1921,0
Artsakh,1922,0
Artsakh,1923,0
Artsakh,1924,0
Artsakh,1925,0
Artsakh,1926,0
Artsakh,1927,0
Artsakh,1928,0
Artsakh,1929,0
Artsakh,1930,0
Artsakh,1931,0
Artsakh,1932,0
Artsakh,1933,0
Artsakh,1934,0
Artsakh,1935,0
Artsakh,1936,0
Artsakh,1937,0
Artsakh,1938,0
Artsakh,1939,0
Artsakh,1940,0
Artsakh,1941,0
Artsakh,1942,0
Artsakh,1943,0
Artsakh,1944,0
Artsakh,1945,0
Artsakh,1946,0
Artsakh,1947,0
Artsakh,1948,0
Artsakh,1949,0
Artsakh,1950,0
Artsakh,1951,0
Artsakh,1952,0
Artsakh,1953,0
Artsakh,1954,0
Artsakh,1955,0
Artsakh,1956,0
Artsakh,1957,0
Artsakh,1958,0
Artsakh,1959,0
Artsakh,1960,0
Artsakh,1961,0
Artsakh,1962,0
Artsakh,1963,0
Artsakh,1964,0
Artsakh,1965,0
Artsakh,1966,0
Artsakh,1967,0
Artsakh,1968,0
Artsakh,1969,0
Artsakh,1970,0
Artsakh,1971,0
Artsakh,1972,0
Artsakh,1973,0
Artsakh,1974,0
Artsakh,1975,0
Artsakh,1976,0
Artsakh,1977,0
Artsakh,1978,0
Artsakh,1979,0
Artsakh,1980,0
Artsakh,1981,0
Artsakh,1982,0
Artsakh,1983,0
Artsakh,1984,0
Artsakh,1985,0
Artsakh,1986,0
Artsakh,1987,0
Artsakh,1988,0
Artsakh,1989,0
Artsakh,1990,0
Artsakh,1991,0
Artsakh,1992,0
Artsakh,1993,0
Artsakh,1994,0
Artsakh,1995,0
Artsakh,1996,0
Artsakh,1997,0
Artsakh,1998,0
Artsakh,1999,0
Artsakh,2000,0
Artsakh,2001,0
Artsakh,2002,0
Artsakh,2003,0
Artsakh,2004,0
Artsakh,2005,0
Artsakh,2006,0
Artsakh,2007,0
Artsakh,2008,0
Artsakh,2009,0
Artsakh,2010,0
Artsakh,2011,0
Artsakh,2012,1
Artsakh,2013,1
Artsakh,2014,3
Artsakh,2015,3
Artsakh,2016,3
Artsakh,2017,3
Artsakh,2018,3
Artsakh,2019,6
Artsakh,2020,6
Artsakh,2021,6
Artsakh,2022,6
Artsakh,2023,6
Artsakh,2024,6
Artsakh,2025,6
Artsakh,2026,6
Aruba,1873,0
Aruba,1874,0
Aruba,1875,0
Aruba,1876,0
Aruba,1877,0
Aruba,1878,0
Aruba,1879,0
Aruba,1880,0
Aruba,1881,0
Aruba,1882,0
Aruba,1883,0
Aruba,1884,0
Aruba,1885,0
Aruba,1886,0
Aruba,1887,0
Aruba,1888,0
Aruba,1889,0
Aruba,1890,0
Aruba,1891,0
Aruba,1892,0
Aruba,1893,0
Aruba,1894,0
Aruba,1895,0
Aruba,1896,0
Aruba,1897,0
Aruba,1898,0
Aruba,1899,0
Aruba,1900,0
Aruba,1901,0
Aruba,1902,0
Aruba,1903,0
Aruba,1904,0
Aruba,1905,0
Aruba,1906,0
Aruba,1907,0
Aruba,1908,0
Aruba,1909,0
Aruba,1910,0
Aruba,1911,0
Aruba,1912,0
Aruba,1913,0
Aruba,1914,0
Aruba,1915,0
Aruba,1916,0
Aruba,1917,0
Aruba,1918,0
Aruba,1919,0
Aruba,1920,0
Aruba,1921,0
Aruba,1922,0
Aruba,1923,0
Aruba,1924,0
Aruba,1925,0
Aruba,1926,0
Aruba,1927,0
Aruba,1928,0
Aruba,1929,0
Aruba,1930,0
Aruba,1931,0
Aruba,1932,0
Aruba,1933,0
Aruba,1934,0
Aruba,1935,0
Aruba,1936,0
Aruba,1937,0
Aruba,1938,1
Aruba,1939,1
Aruba,1940,1
Aruba,1941,1
Aruba,1942,1
Aruba,1943,1
Aruba,1944,4
Aruba,1945,6
Aruba,1946,8
Aruba,1947,8
Aruba,1948,8
Aruba,1949,8
Aruba,1950,8
Aruba,1951,8
Aruba,1952,9
Aruba,1953,9
Aruba,1954,9
Aruba,1955,10
Aruba,1956,10
Aruba,1957,10
Aruba,1958,10
Aruba,1959,10
Aruba,1960,10
Aruba,1961,10
Aruba,1962,10
Aruba,1963,10
Aruba,1964,10
Aruba,1965,10
Aruba,1966,10
Aruba,1967,10
Aruba,1968,10
Aruba,1969,10
Aruba,1970,10
Aruba,1971,10
Aruba,1972,10
Aruba,1973,10
Aruba,1974,10
Aruba,1975,10
Aruba,1976,10
Aruba,1977,10
Aruba,1978,10
Aruba,1979,10
Aruba,1980,10
Aruba,1981,10
Aruba,1982,10
Aruba,1983,10
Aruba,1984,10
Aruba,1985,10
Aruba,1986,10
Aruba,1987,10
Aruba,1988,10
Aruba,1989,10
Aruba,1990,10
Aruba,1991,10
Aruba,1992,10
Aruba,1993,10
Aruba,1994,10
Aruba,1995,10
Aruba,1996,10
Aruba,1997,11
Aruba,1998,12
Aruba,1999,12
Aruba,2000,13
Aruba,2001,13
Aruba,2002,13
Aruba,2003,13
Aruba,2004,13
Aruba,2005,13
Aruba,2006,13
Aruba,2007,13
Aruba,2008,13
Aruba,2009,13
Aruba,2010,13
Aruba,2011,14
Aruba,2012,16
Aruba,2013,16
Aruba,2014,19
Aruba,2015,21
Aruba,2016,21
Aruba,2017,21
Aruba,2018,22
Aruba,2019,22
Aruba,2020,22
Aruba,2021,23
Aruba,2022,24
Aruba,2023,28
Aruba,2024,28
Aruba,2025,30
Aruba,2026,35
Asturias,1873,0
Asturias,1874,0
Asturias,1875,0
Asturias,1876,0
Asturias,1877,0
Asturias,1878,0
Asturias,1879,0
Asturias,1880,0
Asturias,1881,0
Asturias,1882,0
Asturias,1883,0
Asturias,1884,0
Asturias,1885,0
Asturias,1886,0
Asturias,1887,0
Asturias,1888,0
Asturias,1889,0
Asturias,1890,0
Asturias,1891,0
Asturias,1892,0
Asturias,1893,0
Asturias,1894,0
Asturias,1895,0
Asturias,1896,0
Asturias,1897,0
Asturias,1898,0
Asturias,1899,0
Asturias,1900,0
Asturias,1901,0
Asturias,1902,0
Asturias,1903,0
Asturias,1904,0
Asturias,1905,0
Asturias,1906,0
Asturias,1907,0
Asturias,1908,0
Asturias,1909,0
Asturias,1910,0
Asturias,1911,0
Asturias,1912,0
Asturias,1913,0
Asturias,1914,0
Asturias,1915,0
Asturias,1916,0
Asturias,1917,0
Asturias,1918,0
Asturias,1919,0
Asturias,1920,0
Asturias,1921,0
Asturias,1922,0
Asturias,1923,1
Asturias,1924,1
Asturias,1925,1
Asturias,1926,1
Asturias,1927,1
Asturias,1928,1
Asturias,1929,1
Asturias,1930,1
Asturias,1931,1
Asturias,1932,1
Asturias,1933,1
Asturias,1934,1
Asturias,1935,1
Asturias,1936,1
Asturias,1937,1
Asturias,1938,1
Asturias,1939,1
Asturias,1940,1
Asturias,1941,1
Asturias,1942,1
Asturias,1943,1
Asturias,1944,1
Asturias,1945,1
Asturias,1946,1
Asturias,1947,1
Asturias,1948,1
Asturias,1949,1
Asturias,1950,1
Asturias,1951,1
Asturias,1952,1
Asturias,1953,1
Asturias,1954,1
Asturias,1955,1
Asturias,1956,1
Asturias,1957,1
Asturias,1958,1
Asturias,1959,1
Asturias,1960,1
Asturias,1961,1
Asturias,1962,1
Asturias,1963,1
Asturias,1964,1
Asturias,1965,1
Asturias,1966,1
Asturias,1967,1
Asturias,1968,1
Asturias,1969,1
Asturias,1970,1
Asturias,1971,1
Asturias,1972,1
Asturias,1973,1
Asturias,1974,1
Asturias,1975,1
Asturias,1976,1
Asturias,1977,1
Asturias,1978,1
Asturias,1979,1
Asturias,1980,1
Asturias,1981,1
Asturias,1982,1
Asturias,1983,1
Asturias,1984,1
Asturias,1985,1
Asturias,1986,1
Asturias,1987,1
Asturias,1988,1
Asturias,1989,1
Asturias,1990,1
Asturias,1991,1
Asturias,1992,1
Asturias,1993,1
Asturias,1994,1
Asturias,1995,1
Asturias,1996,1
Asturias,1997,1
Asturias,1998,1
Asturias,1999,1
Asturias,2000,1
Asturias,2001,1
Asturias,2002,1
Asturias,2003,1
Asturias,2004,1
Asturias,2005,1
Asturias,2006,1
Asturias,2007,1
Asturias,2008,1
Asturias,2009,1
Asturias,2010,1
Asturias,2011,1
Asturias,2012,1
Asturias,2013,1
Asturias,2014,1
Asturias,2015,1
Asturias,2016,1
Asturias,2017,1
Asturias,2018,1
Asturias,2019,1
Asturias,2020,1
Asturias,2021,1
Asturias,2022,1
Asturias,2023,1
Asturias,2024,1
Asturias,2025,1
Asturias,2026,1
Australia,1873,0
Australia,1874,0
Australia,1875,0
Australia,1876,0
Australia,1877,0
Australia,1878,0
Australia,1879,0
Australia,1880,0
Australia,1881,0
Australia,1882,0
Australia,1883,0
Australia,1884,0
Australia,1885,0
Australia,1886,0
Australia,1887,0
Australia,1888,0
Australia,1889,0
Australia,1890,0
Australia,1891,0
Australia,1892,0
Australia,1893,0
Australia,1894,0
Australia,1895,0
Australia,1896,0
Australia,1897,0
Australia,1898,0
Australia,1899,0
Australia,1900,0
Australia,1901,0
Australia,1902,0
Australia,1903,0
Australia,1904,0
Australia,1905,0
Australia,1906,0
Australia,1907,0
Australia,1908,0
Australia,1909,0
Australia,1910,0
Australia,1911,0
Australia,1912,0
Australia,1913,0
Australia,1914,0
Australia,1915,0
Australia,1916,0
Australia,1917,0
Australia,1918,0
Australia,1919,0
Australia,1920,0
Australia,1921,0
Australia,1922,0
Australia,1923,1
Australia,1924,4
Australia,1925,4
Australia,1926,4
Australia,1927,4
Australia,1928,4
Australia,1929,4
Australia,1930,4
Australia,1931,4
Australia,1932,4
Australia,1933,7
Australia,1934,7
Australia,1935,7
Australia,1936,10
Australia,1937,10
Australia,1938,13
Australia,1939,13
Australia,1940,13
Australia,1941,13
Australia,1942,13
Australia,1943,13
Australia,1944,13
Australia,1945,13
Australia,1946,13
Australia,1947,14
Australia,1948,18
Australia,1949,18
Australia,1950,22
Australia,1951,22
Australia,1952,22
Australia,1953,22
Australia,1954,24
Australia,1955,24
Australia,1956,24
Australia,1957,24
Australia,1958,25
Australia,1959,25
Australia,1960,25
Australia,1961,25
Australia,1962,25
Australia,1963,25
Australia,1964,25
Australia,1965,28
Australia,1966,28
Australia,1967,33
Australia,1968,34
Australia,1969,37
Australia,1970,41
Australia,1971,42
Australia,1972,47
Australia,1973,52
Australia,1974,53
Australia,1975,54
Australia,1976,59
Australia,1977,66
Australia,1978,66
Australia,1979,66
Australia,1980,71
Australia,1981,75
Australia,1982,77
Australia,1983,78
Australia,1984,78
Australia,1985,83
Australia,1986,85
Australia,1987,86
Australia,1988,91
Australia,1989,92
Australia,1990,93
Australia,1991,95
Australia,1992,105
Australia,1993,109
Australia,1994,111
Australia,1995,115
Australia,1996,120
Australia,1997,133
Australia,1998,137
Australia,1999,137
Australia,2000,145
Australia,2001,155
Australia,2002,159
Australia,2003,161
Australia,2004,168
Australia,2005,175
Australia,2006,181
Australia,2007,185
Australia,2008,193
Australia,2009,199
Australia,2010,205
Australia,2011,217
Australia,2012,224
Australia,2013,228
Australia,2014,229
Australia,2015,239
Australia,2016,244
Australia,2017,249
Australia,2018,254
Australia,2019,260
Australia,2020,260
Australia,2021,267
Australia,2022,274
Australia,2023,278
Australia,2024,287
Australia,2025,294
Australia,2026,297
Austria,1873,0
Austria,1874,0
Austria,1875,0
Austria,1876,0
Austria,1877,0
Austria,1878,0
Austria,1879,0
Austria,1880,0
Austria,1881,0
Austria,1882,0
Austria,1883,0
Austria,1884,0
Austria,1885,0
Austria,1886,0
Austria,1887,0
Austria,1888,0
Austria,1889,0
Austria,1890,0
Austria,1891,0
Austria,1892,0
Austria,1893,0
Austria,1894,0
Austria,1895,0
Austria,1896,0
Austria,1897,0
Austria,1898,0
Austria,1899,0
Austria,1900,0
Austria,1901,0
Austria,1902,1
Austria,1903,2
Austria,1904,3
Austria,1905,3
Austria,1906,3
Austria,1907,4
Austria,1908,6
Austria,1909,6
Austria,1910,7
Austria,1911,9
Austria,1912,13
Austria,1913,14
Austria,1914,15
Austria,1915,17
Austria,1916,19
Austria,1917,20
Austria,1918,21
Austria,1919,22
Austria,1920,24
Austria,1921,27
Austria,1922,29
Austria,1923,31
Austria,1924,37
Austria,1925,43
Austria,1926,49
Austria,1927,53
Austria,1928,58
Austria,1929,61
Austria,1930,62
Austria,1931,68
Austria,1932,74
Austria,1933,77
Austria,1934,84
Austria,1935,85
Austria,1936,89
Austria,1937,92
Austria,1938,92
Austria,1939,92
Austria,1940,92
Austria,1941,92
Austria,1942,92
Austria,1943,92
Austria,1944,92
Austria,1945,93
Austria,1946,94
Austria,1947,96
Austria,1948,100
Austria,1949,104
Austria,1950,109
Austria,1951,111
Austria,1952,113
Austria,1953,114
Austria,1954,120
Austria,1955,123
Austria,1956,124
Austria,1957,129
Austria,1958,131
Austria,1959,135
Austria,1960,140
Austria,1961,144
Austria,1962,146
Austria,1963,147
Austria,1964,150
Austria,1965,152
Austria,1966,154
Austria,1967,156
Austria,1968,157
Austria,1969,160
Austria,1970,161
Austria,1971,164
Austria,1972,167
Austria,1973,168
Austria,1974,171
Austria,1975,173
Austria,1976,178
Austria,1977,183
Austria,1978,189
Austria,1979,194
Austria,1980,198
Austria,1981,200
Austria,1982,208
Austria,1983,209
Austria,1984,212
Austria,1985,213
Austria,1986,216
Austria,1987,218
Austria,1988,221
Austria,1989,224
Austria,1990,228
Austria,1991,229
Austria,1992,231
Austria,1993,234
Austria,1994,236
Austria,1995,240
Austria,1996,245
Austria,1997,251
Austria,1998,255
Austria,1999,258
Austria,2000,260
Austria,2001,263
Austria,2002,266
Austria,2003,269
Austria,2004,271
Austria,2005,274
Austria,2006,277
Austria,2007,278
Austria,2008,280
Austria,2009,283
Austria,2010,286
Austria,2011,288
Austria,2012,292
Austria,2013,297
Austria,2014,301
Austria,2015,307
Austria,2016,310
Austria,2017,314
Austria,2018,321
Austria,2019,327
Austria,2020,333
Austria,2021,340
Austria,2022,343
Austria,2023,350
Austria,2024,358
Austria,2025,364
Austria,2026,370
Azerbaijan,1873,0
Azerbaijan,1874,0
Azerbaijan,1875,0
Azerbaijan,1876,0
Azerbaijan,1877,0
Azerbaijan,1878,0
Azerbaijan,1879,0
Azerbaijan,1880,0
Azerbaijan,1881,0
Azerbaijan,1882,0
Azerbaijan,1883,0
Azerbaijan,1884,0
Azerbaijan,1885,0
Azerbaijan,1886,0
Azerbaijan,1887,0
Azerbaijan,1888,0
Azerbaijan,1889,0
Azerbaijan,1890,0
Azerbaijan,1891,0
Azerbaijan,1892,0
Azerbaijan,1893,0
Azerbaijan,1894,0
Azerbaijan,1895,0
Azerbaijan,1896,0
Azerbaijan,1897,0
Azerbaijan,1898,0
Azerbaijan,1899,0
Azerbaijan,1900,0
Azerbaijan,1901,0
Azerbaijan,1902,0
Azerbaijan,1903,0
Azerbaijan,1904,0
Azerbaijan,1905,0
Azerbaijan,1906,0
Azerbaijan,1907,0
Azerbaijan,1908,0
Azerbaijan,1909,0
Azerbaijan,1910,0
Azerbaijan,1911,0
Azerbaijan,1912,0
Azerbaijan,1913,0
Azerbaijan,1914,0
Azerbaijan,1915,0
Azerbaijan,1916,0
Azerbaijan,1917,0
Azerbaijan,1918,0
Azerbaijan,1919,0
Azerbaijan,1920,0
Azerbaijan,1921,0
Azerbaijan,1922,0
Azerbaijan,1923,0
Azerbaijan,1924,0
Azerbaijan,1925,0
Azerbaijan,1926,0
Azerbaijan,1927,0
Azerbaijan,1928,0
Azerbaijan,1929,0
Azerbaijan,1930,0
Azerbaijan,1931,0
Azerbaijan,1932,0
Azerbaijan,1933,0
Azerbaijan,1934,0
Azerbaijan,1935,0
Azerbaijan,1936,0
Azerbaijan,1937,0
Azerbaijan,1938,0
Azerbaijan,1939,0
Azerbaijan,1940,0
Azerbaijan,1941,0
Azerbaijan,1942,0
Azerbaijan,1943,0
Azerbaijan,1944,0
Azerbaijan,1945,0
Azerbaijan,1946,0
Azerbaijan,1947,0
Azerbaijan,1948,0
Azerbaijan,1949,0
Azerbaijan,1950,0
Azerbaijan,1951,0
Azerbaijan,1952,0
Azerbaijan,1953,0
Azerbaijan,1954,0
Azerbaijan,1955,0
Azerbaijan,1956,0
Azerbaijan,1957,0
Azerbaijan,1958,0
Azerbaijan,1959,0
Azerbaijan,1960,0
Azerbaijan,1961,0
Azerbaijan,1962,0
Azerbaijan,1963,0
Azerbaijan,1964,0
Azerbaijan,1965,0
Azerbaijan,1966,0
Azerbaijan,1967,0
Azerbaijan,1968,0
Azerbaijan,1969,0
Azerbaijan,1970,0
Azerbaijan,1971,0
Azerbaijan,1972,0
Azerbaijan,1973,0
Azerbaijan,1974,0
Azerbaijan,1975,0
Azerbaijan,1976,0
Azerbaijan,1977,0
Azerbaijan,1978,0
Azerbaijan,1979,0
Azerbaijan,1980,0
Azerbaijan,1981,0
Azerbaijan,1982,0
Azerbaijan,1983,0
Azerbaijan,1984,0
Azerbaijan,1985,0
Azerbaijan,1986,0
Azerbaijan,1987,0
Azerbaijan,1988,0
Azerbaijan,1989,0
Azerbaijan,1990,0
Azerbaijan,1991,0
Azerbaijan,1992,0
Azerbaijan,1993,3
Azerbaijan,1994,3
Azerbaijan,1995,3
Azerbaijan,1996,5
Azerbaijan,1997,6
Azerbaijan,1998,11
Azerbaijan,1999,12
Azerbaijan,2000,12
Azerbaijan,2001,13
Azerbaijan,2002,14
Azerbaijan,2003,15
Azerbaijan,2004,17
Azerbaijan,2005,17
Azerbaijan,2006,17
Azerbaijan,2007,21
Azerbaijan,2008,23
Azerbaijan,2009,25
Azerbaijan,2010,28
Azerbaijan,2011,30
Azerbaijan,2012,32
Azerbaijan,2013,35
Azerbaijan,2014,36
Azerbaijan,2015,38
Azerbaijan,2016,40
Azerbaijan,2017,42
Azerbaijan,2018,46
Azerbaijan,2019,47
Azerbaijan,2020,48
Azerbaijan,2021,49
Azerbaijan,2022,54
Azerbaijan,2023,57
Azerbaijan,2024,59
Azerbaijan,2025,59
Azerbaijan,2026,63
Bahamas,1873,0
Bahamas,1874,0
Bahamas,1875,0
Bahamas,1876,0
Bahamas,1877,0
Bahamas,1878,0
Bahamas,1879,0
Bahamas,1880,0
Bahamas,1881,0
Bahamas,1882,0
Bahamas,1883,0
Bahamas,1884,0
Bahamas,1885,0
Bahamas,1886,0
Bahamas,1887,0
Bahamas,1888,0
Bahamas,1889,0
Bahamas,1890,0
Bahamas,1891,0
Bahamas,1892,0
Bahamas,1893,0
Bahamas,1894,0
Bahamas,1895,0
Bahamas,1896,0
Bahamas,1897,0
Bahamas,1898,0
Bahamas,1899,0
Bahamas,1900,0
Bahamas,1901,0
Bahamas,1902,0
Bahamas,1903,0
Bahamas,1904,0
Bahamas,1905,0
Bahamas,1906,0
Bahamas,1907,0
Bahamas,1908,0
Bahamas,1909,0
Bahamas,1910,0
Bahamas,1911,0
Bahamas,1912,0
Bahamas,1913,0
Bahamas,1914,0
Bahamas,1915,0
Bahamas,1916,0
Bahamas,1917,0
Bahamas,1918,0
Bahamas,1919,0
Bahamas,1920,0
Bahamas,1921,0
Bahamas,1922,0
Bahamas,1923,0
Bahamas,1924,0
Bahamas,1925,0
Bahamas,1926,0
Bahamas,1927,0
Bahamas,1928,0
Bahamas,1929,0
Bahamas,1930,0
Bahamas,1931,0
Bahamas,1932,0
Bahamas,1933,0
Bahamas,1934,0
Bahamas,1935,0
Bahamas,1936,0
Bahamas,1937,0
Bahamas,1938,0
Bahamas,1939,0
Bahamas,1940,0
Bahamas,1941,0
Bahamas,1942,0
Bahamas,1943,0
Bahamas,1944,0
Bahamas,1945,0
Bahamas,1946,0
Bahamas,1947,0
Bahamas,1948,0
Bahamas,1949,0
Bahamas,1950,0
Bahamas,1951,0
Bahamas,1952,0
Bahamas,1953,0
Bahamas,1954,0
Bahamas,1955,0
Bahamas,1956,0
Bahamas,1957,0
Bahamas,1958,0
Bahamas,1959,0
Bahamas,1960,0
Bahamas,1961,0
Bahamas,1962,0
Bahamas,1963,0
Bahamas,1964,0
Bahamas,1965,0
Bahamas,1966,0
Bahamas,1967,0
Bahamas,1968,0
Bahamas,1969,0
Bahamas,1970,0
Bahamas,1971,0
Bahamas,1972,0
Bahamas,1973,0
Bahamas,1974,0
Bahamas,1975,0
Bahamas,1976,0
Bahamas,1977,0
Bahamas,1978,0
Bahamas,1979,0
Bahamas,1980,0
Bahamas,1981,0
Bahamas,1982,0
Bahamas,1983,0
Bahamas,1984,0
Bahamas,1985,0
Bahamas,1986,0
Bahamas,1987,0
Bahamas,1988,0
Bahamas,1989,0
Bahamas,1990,0
Bahamas,1991,0
Bahamas,1992,0
Bahamas,1993,0
Bahamas,1994,0
Bahamas,1995,0
Bahamas,1996,0
Bahamas,1997,0
Bahamas,1998,0
Bahamas,1999,1
Bahamas,2000,3
Bahamas,2001,3
Bahamas,2002,3
Bahamas,2003,3
Bahamas,2004,3
Bahamas,2005,3
Bahamas,2006,5
Bahamas,2007,5
Bahamas,2008,5
Bahamas,2009,5
Bahamas,2010,5
Bahamas,2011,7
Bahamas,2012,7
Bahamas,2013,7
Bahamas,2014,7
Bahamas,2015,7
Bahamas,2016,7
Bahamas,2017,7
Bahamas,2018,7
Bahamas,2019,11
Bahamas,2020,11
Bahamas,2021,11
Bahamas,2022,13
Bahamas,2023,13
Bahamas,2024,14
Bahamas,2025,14
Bahamas,2026,14
Bahrain,1873,0
Bahrain,1874,0
Bahrain,1875,0
Bahrain,1876,0
Bahrain,1877,0
Bahrain,1878,0
Bahrain,1879,0
Bahrain,1880,0
Bahrain,1881,0
Bahrain,1882,0
Bahrain,1883,0
Bahrain,1884,0
Bahrain,1885,0
Bahrain,1886,0
Bahrain,1887,0
Bahrain,1888,0
Bahrain,1889,0
Bahrain,1890,0
Bahrain,1891,0
Bahrain,1892,0
Bahrain,1893,0
Bahrain,1894,0
Bahrain,1895,0
Bahrain,1896,0
Bahrain,1897,0
Bahrain,1898,0
Bahrain,1899,0
Bahrain,1900,0
Bahrain,1901,0
Bahrain,1902,0
Bahrain,1903,0
Bahrain,1904,0
Bahrain,1905,0
Bahrain,1906,0
Bahrain,1907,0
Bahrain,1908,0
Bahrain,1909,0
Bahrain,1910,0
Bahrain,1911,0
Bahrain,1912,0
Bahrain,1913,0
Bahrain,1914,0
Bahrain,1915,0
Bahrain,1916,0
Bahrain,1917,0
Bahrain,1918,0
Bahrain,1919,0
Bahrain,1920,0
Bahrain,1921,0
Bahrain,1922,0
Bahrain,1923,0
Bahrain,1924,0
Bahrain,1925,0
Bahrain,1926,0
Bahrain,1927,0
Bahrain,1928,0
Bahrain,1929,0
Bahrain,1930,0
Bahrain,1931,0
Bahrain,1932,0
Bahrain,1933,0
Bahrain,1934,0
Bahrain,1935,0
Bahrain,1936,0
Bahrain,1937,0
Bahrain,1938,0
Bahrain,1939,0
Bahrain,1940,0
Bahrain,1941,0
Bahrain,1942,0
Bahrain,1943,0
Bahrain,1944,0
Bahrain,1945,0
Bahrain,1946,0
Bahrain,1947,0
Bahrain,1948,0
Bahrain,1949,0
Bahrain,1950,0
Bahrain,1951,0
Bahrain,1952,0
Bahrain,1953,0
Bahrain,1954,0
Bahrain,1955,0
Bahrain,1956,0
Bahrain,1957,0
Bahrain,1958,0
Bahrain,1959,0
Bahrain,1960,0
Bahrain,1961,0
Bahrain,1962,0
Bahrain,1963,0
Bahrain,1964,0
Bahrain,1965,0
Bahrain,1966,0
Bahrain,1967,0
Bahrain,1968,0
Bahrain,1969,0
Bahrain,1970,1
Bahrain,1971,3
Bahrain,1972,5
Bahrain,1973,5
Bahrain,1974,6
Bahrain,1975,6
Bahrain,1976,9
Bahrain,1977,10
Bahrain,1978,10
Bahrain,1979,12
Bahrain,1980,12
Bahrain,1981,14
Bahrain,1982,17
Bahrain,1983,17
Bahrain,1984,18
Bahrain,1985,22
Bahrain,1986,27
Bahrain,1987,27
Bahrain,1988,32
Bahrain,1989,32
Bahrain,1990,33
Bahrain,1991,33
Bahrain,1992,36
Bahrain,1993,39
Bahrain,1994,41
Bahrain,1995,41
Bahrain,1996,42
Bahrain,1997,44
Bahrain,1998,46
Bahrain,1999,46
Bahrain,2000,50
Bahrain,2001,60
Bahrain,2002,65
Bahrain,2003,72
Bahrain,2004,85
Bahrain,2005,89
Bahrain,2006,90
Bahrain,2007,95
Bahrain,2008,106
Bahrain,2009,119
Bahrain,2010,124
Bahrain,2011,128
Bahrain,2012,134
Bahrain,2013,140
Bahrain,2014,143
Bahrain,2015,148
Bahrain,2016,152
Bahrain,2017,157
Bahrain,2018,162
Bahrain,2019,170
Bahrain,2020,173
Bahrain,2021,181
Bahrain,2022,190
Bahrain,2023,196
Bahrain,2024,204
Bahrain,2025,207
Bahrain,2026,207
Bangladesh,1873,0
Bangladesh,1874,0
Bangladesh,1875,0
Bangladesh,1876,0
Bangladesh,1877,0
Bangladesh,1878,0
Bangladesh,1879,0
Bangladesh,1880,0
Bangladesh,1881,0
Bangladesh,1882,0
Bangladesh,1883,0
Bangladesh,1884,0
Bangladesh,1885,0
Bangladesh,1886,0
Bangladesh,1887,0
Bangladesh,1888,0
Bangladesh,1889,0
Bangladesh,1890,0
Bangladesh,1891,0
Bangladesh,1892,0
Bangladesh,1893,0
Bangladesh,1894,0
Bangladesh,1895,0
Bangladesh,1896,0
Bangladesh,1897,0
Bangladesh,1898,0
Bangladesh,1899,0
Bangladesh,1900,0
Bangladesh,1901,0
Bangladesh,1902,0
Bangladesh,1903,0
Bangladesh,1904,0
Bangladesh,1905,0
Bangladesh,1906,0
Bangladesh,1907,0
Bangladesh,1908,0
Bangladesh,1909,0
Bangladesh,1910,0
Bangladesh,1911,0
Bangladesh,1912,0
Bangladesh,1913,0
Bangladesh,1914,0
Bangladesh,1915,0
Bangladesh,1916,0
Bangladesh,1917,0
Bangladesh,1918,0
Bangladesh,1919,0
Bangladesh,1920,0
Bangladesh,1921,0
Bangladesh,1922,0
Bangladesh,1923,0
Bangladesh,1924,0
Bangladesh,1925,0
Bangladesh,1926,0
Bangladesh,1927,0
Bangladesh,1928,0
Bangladesh,1929,0
Bangladesh,1930,0
Bangladesh,1931,0
Bangladesh,1932,0
Bangladesh,1933,0
Bangladesh,1934,0
Bangladesh,1935,0
Bangladesh,1936,0
Bangladesh,1937,0
Bangladesh,1938,0
Bangladesh,1939,0
Bangladesh,1940,0
Bangladesh,1941,0
Bangladesh,1942,0
Bangladesh,1943,0
Bangladesh,1944,0
Bangladesh,1945,0
Bangladesh,1946,0
Bangladesh,1947,0
Bangladesh,1948,0
Bangladesh,1949,0
Bangladesh,1950,0
Bangladesh,1951,0
Bangladesh,1952,0
Bangladesh,1953,0
Bangladesh,1954,0
Bangladesh,1955,0
Bangladesh,1956,0
Bangladesh,1957,0
Bangladesh,1958,0
Bangladesh,1959,0
Bangladesh,1960,0
Bangladesh,1961,0
Bangladesh,1962,0
Bangladesh,1963,0
Bangladesh,1964,0
Bangladesh,1965,0
Bangladesh,1966,0
Bangladesh,1967,0
Bangladesh,1968,0
Bangladesh,1969,0
Bangladesh,1970,0
Bangladesh,1971,0
Bangladesh,1972,0
Bangladesh,1973,1
Bangladesh,1974,1
Bangladesh,1975,1
Bangladesh,1976,1
Bangladesh,1977,1
Bangladesh,1978,1
Bangladesh,1979,2
Bangladesh,1980,2
Bangladesh,1981,2
Bangladesh,1982,3
Bangladesh,1983,4
Bangladesh,1984,8
Bangladesh,1985,13
Bangladesh,1986,15
Bangladesh,1987,16
Bangladesh,1988,16
Bangladesh,1989,18
Bangladesh,1990,18
Bangladesh,1991,20
Bangladesh,1992,20
Bangladesh,1993,23
Bangladesh,1994,23
Bangladesh,1995,27
Bangladesh,1996,27
Bangladesh,1997,28
Bangladesh,1998,28
Bangladesh,1999,34
Bangladesh,2000,34
Bangladesh,2001,36
Bangladesh,2002,36
Bangladesh,2003,40
Bangladesh,2004,40
Bangladesh,2005,44
Bangladesh,2006,46
Bangladesh,2007,46
Bangladesh,2008,46
Bangladesh,2009,50
Bangladesh,2010,51
Bangladesh,2011,54
Bangladesh,2012,54
Bangladesh,2013,56
Bangladesh,2014,57
Bangladesh,2015,60
Bangladesh,2016,61
Bangladesh,2017,61
Bangladesh,2018,64
Bangladesh,2019,68
Bangladesh,2020,70
Bangladesh,2021,72
Bangladesh,2022,73
Bangladesh,2023,78
Bangladesh,2024,80
Bangladesh,2025,82
Bangladesh,2026,83
Barawa,1873,0
Barawa,1874,0
Barawa,1875,0
Barawa,1876,0
Barawa,1877,0
Barawa,1878,0
Barawa,1879,0
Barawa,1880,0
Barawa,1881,0
Barawa,1882,0
Barawa,1883,0
Barawa,1884,0
Barawa,1885,0
Barawa,1886,0
Barawa,1887,0
Barawa,1888,0
Barawa,1889,0
Barawa,1890,0
Barawa,1891,0
Barawa,1892,0
Barawa,1893,0
Barawa,1894,0
Barawa,1895,0
Barawa,1896,0
Barawa,1897,0
Barawa,1898,0
Barawa,1899,0
Barawa,1900,0
Barawa,1901,0
Barawa,1902,0
Barawa,1903,0
Barawa,1904,0
Barawa,1905,0
Barawa,1906,0
Barawa,1907,0
Barawa,1908,0
Barawa,1909,0
Barawa,1910,0
Barawa,1911,0
Barawa,1912,0
Barawa,1913,0
Barawa,1914,0
Barawa,1915,0
Barawa,1916,0
Barawa,1917,0
Barawa,1918,0
Barawa,1919,0
Barawa,1920,0
Barawa,1921,0
Barawa,1922,0
Barawa,1923,0
Barawa,1924,0
Barawa,1925,0
Barawa,1926,0
Barawa,1927,0
Barawa,1928,0
Barawa,1929,0
Barawa,1930,0
Barawa,1931,0
Barawa,1932,0
Barawa,1933,0
Barawa,1934,0
Barawa,1935,0
Barawa,1936,0
Barawa,1937,0
Barawa,1938,0
Barawa,1939,0
Barawa,1940,0
Barawa,1941,0
Barawa,1942,0
Barawa,1943,0
Barawa,1944,0
Barawa,1945,0
Barawa,1946,0
Barawa,1947,0
Barawa,1948,0
Barawa,1949,0
Barawa,1950,0
Barawa,1951,0
Barawa,1952,0
Barawa,1953,0
Barawa,1954,0
Barawa,1955,0
Barawa,1956,0
Barawa,1957,0
Barawa,1958,0
Barawa,1959,0
Barawa,1960,0
Barawa,1961,0
Barawa,1962,0
Barawa,1963,0
Barawa,1964,0
Barawa,1965,0
Barawa,1966,0
Barawa,1967,0
Barawa,1968,0
Barawa,1969,0
Barawa,1970,0
Barawa,1971,0
Barawa,1972,0
Barawa,1973,0
Barawa,1974,0
Barawa,1975,0
Barawa,1976,0
Barawa,1977,0
Barawa,1978,0
Barawa,1979,0
Barawa,1980,0
Barawa,1981,0
Barawa,1982,0
Barawa,1983,0
Barawa,1984,0
Barawa,1985,0
Barawa,1986,0
Barawa,1987,0
Barawa,1988,0
Barawa,1989,0
Barawa,1990,0
Barawa,1991,0
Barawa,1992,0
Barawa,1993,0
Barawa,1994,0
Barawa,1995,0
Barawa,1996,0
Barawa,1997,0
Barawa,1998,0
Barawa,1999,0
Barawa,2000,0
Barawa,2001,0
Barawa,2002,0
Barawa,2003,0
Barawa,2004,0
Barawa,2005,0
Barawa,2006,0
Barawa,2007,0
Barawa,2008,0
Barawa,2009,0
Barawa,2010,0
Barawa,2011,0
Barawa,2012,0
Barawa,2013,0
Barawa,2014,0
Barawa,2015,0
Barawa,2016,0
Barawa,2017,0
Barawa,2018,3
Barawa,2019,3
Barawa,2020,3
Barawa,2021,3
Barawa,2022,3
Barawa,2023,3
Barawa,2024,3
Barawa,2025,3
Barawa,2026,3
Barbados,1873,0
Barbados,1874,0
Barbados,1875,0
Barbados,1876,0
Barbados,1877,0
Barbados,1878,0
Barbados,1879,0
Barbados,1880,0
Barbados,1881,0
Barbados,1882,0
Barbados,1883,0
Barbados,1884,0
Barbados,1885,0
Barbados,1886,0
Barbados,1887,0
Barbados,1888,0
Barbados,1889,0
Barbados,1890,0
Barbados,1891,0
Barbados,1892,0
Barbados,1893,0
Barbados,1894,0
Barbados,1895,0
Barbados,1896,0
Barbados,1897,0
Barbados,1898,0
Barbados,1899,0
Barbados,1900,0
Barbados,1901,0
Barbados,1902,0
Barbados,1903,0
Barbados,1904,0
Barbados,1905,0
Barbados,1906,0
Barbados,1907,0
Barbados,1908,0
Barbados,1909,0
Barbados,1910,0
Barbados,1911,0
Barbados,1912,0
Barbados,1913,0
Barbados,1914,0
Barbados,1915,0
Barbados,1916,0
Barbados,1917,0
Barbados,1918,0
Barbados,1919,0
Barbados,1920,0
Barbados,1921,0
Barbados,1922,0
Barbados,1923,0
Barbados,1924,0
Barbados,1925,0
Barbados,1926,0
Barbados,1927,0
Barbados,1928,0
Barbados,1929,3
Barbados,1930,3
Barbados,1931,4
Barbados,1932,5
Barbados,1933,5
Barbados,1934,5
Barbados,1935,5
Barbados,1936,5
Barbados,1937,5
Barbados,1938,5
Barbados,1939,5
Barbados,1940,5
Barbados,1941,5
Barbados,1942,5
Barbados,1943,5
Barbados,1944,5
Barbados,1945,5
Barbados,1946,5
Barbados,1947,5
Barbados,1948,5
Barbados,1949,5
Barbados,1950,5
Barbados,1951,8
Barbados,1952,8
Barbados,1953,8
Barbados,1954,8
Barbados,1955,8
Barbados,1956,8
Barbados,1957,8
Barbados,1958,8
Barbados,1959,9
Barbados,1960,9
Barbados,1961,9
Barbados,1962,9
Barbados,1963,9
Barbados,1964,9
Barbados,1965,9
Barbados,1966,9
Barbados,1967,9
Barbados,1968,9
Barbados,1969,9
Barbados,1970,9
Barbados,1971,9
Barbados,1972,9
Barbados,1973,10
Barbados,1974,10
Barbados,1975,11
Barbados,1976,12
Barbados,1977,12
Barbados,1978,14
Barbados,1979,14
Barbados,1980,14
Barbados,1981,14
Barbados,1982,15
Barbados,1983,16
Barbados,1984,16
Barbados,1985,17
Barbados,1986,17
Barbados,1987,18
Barbados,1988,18
Barbados,1989,20
Barbados,1990,25
Barbados,1991,25
Barbados,1992,27
Barbados,1993,29
Barbados,1994,30
Barbados,1995,32
Barbados,1996,35
Barbados,1997,37
Barbados,1998,38
Barbados,1999,41
Barbados,2000,46
Barbados,2001,48
Barbados,2002,50
Barbados,2003,52
Barbados,2004,56
Barbados,2005,58
Barbados,2006,62
Barbados,2007,62
Barbados,2008,68
Barbados,2009,69
Barbados,2010,70
Barbados,2011,71
Barbados,2012,73
Barbados,2013,73
Barbados,2014,75
Barbados,2015,77
Barbados,2016,78
Barbados,2017,81
Barbados,2018,82
Barbados,2019,87
Barbados,2020,87
Barbados,2021,88
Barbados,2022,88
Barbados,2023,89
Barbados,2024,93
Barbados,2025,94
Barbados,2026,97
Basque Country,1873,0
Basque Country,1874,0
Basque Country,1875,0
Basque Country,1876,0
Basque Country,1877,0
Basque Country,1878,0
Basque Country,1879,0
Basque Country,1880,0
Basque Country,1881,0
Basque Country,1882,0
Basque Country,1883,0
Basque Country,1884,0
Basque Country,1885,0
Basque Country,1886,0
Basque Country,1887,0
Basque Country,1888,0
Basque Country,1889,0
Basque Country,1890,0
Basque Country,1891,0
Basque Country,1892,0
Basque Country,1893,0
Basque Country,1894,0
Basque Country,1895,0
Basque Country,1896,0
Basque Country,1897,0
Basque Country,1898,0
Basque Country,1899,0
Basque Country,1900,0
Basque Country,1901,0
Basque Country,1902,0
Basque Country,1903,0
Basque Country,1904,0
Basque Country,1905,0
Basque Country,1906,0
Basque Country,1907,0
Basque Country,1908,0
Basque Country,1909,0
Basque Country,1910,0
Basque Country,1911,0
Basque Country,1912,0
Basque Country,1913,0
Basque Country,1914,0
Basque Country,1915,2
Basque Country,1916,4
Basque Country,1917,4
Basque Country,1918,4
Basque Country,1919,4
Basque Country,1920,4
Basque Country,1921,4
Basque Country,1922,4
Basque Country,1923,4
Basque Country,1924,5
Basque Country,1925,5
Basque Country,1926,5
Basque Country,1927,5
Basque Country,1928,5
Basque Country,1929,5
Basque Country,1930,6
Basque Country,1931,7
Basque Country,1932,7
Basque Country,1933,7
Basque Country,1934,7
Basque Country,1935,7
Basque Country,1936,7
Basque Country,1937,13
Basque Country,1938,17
Basque Country,1939,17
Basque Country,1940,17
Basque Country,1941,17
Basque Country,1942,17
Basque Country,1943,17
Basque Country,1944,17
Basque Country,1945,17
Basque Country,1946,17
Basque Country,1947,17
Basque Country,1948,17
Basque Country,1949,17
Basque Country,1950,17
Basque Country,1951,17
Basque Country,1952,17
Basque Country,1953,17
Basque Country,1954,17
Basque Country,1955,17
Basque Country,1956,17
Basque Country,1957,17
Basque Country,1958,17
Basque Country,1959,17
Basque Country,1960,17
Basque Country,1961,17
Basque Country,1962,17
Basque Country,1963,17
Basque Country,1964,17
Basque Country,1965,17
Basque Country,1966,17
Basque Country,1967,17
Basque Country,1968,17
Basque Country,1969,17
Basque Country,1970,17
Basque Country,1971,17
Basque Country,1972,17
Basque Country,1973,17
Basque Country,1974,17
Basque Country,1975,17
Basque Country,1976,17
Basque Country,1977,17
Basque Country,1978,17
Basque Country,1979,18
Basque Country,1980,18
Basque Country,1981,18
Basque Country,1982,18
Basque Country,1983,18
Basque Country,1984,18
Basque Country,1985,18
Basque Country,1986,18
Basque Country,1987,18
Basque Country,1988,18
Basque Country,1989,18
Basque Country,1990,18
Basque Country,1991,18
Basque Country,1992,18
Basque Country,1993,19
Basque Country,1994,20
Basque Country,1995,20
Basque Country,1996,21
Basque Country,1997,22
Basque Country,1998,23
Basque Country,1999,24
Basque Country,2000,25
Basque Country,2001,26
Basque Country,2002,26
Basque Country,2003,27
Basque Country,2004,28
Basque Country,2005,28
Basque Country,2006,29
Basque Country,2007,30
Basque Country,2008,30
Basque Country,2009,30
Basque Country,2010,31
Basque Country,2011,32
Basque Country,2012,33
Basque Country,2013,34
Basque Country,2014,34
Basque Country,2015,35
Basque Country,2016,36
Basque Country,2017,36
Basque Country,2018,37
Basque Country,2019,37
Basque Country,2020,38
Basque Country,2021,38
Basque Country,2022,38
Basque Country,2023,38
Basque Country,2024,38
Basque Country,2025,39
Basque Country,2026,39
Belarus,1873,0
Belarus,1874,0
Belarus,1875,0
Belarus,1876,0
Belarus,1877,0
Belarus,1878,0
Belarus,1879,0
Belarus,1880,0
Belarus,1881,0
Belarus,1882,0
Belarus,1883,0
Belarus,1884,0
Belarus,1885,0
Belarus,1886,0
Belarus,1887,0
Belarus,1888,0
Belarus,1889,0
Belarus,1890,0
Belarus,1891,0
Belarus,1892,0
Belarus,1893,0
Belarus,1894,0
Belarus,1895,0
Belarus,1896,0
Belarus,1897,0
Belarus,1898,0
Belarus,1899,0
Belarus,1900,0
Belarus,1901,0
Belarus,1902,0
Belarus,1903,0
Belarus,1904,0
Belarus,1905,0
Belarus,1906,0
Belarus,1907,0
Belarus,1908,0
Belarus,1909,0
Belarus,1910,0
Belarus,1911,0
Belarus,1912,0
Belarus,1913,0
Belarus,1914,0
Belarus,1915,0
Belarus,1916,0
Belarus,1917,0
Belarus,1918,0
Belarus,1919,0
Belarus,1920,0
Belarus,1921,0
Belarus,1922,0
Belarus,1923,0
Belarus,1924,0
Belarus,1925,0
Belarus,1926,0
Belarus,1927,0
Belarus,1928,1
Belarus,1929,1
Belarus,1930,1
Belarus,1931,1
Belarus,1932,1
Belarus,1933,1
Belarus,1934,1
Belarus,1935,1
Belarus,1936,1
Belarus,1937,1
Belarus,1938,1
Belarus,1939,1
Belarus,1940,1
Belarus,1941,1
Belarus,1942,1
Belarus,1943,1
Belarus,1944,1
Belarus,1945,1
Belarus,1946,1
Belarus,1947,1
Belarus,1948,1
Belarus,1949,1
Belarus,1950,1
Belarus,1951,1
Belarus,1952,1
Belarus,1953,1
Belarus,1954,1
Belarus,1955,1
Belarus,1956,2
Belarus,1957,2
Belarus,1958,2
Belarus,1959,2
Belarus,1960,2
Belarus,1961,2
Belarus,1962,2
Belarus,1963,2
Belarus,1964,2
Belarus,1965,2
Belarus,1966,2
Belarus,1967,3
Belarus,1968,3
Belarus,1969,3
Belarus,1970,3
Belarus,1971,3
Belarus,1972,3
Belarus,1973,3
Belarus,1974,3
Belarus,1975,3
Belarus,1976,3
Belarus,1977,3
Belarus,1978,3
Belarus,1979,5
Belarus,1980,5
Belarus,1981,5
Belarus,1982,5
Belarus,1983,5
Belarus,1984,5
Belarus,1985,5
Belarus,1986,5
Belarus,1987,5
Belarus,1988,5
Belarus,1989,5
Belarus,1990,5
Belarus,1991,5
Belarus,1992,5
Belarus,1993,5
Belarus,1994,6
Belarus,1995,8
Belarus,1996,9
Belarus,1997,9
Belarus,1998,11
Belarus,1999,11
Belarus,2000,14
Belarus,2001,16
Belarus,2002,19
Belarus,2003,22
Belarus,2004,28
Belarus,2005,31
Belarus,2006,33
Belarus,2007,37
Belarus,2008,40
Belarus,2009,43
Belarus,2010,49
Belarus,2011,51
Belarus,2012,54
Belarus,2013,58
Belarus,2014,61
Belarus,2015,64
Belarus,2016,67
Belarus,2017,69
Belarus,2018,75
Belarus,2019,76
Belarus,2020,79
Belarus,2021,81
Belarus,2022,84
Belarus,2023,87
Belarus,2024,88
Belarus,2025,91
Belarus,2026,96
Belgium,1873,0
Belgium,1874,0
Belgium,1875,0
Belgium,1876,0
Belgium,1877,0
Belgium,1878,0
Belgium,1879,0
Belgium,1880,0
Belgium,1881,0
Belgium,1882,0
Belgium,1883,0
Belgium,1884,0
Belgium,1885,0
Belgium,1886,0
Belgium,1887,0
Belgium,1888,0
Belgium,1889,0
Belgium,1890,0
Belgium,1891,0
Belgium,1892,0
Belgium,1893,0
Belgium,1894,0
Belgium,1895,0
Belgium,1896,0
Belgium,1897,0
Belgium,1898,0
Belgium,1899,0
Belgium,1900,0
Belgium,1901,0
Belgium,1902,0
Belgium,1903,0
Belgium,1904,0
Belgium,1905,1
Belgium,1906,4
Belgium,1907,5
Belgium,1908,7
Belgium,1909,8
Belgium,1910,11
Belgium,1911,13
Belgium,1912,14
Belgium,1913,19
Belgium,1914,19
Belgium,1915,19
Belgium,1916,19
Belgium,1917,19
Belgium,1918,19
Belgium,1919,21
Belgium,1920,24
Belgium,1921,25
Belgium,1922,27
Belgium,1923,29
Belgium,1924,30
Belgium,1925,31
Belgium,1926,32
Belgium,1927,34
Belgium,1928,37
Belgium,1929,39
Belgium,1930,42
Belgium,1931,45
Belgium,1932,47
Belgium,1933,49
Belgium,1934,49
Belgium,1935,50
Belgium,1936,51
Belgium,1937,53
Belgium,1938,55
Belgium,1939,56
Belgium,1940,57
Belgium,1941,57
Belgium,1942,57
Belgium,1943,57
Belgium,1944,57
Belgium,1945,58
Belgium,1946,59
Belgium,1947,60
Belgium,1948,61
Belgium,1949,65
Belgium,1950,69
Belgium,1951,70
Belgium,1952,74
Belgium,1953,78
Belgium,1954,82
Belgium,1955,83
Belgium,1956,84
Belgium,1957,87
Belgium,1958,88
Belgium,1959,88
Belgium,1960,92
Belgium,1961,95
Belgium,1962,98
Belgium,1963,102
Belgium,1964,104
Belgium,1965,108
Belgium,1966,111
Belgium,1967,114
Belgium,1968,119
Belgium,1969,121
Belgium,1970,123
Belgium,1971,128
Belgium,1972,133
Belgium,1973,135
Belgium,1974,139
Belgium,1975,141
Belgium,1976,143
Belgium,1977,144
Belgium,1978,145
Belgium,1979,149
Belgium,1980,156
Belgium,1981,159
Belgium,1982,165
Belgium,1983,167
Belgium,1984,170
Belgium,1985,173
Belgium,1986,177
Belgium,1987,179
Belgium,1988,182
Belgium,1989,188
Belgium,1990,191
Belgium,1991,194
Belgium,1992,199
Belgium,1993,202
Belgium,1994,206
Belgium,1995,210
Belgium,1996,212
Belgium,1997,217
Belgium,1998,220
Belgium,1999,224
Belgium,2000,228
Belgium,2001,234
Belgium,2002,240
Belgium,2003,245
Belgium,2004,246
Belgium,2005,250
Belgium,2006,254
Belgium,2007,257
Belgium,2008,259
Belgium,2009,263
Belgium,2010,266
Belgium,2011,271
Belgium,2012,275
Belgium,2013,282
Belgium,2014,292
Belgium,2015,300
Belgium,2016,309
Belgium,2017,316
Belgium,2018,329
Belgium,2019,339
Belgium,2020,345
Belgium,2021,356
Belgium,2022,361
Belgium,2023,369
Belgium,2024,373
Belgium,2025,379
Belgium,2026,387
Belize,1873,0
Belize,1874,0
Belize,1875,0
Belize,1876,0
Belize,1877,0
Belize,1878,0
Belize,1879,0
Belize,1880,0
Belize,1881,0
Belize,1882,0
Belize,1883,0
Belize,1884,0
Belize,1885,0
Belize,1886,0
Belize,1887,0
Belize,1888,0
Belize,1889,0
Belize,1890,0
Belize,1891,0
Belize,1892,0
Belize,1893,0
Belize,1894,0
Belize,1895,0
Belize,1896,0
Belize,1897,0
Belize,1898,0
Belize,1899,0
Belize,1900,0
Belize,1901,0
Belize,1902,0
Belize,1903,0
Belize,1904,0
Belize,1905,0
Belize,1906,0
Belize,1907,0
Belize,1908,0
Belize,1909,0
Belize,1910,0
Belize,1911,0
Belize,1912,0
Belize,1913,0
Belize,1914,0
Belize,1915,0
Belize,1916,0
Belize,1917,0
Belize,1918,0
Belize,1919,0
Belize,1920,0
Belize,1921,0
Belize,1922,0
Belize,1923,0
Belize,1924,0
Belize,1925,0
Belize,1926,0
Belize,1927,0
Belize,1928,0
Belize,1929,0
Belize,1930,0
Belize,1931,0
Belize,1932,0
Belize,1933,0
Belize,1934,0
Belize,1935,0
Belize,1936,0
Belize,1937,0
Belize,1938,0
Belize,1939,0
Belize,1940,0
Belize,1941,0
Belize,1942,0
Belize,1943,0
Belize,1944,0
Belize,1945,0
Belize,1946,0
Belize,1947,0
Belize,1948,0
Belize,1949,0
Belize,1950,0
Belize,1951,0
Belize,1952,0
Belize,1953,0
Belize,1954,0
Belize,1955,0
Belize,1956,0
Belize,1957,0
Belize,1958,0
Belize,1959,0
Belize,1960,0
Belize,1961,0
Belize,1962,0
Belize,1963,0
Belize,1964,0
Belize,1965,0
Belize,1966,0
Belize,1967,0
Belize,1968,0
Belize,1969,0
Belize,1970,0
Belize,1971,0
Belize,1972,0
Belize,1973,0
Belize,1974,0
Belize,1975,0
Belize,1976,0
Belize,1977,0
Belize,1978,0
Belize,1979,0
Belize,1980,0
Belize,1981,0
Belize,1982,0
Belize,1983,0
Belize,1984,0
Belize,1985,0
Belize,1986,0
Belize,1987,0
Belize,1988,0
Belize,1989,0
Belize,1990,0
Belize,1991,0
Belize,1992,0
Belize,1993,0
Belize,1994,0
Belize,1995,0
Belize,1996,0
Belize,1997,0
Belize,1998,0
Belize,1999,0
Belize,2000,0
Belize,2001,3
Belize,2002,5
Belize,2003,5
Belize,2004,5
Belize,2005,5
Belize,2006,5
Belize,2007,5
Belize,2008,6
Belize,2009,6
Belize,2010,6
Belize,2011,10
Belize,2012,10
Belize,2013,11
Belize,2014,11
Belize,2015,13
Belize,2016,13
Belize,2017,13
Belize,2018,17
Belize,2019,20
Belize,2020,20
Belize,2021,21
Belize,2022,21
Belize,2023,23
Belize,2024,29
Belize,2025,31
Belize,2026,32
Benin,1873,0
Benin,1874,0
Benin,1875,0
Benin,1876,0
Benin,1877,0
Benin,1878,0
Benin,1879,0
Benin,1880,0
Benin,1881,0
Benin,1882,0
Benin,1883,0
Benin,1884,0
Benin,1885,0
Benin,1886,0
Benin,1887,0
Benin,1888,0
Benin,1889,0
Benin,1890,0
Benin,1891,0
Benin,1892,0
Benin,1893,0
Benin,1894,0
Benin,1895,0
Benin,1896,0
Benin,1897,0
Benin,1898,0
Benin,1899,0
Benin,1900,0
Benin,1901,0
Benin,1902,0
Benin,1903,0
Benin,1904,0
Benin,1905,0
Benin,1906,0
Benin,1907,0
Benin,1908,0
Benin,1909,0
Benin,1910,0
Benin,1911,0
Benin,1912,0
Benin,1913,0
Benin,1914,0
Benin,1915,0
Benin,1916,0
Benin,1917,0
Benin,1918,0
Benin,1919,0
Benin,1920,0
Benin,1921,0
Benin,1922,0
Benin,1923,0
Benin,1924,0
Benin,1925,0
Benin,1926,0
Benin,1927,0
Benin,1928,0
Benin,1929,0
Benin,1930,0
Benin,1931,0
Benin,1932,0
Benin,1933,0
Benin,1934,0
Benin,1935,0
Benin,1936,0
Benin,1937,0
Benin,1938,0
Benin,1939,0
Benin,1940,0
Benin,1941,0
Benin,1942,0
Benin,1943,0
Benin,1944,0
Benin,1945,0
Benin,1946,0
Benin,1947,0
Benin,1948,0
Benin,1949,0
Benin,1950,0
Benin,1951,0
Benin,1952,0
Benin,1953,0
Benin,1954,0
Benin,1955,0
Benin,1956,0
Benin,1957,0
Benin,1958,0
Benin,1959,0
Benin,1960,0
Benin,1961,3
Benin,1962,3
Benin,1963,5
Benin,1964,6
Benin,1965,8
Benin,1966,8
Benin,1967,9
Benin,1968,9
Benin,1969,10
Benin,1970,11
Benin,1971,11
Benin,1972,12
Benin,1973,12
Benin,1974,13
Benin,1975,13
Benin,1976,13
Benin,1977,13
Benin,1978,13
Benin,1979,15
Benin,1980,16
Benin,1981,16
Benin,1982,17
Benin,1983,18
Benin,1984,20
Benin,1985,20
Benin,1986,20
Benin,1987,20
Benin,1988,20
Benin,1989,20
Benin,1990,20
Benin,1991,21
Benin,1992,21
Benin,1993,22
Benin,1994,22
Benin,1995,22
Benin,1996,23
Benin,1997,23
Benin,1998,25
Benin,1999,25
Benin,2000,26
Benin,2001,27
Benin,2002,28
Benin,2003,34
Benin,2004,35
Benin,2005,36
Benin,2006,37
Benin,2007,40
Benin,2008,44
Benin,2009,47
Benin,2010,49
Benin,2011,49
Benin,2012,50
Benin,2013,51
Benin,2014,54
Benin,2015,55
Benin,2016,58
Benin,2017,61
Benin,2018,62
Benin,2019,67
Benin,2020,69
Benin,2021,72
Benin,2022,74
Benin,2023,74
Benin,2024,78
Benin,2025,82
Benin,2026,85
Bermuda,1873,0
Bermuda,1874,0
Bermuda,1875,0
Bermuda,1876,0
Bermuda,1877,0
Bermuda,1878,0
Bermuda,1879,0
Bermuda,1880,0
Bermuda,1881,0
Bermuda,1882,0
Bermuda,1883,0
Bermuda,1884,0
Bermuda,1885,0
Bermuda,1886,0
Bermuda,1887,0
Bermuda,1888,0
Bermuda,1889,0
Bermuda,1890,0
Bermuda,1891,0
Bermuda,1892,0
Bermuda,1893,0
Bermuda,1894,0
Bermuda,1895,0
Bermuda,1896,0
Bermuda,1897,0
Bermuda,1898,0
Bermuda,1899,0
Bermuda,1900,0
Bermuda,1901,0
Bermuda,1902,0
Bermuda,1903,0
Bermuda,1904,0
Bermuda,1905,0
Bermuda,1906,0
Bermuda,1907,0
Bermuda,1908,0
Bermuda,1909,0
Bermuda,1910,0
Bermuda,1911,0
Bermuda,1912,0
Bermuda,1913,0
Bermuda,1914,0
Bermuda,1915,0
Bermuda,1916,0
Bermuda,1917,0
Bermuda,1918,0
Bermuda,1919,0
Bermuda,1920,0
Bermuda,1921,0
Bermuda,1922,0
Bermuda,1923,0
Bermuda,1924,0
Bermuda,1925,0
Bermuda,1926,0
Bermuda,1927,0
Bermuda,1928,0
Bermuda,1929,0
Bermuda,1930,0
Bermuda,1931,0
Bermuda,1932,0
Bermuda,1933,0
Bermuda,1934,0
Bermuda,1935,0
Bermuda,1936,0
Bermuda,1937,0
Bermuda,1938,0
Bermuda,1939,0
Bermuda,1940,0
Bermuda,1941,0
Bermuda,1942,0
Bermuda,1943,0
Bermuda,1944,0
Bermuda,1945,0
Bermuda,1946,0
Bermuda,1947,0
Bermuda,1948,0
Bermuda,1949,0
Bermuda,1950,0
Bermuda,1951,0
Bermuda,1952,0
Bermuda,1953,0
Bermuda,1954,0
Bermuda,1955,0
Bermuda,1956,0
Bermuda,1957,0
Bermuda,1958,0
Bermuda,1959,0
Bermuda,1960,0
Bermuda,1961,0
Bermuda,1962,0
Bermuda,1963,0
Bermuda,1964,0
Bermuda,1965,0
Bermuda,1966,0
Bermuda,1967,0
Bermuda,1968,0
Bermuda,1969,2
Bermuda,1970,2
Bermuda,1971,2
Bermuda,1972,2
Bermuda,1973,3
Bermuda,1974,4
Bermuda,1975,4
Bermuda,1976,4
Bermuda,1977,4
Bermuda,1978,4
Bermuda,1979,4
Bermuda,1980,4
Bermuda,1981,4
Bermuda,1982,4
Bermuda,1983,4
Bermuda,1984,4
Bermuda,1985,4
Bermuda,1986,4
Bermuda,1987,4
Bermuda,1988,4
Bermuda,1989,6
Bermuda,1990,9
Bermuda,1991,10
Bermuda,1992,14
Bermuda,1993,14
Bermuda,1994,14
Bermuda,1995,14
Bermuda,1996,14
Bermuda,1997,15
Bermuda,1998,15
Bermuda,1999,20
Bermuda,2000,22
Bermuda,2001,22
Bermuda,2002,22
Bermuda,2003,22
Bermuda,2004,27
Bermuda,2005,27
Bermuda,2006,30
Bermuda,2007,32
Bermuda,2008,37
Bermuda,2009,37
Bermuda,2010,37
Bermuda,2011,40
Bermuda,2012,41
Bermuda,2013,45
Bermuda,2014,45
Bermuda,2015,48
Bermuda,2016,49
Bermuda,2017,50
Bermuda,2018,52
Bermuda,2019,56
Bermuda,2020,56
Bermuda,2021,58
Bermuda,2022,58
Bermuda,2023,60
Bermuda,2024,65
Bermuda,2025,67
Bermuda,2026,68
Bhutan,1873,0
Bhutan,1874,0
Bhutan,1875,0
Bhutan,1876,0
Bhutan,1877,0
Bhutan,1878,0
Bhutan,1879,0
Bhutan,1880,0
Bhutan,1881,0
Bhutan,1882,0
Bhutan,1883,0
Bhutan,1884,0
Bhutan,1885,0
Bhutan,1886,0
Bhutan,1887,0
Bhutan,1888,0
Bhutan,1889,0
Bhutan,1890,0
Bhutan,1891,0
Bhutan,1892,0
Bhutan,1893,0
Bhutan,1894,0
Bhutan,1895,0
Bhutan,1896,0
Bhutan,1897,0
Bhutan,1898,0
Bhutan,1899,0
Bhutan,1900,0
Bhutan,1901,0
Bhutan,1902,0
Bhutan,1903,0
Bhutan,1904,0
Bhutan,1905,0
Bhutan,1906,0
Bhutan,1907,0
Bhutan,1908,0
Bhutan,1909,0
Bhutan,1910,0
Bhutan,1911,0
Bhutan,1912,0
Bhutan,1913,0
Bhutan,1914,0
Bhutan,1915,0
Bhutan,1916,0
Bhutan,1917,0
Bhutan,1918,0
Bhutan,1919,0
Bhutan,1920,0
Bhutan,1921,0
Bhutan,1922,0
Bhutan,1923,0
Bhutan,1924,0
Bhutan,1925,0
Bhutan,1926,0
Bhutan,1927,0
Bhutan,1928,0
Bhutan,1929,0
Bhutan,1930,0
Bhutan,1931,0
Bhutan,1932,0
Bhutan,1933,0
Bhutan,1934,0
Bhutan,1935,0
Bhutan,1936,0
Bhutan,1937,0
Bhutan,1938,0
Bhutan,1939,0
Bhutan,1940,0
Bhutan,1941,0
Bhutan,1942,0
Bhutan,1943,0
Bhutan,1944,0
Bhutan,1945,0
Bhutan,1946,0
Bhutan,1947,0
Bhutan,1948,0
Bhutan,1949,0
Bhutan,1950,0
Bhutan,1951,0
Bhutan,1952,0
Bhutan,1953,0
Bhutan,1954,0
Bhutan,1955,0
Bhutan,1956,0
Bhutan,1957,0
Bhutan,1958,0
Bhutan,1959,0
Bhutan,1960,0
Bhutan,1961,0
Bhutan,1962,0
Bhutan,1963,0
Bhutan,1964,0
Bhutan,1965,0
Bhutan,1966,0
Bhutan,1967,0
Bhutan,1968,0
Bhutan,1969,0
Bhutan,1970,0
Bhutan,1971,0
Bhutan,1972,0
Bhutan,1973,0
Bhutan,1974,0
Bhutan,1975,0
Bhutan,1976,0
Bhutan,1977,0
Bhutan,1978,0
Bhutan,1979,0
Bhutan,1980,0
Bhutan,1981,0
Bhutan,1982,0
Bhutan,1983,0
Bhutan,1984,0
Bhutan,1985,0
Bhutan,1986,0
Bhutan,1987,0
Bhutan,1988,0
Bhutan,1989,0
Bhutan,1990,0
Bhutan,1991,0
Bhutan,1992,0
Bhutan,1993,0
Bhutan,1994,0
Bhutan,1995,0
Bhutan,1996,0
Bhutan,1997,0
Bhutan,1998,0
Bhutan,1999,0
Bhutan,2000,0
Bhutan,2001,0
Bhutan,2002,1
Bhutan,2003,2
Bhutan,2004,2
Bhutan,2005,2
Bhutan,2006,2
Bhutan,2007,3
Bhutan,2008,4
Bhutan,2009,4
Bhutan,2010,4
Bhutan,2011,4
Bhutan,2012,4
Bhutan,2013,4
Bhutan,2014,4
Bhutan,2015,6
Bhutan,2016,7
Bhutan,2017,7
Bhutan,2018,7
Bhutan,2019,8
Bhutan,2020,8
Bhutan,2021,8
Bhutan,2022,8
Bhutan,2023,10
Bhutan,2024,11
Bhutan,2025,11
Bhutan,2026,11
Biafra,1873,0
Biafra,1874,0
Biafra,1875,0
Biafra,1876,0
Biafra,1877,0
Biafra,1878,0
Biafra,1879,0
Biafra,1880,0
Biafra,1881,0
Biafra,1882,0
Biafra,1883,0
Biafra,1884,0
Biafra,1885,0
Biafra,1886,0
Biafra,1887,0
Biafra,1888,0
Biafra,1889,0
Biafra,1890,0
Biafra,1891,0
Biafra,1892,0
Biafra,1893,0
Biafra,1894,0
Biafra,1895,0
Biafra,1896,0
Biafra,1897,0
Biafra,1898,0
Biafra,1899,0
Biafra,1900,0
Biafra,1901,0
Biafra,1902,0
Biafra,1903,0
Biafra,1904,0
Biafra,1905,0
Biafra,1906,0
Biafra,1907,0
Biafra,1908,0
Biafra,1909,0
Biafra,1910,0
Biafra,1911,0
Biafra,1912,0
Biafra,1913,0
Biafra,1914,0
Biafra,1915,0
Biafra,1916,0
Biafra,1917,0
Biafra,1918,0
Biafra,1919,0
Biafra,1920,0
Biafra,1921,0
Biafra,1922,0
Biafra,1923,0
Biafra,1924,0
Biafra,1925,0
Biafra,1926,0
Biafra,1927,0
Biafra,1928,0
Biafra,1929,0
Biafra,1930,0
Biafra,1931,0
Biafra,1932,0
Biafra,1933,0
Biafra,1934,0
Biafra,1935,0
Biafra,1936,0
Biafra,1937,0
Biafra,1938,0
Biafra,1939,0
Biafra,1940,0
Biafra,1941,0
Biafra,1942,0
Biafra,1943,0
Biafra,1944,0
Biafra,1945,0
Biafra,1946,0
Biafra,1947,0
Biafra,1948,0
Biafra,1949,0
Biafra,1950,0
Biafra,1951,0
Biafra,1952,0
Biafra,1953,0
Biafra,1954,0
Biafra,1955,0
Biafra,1956,0
Biafra,1957,0
Biafra,1958,0
Biafra,1959,0
Biafra,1960,0
Biafra,1961,0
Biafra,1962,0
Biafra,1963,0
Biafra,1964,0
Biafra,1965,0
Biafra,1966,0
Biafra,1967,0
Biafra,1968,0
Biafra,1969,0
Biafra,1970,0
Biafra,1971,0
Biafra,1972,0
Biafra,1973,0
Biafra,1974,0
Biafra,1975,0
Biafra,1976,0
Biafra,1977,0
Biafra,1978,0
Biafra,1979,0
Biafra,1980,0
Biafra,1981,0
Biafra,1982,0
Biafra,1983,0
Biafra,1984,0
Biafra,1985,0
Biafra,1986,0
Biafra,1987,0
Biafra,1988,0
Biafra,1989,0
Biafra,1990,0
Biafra,1991,0
Biafra,1992,0
Biafra,1993,0
Biafra,1994,0
Biafra,1995,0
Biafra,1996,0
Biafra,1997,0
Biafra,1998,0
Biafra,1999,0
Biafra,2000,0
Biafra,2001,0
Biafra,2002,0
Biafra,2003,0
Biafra,2004,0
Biafra,2005,0
Biafra,2006,0
Biafra,2007,0
Biafra,2008,0
Biafra,2009,0
Biafra,2010,0
Biafra,2011,0
Biafra,2012,0
Biafra,2013,0
Biafra,2014,0
Biafra,2015,0
Biafra,2016,0
Biafra,2017,0
Biafra,2018,0
Biafra,2019,0
Biafra,2020,0
Biafra,2021,0
Biafra,2022,2
Biafra,2023,2
Biafra,2024,2
Biafra,2025,2
Biafra,2026,2
Bolivia,1873,0
Bolivia,1874,0
Bolivia,1875,0
Bolivia,1876,0
Bolivia,1877,0
Bolivia,1878,0
Bolivia,1879,0
Bolivia,1880,0
Bolivia,1881,0
Bolivia,1882,0
Bolivia,1883,0
Bolivia,1884,0
Bolivia,1885,0
Bolivia,1886,0
Bolivia,1887,0
Bolivia,1888,0
Bolivia,1889,0
Bolivia,1890,0
Bolivia,1891,0
Bolivia,1892,0
Bolivia,1893,0
Bolivia,1894,0
Bolivia,1895,0
Bolivia,1896,0
Bolivia,1897,0
Bolivia,1898,0
Bolivia,1899,0
Bolivia,1900,0
Bolivia,1901,0
Bolivia,1902,0
Bolivia,1903,0
Bolivia,1904,0
Bolivia,1905,0
Bolivia,1906,0
Bolivia,1907,0
Bolivia,1908,0
Bolivia,1909,0
Bolivia,1910,0
Bolivia,1911,0
Bolivia,1912,0
Bolivia,1913,0
Bolivia,1914,0
Bolivia,1915,0
Bolivia,1916,0
Bolivia,1917,0
Bolivia,1918,0
Bolivia,1919,0
Bolivia,1920,0
Bolivia,1921,0
Bolivia,1922,0
Bolivia,1923,0
Bolivia,1924,0
Bolivia,1925,0
Bolivia,1926,0
Bolivia,1927,0
Bolivia,1928,0
Bolivia,1929,0
Bolivia,1930,0
Bolivia,1931,0
Bolivia,1932,0
Bolivia,1933,0
Bolivia,1934,0
Bolivia,1935,0
Bolivia,1936,0
Bolivia,1937,0
Bolivia,1938,3
Bolivia,1939,3
Bolivia,1940,3
Bolivia,1941,3
Bolivia,1942,3
Bolivia,1943,3
Bolivia,1944,3
Bolivia,1945,3
Bolivia,1946,3
Bolivia,1947,3
Bolivia,1948,3
Bolivia,1949,7
Bolivia,1950,8
Bolivia,1951,8
Bolivia,1952,8
Bolivia,1953,9
Bolivia,1954,9
Bolivia,1955,9
Bolivia,1956,9
Bolivia,1957,13
Bolivia,1958,13
Bolivia,1959,13
Bolivia,1960,13
Bolivia,1961,13
Bolivia,1962,15
Bolivia,1963,20
Bolivia,1964,20
Bolivia,1965,21
Bolivia,1966,21
Bolivia,1967,21
Bolivia,1968,21
Bolivia,1969,23
Bolivia,1970,23
Bolivia,1971,23
Bolivia,1972,23
Bolivia,1973,24
Bolivia,1974,24
Bolivia,1975,26
Bolivia,1976,26
Bolivia,1977,29
Bolivia,1978,29
Bolivia,1979,32
Bolivia,1980,33
Bolivia,1981,34
Bolivia,1982,34
Bolivia,1983,35
Bolivia,1984,35
Bolivia,1985,37
Bolivia,1986,37
Bolivia,1987,37
Bolivia,1988,37
Bolivia,1989,41
Bolivia,1990,41
Bolivia,1991,41
Bolivia,1992,41
Bolivia,1993,48
Bolivia,1994,51
Bolivia,1995,53
Bolivia,1996,58
Bolivia,1997,67
Bolivia,1998,67
Bolivia,1999,68
Bolivia,2000,71
Bolivia,2001,73
Bolivia,2002,73
Bolivia,2003,76
Bolivia,2004,78
Bolivia,2005,79
Bolivia,2006,80
Bolivia,2007,81
Bolivia,2008,86
Bolivia,2009,88
Bolivia,2010,88
Bolivia,2011,88
Bolivia,2012,92
Bolivia,2013,92
Bolivia,2014,93
Bolivia,2015,95
Bolivia,2016,96
Bolivia,2017,100
Bolivia,2018,101
Bolivia,2019,102
Bolivia,2020,102
Bolivia,2021,107
Bolivia,2022,108
Bolivia,2023,110
Bolivia,2024,114
Bolivia,2025,117
Bolivia,2026,119
Bonaire,1873,0
Bonaire,1874,0
Bonaire,1875,0
Bonaire,1876,0
Bonaire,1877,0
Bonaire,1878,0
Bonaire,1879,0
Bonaire,1880,0
Bonaire,1881,0
Bonaire,1882,0
Bonaire,1883,0
Bonaire,1884,0
Bonaire,1885,0
Bonaire,1886,0
Bonaire,1887,0
Bonaire,1888,0
Bonaire,1889,0
Bonaire,1890,0
Bonaire,1891,0
Bonaire,1892,0
Bonaire,1893,0
Bonaire,1894,0
Bonaire,1895,0
Bonaire,1896,0
Bonaire,1897,0
Bonaire,1898,0
Bonaire,1899,0
Bonaire,1900,0
Bonaire,1901,0
Bonaire,1902,0
Bonaire,1903,0
Bonaire,1904,0
Bonaire,1905,0
Bonaire,1906,0
Bonaire,1907,0
Bonaire,1908,0
Bonaire,1909,0
Bonaire,1910,0
Bonaire,1911,0
Bonaire,1912,0
Bonaire,1913,0
Bonaire,1914,0
Bonaire,1915,0
Bonaire,1916,0
Bonaire,1917,0
Bonaire,1918,0
Bonaire,1919,0
Bonaire,1920,0
Bonaire,1921,0
Bonaire,1922,0
Bonaire,1923,0
Bonaire,1924,0
Bonaire,1925,0
Bonaire,1926,0
Bonaire,1927,0
Bonaire,1928,0
Bonaire,1929,0
Bonaire,1930,0
Bonaire,1931,0
Bonaire,1932,0
Bonaire,1933,0
Bonaire,1934,0
Bonaire,1935,0
Bonaire,1936,0
Bonaire,1937,0
Bonaire,1938,0
Bonaire,1939,0
Bonaire,1940,0
Bonaire,1941,0
Bonaire,1942,0
Bonaire,1943,0
Bonaire,1944,0
Bonaire,1945,0
Bonaire,1946,0
Bonaire,1947,0
Bonaire,1948,0
Bonaire,1949,0
Bonaire,1950,0
Bonaire,1951,0
Bonaire,1952,0
Bonaire,1953,0
Bonaire,1954,0
Bonaire,1955,0
Bonaire,1956,0
Bonaire,1957,0
Bonaire,1958,0
Bonaire,1959,0
Bonaire,1960,0
Bonaire,1961,0
Bonaire,1962,0
Bonaire,1963,0
Bonaire,1964,0
Bonaire,1965,0
Bonaire,1966,0
Bonaire,1967,0
Bonaire,1968,0
Bonaire,1969,0
Bonaire,1970,0
Bonaire,1971,0
Bonaire,1972,0
Bonaire,1973,0
Bonaire,1974,0
Bonaire,1975,0
Bonaire,1976,0
Bonaire,1977,0
Bonaire,1978,0
Bonaire,1979,0
Bonaire,1980,0
Bonaire,1981,0
Bonaire,1982,0
Bonaire,1983,0
Bonaire,1984,0
Bonaire,1985,0
Bonaire,1986,0
Bonaire,1987,0
Bonaire,1988,0
Bonaire,1989,0
Bonaire,1990,0
Bonaire,1991,0
Bonaire,1992,0
Bonaire,1993,0
Bonaire,1994,0
Bonaire,1995,0
Bonaire,1996,0
Bonaire,1997,0
Bonaire,1998,0
Bonaire,1999,0
Bonaire,2000,0
Bonaire,2001,0
Bonaire,2002,0
Bonaire,2003,0
Bonaire,2004,0
Bonaire,2005,0
Bonaire,2006,0
Bonaire,2007,0
Bonaire,2008,0
Bonaire,2009,0
Bonaire,2010,0
Bonaire,2011,1
Bonaire,2012,1
Bonaire,2013,2
Bonaire,2014,4
Bonaire,2015,4
Bonaire,2016,4
Bonaire,2017,4
Bonaire,2018,4
Bonaire,2019,7
Bonaire,2020,7
Bonaire,2021,7
Bonaire,2022,10
Bonaire,2023,12
Bonaire,2024,13
Bonaire,2025,13
Bonaire,2026,15
Bosnia and Herzegovina,1873,0
Bosnia and Herzegovina,1874,0
Bosnia and Herzegovina,1875,0
Bosnia and Herzegovina,1876,0
Bosnia and Herzegovina,1877,0
Bosnia and Herzegovina,1878,0
Bosnia and Herzegovina,1879,0
Bosnia and Herzegovina,1880,0
Bosnia and Herzegovina,1881,0
Bosnia and Herzegovina,1882,0
Bosnia and Herzegovina,1883,0
Bosnia and Herzegovina,1884,0
Bosnia and Herzegovina,1885,0
Bosnia and Herzegovina,1886,0
Bosnia and Herzegovina,1887,0
Bosnia and Herzegovina,1888,0
Bosnia and Herzegovina,1889,0
Bosnia and Herzegovina,1890,0
Bosnia and Herzegovina,1891,0
Bosnia and Herzegovina,1892,0
Bosnia and Herzegovina,1893,0
Bosnia and Herzegovina,1894,0
Bosnia and Herzegovina,1895,0
Bosnia and Herzegovina,1896,0
Bosnia and Herzegovina,1897,0
Bosnia and Herzegovina,1898,0
Bosnia and Herzegovina,1899,0
Bosnia and Herzegovina,1900,0
Bosnia and Herzegovina,1901,0
Bosnia and Herzegovina,1902,0
Bosnia and Herzegovina,1903,0
Bosnia and Herzegovina,1904,0
Bosnia and Herzegovina,1905,0
Bosnia and Herzegovina,1906,0
Bosnia and Herzegovina,1907,0
Bosnia and Herzegovina,1908,0
Bosnia and Herzegovina,1909,0
Bosnia and Herzegovina,1910,0
Bosnia and Herzegovina,1911,0
Bosnia and Herzegovina,1912,0
Bosnia and Herzegovina,1913,0
Bosnia and Herzegovina,1914,0
Bosnia and Herzegovina,1915,0
Bosnia and Herzegovina,1916,0
Bosnia and Herzegovina,1917,0
Bosnia and Herzegovina,1918,0
Bosnia and Herzegovina,1919,0
Bosnia and Herzegovina,1920,0
Bosnia and Herzegovina,1921,0
Bosnia and Herzegovina,1922,0
Bosnia and Herzegovina,1923,0
Bosnia and Herzegovina,1924,0
Bosnia and Herzegovina,1925,0
Bosnia and Herzegovina,1926,0
Bosnia and Herzegovina,1927,0
Bosnia and Herzegovina,1928,0
Bosnia and Herzegovina,1929,0
Bosnia and Herzegovina,1930,0
Bosnia and Herzegovina,1931,0
Bosnia and Herzegovina,1932,0
Bosnia and Herzegovina,1933,0
Bosnia and Herzegovina,1934,0
Bosnia and Herzegovina,1935,0
Bosnia and Herzegovina,1936,0
Bosnia and Herzegovina,1937,0
Bosnia and Herzegovina,1938,0
Bosnia and Herzegovina,1939,0
Bosnia and Herzegovina,1940,0
Bosnia and Herzegovina,1941,0
Bosnia and Herzegovina,1942,0
Bosnia and Herzegovina,1943,0
Bosnia and Herzegovina,1944,0
Bosnia and Herzegovina,1945,0
Bosnia and Herzegovina,1946,0
Bosnia and Herzegovina,1947,0
Bosnia and Herzegovina,1948,0
Bosnia and Herzegovina,1949,0
Bosnia and Herzegovina,1950,0
Bosnia and Herzegovina,1951,0
Bosnia and Herzegovina,1952,0
Bosnia and Herzegovina,1953,0
Bosnia and Herzegovina,1954,0
Bosnia and Herzegovina,1955,0
Bosnia and Herzegovina,1956,0
Bosnia and Herzegovina,1957,0
Bosnia and Herzegovina,1958,0
Bosnia and Herzegovina,1959,0
Bosnia and Herzegovina,1960,0
Bosnia and Herzegovina,1961,0
Bosnia and Herzegovina,1962,0
Bosnia and Herzegovina,1963,0
Bosnia and Herzegovina,1964,0
Bosnia and Herzegovina,1965,0
Bosnia and Herzegovina,1966,0
Bosnia and Herzegovina,1967,0
Bosnia and Herzegovina,1968,0
Bosnia and Herzegovina,1969,0
Bosnia and Herzegovina,1970,0
Bosnia and Herzegovina,1971,0
Bosnia and Herzegovina,1972,0
Bosnia and Herzegovina,1973,0
Bosnia and Herzegovina,1974,0
Bosnia and Herzegovina,1975,0
Bosnia and Herzegovina,1976,0
Bosnia and Herzegovina,1977,0
Bosnia and Herzegovina,1978,0
Bosnia and Herzegovina,1979,0
Bosnia and Herzegovina,1980,0
Bosnia and Herzegovina,1981,0
Bosnia and Herzegovina,1982,0
Bosnia and Herzegovina,1983,0
Bosnia and Herzegovina,1984,0
Bosnia and Herzegovina,1985,0
Bosnia and Herzegovina,1986,0
Bosnia and Herzegovina,1987,0
Bosnia and Herzegovina,1988,0
Bosnia and Herzegovina,1989,0
Bosnia and Herzegovina,1990,0
Bosnia and Herzegovina,1991,0
Bosnia and Herzegovina,1992,0
Bosnia and Herzegovina,1993,0
Bosnia and Herzegovina,1994,0
Bosnia and Herzegovina,1995,0
Bosnia and Herzegovina,1996,2
Bosnia and Herzegovina,1997,7
Bosnia and Herzegovina,1998,8
Bosnia and Herzegovina,1999,10
Bosnia and Herzegovina,2000,13
Bosnia and Herzegovina,2001,20
Bosnia and Herzegovina,2002,20
Bosnia and Herzegovina,2003,24
Bosnia and Herzegovina,2004,26
Bosnia and Herzegovina,2005,30
Bosnia and Herzegovina,2006,31
Bosnia and Herzegovina,2007,34
Bosnia and Herzegovina,2008,38
Bosnia and Herzegovina,2009,43
Bosnia and Herzegovina,2010,46
Bosnia and Herzegovina,2011,51
Bosnia and Herzegovina,2012,56
Bosnia and Herzegovina,2013,62
Bosnia and Herzegovina,2014,66
Bosnia and Herzegovina,2015,71
Bosnia and Herzegovina,2016,76
Bosnia and Herzegovina,2017,80
Bosnia and Herzegovina,2018,85
Bosnia and Herzegovina,2019,89
Bosnia and Herzegovina,2020,89
Bosnia and Herzegovina,2021,91
Bosnia and Herzegovina,2022,95
Bosnia and Herzegovina,2023,98
Bosnia and Herzegovina,2024,98
Bosnia and Herzegovina,2025,104
Bosnia and Herzegovina,2026,107
Botswana,1873,0
Botswana,1874,0
Botswana,1875,0
Botswana,1876,0
Botswana,1877,0
Botswana,1878,0
Botswana,1879,0
Botswana,1880,0
Botswana,1881,0
Botswana,1882,0
Botswana,1883,0
Botswana,1884,0
Botswana,1885,0
Botswana,1886,0
Botswana,1887,0
Botswana,1888,0
Botswana,1889,0
Botswana,1890,0
Botswana,1891,0
Botswana,1892,0
Botswana,1893,0
Botswana,1894,0
Botswana,1895,0
Botswana,1896,0
Botswana,1897,0
Botswana,1898,0
Botswana,1899,0
Botswana,1900,0
Botswana,1901,0
Botswana,1902,0
Botswana,1903,0
Botswana,1904,0
Botswana,1905,0
Botswana,1906,0
Botswana,1907,0
Botswana,1908,0
Botswana,1909,0
Botswana,1910,0
Botswana,1911,0
Botswana,1912,0
Botswana,1913,0
Botswana,1914,0
Botswana,1915,0
Botswana,1916,0
Botswana,1917,0
Botswana,1918,0
Botswana,1919,0
Botswana,1920,0
Botswana,1921,0
Botswana,1922,0
Botswana,1923,0
Botswana,1924,0
Botswana,1925,0
Botswana,1926,0
Botswana,1927,0
Botswana,1928,0
Botswana,1929,0
Botswana,1930,0
Botswana,1931,0
Botswana,1932,0
Botswana,1933,0
Botswana,1934,0
Botswana,1935,0
Botswana,1936,0
Botswana,1937,0
Botswana,1938,0
Botswana,1939,0
Botswana,1940,0
Botswana,1941,0
Botswana,1942,0
Botswana,1943,0
Botswana,1944,0
Botswana,1945,0
Botswana,1946,0
Botswana,1947,0
Botswana,1948,0
Botswana,1949,0
Botswana,1950,0
Botswana,1951,0
Botswana,1952,0
Botswana,1953,0
Botswana,1954,0
Botswana,1955,0
Botswana,1956,0
Botswana,1957,0
Botswana,1958,0
Botswana,1959,0
Botswana,1960,0
Botswana,1961,0
Botswana,1962,0
Botswana,1963,0
Botswana,1964,0
Botswana,1965,0
Botswana,1966,0
Botswana,1967,0
Botswana,1968,0
Botswana,1969,0
Botswana,1970,0
Botswana,1971,0
Botswana,1972,0
Botswana,1973,0
Botswana,1974,0
Botswana,1975,0
Botswana,1976,0
Botswana,1977,0
Botswana,1978,0
Botswana,1979,0
Botswana,1980,0
Botswana,1981,0
Botswana,1982,0
Botswana,1983,0
Botswana,1984,0
Botswana,1985,0
Botswana,1986,2
Botswana,1987,2
Botswana,1988,2
Botswana,1989,3
Botswana,1990,4
Botswana,1991,5
Botswana,1992,5
Botswana,1993,5
Botswana,1994,6
Botswana,1995,6
Botswana,1996,6
Botswana,1997,6
Botswana,1998,6
Botswana,1999,6
Botswana,2000,10
Botswana,2001,14
Botswana,2002,17
Botswana,2003,21
Botswana,2004,24
Botswana,2005,25
Botswana,2006,28
Botswana,2007,32
Botswana,2008,35
Botswana,2009,37
Botswana,2010,45
Botswana,2011,48
Botswana,2012,50
Botswana,2013,56
Botswana,2014,61
Botswana,2015,66
Botswana,2016,68
Botswana,2017,68
Botswana,2018,74
Botswana,2019,75
Botswana,2020,76
Botswana,2021,77
Botswana,2022,81
Botswana,2023,85
Botswana,2024,88
Botswana,2025,89
Botswana,2026,90
Brazil,1873,0
Brazil,1874,0
Brazil,1875,0
Brazil,1876,0
Brazil,1877,0
Brazil,1878,0
Brazil,1879,0
Brazil,1880,0
Brazil,1881,0
Brazil,1882,0
Brazil,1883,0
Brazil,1884,0
Brazil,1885,0
Brazil,1886,0
Brazil,1887,0
Brazil,1888,0
Brazil,1889,0
Brazil,1890,0
Brazil,1891,0
Brazil,1892,0
Brazil,1893,0
Brazil,1894,0
Brazil,1895,0
Brazil,1896,0
Brazil,1897,0
Brazil,1898,0
Brazil,1899,0
Brazil,1900,0
Brazil,1901,0
Brazil,1902,0
Brazil,1903,0
Brazil,1904,0
Brazil,1905,0
Brazil,1906,0
Brazil,1907,0
Brazil,1908,0
Brazil,1909,0
Brazil,1910,0
Brazil,1911,0
Brazil,1912,0
Brazil,1913,0
Brazil,1914,1
Brazil,1915,1
Brazil,1916,2
Brazil,1917,3
Brazil,1918,3
Brazil,1919,6
Brazil,1920,7
Brazil,1921,8
Brazil,1922,12
Brazil,1923,14
Brazil,1924,14
Brazil,1925,16
Brazil,1926,16
Brazil,1927,16
Brazil,1928,16
Brazil,1929,16
Brazil,1930,20
Brazil,1931,21
Brazil,1932,22
Brazil,1933,22
Brazil,1934,22
Brazil,1935,22
Brazil,1936,23
Brazil,1937,26
Brazil,1938,29
Brazil,1939,30
Brazil,1940,31
Brazil,1941,31
Brazil,1942,34
Brazil,1943,34
Brazil,1944,36
Brazil,1945,43
Brazil,1946,46
Brazil,1947,47
Brazil,1948,47
Brazil,1949,54
Brazil,1950,60
Brazil,1951,60
Brazil,1952,64
Brazil,1953,68
Brazil,1954,73
Brazil,1955,75
Brazil,1956,89
Brazil,1957,97
Brazil,1958,105
Brazil,1959,115
Brazil,1960,126
Brazil,1961,131
Brazil,1962,142
Brazil,1963,149
Brazil,1964,151
Brazil,1965,158
Brazil,1966,169
Brazil,1967,170
Brazil,1968,183
Brazil,1969,192
Brazil,1970,204
Brazil,1971,206
Brazil,1972,210
Brazil,1973,217
Brazil,1974,226
Brazil,1975,232
Brazil,1976,241
Brazil,1977,248
Brazil,1978,255
Brazil,1979,259
Brazil,1980,265
Brazil,1981,277
Brazil,1982,285
Brazil,1983,290
Brazil,1984,291
Brazil,1985,297
Brazil,1986,305
Brazil,1987,311
Brazil,1988,316
Brazil,1989,331
Brazil,1990,335
Brazil,1991,342
Brazil,1992,349
Brazil,1993,358
Brazil,1994,368
Brazil,1995,383
Brazil,1996,391
Brazil,1997,411
Brazil,1998,421
Brazil,1999,435
Brazil,2000,443
Brazil,2001,451
Brazil,2002,465
Brazil,2003,473
Brazil,2004,482
Brazil,2005,492
Brazil,2006,502
Brazil,2007,513
Brazil,2008,519
Brazil,2009,533
Brazil,2010,542
Brazil,2011,551
Brazil,2012,560
Brazil,2013,573
Brazil,2014,584
Brazil,2015,594
Brazil,2016,601
Brazil,2017,608
Brazil,2018,621
Brazil,2019,629
Brazil,2020,633
Brazil,2021,645
Brazil,2022,655
Brazil,2023,658
Brazil,2024,664
Brazil,2025,669
Brazil,2026,677
British Virgin Islands,1873,0
British Virgin Islands,1874,0
British Virgin Islands,1875,0
British Virgin Islands,1876,0
British Virgin Islands,1877,0
British Virgin Islands,1878,0
British Virgin Islands,1879,0
British Virgin Islands,1880,0
British Virgin Islands,1881,0
British Virgin Islands,1882,0
British Virgin Islands,1883,0
British Virgin Islands,1884,0
British Virgin Islands,1885,0
British Virgin Islands,1886,0
British Virgin Islands,1887,0
British Virgin Islands,1888,0
British Virgin Islands,1889,0
British Virgin Islands,1890,0
British Virgin Islands,1891,0
British Virgin Islands,1892,0
British Virgin Islands,1893,0
British Virgin Islands,1894,0
British Virgin Islands,1895,0
British Virgin Islands,1896,0
British Virgin Islands,1897,0
British Virgin Islands,1898,0
British Virgin Islands,1899,0
British Virgin Islands,1900,0
British Virgin Islands,1901,0
British Virgin Islands,1902,0
British Virgin Islands,1903,0
British Virgin Islands,1904,0
British Virgin Islands,1905,0
British Virgin Islands,1906,0
British Virgin Islands,1907,0
British Virgin Islands,1908,0
British Virgin Islands,1909,0
British Virgin Islands,1910,0
British Virgin Islands,1911,0
British Virgin Islands,1912,0
British Virgin Islands,1913,0
British Virgin Islands,1914,0
British Virgin Islands,1915,0
British Virgin Islands,1916,0
British Virgin Islands,1917,0
British Virgin Islands,1918,0
British Virgin Islands,1919,0
British Virgin Islands,1920,0
British Virgin Islands,1921,0
British Virgin Islands,1922,0
British Virgin Islands,1923,0
British Virgin Islands,1924,0
British Virgin Islands,1925,0
British Virgin Islands,1926,0
British Virgin Islands,1927,0
British Virgin Islands,1928,0
British Virgin Islands,1929,0
British Virgin Islands,1930,0
British Virgin Islands,1931,0
British Virgin Islands,1932,0
British Virgin Islands,1933,0
British Virgin Islands,1934,0
British Virgin Islands,1935,0
British Virgin Islands,1936,0
British Virgin Islands,1937,0
British Virgin Islands,1938,0
British Virgin Islands,1939,0
British Virgin Islands,1940,0
British Virgin Islands,1941,0
British Virgin Islands,1942,0
British Virgin Islands,1943,0
British Virgin Islands,1944,0
British Virgin Islands,1945,0
British Virgin Islands,1946,0
British Virgin Islands,1947,0
British Virgin Islands,1948,0
British Virgin Islands,1949,0
British Virgin Islands,1950,0
British Virgin Islands,1951,0
British Virgin Islands,1952,0
British Virgin Islands,1953,0
British Virgin Islands,1954,0
British Virgin Islands,1955,0
British Virgin Islands,1956,0
British Virgin Islands,1957,0
British Virgin Islands,1958,0
British Virgin Islands,1959,0
British Virgin Islands,1960,0
British Virgin Islands,1961,0
British Virgin Islands,1962,0
British Virgin Islands,1963,0
British Virgin Islands,1964,0
British Virgin Islands,1965,0
British Virgin Islands,1966,0
British Virgin Islands,1967,0
British Virgin Islands,1968,0
British Virgin Islands,1969,0
British Virgin Islands,1970,0
British Virgin Islands,1971,0
British Virgin Islands,1972,0
British Virgin Islands,1973,0
British Virgin Islands,1974,0
British Virgin Islands,1975,0
British Virgin Islands,1976,0
British Virgin Islands,1977,0
British Virgin Islands,1978,0
British Virgin Islands,1979,0
British Virgin Islands,1980,0
British Virgin Islands,1981,0
British Virgin Islands,1982,0
British Virgin Islands,1983,0
British Virgin Islands,1984,0
British Virgin Islands,1985,1
British Virgin Islands,1986,1
British Virgin Islands,1987,1
British Virgin Islands,1988,1
British Virgin Islands,1989,2
British Virgin Islands,1990,2
British Virgin Islands,1991,2
British Virgin Islands,1992,2
British Virgin Islands,1993,2
British Virgin Islands,1994,2
British Virgin Islands,1995,2
British Virgin Islands,1996,2
British Virgin Islands,1997,3
British Virgin Islands,1998,3
British Virgin Islands,1999,6
British Virgin Islands,2000,7
British Virgin Islands,2001,9
British Virgin Islands,2002,10
British Virgin Islands,2003,10
British Virgin Islands,2004,13
British Virgin Islands,2005,13
British Virgin Islands,2006,13
British Virgin Islands,2007,14
British Virgin Islands,2008,14
British Virgin Islands,2009,14
British Virgin Islands,2010,15
British Virgin Islands,2011,15
British Virgin Islands,2012,16
British Virgin Islands,2013,16
British Virgin Islands,2014,16
British Virgin Islands,2015,16
British Virgin Islands,2016,16
British Virgin Islands,2017,16
British Virgin Islands,2018,17
British Virgin Islands,2019,17
British Virgin Islands,2020,17
British Virgin Islands,2021,17
British Virgin Islands,2022,17
British Virgin Islands,2023,18
British Virgin Islands,2024,18
British Virgin Islands,2025,20
British Virgin Islands,2026,22
Brittany,1873,0
Brittany,1874,0
Brittany,1875,0
Brittany,1876,0
Brittany,1877,0
Brittany,1878,0
Brittany,1879,0
Brittany,1880,0
Brittany,1881,0
Brittany,1882,0
Brittany,1883,0
Brittany,1884,0
Brittany,1885,0
Brittany,1886,0
Brittany,1887,0
Brittany,1888,0
Brittany,1889,0
Brittany,1890,0
Brittany,1891,0
Brittany,1892,0
Brittany,1893,0
Brittany,1894,0
Brittany,1895,0
Brittany,1896,0
Brittany,1897,0
Brittany,1898,0
Brittany,1899,0
Brittany,1900,0
Brittany,1901,0
Brittany,1902,0
Brittany,1903,0
Brittany,1904,0
Brittany,1905,0
Brittany,1906,0
Brittany,1907,0
Brittany,1908,0
Brittany,1909,0
Brittany,1910,0
Brittany,1911,0
Brittany,1912,0
Brittany,1913,0
Brittany,1914,0
Brittany,1915,0
Brittany,1916,0
Brittany,1917,0
Brittany,1918,0
Brittany,1919,0
Brittany,1920,0
Brittany,1921,0
Brittany,1922,1
Brittany,1923,2
Brittany,1924,2
Brittany,1925,2
Brittany,1926,2
Brittany,1927,2
Brittany,1928,2
Brittany,1929,2
Brittany,1930,2
Brittany,1931,2
Brittany,1932,2
Brittany,1933,2
Brittany,1934,2
Brittany,1935,2
Brittany,1936,2
Brittany,1937,2
Brittany,1938,2
Brittany,1939,3
Brittany,1940,3
Brittany,1941,3
Brittany,1942,3
Brittany,1943,3
Brittany,1944,3
Brittany,1945,3
Brittany,1946,3
Brittany,1947,3
Brittany,1948,3
Brittany,1949,3
Brittany,1950,3
Brittany,1951,3
Brittany,1952,3
Brittany,1953,3
Brittany,1954,3
Brittany,1955,3
Brittany,1956,3
Brittany,1957,3
Brittany,1958,3
Brittany,1959,3
Brittany,1960,3
Brittany,1961,3
Brittany,1962,3
Brittany,1963,3
Brittany,1964,3
Brittany,1965,3
Brittany,1966,3
Brittany,1967,3
Brittany,1968,3
Brittany,1969,3
Brittany,1970,3
Brittany,1971,3
Brittany,1972,3
Brittany,1973,3
Brittany,1974,3
Brittany,1975,3
Brittany,1976,3
Brittany,1977,3
Brittany,1978,3
Brittany,1979,3
Brittany,1980,3
Brittany,1981,3
Brittany,1982,3
Brittany,1983,3
Brittany,1984,3
Brittany,1985,3
Brittany,1986,3
Brittany,1987,3
Brittany,1988,3
Brittany,1989,3
Brittany,1990,3
Brittany,1991,3
Brittany,1992,3
Brittany,1993,3
Brittany,1994,3
Brittany,1995,3
Brittany,1996,3
Brittany,1997,3
Brittany,1998,3
Brittany,1999,3
Brittany,2000,3
Brittany,2001,3
Brittany,2002,3
Brittany,2003,3
Brittany,2004,3
Brittany,2005,3
Brittany,2006,3
Brittany,2007,3
Brittany,2008,4
Brittany,2009,4
Brittany,2010,5
Brittany,2011,5
Brittany,2012,5
Brittany,2013,6
Brittany,2014,6
Brittany,2015,6
Brittany,2016,6
Brittany,2017,6
Brittany,2018,6
Brittany,2019,6
Brittany,2020,6
Brittany,2021,6
Brittany,2022,6
Brittany,2023,6
Brittany,2024,6
Brittany,2025,6
Brittany,2026,6
Brunei,1873,0
Brunei,1874,0
Brunei,1875,0
Brunei,1876,0
Brunei,1877,0
Brunei,1878,0
Brunei,1879,0
Brunei,1880,0
Brunei,1881,0
Brunei,1882,0
Brunei,1883,0
Brunei,1884,0
Brunei,1885,0
Brunei,1886,0
Brunei,1887,0
Brunei,1888,0
Brunei,1889,0
Brunei,1890,0
Brunei,1891,0
Brunei,1892,0
Brunei,1893,0
Brunei,1894,0
Brunei,1895,0
Brunei,1896,0
Brunei,1897,0
Brunei,1898,0
Brunei,1899,0
Brunei,1900,0
Brunei,1901,0
Brunei,1902,0
Brunei,1903,0
Brunei,1904,0
Brunei,1905,0
Brunei,1906,0
Brunei,1907,0
Brunei,1908,0
Brunei,1909,0
Brunei,1910,0
Brunei,1911,0
Brunei,1912,0
Brunei,1913,0
Brunei,1914,0
Brunei,1915,0
Brunei,1916,0
Brunei,1917,0
Brunei,1918,0
Brunei,1919,0
Brunei,1920,0
Brunei,1921,0
Brunei,1922,0
Brunei,1923,0
Brunei,1924,0
Brunei,1925,0
Brunei,1926,0
Brunei,1927,0
Brunei,1928,0
Brunei,1929,0
Brunei,1930,0
Brunei,1931,0
Brunei,1932,0
Brunei,1933,0
Brunei,1934,0
Brunei,1935,0
Brunei,1936,0
Brunei,1937,0
Brunei,1938,0
Brunei,1939,0
Brunei,1940,0
Brunei,1941,0
Brunei,1942,0
Brunei,1943,0
Brunei,1944,0
Brunei,1945,0
Brunei,1946,0
Brunei,1947,0
Brunei,1948,0
Brunei,1949,0
Brunei,1950,0
Brunei,1951,0
Brunei,1952,0
Brunei,1953,0
Brunei,1954,0
Brunei,1955,0
Brunei,1956,0
Brunei,1957,0
Brunei,1958,0
Brunei,1959,0
Brunei,1960,0
Brunei,1961,0
Brunei,1962,0
Brunei,1963,0
Brunei,1964,0
Brunei,1965,0
Brunei,1966,0
Brunei,1967,0
Brunei,1968,0
Brunei,1969,0
Brunei,1970,0
Brunei,1971,0
Brunei,1972,0
Brunei,1973,0
Brunei,1974,0
Brunei,1975,0
Brunei,1976,0
Brunei,1977,0
Brunei,1978,0
Brunei,1979,0
Brunei,1980,0
Brunei,1981,0
Brunei,1982,0
Brunei,1983,1
Brunei,1984,1
Brunei,1985,2
Brunei,1986,2
Brunei,1987,2
Brunei,1988,2
Brunei,1989,3
Brunei,1990,3
Brunei,1991,3
Brunei,1992,3
Brunei,1993,3
Brunei,1994,3
Brunei,1995,3
Brunei,1996,4
Brunei,1997,4
Brunei,1998,4
Brunei,1999,4
Brunei,2000,4
Brunei,2001,4
Brunei,2002,4
Brunei,2003,4
Brunei,2004,4
Brunei,2005,4
Brunei,2006,6
Brunei,2007,6
Brunei,2008,7
Brunei,2009,7
Brunei,2010,7
Brunei,2011,7
Brunei,2012,9
Brunei,2013,9
Brunei,2014,9
Brunei,2015,10
Brunei,2016,12
Brunei,2017,12
Brunei,2018,13
Brunei,2019,14
Brunei,2020,14
Brunei,2021,14
Brunei,2022,16
Brunei,2023,16
Brunei,2024,21
Brunei,2025,22
Brunei,2026,22
Bulgaria,1873,0
Bulgaria,1874,0
Bulgaria,1875,0
Bulgaria,1876,0
Bulgaria,1877,0
Bulgaria,1878,0
Bulgaria,1879,0
Bulgaria,1880,0
Bulgaria,1881,0
Bulgaria,1882,0
Bulgaria,1883,0
Bulgaria,1884,0
Bulgaria,1885,0
Bulgaria,1886,0
Bulgaria,1887,0
Bulgaria,1888,0
Bulgaria,1889,0
Bulgaria,1890,0
Bulgaria,1891,0
Bulgaria,1892,0
Bulgaria,1893,0
Bulgaria,1894,0
Bulgaria,1895,0
Bulgaria,1896,0
Bulgaria,1897,0
Bulgaria,1898,0
Bulgaria,1899,0
Bulgaria,1900,0
Bulgaria,1901,0
Bulgaria,1902,0
Bulgaria,1903,0
Bulgaria,1904,0
Bulgaria,1905,0
Bulgaria,1906,0
Bulgaria,1907,0
Bulgaria,1908,0
Bulgaria,1909,0
Bulgaria,1910,0
Bulgaria,1911,0
Bulgaria,1912,0
Bulgaria,1913,0
Bulgaria,1914,0
Bulgaria,1915,0
Bulgaria,1916,0
Bulgaria,1917,0
Bulgaria,1918,0
Bulgaria,1919,0
Bulgaria,1920,0
Bulgaria,1921,0
Bulgaria,1922,0
Bulgaria,1923,0
Bulgaria,1924,0
Bulgaria,1925,0
Bulgaria,1926,0
Bulgaria,1927,0
Bulgaria,1928,0
Bulgaria,1929,0
Bulgaria,1930,1
Bulgaria,1931,4
Bulgaria,1932,9
Bulgaria,1933,10
Bulgaria,1934,11
Bulgaria,1935,14
Bulgaria,1936,15
Bulgaria,1937,15
Bulgaria,1938,15
Bulgaria,1939,16
Bulgaria,1940,16
Bulgaria,1941,16
Bulgaria,1942,16
Bulgaria,1943,16
Bulgaria,1944,16
Bulgaria,1945,16
Bulgaria,1946,16
Bulgaria,1947,17
Bulgaria,1948,19
Bulgaria,1949,20
Bulgaria,1950,20
Bulgaria,1951,20
Bulgaria,1952,21
Bulgaria,1953,21
Bulgaria,1954,22
Bulgaria,1955,25
Bulgaria,1956,29
Bulgaria,1957,31
Bulgaria,1958,32
Bulgaria,1959,35
Bulgaria,1960,39
Bulgaria,1961,43
Bulgaria,1962,45
Bulgaria,1963,48
Bulgaria,1964,48
Bulgaria,1965,54
Bulgaria,1966,57
Bulgaria,1967,60
Bulgaria,1968,63
Bulgaria,1969,66
Bulgaria,1970,67
Bulgaria,1971,71
Bulgaria,1972,73
Bulgaria,1973,81
Bulgaria,1974,86
Bulgaria,1975,88
Bulgaria,1976,92
Bulgaria,1977,96
Bulgaria,1978,96
Bulgaria,1979,100
Bulgaria,1980,102
Bulgaria,1981,110
Bulgaria,1982,112
Bulgaria,1983,117
Bulgaria,1984,118
Bulgaria,1985,124
Bulgaria,1986,126
Bulgaria,1987,130
Bulgaria,1988,135
Bulgaria,1989,136
Bulgaria,1990,137
Bulgaria,1991,140
Bulgaria,1992,144
Bulgaria,1993,148
Bulgaria,1994,154
Bulgaria,1995,158
Bulgaria,1996,164
Bulgaria,1997,168
Bulgaria,1998,170
Bulgaria,1999,174
Bulgaria,2000,179
Bulgaria,2001,186
Bulgaria,2002,189
Bulgaria,2003,196
Bulgaria,2004,199
Bulgaria,2005,204
Bulgaria,2006,208
Bulgaria,2007,215
Bulgaria,2008,218
Bulgaria,2009,223
Bulgaria,2010,225
Bulgaria,2011,226
Bulgaria,2012,229
Bulgaria,2013,233
Bulgaria,2014,235
Bulgaria,2015,237
Bulgaria,2016,241
Bulgaria,2017,244
Bulgaria,2018,248
Bulgaria,2019,249
Bulgaria,2020,250
Bulgaria,2021,253
Bulgaria,2022,256
Bulgaria,2023,256
Bulgaria,2024,259
Bulgaria,2025,260
Bulgaria,2026,263
Burkina Faso,1873,0
Burkina Faso,1874,0
Burkina Faso,1875,0
Burkina Faso,1876,0
Burkina Faso,1877,0
Burkina Faso,1878,0
Burkina Faso,1879,0
Burkina Faso,1880,0
Burkina Faso,1881,0
Burkina Faso,1882,0
Burkina Faso,1883,0
Burkina Faso,1884,0
Burkina Faso,1885,0
Burkina Faso,1886,0
Burkina Faso,1887,0
Burkina Faso,1888,0
Burkina Faso,1889,0
Burkina Faso,1890,0
Burkina Faso,1891,0
Burkina Faso,1892,0
Burkina Faso,1893,0
Burkina Faso,1894,0
Burkina Faso,1895,0
Burkina Faso,1896,0
Burkina Faso,1897,0
Burkina Faso,1898,0
Burkina Faso,1899,0
Burkina Faso,1900,0
Burkina Faso,1901,0
Burkina Faso,1902,0
Burkina Faso,1903,0
Burkina Faso,1904,0
Burkina Faso,1905,0
Burkina Faso,1906,0
Burkina Faso,1907,0
Burkina Faso,1908,0
Burkina Faso,1909,0
Burkina Faso,1910,0
Burkina Faso,1911,0
Burkina Faso,1912,0
Burkina Faso,1913,0
Burkina Faso,1914,0
Burkina Faso,1915,0
Burkina Faso,1916,0
Burkina Faso,1917,0
Burkina Faso,1918,0
Burkina Faso,1919,0
Burkina Faso,1920,0
Burkina Faso,1921,0
Burkina Faso,1922,0
Burkina Faso,1923,0
Burkina Faso,1924,0
Burkina Faso,1925,0
Burkina Faso,1926,0
Burkina Faso,1927,0
Burkina Faso,1928,0
Burkina Faso,1929,0
Burkina Faso,1930,0
Burkina Faso,1931,0
Burkina Faso,1932,0
Burkina Faso,1933,0
Burkina Faso,1934,0
Burkina Faso,1935,0
Burkina Faso,1936,0
Burkina Faso,1937,0
Burkina Faso,1938,0
Burkina Faso,1939,0
Burkina Faso,1940,0
Burkina Faso,1941,0
Burkina Faso,1942,0
Burkina Faso,1943,0
Burkina Faso,1944,0
Burkina Faso,1945,0
Burkina Faso,1946,0
Burkina Faso,1947,0
Burkina Faso,1948,0
Burkina Faso,1949,0
Burkina Faso,1950,0
Burkina Faso,1951,0
Burkina Faso,1952,0
Burkina Faso,1953,0
Burkina Faso,1954,0
Burkina Faso,1955,0
Burkina Faso,1956,0
Burkina Faso,1957,0
Burkina Faso,1958,0
Burkina Faso,1959,0
Burkina Faso,1960,1
Burkina Faso,1961,2
Burkina Faso,1962,2
Burkina Faso,1963,2
Burkina Faso,1964,2
Burkina Faso,1965,2
Burkina Faso,1966,2
Burkina Faso,1967,5
Burkina Faso,1968,7
Burkina Faso,1969,7
Burkina Faso,1970,7
Burkina Faso,1971,7
Burkina Faso,1972,7
Burkina Faso,1973,7
Burkina Faso,1974,7
Burkina Faso,1975,8
Burkina Faso,1976,9
Burkina Faso,1977,9
Burkina Faso,1978,12
Burkina Faso,1979,12
Burkina Faso,1980,12
Burkina Faso,1981,12
Burkina Faso,1982,13
Burkina Faso,1983,13
Burkina Faso,1984,16
Burkina Faso,1985,16
Burkina Faso,1986,17
Burkina Faso,1987,21
Burkina Faso,1988,29
Burkina Faso,1989,29
Burkina Faso,1990,32
Burkina Faso,1991,35
Burkina Faso,1992,36
Burkina Faso,1993,38
Burkina Faso,1994,39
Burkina Faso,1995,39
Burkina Faso,1996,41
Burkina Faso,1997,43
Burkina Faso,1998,50
Burkina Faso,1999,56
Burkina Faso,2000,60
Burkina Faso,2001,64
Burkina Faso,2002,65
Burkina Faso,2003,70
Burkina Faso,2004,74
Burkina Faso,2005,76
Burkina Faso,2006,78
Burkina Faso,2007,78
Burkina Faso,2008,83
Burkina Faso,2009,87
Burkina Faso,2010,90
Burkina Faso,2011,93
Burkina Faso,2012,96
Burkina Faso,2013,105
Burkina Faso,2014,108
Burkina Faso,2015,112
Burkina Faso,2016,116
Burkina Faso,2017,122
Burkina Faso,2018,125
Burkina Faso,2019,128
Burkina Faso,2020,131
Burkina Faso,2021,135
Burkina Faso,2022,143
Burkina Faso,2023,146
Burkina Faso,2024,151
Burkina Faso,2025,163
Burkina Faso,2026,165
Burundi,1873,0
Burundi,1874,0
Burundi,1875,0
Burundi,1876,0
Burundi,1877,0
Burundi,1878,0
Burundi,1879,0
Burundi,1880,0
Burundi,1881,0
Burundi,1882,0
Burundi,1883,0
Burundi,1884,0
Burundi,1885,0
Burundi,1886,0
Burundi,1887,0
Burundi,1888,0
Burundi,1889,0
Burundi,1890,0
Burundi,1891,0
Burundi,1892,0
Burundi,1893,0
Burundi,1894,0
Burundi,1895,0
Burundi,1896,0
Burundi,1897,0
Burundi,1898,0
Burundi,1899,0
Burundi,1900,0
Burundi,1901,0
Burundi,1902,0
Burundi,1903,0
Burundi,1904,0
Burundi,1905,0
Burundi,1906,0
Burundi,1907,0
Burundi,1908,0
Burundi,1909,0
Burundi,1910,0
Burundi,1911,0
Burundi,1912,0
Burundi,1913,0
Burundi,1914,0
Burundi,1915,0
Burundi,1916,0
Burundi,1917,0
Burundi,1918,0
Burundi,1919,0
Burundi,1920,0
Burundi,1921,0
Burundi,1922,0
Burundi,1923,0
Burundi,1924,0
Burundi,1925,0
Burundi,1926,0
Burundi,1927,0
Burundi,1928,0
Burundi,1929,0
Burundi,1930,0
Burundi,1931,0
Burundi,1932,0
Burundi,1933,0
Burundi,1934,0
Burundi,1935,0
Burundi,1936,0
Burundi,1937,0
Burundi,1938,0
Burundi,1939,0
Burundi,1940,0
Burundi,1941,0
Burundi,1942,0
Burundi,1943,0
Burundi,1944,0
Burundi,1945,0
Burundi,1946,0
Burundi,1947,0
Burundi,1948,0
Burundi,1949,0
Burundi,1950,0
Burundi,1951,0
Burundi,1952,0
Burundi,1953,0
Burundi,1954,0
Burundi,1955,0
Burundi,1956,0
Burundi,1957,0
Burundi,1958,0
Burundi,1959,0
Burundi,1960,0
Burundi,1961,0
Burundi,1962,0
Burundi,1963,0
Burundi,1964,0
Burundi,1965,0
Burundi,1966,0
Burundi,1967,0
Burundi,1968,0
Burundi,1969,0
Burundi,1970,0
Burundi,1971,0
Burundi,1972,0
Burundi,1973,0
Burundi,1974,1
Burundi,1975,1
Burundi,1976,1
Burundi,1977,1
Burundi,1978,1
Burundi,1979,1
Burundi,1980,1
Burundi,1981,1
Burundi,1982,2
Burundi,1983,2
Burundi,1984,2
Burundi,1985,2
Burundi,1986,2
Burundi,1987,3
Burundi,1988,3
Burundi,1989,3
Burundi,1990,3
Burundi,1991,3
Burundi,1992,6
Burundi,1993,6
Burundi,1994,6
Burundi,1995,6
Burundi,1996,8
Burundi,1997,8
Burundi,1998,11
Burundi,1999,13
Burundi,2000,17
Burundi,2001,19
Burundi,2002,19
Burundi,2003,19
Burundi,2004,23
Burundi,2005,23
Burundi,2006,25
Burundi,2007,29
Burundi,2008,31
Burundi,2009,33
Burundi,2010,34
Burundi,2011,37
Burundi,2012,41
Burundi,2013,42
Burundi,2014,44
Burundi,2015,48
Burundi,2016,49
Burundi,2017,53
Burundi,2018,54
Burundi,2019,54
Burundi,2020,59
Burundi,2021,61
Burundi,2022,62
Burundi,2023,64
Burundi,2024,66
Burundi,2025,68
Burundi,2026,70
Cambodia,1873,0
Cambodia,1874,0
Cambodia,1875,0
Cambodia,1876,0
Cambodia,1877,0
Cambodia,1878,0
Cambodia,1879,0
Cambodia,1880,0
Cambodia,1881,0
Cambodia,1882,0
Cambodia,1883,0
Cambodia,1884,0
Cambodia,1885,0
Cambodia,1886,0
Cambodia,1887,0
Cambodia,1888,0
Cambodia,1889,0
Cambodia,1890,0
Cambodia,1891,0
Cambodia,1892,0
Cambodia,1893,0
Cambodia,1894,0
Cambodia,1895,0
Cambodia,1896,0
Cambodia,1897,0
Cambodia,1898,0
Cambodia,1899,0
Cambodia,1900,0
Cambodia,1901,0
Cambodia,1902,0
Cambodia,1903,0
Cambodia,1904,0
Cambodia,1905,0
Cambodia,1906,0
Cambodia,1907,0
Cambodia,1908,0
Cambodia,1909,0
Cambodia,1910,0
Cambodia,1911,0
Cambodia,1912,0
Cambodia,1913,0
Cambodia,1914,0
Cambodia,1915,0
Cambodia,1916,0
Cambodia,1917,0
Cambodia,1918,0
Cambodia,1919,0
Cambodia,1920,0
Cambodia,1921,0
Cambodia,1922,0
Cambodia,1923,0
Cambodia,1924,0
Cambodia,1925,0
Cambodia,1926,0
Cambodia,1927,0
Cambodia,1928,0
Cambodia,1929,0
Cambodia,1930,0
Cambodia,1931,0
Cambodia,1932,0
Cambodia,1933,0
Cambodia,1934,0
Cambodia,1935,0
Cambodia,1936,0
Cambodia,1937,0
Cambodia,1938,0
Cambodia,1939,0
Cambodia,1940,0
Cambodia,1941,0
Cambodia,1942,0
Cambodia,1943,0
Cambodia,1944,0
Cambodia,1945,0
Cambodia,1946,0
Cambodia,1947,0
Cambodia,1948,0
Cambodia,1949,0
Cambodia,1950,0
Cambodia,1951,0
Cambodia,1952,0
Cambodia,1953,0
Cambodia,1954,1
Cambodia,1955,1
Cambodia,1956,2
Cambodia,1957,2
Cambodia,1958,2
Cambodia,1959,2
Cambodia,1960,2
Cambodia,1961,2
Cambodia,1962,2
Cambodia,1963,2
Cambodia,1964,2
Cambodia,1965,2
Cambodia,1966,3
Cambodia,1967,3
Cambodia,1968,3
Cambodia,1969,3
Cambodia,1970,4
Cambodia,1971,8
Cambodia,1972,18
Cambodia,1973,20
Cambodia,1974,23
Cambodia,1975,23
Cambodia,1976,23
Cambodia,1977,23
Cambodia,1978,23
Cambodia,1979,23
Cambodia,1980,23
Cambodia,1981,23
Cambodia,1982,23
Cambodia,1983,23
Cambodia,1984,23
Cambodia,1985,23
Cambodia,1986,23
Cambodia,1987,23
Cambodia,1988,23
Cambodia,1989,23
Cambodia,1990,23
Cambodia,1991,23
Cambodia,1992,23
Cambodia,1993,23
Cambodia,1994,23
Cambodia,1995,23
Cambodia,1996,23
Cambodia,1997,25
Cambodia,1998,25
Cambodia,1999,25
Cambodia,2000,26
Cambodia,2001,26
Cambodia,2002,27
Cambodia,2003,27
Cambodia,2004,27
Cambodia,2005,27
Cambodia,2006,29
Cambodia,2007,29
Cambodia,2008,32
Cambodia,2009,33
Cambodia,2010,34
Cambodia,2011,36
Cambodia,2012,36
Cambodia,2013,36
Cambodia,2014,38
Cambodia,2015,42
Cambodia,2016,49
Cambodia,2017,50
Cambodia,2018,52
Cambodia,2019,54
Cambodia,2020,54
Cambodia,2021,57
Cambodia,2022,60
Cambodia,2023,61
Cambodia,2024,64
Cambodia,2025,64
Cambodia,2026,68
Cameroon,1873,0
Cameroon,1874,0
Cameroon,1875,0
Cameroon,1876,0
Cameroon,1877,0
Cameroon,1878,0
Cameroon,1879,0
Cameroon,1880,0
Cameroon,1881,0
Cameroon,1882,0
Cameroon,1883,0
Cameroon,1884,0
Cameroon,1885,0
Cameroon,1886,0
Cameroon,1887,0
Cameroon,1888,0
Cameroon,1889,0
Cameroon,1890,0
Cameroon,1891,0
Cameroon,1892,0
Cameroon,1893,0
Cameroon,1894,0
Cameroon,1895,0
Cameroon,1896,0
Cameroon,1897,0
Cameroon,1898,0
Cameroon,1899,0
Cameroon,1900,0
Cameroon,1901,0
Cameroon,1902,0
Cameroon,1903,0
Cameroon,1904,0
Cameroon,1905,0
Cameroon,1906,0
Cameroon,1907,0
Cameroon,1908,0
Cameroon,1909,0
Cameroon,1910,0
Cameroon,1911,0
Cameroon,1912,0
Cameroon,1913,0
Cameroon,1914,0
Cameroon,1915,0
Cameroon,1916,0
Cameroon,1917,0
Cameroon,1918,0
Cameroon,1919,0
Cameroon,1920,0
Cameroon,1921,0
Cameroon,1922,0
Cameroon,1923,0
Cameroon,1924,0
Cameroon,1925,0
Cameroon,1926,0
Cameroon,1927,0
Cameroon,1928,0
Cameroon,1929,0
Cameroon,1930,0
Cameroon,1931,0
Cameroon,1932,0
Cameroon,1933,0
Cameroon,1934,0
Cameroon,1935,0
Cameroon,1936,0
Cameroon,1937,0
Cameroon,1938,0
Cameroon,1939,0
Cameroon,1940,0
Cameroon,1941,0
Cameroon,1942,0
Cameroon,1943,0
Cameroon,1944,0
Cameroon,1945,0
Cameroon,1946,0
Cameroon,1947,0
Cameroon,1948,0
Cameroon,1949,0
Cameroon,1950,0
Cameroon,1951,0
Cameroon,1952,0
Cameroon,1953,1
Cameroon,1954,1
Cameroon,1955,1
Cameroon,1956,2
Cameroon,1957,2
Cameroon,1958,2
Cameroon,1959,2
Cameroon,1960,5
Cameroon,1961,6
Cameroon,1962,7
Cameroon,1963,9
Cameroon,1964,13
Cameroon,1965,13
Cameroon,1966,14
Cameroon,1967,14
Cameroon,1968,15
Cameroon,1969,17
Cameroon,1970,19
Cameroon,1971,20
Cameroon,1972,23
Cameroon,1973,25
Cameroon,1974,25
Cameroon,1975,29
Cameroon,1976,30
Cameroon,1977,31
Cameroon,1978,31
Cameroon,1979,34
Cameroon,1980,36
Cameroon,1981,42
Cameroon,1982,44
Cameroon,1983,47
Cameroon,1984,53
Cameroon,1985,57
Cameroon,1986,64
Cameroon,1987,71
Cameroon,1988,76
Cameroon,1989,85
Cameroon,1990,92
Cameroon,1991,99
Cameroon,1992,104
Cameroon,1993,111
Cameroon,1994,113
Cameroon,1995,117
Cameroon,1996,119
Cameroon,1997,125
Cameroon,1998,132
Cameroon,1999,135
Cameroon,2000,142
Cameroon,2001,148
Cameroon,2002,156
Cameroon,2003,160
Cameroon,2004,163
Cameroon,2005,169
Cameroon,2006,174
Cameroon,2007,177
Cameroon,2008,186
Cameroon,2009,192
Cameroon,2010,196
Cameroon,2011,200
Cameroon,2012,208
Cameroon,2013,212
Cameroon,2014,218
Cameroon,2015,224
Cameroon,2016,227
Cameroon,2017,234
Cameroon,2018,236
Cameroon,2019,240
Cameroon,2020,242
Cameroon,2021,248
Cameroon,2022,255
Cameroon,2023,257
Cameroon,2024,263
Cameroon,2025,269
Cameroon,2026,273
Canada,1873,0
Canada,1874,0
Canada,1875,0
Canada,1876,0
Canada,1877,0
Canada,1878,0
Canada,1879,0
Canada,1880,0
Canada,1881,0
Canada,1882,0
Canada,1883,0
Canada,1884,0
Canada,1885,1
Canada,1886,1
Canada,1887,1
Canada,1888,1
Canada,1889,1
Canada,1890,1
Canada,1891,1
Canada,1892,1
Canada,1893,1
Canada,1894,1
Canada,1895,1
Canada,1896,1
Canada,1897,1
Canada,1898,1
Canada,1899,1
Canada,1900,1
Canada,1901,1
Canada,1902,1
Canada,1903,1
Canada,1904,1
Canada,1905,1
Canada,1906,1
Canada,1907,1
Canada,1908,1
Canada,1909,1
Canada,1910,1
Canada,1911,1
Canada,1912,1
Canada,1913,1
Canada,1914,1
Canada,1915,1
Canada,1916,1
Canada,1917,1
Canada,1918,1
Canada,1919,1
Canada,1920,1
Canada,1921,1
Canada,1922,1
Canada,1923,1
Canada,1924,3
Canada,1925,4
Canada,1926,4
Canada,1927,6
Canada,1928,6
Canada,1929,6
Canada,1930,6
Canada,1931,6
Canada,1932,6
Canada,1933,6
Canada,1934,6
Canada,1935,6
Canada,1936,6
Canada,1937,6
Canada,1938,6
Canada,1939,6
Canada,1940,6
Canada,1941,6
Canada,1942,6
Canada,1943,6
Canada,1944,6
Canada,1945,6
Canada,1946,6
Canada,1947,6
Canada,1948,6
Canada,1949,6
Canada,1950,6
Canada,1951,6
Canada,1952,6
Canada,1953,6
Canada,1954,6
Canada,1955,6
Canada,1956,6
Canada,1957,8
Canada,1958,8
Canada,1959,8
Canada,1960,8
Canada,1961,8
Canada,1962,8
Canada,1963,8
Canada,1964,8
Canada,1965,8
Canada,1966,8
Canada,1967,8
Canada,1968,10
Canada,1969,10
Canada,1970,10
Canada,1971,10
Canada,1972,11
Canada,1973,13
Canada,1974,13
Canada,1975,13
Canada,1976,15
Canada,1977,17
Canada,1978,17
Canada,1979,17
Canada,1980,21
Canada,1981,23
Canada,1982,23
Canada,1983,24
Canada,1984,25
Canada,1985,34
Canada,1986,37
Canada,1987,37
Canada,1988,42
Canada,1989,43
Canada,1990,44
Canada,1991,45
Canada,1992,49
Canada,1993,55
Canada,1994,55
Canada,1995,58
Canada,1996,64
Canada,1997,65
Canada,1998,66
Canada,1999,71
Canada,2000,79
Canada,2001,80
Canada,2002,83
Canada,2003,85
Canada,2004,89
Canada,2005,92
Canada,2006,94
Canada,2007,98
Canada,2008,101
Canada,2009,105
Canada,2010,106
Canada,2011,112
Canada,2012,116
Canada,2013,116
Canada,2014,116
Canada,2015,121
Canada,2016,124
Canada,2017,128
Canada,2018,132
Canada,2019,138
Canada,2020,140
Canada,2021,153
Canada,2022,160
Canada,2023,165
Canada,2024,171
Canada,2025,178
Canada,2026,183
Canary Islands,1873,0
Canary Islands,1874,0
Canary Islands,1875,0
Canary Islands,1876,0
Canary Islands,1877,0
Canary Islands,1878,0
Canary Islands,1879,0
Canary Islands,1880,0
Canary Islands,1881,0
Canary Islands,1882,0
Canary Islands,1883,0
Canary Islands,1884,0
Canary Islands,1885,0
Canary Islands,1886,0
Canary Islands,1887,0
Canary Islands,1888,0
Canary Islands,1889,0
Canary Islands,1890,0
Canary Islands,1891,0
Canary Islands,1892,0
Canary Islands,1893,0
Canary Islands,1894,0
Canary Islands,1895,0
Canary Islands,1896,0
Canary Islands,1897,0
Canary Islands,1898,0
Canary Islands,1899,0
Canary Islands,1900,0
Canary Islands,1901,0
Canary Islands,1902,0
Canary Islands,1903,0
Canary Islands,1904,0
Canary Islands,1905,0
Canary Islands,1906,0
Canary Islands,1907,0
Canary Islands,1908,0
Canary Islands,1909,0
Canary Islands,1910,0
Canary Islands,1911,0
Canary Islands,1912,0
Canary Islands,1913,0
Canary Islands,1914,0
Canary Islands,1915,0
Canary Islands,1916,0
Canary Islands,1917,0
Canary Islands,1918,0
Canary Islands,1919,0
Canary Islands,1920,0
Canary Islands,1921,0
Canary Islands,1922,0
Canary Islands,1923,0
Canary Islands,1924,0
Canary Islands,1925,0
Canary Islands,1926,0
Canary Islands,1927,0
Canary Islands,1928,0
Canary Islands,1929,0
Canary Islands,1930,0
Canary Islands,1931,0
Canary Islands,1932,0
Canary Islands,1933,0
Canary Islands,1934,0
Canary Islands,1935,0
Canary Islands,1936,0
Canary Islands,1937,0
Canary Islands,1938,0
Canary Islands,1939,0
Canary Islands,1940,0
Canary Islands,1941,0
Canary Islands,1942,0
Canary Islands,1943,0
Canary Islands,1944,0
Canary Islands,1945,0
Canary Islands,1946,0
Canary Islands,1947,0
Canary Islands,1948,0
Canary Islands,1949,0
Canary Islands,1950,0
Canary Islands,1951,0
Canary Islands,1952,0
Canary Islands,1953,0
Canary Islands,1954,0
Canary Islands,1955,0
Canary Islands,1956,0
Canary Islands,1957,0
Canary Islands,1958,0
Canary Islands,1959,0
Canary Islands,1960,0
Canary Islands,1961,0
Canary Islands,1962,0
Canary Islands,1963,0
Canary Islands,1964,0
Canary Islands,1965,0
Canary Islands,1966,0
Canary Islands,1967,0
Canary Islands,1968,0
Canary Islands,1969,0
Canary Islands,1970,0
Canary Islands,1971,0
Canary Islands,1972,0
Canary Islands,1973,0
Canary Islands,1974,0
Canary Islands,1975,0
Canary Islands,1976,0
Canary Islands,1977,0
Canary Islands,1978,0
Canary Islands,1979,0
Canary Islands,1980,0
Canary Islands,1981,0
Canary Islands,1982,0
Canary Islands,1983,0
Canary Islands,1984,0
Canary Islands,1985,0
Canary Islands,1986,0
Canary Islands,1987,0
Canary Islands,1988,0
Canary Islands,1989,0
Canary Islands,1990,0
Canary Islands,1991,0
Canary Islands,1992,0
Canary Islands,1993,0
Canary Islands,1994,0
Canary Islands,1995,0
Canary Islands,1996,1
Canary Islands,1997,1
Canary Islands,1998,2
Canary Islands,1999,2
Canary Islands,2000,2
Canary Islands,2001,2
Canary Islands,2002,2
Canary Islands,2003,2
Canary Islands,2004,2
Canary Islands,2005,2
Canary Islands,2006,2
Canary Islands,2007,3
Canary Islands,2008,3
Canary Islands,2009,3
Canary Islands,2010,3
Canary Islands,2011,3
Canary Islands,2012,3
Canary Islands,2013,3
Canary Islands,2014,3
Canary Islands,2015,3
Canary Islands,2016,3
Canary Islands,2017,3
Canary Islands,2018,3
Canary Islands,2019,3
Canary Islands,2020,3
Canary Islands,2021,3
Canary Islands,2022,3
Canary Islands,2023,3
Canary Islands,2024,3
Canary Islands,2025,3
Canary Islands,2026,3
Canton Ticino,1873,0
Canton Ticino,1874,0
Canton Ticino,1875,0
Canton Ticino,1876,0
Canton Ticino,1877,0
Canton Ticino,1878,0
Canton Ticino,1879,0
Canton Ticino,1880,0
Canton Ticino,1881,0
Canton Ticino,1882,0
Canton Ticino,1883,0
Canton Ticino,1884,0
Canton Ticino,1885,0
Canton Ticino,1886,0
Canton Ticino,1887,0
Canton Ticino,1888,0
Canton Ticino,1889,0
Canton Ticino,1890,0
Canton Ticino,1891,0
Canton Ticino,1892,0
Canton Ticino,1893,0
Canton Ticino,1894,0
Canton Ticino,1895,0
Canton Ticino,1896,0
Canton Ticino,1897,0
Canton Ticino,1898,0
Canton Ticino,1899,0
Canton Ticino,1900,0
Canton Ticino,1901,0
Canton Ticino,1902,0
Canton Ticino,1903,0
Canton Ticino,1904,0
Canton Ticino,1905,0
Canton Ticino,1906,0
Canton Ticino,1907,0
Canton Ticino,1908,0
Canton Ticino,1909,0
Canton Ticino,1910,0
Canton Ticino,1911,0
Canton Ticino,1912,0
Canton Ticino,1913,0
Canton Ticino,1914,0
Canton Ticino,1915,0
Canton Ticino,1916,0
Canton Ticino,1917,0
Canton Ticino,1918,0
Canton Ticino,1919,0
Canton Ticino,1920,0
Canton Ticino,1921,0
Canton Ticino,1922,0
Canton Ticino,1923,0
Canton Ticino,1924,0
Canton Ticino,1925,0
Canton Ticino,1926,0
Canton Ticino,1927,0
Canton Ticino,1928,0
Canton Ticino,1929,0
Canton Ticino,1930,0
Canton Ticino,1931,0
Canton Ticino,1932,0
Canton Ticino,1933,0
Canton Ticino,1934,0
Canton Ticino,1935,0
Canton Ticino,1936,0
Canton Ticino,1937,0
Canton Ticino,1938,0
Canton Ticino,1939,0
Canton Ticino,1940,0
Canton Ticino,1941,0
Canton Ticino,1942,0
Canton Ticino,1943,0
Canton Ticino,1944,0
Canton Ticino,1945,0
Canton Ticino,1946,0
Canton Ticino,1947,0
Canton Ticino,1948,0
Canton Ticino,1949,0
Canton Ticino,1950,0
Canton Ticino,1951,0
Canton Ticino,1952,0
Canton Ticino,1953,0
Canton Ticino,1954,0
Canton Ticino,1955,0
Canton Ticino,1956,0
Canton Ticino,1957,0
Canton Ticino,1958,0
Canton Ticino,1959,0
Canton Ticino,1960,0
Canton Ticino,1961,0
Canton Ticino,1962,0
Canton Ticino,1963,0
Canton Ticino,1964,0
Canton Ticino,1965,0
Canton Ticino,1966,0
Canton Ticino,1967,0
Canton Ticino,1968,0
Canton Ticino,1969,0
Canton Ticino,1970,0
Canton Ticino,1971,0
Canton Ticino,1972,0
Canton Ticino,1973,0
Canton Ticino,1974,0
Canton Ticino,1975,0
Canton Ticino,1976,0
Canton Ticino,1977,0
Canton Ticino,1978,0
Canton Ticino,1979,0
Canton Ticino,1980,0
Canton Ticino,1981,0
Canton Ticino,1982,0
Canton Ticino,1983,0
Canton Ticino,1984,0
Canton Ticino,1985,0
Canton Ticino,1986,0
Canton Ticino,1987,0
Canton Ticino,1988,0
Canton Ticino,1989,0
Canton Ticino,1990,0
Canton Ticino,1991,0
Canton Ticino,1992,0
Canton Ticino,1993,0
Canton Ticino,1994,0
Canton Ticino,1995,0
Canton Ticino,1996,0
Canton Ticino,1997,0
Canton Ticino,1998,0
Canton Ticino,1999,0
Canton Ticino,2000,0
Canton Ticino,2001,0
Canton Ticino,2002,0
Canton Ticino,2003,0
Canton Ticino,2004,0
Canton Ticino,2005,0
Canton Ticino,2006,0
Canton Ticino,2007,0
Canton Ticino,2008,0
Canton Ticino,2009,0
Canton Ticino,2010,0
Canton Ticino,2011,0
Canton Ticino,2012,0
Canton Ticino,2013,0
Canton Ticino,2014,0
Canton Ticino,2015,0
Canton Ticino,2016,0
Canton Ticino,2017,0
Canton Ticino,2018,0
Canton Ticino,2019,0
Canton Ticino,2020,0
Canton Ticino,2021,0
Canton Ticino,2022,0
Canton Ticino,2023,0
Canton Ticino,2024,0
Canton Ticino,2025,0
Canton Ticino,2026,1
Cape Verde,1873,0
Cape Verde,1874,0
Cape Verde,1875,0
Cape Verde,1876,0
Cape Verde,1877,0
Cape Verde,1878,0
Cape Verde,1879,0
Cape Verde,1880,0
Cape Verde,1881,0
Cape Verde,1882,0
Cape Verde,1883,0
Cape Verde,1884,0
Cape Verde,1885,0
Cape Verde,1886,0
Cape Verde,1887,0
Cape Verde,1888,0
Cape Verde,1889,0
Cape Verde,1890,0
Cape Verde,1891,0
Cape Verde,1892,0
Cape Verde,1893,0
Cape Verde,1894,0
Cape Verde,1895,0
Cape Verde,1896,0
Cape Verde,1897,0
Cape Verde,1898,0
Cape Verde,1899,0
Cape Verde,1900,0
Cape Verde,1901,0
Cape Verde,1902,0
Cape Verde,1903,0
Cape Verde,1904,0
Cape Verde,1905,0
Cape Verde,1906,0
Cape Verde,1907,0
Cape Verde,1908,0
Cape Verde,1909,0
Cape Verde,1910,0
Cape Verde,1911,0
Cape Verde,1912,0
Cape Verde,1913,0
Cape Verde,1914,0
Cape Verde,1915,0
Cape Verde,1916,0
Cape Verde,1917,0
Cape Verde,1918,0
Cape Verde,1919,0
Cape Verde,1920,0
Cape Verde,1921,0
Cape Verde,1922,0
Cape Verde,1923,0
Cape Verde,1924,0
Cape Verde,1925,0
Cape Verde,1926,0
Cape Verde,1927,0
Cape Verde,1928,0
Cape Verde,1929,0
Cape Verde,1930,0
Cape Verde,1931,0
Cape Verde,1932,0
Cape Verde,1933,0
Cape Verde,1934,0
Cape Verde,1935,0
Cape Verde,1936,0
Cape Verde,1937,0
Cape Verde,1938,0
Cape Verde,1939,0
Cape Verde,1940,0
Cape Verde,1941,0
Cape Verde,1942,0
Cape Verde,1943,0
Cape Verde,1944,0
Cape Verde,1945,0
Cape Verde,1946,0
Cape Verde,1947,0
Cape Verde,1948,0
Cape Verde,1949,0
Cape Verde,1950,0
Cape Verde,1951,0
Cape Verde,1952,0
Cape Verde,1953,0
Cape Verde,1954,0
Cape Verde,1955,0
Cape Verde,1956,0
Cape Verde,1957,0
Cape Verde,1958,0
Cape Verde,1959,0
Cape Verde,1960,0
Cape Verde,1961,0
Cape Verde,1962,0
Cape Verde,1963,0
Cape Verde,1964,0
Cape Verde,1965,0
Cape Verde,1966,0
Cape Verde,1967,0
Cape Verde,1968,0
Cape Verde,1969,0
Cape Verde,1970,0
Cape Verde,1971,0
Cape Verde,1972,0
Cape Verde,1973,0
Cape Verde,1974,0
Cape Verde,1975,0
Cape Verde,1976,0
Cape Verde,1977,0
Cape Verde,1978,0
Cape Verde,1979,0
Cape Verde,1980,0
Cape Verde,1981,1
Cape Verde,1982,3
Cape Verde,1983,4
Cape Verde,1984,4
Cape Verde,1985,6
Cape Verde,1986,6
Cape Verde,1987,6
Cape Verde,1988,7
Cape Verde,1989,9
Cape Verde,1990,9
Cape Verde,1991,10
Cape Verde,1992,11
Cape Verde,1993,11
Cape Verde,1994,11
Cape Verde,1995,13
Cape Verde,1996,13
Cape Verde,1997,13
Cape Verde,1998,13
Cape Verde,1999,13
Cape Verde,2000,16
Cape Verde,2001,17
Cape Verde,2002,18
Cape Verde,2003,21
Cape Verde,2004,23
Cape Verde,2005,24
Cape Verde,2006,25
Cape Verde,2007,25
Cape Verde,2008,29
Cape Verde,2009,32
Cape Verde,2010,34
Cape Verde,2011,37
Cape Verde,2012,40
Cape Verde,2013,44
Cape Verde,2014,48
Cape Verde,2015,53
Cape Verde,2016,54
Cape Verde,2017,57
Cape Verde,2018,59
Cape Verde,2019,60
Cape Verde,2020,61
Cape Verde,2021,66
Cape Verde,2022,72
Cape Verde,2023,75
Cape Verde,2024,82
Cape Verde,2025,88
Cape Verde,2026,89
Cascadia,1873,0
Cascadia,1874,0
Cascadia,1875,0
Cascadia,1876,0
Cascadia,1877,0
Cascadia,1878,0
Cascadia,1879,0
Cascadia,1880,0
Cascadia,1881,0
Cascadia,1882,0
Cascadia,1883,0
Cascadia,1884,0
Cascadia,1885,0
Cascadia,1886,0
Cascadia,1887,0
Cascadia,1888,0
Cascadia,1889,0
Cascadia,1890,0
Cascadia,1891,0
Cascadia,1892,0
Cascadia,1893,0
Cascadia,1894,0
Cascadia,1895,0
Cascadia,1896,0
Cascadia,1897,0
Cascadia,1898,0
Cascadia,1899,0
Cascadia,1900,0
Cascadia,1901,0
Cascadia,1902,0
Cascadia,1903,0
Cascadia,1904,0
Cascadia,1905,0
Cascadia,1906,0
Cascadia,1907,0
Cascadia,1908,0
Cascadia,1909,0
Cascadia,1910,0
Cascadia,1911,0
Cascadia,1912,0
Cascadia,1913,0
Cascadia,1914,0
Cascadia,1915,0
Cascadia,1916,0
Cascadia,1917,0
Cascadia,1918,0
Cascadia,1919,0
Cascadia,1920,0
Cascadia,1921,0
Cascadia,1922,0
Cascadia,1923,0
Cascadia,1924,0
Cascadia,1925,0
Cascadia,1926,0
Cascadia,1927,0
Cascadia,1928,0
Cascadia,1929,0
Cascadia,1930,0
Cascadia,1931,0
Cascadia,1932,0
Cascadia,1933,0
Cascadia,1934,0
Cascadia,1935,0
Cascadia,1936,0
Cascadia,1937,0
Cascadia,1938,0
Cascadia,1939,0
Cascadia,1940,0
Cascadia,1941,0
Cascadia,1942,0
Cascadia,1943,0
Cascadia,1944,0
Cascadia,1945,0
Cascadia,1946,0
Cascadia,1947,0
Cascadia,1948,0
Cascadia,1949,0
Cascadia,1950,0
Cascadia,1951,0
Cascadia,1952,0
Cascadia,1953,0
Cascadia,1954,0
Cascadia,1955,0
Cascadia,1956,0
Cascadia,1957,0
Cascadia,1958,0
Cascadia,1959,0
Cascadia,1960,0
Cascadia,1961,0
Cascadia,1962,0
Cascadia,1963,0
Cascadia,1964,0
Cascadia,1965,0
Cascadia,1966,0
Cascadia,1967,0
Cascadia,1968,0
Cascadia,1969,0
Cascadia,1970,0
Cascadia,1971,0
Cascadia,1972,0
Cascadia,1973,0
Cascadia,1974,0
Cascadia,1975,0
Cascadia,1976,0
Cascadia,1977,0
Cascadia,1978,0
Cascadia,1979,0
Cascadia,1980,0
Cascadia,1981,0
Cascadia,1982,0
Cascadia,1983,0
Cascadia,1984,0
Cascadia,1985,0
Cascadia,1986,0
Cascadia,1987,0
Cascadia,1988,0
Cascadia,1989,0
Cascadia,1990,0
Cascadia,1991,0
Cascadia,1992,0
Cascadia,1993,0
Cascadia,1994,0
Cascadia,1995,0
Cascadia,1996,0
Cascadia,1997,0
Cascadia,1998,0
Cascadia,1999,0
Cascadia,2000,0
Cascadia,2001,0
Cascadia,2002,0
Cascadia,2003,0
Cascadia,2004,0
Cascadia,2005,0
Cascadia,2006,0
Cascadia,2007,0
Cascadia,2008,0
Cascadia,2009,0
Cascadia,2010,0
Cascadia,2011,0
Cascadia,2012,0
Cascadia,2013,0
Cascadia,2014,0
Cascadia,2015,0
Cascadia,2016,0
Cascadia,2017,0
Cascadia,2018,3
Cascadia,2019,4
Cascadia,2020,4
Cascadia,2021,4
Cascadia,2022,4
Cascadia,2023,4
Cascadia,2024,4
Cascadia,2025,4
Cascadia,2026,4
Catalonia,1873,0
Catalonia,1874,0
Catalonia,1875,0
Catalonia,1876,0
Catalonia,1877,0
Catalonia,1878,0
Catalonia,1879,0
Catalonia,1880,0
Catalonia,1881,0
Catalonia,1882,0
Catalonia,1883,0
Catalonia,1884,0
Catalonia,1885,0
Catalonia,1886,0
Catalonia,1887,0
Catalonia,1888,0
Catalonia,1889,0
Catalonia,1890,0
Catalonia,1891,0
Catalonia,1892,0
Catalonia,1893,0
Catalonia,1894,0
Catalonia,1895,0
Catalonia,1896,0
Catalonia,1897,0
Catalonia,1898,0
Catalonia,1899,0
Catalonia,1900,0
Catalonia,1901,0
Catalonia,1902,0
Catalonia,1903,0
Catalonia,1904,0
Catalonia,1905,0
Catalonia,1906,0
Catalonia,1907,0
Catalonia,1908,0
Catalonia,1909,0
Catalonia,1910,0
Catalonia,1911,0
Catalonia,1912,1
Catalonia,1913,1
Catalonia,1914,1
Catalonia,1915,1
Catalonia,1916,1
Catalonia,1917,1
Catalonia,1918,1
Catalonia,1919,1
Catalonia,1920,1
Catalonia,1921,3
Catalonia,1922,3
Catalonia,1923,3
Catalonia,1924,3
Catalonia,1925,4
Catalonia,1926,4
Catalonia,1927,4
Catalonia,1928,4
Catalonia,1929,4
Catalonia,1930,4
Catalonia,1931,4
Catalonia,1932,4
Catalonia,1933,4
Catalonia,1934,5
Catalonia,1935,5
Catalonia,1936,5
Catalonia,1937,5
Catalonia,1938,5
Catalonia,1939,5
Catalonia,1940,5
Catalonia,1941,5
Catalonia,1942,5
Catalonia,1943,5
Catalonia,1944,5
Catalonia,1945,5
Catalonia,1946,5
Catalonia,1947,6
Catalonia,1948,6
Catalonia,1949,6
Catalonia,1950,6
Catalonia,1951,6
Catalonia,1952,6
Catalonia,1953,6
Catalonia,1954,6
Catalonia,1955,6
Catalonia,1956,6
Catalonia,1957,6
Catalonia,1958,6
Catalonia,1959,6
Catalonia,1960,6
Catalonia,1961,6
Catalonia,1962,6
Catalonia,1963,6
Catalonia,1964,6
Catalonia,1965,6
Catalonia,1966,6
Catalonia,1967,6
Catalonia,1968,6
Catalonia,1969,6
Catalonia,1970,6
Catalonia,1971,7
Catalonia,1972,7
Catalonia,1973,7
Catalonia,1974,7
Catalonia,1975,7
Catalonia,1976,7
Catalonia,1977,7
Catalonia,1978,7
Catalonia,1979,7
Catalonia,1980,7
Catalonia,1981,7
Catalonia,1982,7
Catalonia,1983,7
Catalonia,1984,7
Catalonia,1985,7
Catalonia,1986,7
Catalonia,1987,7
Catalonia,1988,7
Catalonia,1989,7
Catalonia,1990,7
Catalonia,1991,7
Catalonia,1992,7
Catalonia,1993,7
Catalonia,1994,7
Catalonia,1995,7
Catalonia,1996,7
Catalonia,1997,7
Catalonia,1998,8
Catalonia,1999,9
Catalonia,2000,10
Catalonia,2001,11
Catalonia,2002,12
Catalonia,2003,13
Catalonia,2004,13
Catalonia,2005,13
Catalonia,2006,14
Catalonia,2007,14
Catalonia,2008,15
Catalonia,2009,16
Catalonia,2010,17
Catalonia,2011,17
Catalonia,2012,17
Catalonia,2013,18
Catalonia,2014,18
Catalonia,2015,18
Catalonia,2016,18
Catalonia,2017,18
Catalonia,2018,18
Catalonia,2019,19
Catalonia,2020,19
Catalonia,2021,19
Catalonia,2022,19
Catalonia,2023,19
Catalonia,2024,19
Catalonia,2025,19
Catalonia,2026,19
Cayman Islands,1873,0
Cayman Islands,1874,0
Cayman Islands,1875,0
Cayman Islands,1876,0
Cayman Islands,1877,0
Cayman Islands,1878,0
Cayman Islands,1879,0
Cayman Islands,1880,0
Cayman Islands,1881,0
Cayman Islands,1882,0
Cayman Islands,1883,0
Cayman Islands,1884,0
Cayman Islands,1885,0
Cayman Islands,1886,0
Cayman Islands,1887,0
Cayman Islands,1888,0
Cayman Islands,1889,0
Cayman Islands,1890,0
Cayman Islands,1891,0
Cayman Islands,1892,0
Cayman Islands,1893,0
Cayman Islands,1894,0
Cayman Islands,1895,0
Cayman Islands,1896,0
Cayman Islands,1897,0
Cayman Islands,1898,0
Cayman Islands,1899,0
Cayman Islands,1900,0
Cayman Islands,1901,0
Cayman Islands,1902,0
Cayman Islands,1903,0
Cayman Islands,1904,0
Cayman Islands,1905,0
Cayman Islands,1906,0
Cayman Islands,1907,0
Cayman Islands,1908,0
Cayman Islands,1909,0
Cayman Islands,1910,0
Cayman Islands,1911,0
Cayman Islands,1912,0
Cayman Islands,1913,0
Cayman Islands,1914,0
Cayman Islands,1915,0
Cayman Islands,1916,0
Cayman Islands,1917,0
Cayman Islands,1918,0
Cayman Islands,1919,0
Cayman Islands,1920,0
Cayman Islands,1921,0
Cayman Islands,1922,0
Cayman Islands,1923,0
Cayman Islands,1924,0
Cayman Islands,1925,0
Cayman Islands,1926,0
Cayman Islands,1927,0
Cayman Islands,1928,0
Cayman Islands,1929,0
Cayman Islands,1930,0
Cayman Islands,1931,0
Cayman Islands,1932,0
Cayman Islands,1933,0
Cayman Islands,1934,0
Cayman Islands,1935,0
Cayman Islands,1936,0
Cayman Islands,1937,0
Cayman Islands,1938,0
Cayman Islands,1939,0
Cayman Islands,1940,0
Cayman Islands,1941,0
Cayman Islands,1942,0
Cayman Islands,1943,0
Cayman Islands,1944,0
Cayman Islands,1945,0
Cayman Islands,1946,0
Cayman Islands,1947,0
Cayman Islands,1948,0
Cayman Islands,1949,0
Cayman Islands,1950,0
Cayman Islands,1951,0
Cayman Islands,1952,0
Cayman Islands,1953,0
Cayman Islands,1954,0
Cayman Islands,1955,0
Cayman Islands,1956,0
Cayman Islands,1957,0
Cayman Islands,1958,0
Cayman Islands,1959,0
Cayman Islands,1960,0
Cayman Islands,1961,0
Cayman Islands,1962,0
Cayman Islands,1963,0
Cayman Islands,1964,0
Cayman Islands,1965,0
Cayman Islands,1966,0
Cayman Islands,1967,0
Cayman Islands,1968,0
Cayman Islands,1969,0
Cayman Islands,1970,0
Cayman Islands,1971,0
Cayman Islands,1972,0
Cayman Islands,1973,0
Cayman Islands,1974,0
Cayman Islands,1975,0
Cayman Islands,1976,0
Cayman Islands,1977,0
Cayman Islands,1978,0
Cayman Islands,1979,0
Cayman Islands,1980,0
Cayman Islands,1981,0
Cayman Islands,1982,0
Cayman Islands,1983,0
Cayman Islands,1984,0
Cayman Islands,1985,0
Cayman Islands,1986,0
Cayman Islands,1987,0
Cayman Islands,1988,0
Cayman Islands,1989,0
Cayman Islands,1990,0
Cayman Islands,1991,1
Cayman Islands,1992,1
Cayman Islands,1993,1
Cayman Islands,1994,4
Cayman Islands,1995,6
Cayman Islands,1996,6
Cayman Islands,1997,6
Cayman Islands,1998,8
Cayman Islands,1999,10
Cayman Islands,2000,11
Cayman Islands,2001,11
Cayman Islands,2002,12
Cayman Islands,2003,12
Cayman Islands,2004,13
Cayman Islands,2005,13
Cayman Islands,2006,13
Cayman Islands,2007,13
Cayman Islands,2008,14
Cayman Islands,2009,14
Cayman Islands,2010,15
Cayman Islands,2011,15
Cayman Islands,2012,15
Cayman Islands,2013,15
Cayman Islands,2014,15
Cayman Islands,2015,15
Cayman Islands,2016,15
Cayman Islands,2017,15
Cayman Islands,2018,15
Cayman Islands,2019,19
Cayman Islands,2020,19
Cayman Islands,2021,19
Cayman Islands,2022,19
Cayman Islands,2023,20
Cayman Islands,2024,23
Cayman Islands,2025,24
Cayman Islands,2026,25
Central African Republic,1873,0
Central African Republic,1874,0
Central African Republic,1875,0
Central African Republic,1876,0
Central African Republic,1877,0
Central African Republic,1878,0
Central African Republic,1879,0
Central African Republic,1880,0
Central African Republic,1881,0
Central African Republic,1882,0
Central African Republic,1883,0
Central African Republic,1884,0
Central African Republic,1885,0
Central African Republic,1886,0
Central African Republic,1887,0
Central African Republic,1888,0
Central African Republic,1889,0
Central African Republic,1890,0
Central African Republic,1891,0
Central African Republic,1892,0
Central African Republic,1893,0
Central African Republic,1894,0
Central African Republic,1895,0
Central African Republic,1896,0
Central African Republic,1897,0
Central African Republic,1898,0
Central African Republic,1899,0
Central African Republic,1900,0
Central African Republic,1901,0
Central African Republic,1902,0
Central African Republic,1903,0
Central African Republic,1904,0
Central African Republic,1905,0
Central African Republic,1906,0
Central African Republic,1907,0
Central African Republic,1908,0
Central African Republic,1909,0
Central African Republic,1910,0
Central African Republic,1911,0
Central African Republic,1912,0
Central African Republic,1913,0
Central African Republic,1914,0
Central African Republic,1915,0
Central African Republic,1916,0
Central African Republic,1917,0
Central African Republic,1918,0
Central African Republic,1919,0
Central African Republic,1920,0
Central African Republic,1921,0
Central African Republic,1922,0
Central African Republic,1923,0
Central African Republic,1924,0
Central African Republic,1925,0
Central African Republic,1926,0
Central African Republic,1927,0
Central African Republic,1928,0
Central African Republic,1929,0
Central African Republic,1930,0
Central African Republic,1931,0
Central African Republic,1932,0
Central African Republic,1933,0
Central African Republic,1934,0
Central African Republic,1935,0
Central African Republic,1936,0
Central African Republic,1937,0
Central African Republic,1938,0
Central African Republic,1939,0
Central African Republic,1940,0
Central African Republic,1941,0
Central African Republic,1942,0
Central African Republic,1943,0
Central African Republic,1944,0
Central African Republic,1945,0
Central African Republic,1946,0
Central African Republic,1947,0
Central African Republic,1948,0
Central African Republic,1949,0
Central African Republic,1950,0
Central African Republic,1951,0
Central African Republic,1952,0
Central African Republic,1953,0
Central African Republic,1954,0
Central African Republic,1955,0
Central African Republic,1956,0
Central African Republic,1957,0
Central African Republic,1958,0
Central African Republic,1959,0
Central African Republic,1960,0
Central African Republic,1961,0
Central African Republic,1962,1
Central African Republic,1963,1
Central African Republic,1964,1
Central African Republic,1965,1
Central African Republic,1966,1
Central African Republic,1967,1
Central African Republic,1968,1
Central African Republic,1969,1
Central African Republic,1970,1
Central African Republic,1971,1
Central African Republic,1972,1
Central African Republic,1973,2
Central African Republic,1974,2
Central African Republic,1975,2
Central African Republic,1976,2
Central African Republic,1977,2
Central African Republic,1978,2
Central African Republic,1979,2
Central African Republic,1980,2
Central African Republic,1981,2
Central African Republic,1982,2
Central African Republic,1983,2
Central African Republic,1984,2
Central African Republic,1985,2
Central African Republic,1986,2
Central African Republic,1987,2
Central African Republic,1988,3
Central African Republic,1989,4
Central African Republic,1990,4
Central African Republic,1991,4
Central African Republic,1992,4
Central African Republic,1993,4
Central African Republic,1994,4
Central African Republic,1995,4
Central African Republic,1996,4
Central African Republic,1997,4
Central African Republic,1998,4
Central African Republic,1999,7
Central African Republic,2000,7
Central African Republic,2001,7
Central African Republic,2002,7
Central African Republic,2003,7
Central African Republic,2004,7
Central African Republic,2005,7
Central African Republic,2006,7
Central African Republic,2007,7
Central African Republic,2008,7
Central African Republic,2009,7
Central African Republic,2010,8
Central African Republic,2011,9
Central African Republic,2012,12
Central African Republic,2013,12
Central African Republic,2014,12
Central African Republic,2015,13
Central African Republic,2016,15
Central African Republic,2017,16
Central African Republic,2018,18
Central African Republic,2019,20
Central African Republic,2020,20
Central African Republic,2021,21
Central African Republic,2022,21
Central African Republic,2023,23
Central African Republic,2024,27
Central African Republic,2025,29
Central African Republic,2026,29
Central Spain,1873,0
Central Spain,1874,0
Central Spain,1875,0
Central Spain,1876,0
Central Spain,1877,0
Central Spain,1878,0
Central Spain,1879,0
Central Spain,1880,0
Central Spain,1881,0
Central Spain,1882,0
Central Spain,1883,0
Central Spain,1884,0
Central Spain,1885,0
Central Spain,1886,0
Central Spain,1887,0
Central Spain,1888,0
Central Spain,1889,0
Central Spain,1890,0
Central Spain,1891,0
Central Spain,1892,0
Central Spain,1893,0
Central Spain,1894,0
Central Spain,1895,0
Central Spain,1896,0
Central Spain,1897,0
Central Spain,1898,0
Central Spain,1899,0
Central Spain,1900,0
Central Spain,1901,0
Central Spain,1902,0
Central Spain,1903,0
Central Spain,1904,0
Central Spain,1905,0
Central Spain,1906,0
Central Spain,1907,0
Central Spain,1908,0
Central Spain,1909,0
Central Spain,1910,0
Central Spain,1911,0
Central Spain,1912,0
Central Spain,1913,0
Central Spain,1914,0
Central Spain,1915,0
Central Spain,1916,0
Central Spain,1917,0
Central Spain,1918,0
Central Spain,1919,0
Central Spain,1920,0
Central Spain,1921,0
Central Spain,1922,0
Central Spain,1923,1
Central Spain,1924,1
Central Spain,1925,1
Central Spain,1926,1
Central Spain,1927,1
Central Spain,1928,1
Central Spain,1929,1
Central Spain,1930,1
Central Spain,1931,1
Central Spain,1932,1
Central Spain,1933,1
Central Spain,1934,1
Central Spain,1935,1
Central Spain,1936,1
Central Spain,1937,1
Central Spain,1938,1
Central Spain,1939,1
Central Spain,1940,1
Central Spain,1941,1
Central Spain,1942,1
Central Spain,1943,1
Central Spain,1944,1
Central Spain,1945,1
Central Spain,1946,1
Central Spain,1947,1
Central Spain,1948,1
Central Spain,1949,1
Central Spain,1950,1
Central Spain,1951,1
Central Spain,1952,1
Central Spain,1953,1
Central Spain,1954,1
Central Spain,1955,1
Central Spain,1956,1
Central Spain,1957,1
Central Spain,1958,1
Central Spain,1959,1
Central Spain,1960,1
Central Spain,1961,1
Central Spain,1962,1
Central Spain,1963,1
Central Spain,1964,1
Central Spain,1965,1
Central Spain,1966,1
Central Spain,1967,1
Central Spain,1968,1
Central Spain,1969,1
Central Spain,1970,1
Central Spain,1971,1
Central Spain,1972,1
Central Spain,1973,1
Central Spain,1974,1
Central Spain,1975,1
Central Spain,1976,1
Central Spain,1977,1
Central Spain,1978,1
Central Spain,1979,1
Central Spain,1980,1
Central Spain,1981,1
Central Spain,1982,1
Central Spain,1983,1
Central Spain,1984,1
Central Spain,1985,1
Central Spain,1986,1
Central Spain,1987,1
Central Spain,1988,1
Central Spain,1989,1
Central Spain,1990,1
Central Spain,1991,1
Central Spain,1992,1
Central Spain,1993,1
Central Spain,1994,1
Central Spain,1995,1
Central Spain,1996,1
Central Spain,1997,1
Central Spain,1998,1
Central Spain,1999,1
Central Spain,2000,1
Central Spain,2001,1
Central Spain,2002,1
Central Spain,2003,1
Central Spain,2004,1
Central Spain,2005,1
Central Spain,2006,1
Central Spain,2007,1
Central Spain,2008,1
Central Spain,2009,1
Central Spain,2010,1
Central Spain,2011,1
Central Spain,2012,1
Central Spain,2013,1
Central Spain,2014,1
Central Spain,2015,1
Central Spain,2016,1
Central Spain,2017,1
Central Spain,2018,1
Central Spain,2019,1
Central Spain,2020,1
Central Spain,2021,1
Central Spain,2022,1
Central Spain,2023,1
Central Spain,2024,1
Central Spain,2025,1
Central Spain,2026,1
Chad,1873,0
Chad,1874,0
Chad,1875,0
Chad,1876,0
Chad,1877,0
Chad,1878,0
Chad,1879,0
Chad,1880,0
Chad,1881,0
Chad,1882,0
Chad,1883,0
Chad,1884,0
Chad,1885,0
Chad,1886,0
Chad,1887,0
Chad,1888,0
Chad,1889,0
Chad,1890,0
Chad,1891,0
Chad,1892,0
Chad,1893,0
Chad,1894,0
Chad,1895,0
Chad,1896,0
Chad,1897,0
Chad,1898,0
Chad,1899,0
Chad,1900,0
Chad,1901,0
Chad,1902,0
Chad,1903,0
Chad,1904,0
Chad,1905,0
Chad,1906,0
Chad,1907,0
Chad,1908,0
Chad,1909,0
Chad,1910,0
Chad,1911,0
Chad,1912,0
Chad,1913,0
Chad,1914,0
Chad,1915,0
Chad,1916,0
Chad,1917,0
Chad,1918,0
Chad,1919,0
Chad,1920,0
Chad,1921,0
Chad,1922,0
Chad,1923,0
Chad,1924,0
Chad,1925,0
Chad,1926,0
Chad,1927,0
Chad,1928,0
Chad,1929,0
Chad,1930,0
Chad,1931,0
Chad,1932,0
Chad,1933,0
Chad,1934,0
Chad,1935,0
Chad,1936,0
Chad,1937,0
Chad,1938,0
Chad,1939,0
Chad,1940,0
Chad,1941,0
Chad,1942,0
Chad,1943,0
Chad,1944,0
Chad,1945,0
Chad,1946,0
Chad,1947,0
Chad,1948,0
Chad,1949,0
Chad,1950,0
Chad,1951,0
Chad,1952,0
Chad,1953,0
Chad,1954,0
Chad,1955,0
Chad,1956,0
Chad,1957,0
Chad,1958,0
Chad,1959,0
Chad,1960,0
Chad,1961,0
Chad,1962,0
Chad,1963,0
Chad,1964,0
Chad,1965,0
Chad,1966,0
Chad,1967,0
Chad,1968,0
Chad,1969,0
Chad,1970,0
Chad,1971,0
Chad,1972,0
Chad,1973,0
Chad,1974,0
Chad,1975,0
Chad,1976,2
Chad,1977,2
Chad,1978,2
Chad,1979,2
Chad,1980,2
Chad,1981,2
Chad,1982,2
Chad,1983,2
Chad,1984,2
Chad,1985,2
Chad,1986,3
Chad,1987,5
Chad,1988,5
Chad,1989,6
Chad,1990,8
Chad,1991,8
Chad,1992,8
Chad,1993,8
Chad,1994,8
Chad,1995,8
Chad,1996,8
Chad,1997,8
Chad,1998,8
Chad,1999,11
Chad,2000,12
Chad,2001,12
Chad,2002,13
Chad,2003,15
Chad,2004,15
Chad,2005,15
Chad,2006,15
Chad,2007,16
Chad,2008,18
Chad,2009,18
Chad,2010,18
Chad,2011,19
Chad,2012,20
Chad,2013,20
Chad,2014,21
Chad,2015,23
Chad,2016,23
Chad,2017,23
Chad,2018,23
Chad,2019,24
Chad,2020,24
Chad,2021,24
Chad,2022,24
Chad,2023,24
Chad,2024,26
Chad,2025,26
Chad,2026,26
Chagos Islands,1873,0
Chagos Islands,1874,0
Chagos Islands,1875,0
Chagos Islands,1876,0
Chagos Islands,1877,0
Chagos Islands,1878,0
Chagos Islands,1879,0
Chagos Islands,1880,0
Chagos Islands,1881,0
Chagos Islands,1882,0
Chagos Islands,1883,0
Chagos Islands,1884,0
Chagos Islands,1885,0
Chagos Islands,1886,0
Chagos Islands,1887,0
Chagos Islands,1888,0
Chagos Islands,1889,0
Chagos Islands,1890,0
Chagos Islands,1891,0
Chagos Islands,1892,0
Chagos Islands,1893,0
Chagos Islands,1894,0
Chagos Islands,1895,0
Chagos Islands,1896,0
Chagos Islands,1897,0
Chagos Islands,1898,0
Chagos Islands,1899,0
Chagos Islands,1900,0
Chagos Islands,1901,0
Chagos Islands,1902,0
Chagos Islands,1903,0
Chagos Islands,1904,0
Chagos Islands,1905,0
Chagos Islands,1906,0
Chagos Islands,1907,0
Chagos Islands,1908,0
Chagos Islands,1909,0
Chagos Islands,1910,0
Chagos Islands,1911,0
Chagos Islands,1912,0
Chagos Islands,1913,0
Chagos Islands,1914,0
Chagos Islands,1915,0
Chagos Islands,1916,0
Chagos Islands,1917,0
Chagos Islands,1918,0
Chagos Islands,1919,0
Chagos Islands,1920,0
Chagos Islands,1921,0
Chagos Islands,1922,0
Chagos Islands,1923,0
Chagos Islands,1924,0
Chagos Islands,1925,0
Chagos Islands,1926,0
Chagos Islands,1927,0
Chagos Islands,1928,0
Chagos Islands,1929,0
Chagos Islands,1930,0
Chagos Islands,1931,0
Chagos Islands,1932,0
Chagos Islands,1933,0
Chagos Islands,1934,0
Chagos Islands,1935,0
Chagos Islands,1936,0
Chagos Islands,1937,0
Chagos Islands,1938,0
Chagos Islands,1939,0
Chagos Islands,1940,0
Chagos Islands,1941,0
Chagos Islands,1942,0
Chagos Islands,1943,0
Chagos Islands,1944,0
Chagos Islands,1945,0
Chagos Islands,1946,0
Chagos Islands,1947,0
Chagos Islands,1948,0
Chagos Islands,1949,0
Chagos Islands,1950,0
Chagos Islands,1951,0
Chagos Islands,1952,0
Chagos Islands,1953,0
Chagos Islands,1954,0
Chagos Islands,1955,0
Chagos Islands,1956,0
Chagos Islands,1957,0
Chagos Islands,1958,0
Chagos Islands,1959,0
Chagos Islands,1960,0
Chagos Islands,1961,0
Chagos Islands,1962,0
Chagos Islands,1963,0
Chagos Islands,1964,0
Chagos Islands,1965,0
Chagos Islands,1966,0
Chagos Islands,1967,0
Chagos Islands,1968,0
Chagos Islands,1969,0
Chagos Islands,1970,0
Chagos Islands,1971,0
Chagos Islands,1972,0
Chagos Islands,1973,0
Chagos Islands,1974,0
Chagos Islands,1975,0
Chagos Islands,1976,0
Chagos Islands,1977,0
Chagos Islands,1978,0
Chagos Islands,1979,0
Chagos Islands,1980,0
Chagos Islands,1981,0
Chagos Islands,1982,0
Chagos Islands,1983,0
Chagos Islands,1984,0
Chagos Islands,1985,0
Chagos Islands,1986,0
Chagos Islands,1987,0
Chagos Islands,1988,0
Chagos Islands,1989,0
Chagos Islands,1990,0
Chagos Islands,1991,0
Chagos Islands,1992,0
Chagos Islands,1993,0
Chagos Islands,1994,0
Chagos Islands,1995,0
Chagos Islands,1996,0
Chagos Islands,1997,0
Chagos Islands,1998,0
Chagos Islands,1999,0
Chagos Islands,2000,0
Chagos Islands,2001,0
Chagos Islands,2002,0
Chagos Islands,2003,0
Chagos Islands,2004,0
Chagos Islands,2005,0
Chagos Islands,2006,0
Chagos Islands,2007,0
Chagos Islands,2008,0
Chagos Islands,2009,0
Chagos Islands,2010,0
Chagos Islands,2011,1
Chagos Islands,2012,2
Chagos Islands,2013,2
Chagos Islands,2014,2
Chagos Islands,2015,2
Chagos Islands,2016,3
Chagos Islands,2017,3
Chagos Islands,2018,3
Chagos Islands,2019,3
Chagos Islands,2020,3
Chagos Islands,2021,3
Chagos Islands,2022,3
Chagos Islands,2023,3
Chagos Islands,2024,3
Chagos Islands,2025,3
Chagos Islands,2026,3
Chameria,1873,0
Chameria,1874,0
Chameria,1875,0
Chameria,1876,0
Chameria,1877,0
Chameria,1878,0
Chameria,1879,0
Chameria,1880,0
Chameria,1881,0
Chameria,1882,0
Chameria,1883,0
Chameria,1884,0
Chameria,1885,0
Chameria,1886,0
Chameria,1887,0
Chameria,1888,0
Chameria,1889,0
Chameria,1890,0
Chameria,1891,0
Chameria,1892,0
Chameria,1893,0
Chameria,1894,0
Chameria,1895,0
Chameria,1896,0
Chameria,1897,0
Chameria,1898,0
Chameria,1899,0
Chameria,1900,0
Chameria,1901,0
Chameria,1902,0
Chameria,1903,0
Chameria,1904,0
Chameria,1905,0
Chameria,1906,0
Chameria,1907,0
Chameria,1908,0
Chameria,1909,0
Chameria,1910,0
Chameria,1911,0
Chameria,1912,0
Chameria,1913,0
Chameria,1914,0
Chameria,1915,0
Chameria,1916,0
Chameria,1917,0
Chameria,1918,0
Chameria,1919,0
Chameria,1920,0
Chameria,1921,0
Chameria,1922,0
Chameria,1923,0
Chameria,1924,0
Chameria,1925,0
Chameria,1926,0
Chameria,1927,0
Chameria,1928,0
Chameria,1929,0
Chameria,1930,0
Chameria,1931,0
Chameria,1932,0
Chameria,1933,0
Chameria,1934,0
Chameria,1935,0
Chameria,1936,0
Chameria,1937,0
Chameria,1938,0
Chameria,1939,0
Chameria,1940,0
Chameria,1941,0
Chameria,1942,0
Chameria,1943,0
Chameria,1944,0
Chameria,1945,0
Chameria,1946,0
Chameria,1947,0
Chameria,1948,0
Chameria,1949,0
Chameria,1950,0
Chameria,1951,0
Chameria,1952,0
Chameria,1953,0
Chameria,1954,0
Chameria,1955,0
Chameria,1956,0
Chameria,1957,0
Chameria,1958,0
Chameria,1959,0
Chameria,1960,0
Chameria,1961,0
Chameria,1962,0
Chameria,1963,0
Chameria,1964,0
Chameria,1965,0
Chameria,1966,0
Chameria,1967,0
Chameria,1968,0
Chameria,1969,0
Chameria,1970,0
Chameria,1971,0
Chameria,1972,0
Chameria,1973,0
Chameria,1974,0
Chameria,1975,0
Chameria,1976,0
Chameria,1977,0
Chameria,1978,0
Chameria,1979,0
Chameria,1980,0
Chameria,1981,0
Chameria,1982,0
Chameria,1983,0
Chameria,1984,0
Chameria,1985,0
Chameria,1986,0
Chameria,1987,0
Chameria,1988,0
Chameria,1989,0
Chameria,1990,0
Chameria,1991,0
Chameria,1992,0
Chameria,1993,0
Chameria,1994,0
Chameria,1995,0
Chameria,1996,0
Chameria,1997,0
Chameria,1998,0
Chameria,1999,0
Chameria,2000,0
Chameria,2001,0
Chameria,2002,0
Chameria,2003,0
Chameria,2004,0
Chameria,2005,0
Chameria,2006,0
Chameria,2007,0
Chameria,2008,0
Chameria,2009,0
Chameria,2010,0
Chameria,2011,0
Chameria,2012,0
Chameria,2013,0
Chameria,2014,0
Chameria,2015,0
Chameria,2016,0
Chameria,2017,0
Chameria,2018,0
Chameria,2019,2
Chameria,2020,2
Chameria,2021,2
Chameria,2022,2
Chameria,2023,3
Chameria,2024,3
Chameria,2025,3
Chameria,2026,3
Chile,1873,0
Chile,1874,0
Chile,1875,0
Chile,1876,0
Chile,1877,0
Chile,1878,0
Chile,1879,0
Chile,1880,0
Chile,1881,0
Chile,1882,0
Chile,1883,0
Chile,1884,0
Chile,1885,0
Chile,1886,0
Chile,1887,0
Chile,1888,0
Chile,1889,0
Chile,1890,0
Chile,1891,0
Chile,1892,0
Chile,1893,0
Chile,1894,0
Chile,1895,0
Chile,1896,0
Chile,1897,0
Chile,1898,0
Chile,1899,0
Chile,1900,0
Chile,1901,0
Chile,1902,0
Chile,1903,0
Chile,1904,0
Chile,1905,0
Chile,1906,0
Chile,1907,0
Chile,1908,0
Chile,1909,0
Chile,1910,0
Chile,1911,0
Chile,1912,0
Chile,1913,0
Chile,1914,0
Chile,1915,0
Chile,1916,0
Chile,1917,0
Chile,1918,0
Chile,1919,0
Chile,1920,0
Chile,1921,0
Chile,1922,0
Chile,1923,0
Chile,1924,0
Chile,1925,0
Chile,1926,2
Chile,1927,2
Chile,1928,3
Chile,1929,3
Chile,1930,5
Chile,1931,5
Chile,1932,5
Chile,1933,5
Chile,1934,5
Chile,1935,5
Chile,1936,5
Chile,1937,6
Chile,1938,6
Chile,1939,8
Chile,1940,8
Chile,1941,10
Chile,1942,11
Chile,1943,11
Chile,1944,11
Chile,1945,15
Chile,1946,17
Chile,1947,21
Chile,1948,21
Chile,1949,23
Chile,1950,26
Chile,1951,26
Chile,1952,30
Chile,1953,33
Chile,1954,34
Chile,1955,37
Chile,1956,41
Chile,1957,44
Chile,1958,44
Chile,1959,47
Chile,1960,49
Chile,1961,52
Chile,1962,56
Chile,1963,56
Chile,1964,56
Chile,1965,61
Chile,1966,64
Chile,1967,68
Chile,1968,72
Chile,1969,75
Chile,1970,75
Chile,1971,79
Chile,1972,82
Chile,1973,89
Chile,1974,91
Chile,1975,92
Chile,1976,92
Chile,1977,95
Chile,1978,95
Chile,1979,100
Chile,1980,100
Chile,1981,107
Chile,1982,109
Chile,1983,116
Chile,1984,117
Chile,1985,124
Chile,1986,124
Chile,1987,129
Chile,1988,133
Chile,1989,143
Chile,1990,143
Chile,1991,148
Chile,1992,148
Chile,1993,152
Chile,1994,155
Chile,1995,159
Chile,1996,164
Chile,1997,172
Chile,1998,176
Chile,1999,180
Chile,2000,186
Chile,2001,192
Chile,2002,193
Chile,2003,197
Chile,2004,199
Chile,2005,202
Chile,2006,208
Chile,2007,215
Chile,2008,222
Chile,2009,231
Chile,2010,241
Chile,2011,248
Chile,2012,252
Chile,2013,261
Chile,2014,266
Chile,2015,274
Chile,2016,282
Chile,2017,287
Chile,2018,291
Chile,2019,295
Chile,2020,296
Chile,2021,302
Chile,2022,303
Chile,2023,307
Chile,2024,310
Chile,2025,314
Chile,2026,317
China,1873,0
China,1874,0
China,1875,0
China,1876,0
China,1877,0
China,1878,0
China,1879,0
China,1880,0
China,1881,0
China,1882,0
China,1883,0
China,1884,0
China,1885,0
China,1886,0
China,1887,0
China,1888,0
China,1889,0
China,1890,0
China,1891,0
China,1892,0
China,1893,0
China,1894,0
China,1895,0
China,1896,0
China,1897,0
China,1898,0
China,1899,0
China,1900,0
China,1901,0
China,1902,0
China,1903,0
China,1904,0
China,1905,0
China,1906,0
China,1907,0
China,1908,0
China,1909,0
China,1910,0
China,1911,0
China,1912,0
China,1913,0
China,1914,0
China,1915,1
China,1916,1
China,1917,3
China,1918,3
China,1919,5
China,1920,5
China,1921,8
China,1922,8
China,1923,10
China,1924,10
China,1925,13
China,1926,13
China,1927,15
China,1928,15
China,1929,15
China,1930,16
China,1931,16
China,1932,16
China,1933,16
China,1934,19
China,1935,19
China,1936,19
China,1937,19
China,1938,19
China,1939,19
China,1940,19
China,1941,19
China,1942,19
China,1943,19
China,1944,19
China,1945,19
China,1946,19
China,1947,19
China,1948,19
China,1949,20
China,1950,20
China,1951,20
China,1952,20
China,1953,20
China,1954,20
China,1955,20
China,1956,23
China,1957,26
China,1958,26
China,1959,27
China,1960,30
China,1961,30
China,1962,30
China,1963,37
China,1964,37
China,1965,40
China,1966,47
China,1967,47
China,1968,47
China,1969,47
China,1970,47
China,1971,49
China,1972,53
China,1973,56
China,1974,61
China,1975,68
China,1976,70
China,1977,77
China,1978,86
China,1979,86
China,1980,92
China,1981,96
China,1982,100
China,1983,102
China,1984,114
China,1985,119
China,1986,130
China,1987,130
China,1988,135
China,1989,143
China,1990,147
China,1991,147
China,1992,152
China,1993,161
China,1994,166
China,1995,167
China,1996,172
China,1997,192
China,1998,201
China,1999,201
China,2000,212
China,2001,226
China,2002,227
China,2003,229
China,2004,244
China,2005,246
China,2006,249
China,2007,254
China,2008,259
China,2009,266
China,2010,275
China,2011,286
China,2012,289
China,2013,294
China,2014,298
China,2015,306
China,2016,309
China,2017,313
China,2018,316
China,2019,325
China,2020,325
China,2021,330
China,2022,331
China,2023,335
China,2024,338
China,2025,339
China,2026,342
Colombia,1873,0
Colombia,1874,0
Colombia,1875,0
Colombia,1876,0
Colombia,1877,0
Colombia,1878,0
Colombia,1879,0
Colombia,1880,0
Colombia,1881,0
Colombia,1882,0
Colombia,1883,0
Colombia,1884,0
Colombia,1885,0
Colombia,1886,0
Colombia,1887,0
Colombia,1888,0
Colombia,1889,0
Colombia,1890,0
Colombia,1891,0
Colombia,1892,0
Colombia,1893,0
Colombia,1894,0
Colombia,1895,0
Colombia,1896,0
Colombia,1897,0
Colombia,1898,0
Colombia,1899,0
Colombia,1900,0
Colombia,1901,0
Colombia,1902,0
Colombia,1903,0
Colombia,1904,0
Colombia,1905,0
Colombia,1906,0
Colombia,1907,0
Colombia,1908,0
Colombia,1909,0
Colombia,1910,0
Colombia,1911,0
Colombia,1912,0
Colombia,1913,0
Colombia,1914,0
Colombia,1915,0
Colombia,1916,0
Colombia,1917,0
Colombia,1918,0
Colombia,1919,0
Colombia,1920,0
Colombia,1921,0
Colombia,1922,0
Colombia,1923,0
Colombia,1924,0
Colombia,1925,0
Colombia,1926,0
Colombia,1927,0
Colombia,1928,0
Colombia,1929,0
Colombia,1930,0
Colombia,1931,0
Colombia,1932,0
Colombia,1933,0
Colombia,1934,0
Colombia,1935,0
Colombia,1936,0
Colombia,1937,0
Colombia,1938,3
Colombia,1939,3
Colombia,1940,3
Colombia,1941,3
Colombia,1942,3
Colombia,1943,3
Colombia,1944,3
Colombia,1945,4
Colombia,1946,10
Colombia,1947,10
Colombia,1948,10
Colombia,1949,10
Colombia,1950,10
Colombia,1951,10
Colombia,1952,10
Colombia,1953,10
Colombia,1954,10
Colombia,1955,10
Colombia,1956,10
Colombia,1957,12
Colombia,1958,12
Colombia,1959,12
Colombia,1960,12
Colombia,1961,14
Colombia,1962,14
Colombia,1963,15
Colombia,1964,15
Colombia,1965,16
Colombia,1966,16
Colombia,1967,16
Colombia,1968,16
Colombia,1969,17
Colombia,1970,17
Colombia,1971,17
Colombia,1972,17
Colombia,1973,19
Colombia,1974,19
Colombia,1975,25
Colombia,1976,25
Colombia,1977,25
Colombia,1978,25
Colombia,1979,28
Colombia,1980,28
Colombia,1981,29
Colombia,1982,29
Colombia,1983,30
Colombia,1984,31
Colombia,1985,39
Colombia,1986,39
Colombia,1987,43
Colombia,1988,46
Colombia,1989,55
Colombia,1990,58
Colombia,1991,61
Colombia,1992,62
Colombia,1993,71
Colombia,1994,79
Colombia,1995,84
Colombia,1996,94
Colombia,1997,99
Colombia,1998,100
Colombia,1999,104
Colombia,2000,111
Colombia,2001,124
Colombia,2002,125
Colombia,2003,128
Colombia,2004,136
Colombia,2005,142
Colombia,2006,145
Colombia,2007,155
Colombia,2008,157
Colombia,2009,164
Colombia,2010,166
Colombia,2011,173
Colombia,2012,179
Colombia,2013,185
Colombia,2014,192
Colombia,2015,197
Colombia,2016,204
Colombia,2017,208
Colombia,2018,214
Colombia,2019,222
Colombia,2020,223
Colombia,2021,227
Colombia,2022,234
Colombia,2023,241
Colombia,2024,251
Colombia,2025,256
Colombia,2026,262
Comoros,1873,0
Comoros,1874,0
Comoros,1875,0
Comoros,1876,0
Comoros,1877,0
Comoros,1878,0
Comoros,1879,0
Comoros,1880,0
Comoros,1881,0
Comoros,1882,0
Comoros,1883,0
Comoros,1884,0
Comoros,1885,0
Comoros,1886,0
Comoros,1887,0
Comoros,1888,0
Comoros,1889,0
Comoros,1890,0
Comoros,1891,0
Comoros,1892,0
Comoros,1893,0
Comoros,1894,0
Comoros,1895,0
Comoros,1896,0
Comoros,1897,0
Comoros,1898,0
Comoros,1899,0
Comoros,1900,0
Comoros,1901,0
Comoros,1902,0
Comoros,1903,0
Comoros,1904,0
Comoros,1905,0
Comoros,1906,0
Comoros,1907,0
Comoros,1908,0
Comoros,1909,0
Comoros,1910,0
Comoros,1911,0
Comoros,1912,0
Comoros,1913,0
Comoros,1914,0
Comoros,1915,0
Comoros,1916,0
Comoros,1917,0
Comoros,1918,0
Comoros,1919,0
Comoros,1920,0
Comoros,1921,0
Comoros,1922,0
Comoros,1923,0
Comoros,1924,0
Comoros,1925,0
Comoros,1926,0
Comoros,1927,0
Comoros,1928,0
Comoros,1929,0
Comoros,1930,0
Comoros,1931,0
Comoros,1932,0
Comoros,1933,0
Comoros,1934,0
Comoros,1935,0
Comoros,1936,0
Comoros,1937,0
Comoros,1938,0
Comoros,1939,0
Comoros,1940,0
Comoros,1941,0
Comoros,1942,0
Comoros,1943,0
Comoros,1944,0
Comoros,1945,0
Comoros,1946,0
Comoros,1947,0
Comoros,1948,0
Comoros,1949,0
Comoros,1950,0
Comoros,1951,0
Comoros,1952,0
Comoros,1953,0
Comoros,1954,0
Comoros,1955,0
Comoros,1956,0
Comoros,1957,0
Comoros,1958,0
Comoros,1959,0
Comoros,1960,0
Comoros,1961,0
Comoros,1962,0
Comoros,1963,0
Comoros,1964,0
Comoros,1965,0
Comoros,1966,0
Comoros,1967,0
Comoros,1968,0
Comoros,1969,0
Comoros,1970,0
Comoros,1971,0
Comoros,1972,0
Comoros,1973,0
Comoros,1974,0
Comoros,1975,0
Comoros,1976,0
Comoros,1977,0
Comoros,1978,0
Comoros,1979,1
Comoros,1980,1
Comoros,1981,1
Comoros,1982,1
Comoros,1983,1
Comoros,1984,1
Comoros,1985,1
Comoros,1986,1
Comoros,1987,1
Comoros,1988,1
Comoros,1989,1
Comoros,1990,2
Comoros,1991,2
Comoros,1992,2
Comoros,1993,2
Comoros,1994,2
Comoros,1995,2
Comoros,1996,2
Comoros,1997,2
Comoros,1998,2
Comoros,1999,2
Comoros,2000,2
Comoros,2001,2
Comoros,2002,2
Comoros,2003,2
Comoros,2004,2
Comoros,2005,2
Comoros,2006,3
Comoros,2007,3
Comoros,2008,3
Comoros,2009,4
Comoros,2010,4
Comoros,2011,4
Comoros,2012,4
Comoros,2013,4
Comoros,2014,4
Comoros,2015,4
Comoros,2016,5
Comoros,2017,7
Comoros,2018,8
Comoros,2019,13
Comoros,2020,14
Comoros,2021,17
Comoros,2022,21
Comoros,2023,26
Comoros,2024,31
Comoros,2025,35
Comoros,2026,37
Congo,1873,0
Congo,1874,0
Congo,1875,0
Congo,1876,0
Congo,1877,0
Congo,1878,0
Congo,1879,0
Congo,1880,0
Congo,1881,0
Congo,1882,0
Congo,1883,0
Congo,1884,0
Congo,1885,0
Congo,1886,0
Congo,1887,0
Congo,1888,0
Congo,1889,0
Congo,1890,0
Congo,1891,0
Congo,1892,0
Congo,1893,0
Congo,1894,0
Congo,1895,0
Congo,1896,0
Congo,1897,0
Congo,1898,0
Congo,1899,0
Congo,1900,0
Congo,1901,0
Congo,1902,0
Congo,1903,0
Congo,1904,0
Congo,1905,0
Congo,1906,0
Congo,1907,0
Congo,1908,0
Congo,1909,0
Congo,1910,0
Congo,1911,0
Congo,1912,0
Congo,1913,0
Congo,1914,0
Congo,1915,0
Congo,1916,0
Congo,1917,0
Congo,1918,0
Congo,1919,0
Congo,1920,0
Congo,1921,0
Congo,1922,0
Congo,1923,0
Congo,1924,0
Congo,1925,0
Congo,1926,0
Congo,1927,0
Congo,1928,0
Congo,1929,0
Congo,1930,0
Congo,1931,0
Congo,1932,0
Congo,1933,0
Congo,1934,0
Congo,1935,0
Congo,1936,0
Congo,1937,0
Congo,1938,0
Congo,1939,0
Congo,1940,0
Congo,1941,0
Congo,1942,0
Congo,1943,0
Congo,1944,0
Congo,1945,0
Congo,1946,0
Congo,1947,0
Congo,1948,0
Congo,1949,0
Congo,1950,0
Congo,1951,0
Congo,1952,0
Congo,1953,0
Congo,1954,0
Congo,1955,0
Congo,1956,0
Congo,1957,0
Congo,1958,0
Congo,1959,0
Congo,1960,2
Congo,1961,2
Congo,1962,5
Congo,1963,8
Congo,1964,10
Congo,1965,14
Congo,1966,15
Congo,1967,20
Congo,1968,20
Congo,1969,22
Congo,1970,23
Congo,1971,24
Congo,1972,29
Congo,1973,31
Congo,1974,34
Congo,1975,36
Congo,1976,40
Congo,1977,42
Congo,1978,42
Congo,1979,45
Congo,1980,48
Congo,1981,48
Congo,1982,48
Congo,1983,53
Congo,1984,56
Congo,1985,59
Congo,1986,62
Congo,1987,62
Congo,1988,65
Congo,1989,66
Congo,1990,73
Congo,1991,74
Congo,1992,76
Congo,1993,76
Congo,1994,78
Congo,1995,78
Congo,1996,81
Congo,1997,83
Congo,1998,84
Congo,1999,90
Congo,2000,96
Congo,2001,97
Congo,2002,98
Congo,2003,100
Congo,2004,102
Congo,2005,103
Congo,2006,104
Congo,2007,105
Congo,2008,108
Congo,2009,108
Congo,2010,109
Congo,2011,111
Congo,2012,114
Congo,2013,115
Congo,2014,120
Congo,2015,126
Congo,2016,127
Congo,2017,127
Congo,2018,128
Congo,2019,129
Congo,2020,130
Congo,2021,131
Congo,2022,132
Congo,2023,133
Congo,2024,134
Congo,2025,134
Congo,2026,134
Cook Islands,1873,0
Cook Islands,1874,0
Cook Islands,1875,0
Cook Islands,1876,0
Cook Islands,1877,0
Cook Islands,1878,0
Cook Islands,1879,0
Cook Islands,1880,0
Cook Islands,1881,0
Cook Islands,1882,0
Cook Islands,1883,0
Cook Islands,1884,0
Cook Islands,1885,0
Cook Islands,1886,0
Cook Islands,1887,0
Cook Islands,1888,0
Cook Islands,1889,0
Cook Islands,1890,0
Cook Islands,1891,0
Cook Islands,1892,0
Cook Islands,1893,0
Cook Islands,1894,0
Cook Islands,1895,0
Cook Islands,1896,0
Cook Islands,1897,0
Cook Islands,1898,0
Cook Islands,1899,0
Cook Islands,1900,0
Cook Islands,1901,0
Cook Islands,1902,0
Cook Islands,1903,0
Cook Islands,1904,0
Cook Islands,1905,0
Cook Islands,1906,0
Cook Islands,1907,0
Cook Islands,1908,0
Cook Islands,1909,0
Cook Islands,1910,0
Cook Islands,1911,0
Cook Islands,1912,0
Cook Islands,1913,0
Cook Islands,1914,0
Cook Islands,1915,0
Cook Islands,1916,0
Cook Islands,1917,0
Cook Islands,1918,0
Cook Islands,1919,0
Cook Islands,1920,0
Cook Islands,1921,0
Cook Islands,1922,0
Cook Islands,1923,0
Cook Islands,1924,0
Cook Islands,1925,0
Cook Islands,1926,0
Cook Islands,1927,0
Cook Islands,1928,0
Cook Islands,1929,0
Cook Islands,1930,0
Cook Islands,1931,0
Cook Islands,1932,0
Cook Islands,1933,0
Cook Islands,1934,0
Cook Islands,1935,0
Cook Islands,1936,0
Cook Islands,1937,0
Cook Islands,1938,0
Cook Islands,1939,0
Cook Islands,1940,0
Cook Islands,1941,0
Cook Islands,1942,0
Cook Islands,1943,0
Cook Islands,1944,0
Cook Islands,1945,0
Cook Islands,1946,0
Cook Islands,1947,0
Cook Islands,1948,0
Cook Islands,1949,0
Cook Islands,1950,0
Cook Islands,1951,0
Cook Islands,1952,0
Cook Islands,1953,0
Cook Islands,1954,0
Cook Islands,1955,0
Cook Islands,1956,0
Cook Islands,1957,0
Cook Islands,1958,0
Cook Islands,1959,0
Cook Islands,1960,0
Cook Islands,1961,0
Cook Islands,1962,0
Cook Islands,1963,0
Cook Islands,1964,0
Cook Islands,1965,0
Cook Islands,1966,0
Cook Islands,1967,0
Cook Islands,1968,0
Cook Islands,1969,0
Cook Islands,1970,0
Cook Islands,1971,0
Cook Islands,1972,0
Cook Islands,1973,0
Cook Islands,1974,0
Cook Islands,1975,0
Cook Islands,1976,0
Cook Islands,1977,0
Cook Islands,1978,0
Cook Islands,1979,0
Cook Islands,1980,0
Cook Islands,1981,0
Cook Islands,1982,0
Cook Islands,1983,0
Cook Islands,1984,0
Cook Islands,1985,0
Cook Islands,1986,0
Cook Islands,1987,0
Cook Islands,1988,0
Cook Islands,1989,0
Cook Islands,1990,0
Cook Islands,1991,0
Cook Islands,1992,0
Cook Islands,1993,0
Cook Islands,1994,0
Cook Islands,1995,1
Cook Islands,1996,1
Cook Islands,1997,1
Cook Islands,1998,3
Cook Islands,1999,3
Cook Islands,2000,4
Cook Islands,2001,4
Cook Islands,2002,4
Cook Islands,2003,4
Cook Islands,2004,4
Cook Islands,2005,4
Cook Islands,2006,4
Cook Islands,2007,5
Cook Islands,2008,5
Cook Islands,2009,6
Cook Islands,2010,6
Cook Islands,2011,7
Cook Islands,2012,7
Cook Islands,2013,7
Cook Islands,2014,7
Cook Islands,2015,9
Cook Islands,2016,9
Cook Islands,2017,9
Cook Islands,2018,9
Cook Islands,2019,9
Cook Islands,2020,9
Cook Islands,2021,9
Cook Islands,2022,9
Cook Islands,2023,10
Cook Islands,2024,11
Cook Islands,2025,11
Cook Islands,2026,12
Corsica,1873,0
Corsica,1874,0
Corsica,1875,0
Corsica,1876,0
Corsica,1877,0
Corsica,1878,0
Corsica,1879,0
Corsica,1880,0
Corsica,1881,0
Corsica,1882,0
Corsica,1883,0
Corsica,1884,0
Corsica,1885,0
Corsica,1886,0
Corsica,1887,0
Corsica,1888,0
Corsica,1889,0
Corsica,1890,0
Corsica,1891,0
Corsica,1892,0
Corsica,1893,0
Corsica,1894,0
Corsica,1895,0
Corsica,1896,0
Corsica,1897,0
Corsica,1898,0
Corsica,1899,0
Corsica,1900,0
Corsica,1901,0
Corsica,1902,0
Corsica,1903,0
Corsica,1904,0
Corsica,1905,0
Corsica,1906,0
Corsica,1907,0
Corsica,1908,0
Corsica,1909,0
Corsica,1910,0
Corsica,1911,0
Corsica,1912,0
Corsica,1913,0
Corsica,1914,0
Corsica,1915,0
Corsica,1916,0
Corsica,1917,0
Corsica,1918,0
Corsica,1919,0
Corsica,1920,0
Corsica,1921,0
Corsica,1922,0
Corsica,1923,0
Corsica,1924,0
Corsica,1925,0
Corsica,1926,0
Corsica,1927,0
Corsica,1928,0
Corsica,1929,0
Corsica,1930,0
Corsica,1931,0
Corsica,1932,0
Corsica,1933,0
Corsica,1934,0
Corsica,1935,0
Corsica,1936,0
Corsica,1937,0
Corsica,1938,0
Corsica,1939,0
Corsica,1940,0
Corsica,1941,0
Corsica,1942,0
Corsica,1943,0
Corsica,1944,0
Corsica,1945,0
Corsica,1946,0
Corsica,1947,0
Corsica,1948,0
Corsica,1949,0
Corsica,1950,0
Corsica,1951,0
Corsica,1952,0
Corsica,1953,0
Corsica,1954,0
Corsica,1955,0
Corsica,1956,0
Corsica,1957,0
Corsica,1958,0
Corsica,1959,0
Corsica,1960,0
Corsica,1961,0
Corsica,1962,0
Corsica,1963,0
Corsica,1964,0
Corsica,1965,0
Corsica,1966,0
Corsica,1967,1
Corsica,1968,1
Corsica,1969,1
Corsica,1970,1
Corsica,1971,1
Corsica,1972,1
Corsica,1973,1
Corsica,1974,1
Corsica,1975,1
Corsica,1976,1
Corsica,1977,1
Corsica,1978,1
Corsica,1979,1
Corsica,1980,1
Corsica,1981,1
Corsica,1982,1
Corsica,1983,1
Corsica,1984,1
Corsica,1985,1
Corsica,1986,1
Corsica,1987,1
Corsica,1988,1
Corsica,1989,1
Corsica,1990,1
Corsica,1991,1
Corsica,1992,1
Corsica,1993,1
Corsica,1994,1
Corsica,1995,1
Corsica,1996,1
Corsica,1997,1
Corsica,1998,1
Corsica,1999,1
Corsica,2000,1
Corsica,2001,1
Corsica,2002,1
Corsica,2003,1
Corsica,2004,1
Corsica,2005,1
Corsica,2006,1
Corsica,2007,1
Corsica,2008,1
Corsica,2009,1
Corsica,2010,2
Corsica,2011,3
Corsica,2012,3
Corsica,2013,3
Corsica,2014,3
Corsica,2015,4
Corsica,2016,4
Corsica,2017,4
Corsica,2018,4
Corsica,2019,4
Corsica,2020,4
Corsica,2021,4
Corsica,2022,4
Corsica,2023,4
Corsica,2024,4
Corsica,2025,4
Corsica,2026,4
Costa Rica,1873,0
Costa Rica,1874,0
Costa Rica,1875,0
Costa Rica,1876,0
Costa Rica,1877,0
Costa Rica,1878,0
Costa Rica,1879,0
Costa Rica,1880,0
Costa Rica,1881,0
Costa Rica,1882,0
Costa Rica,1883,0
Costa Rica,1884,0
Costa Rica,1885,0
Costa Rica,1886,0
Costa Rica,1887,0
Costa Rica,1888,0
Costa Rica,1889,0
Costa Rica,1890,0
Costa Rica,1891,0
Costa Rica,1892,0
Costa Rica,1893,0
Costa Rica,1894,0
Costa Rica,1895,0
Costa Rica,1896,0
Costa Rica,1897,0
Costa Rica,1898,0
Costa Rica,1899,0
Costa Rica,1900,0
Costa Rica,1901,0
Costa Rica,1902,0
Costa Rica,1903,0
Costa Rica,1904,0
Costa Rica,1905,0
Costa Rica,1906,0
Costa Rica,1907,0
Costa Rica,1908,0
Costa Rica,1909,0
Costa Rica,1910,0
Costa Rica,1911,0
Costa Rica,1912,0
Costa Rica,1913,0
Costa Rica,1914,0
Costa Rica,1915,0
Costa Rica,1916,0
Costa Rica,1917,0
Costa Rica,1918,0
Costa Rica,1919,0
Costa Rica,1920,0
Costa Rica,1921,2
Costa Rica,1922,2
Costa Rica,1923,2
Costa Rica,1924,2
Costa Rica,1925,2
Costa Rica,1926,2
Costa Rica,1927,2
Costa Rica,1928,2
Costa Rica,1929,2
Costa Rica,1930,6
Costa Rica,1931,6
Costa Rica,1932,6
Costa Rica,1933,6
Costa Rica,1934,6
Costa Rica,1935,10
Costa Rica,1936,10
Costa Rica,1937,10
Costa Rica,1938,14
Costa Rica,1939,14
Costa Rica,1940,14
Costa Rica,1941,18
Costa Rica,1942,18
Costa Rica,1943,21
Costa Rica,1944,21
Costa Rica,1945,21
Costa Rica,1946,28
Costa Rica,1947,28
Costa Rica,1948,32
Costa Rica,1949,32
Costa Rica,1950,32
Costa Rica,1951,34
Costa Rica,1952,34
Costa Rica,1953,40
Costa Rica,1954,40
Costa Rica,1955,47
Costa Rica,1956,49
Costa Rica,1957,53
Costa Rica,1958,53
Costa Rica,1959,54
Costa Rica,1960,58
Costa Rica,1961,62
Costa Rica,1962,62
Costa Rica,1963,68
Costa Rica,1964,68
Costa Rica,1965,78
Costa Rica,1966,78
Costa Rica,1967,78
Costa Rica,1968,81
Costa Rica,1969,85
Costa Rica,1970,86
Costa Rica,1971,88
Costa Rica,1972,91
Costa Rica,1973,91
Costa Rica,1974,91
Costa Rica,1975,91
Costa Rica,1976,92
Costa Rica,1977,92
Costa Rica,1978,92
Costa Rica,1979,92
Costa Rica,1980,95
Costa Rica,1981,95
Costa Rica,1982,95
Costa Rica,1983,97
Costa Rica,1984,97
Costa Rica,1985,103
Costa Rica,1986,103
Costa Rica,1987,103
Costa Rica,1988,107
Costa Rica,1989,112
Costa Rica,1990,115
Costa Rica,1991,119
Costa Rica,1992,125
Costa Rica,1993,132
Costa Rica,1994,133
Costa Rica,1995,135
Costa Rica,1996,141
Costa Rica,1997,149
Costa Rica,1998,150
Costa Rica,1999,156
Costa Rica,2000,162
Costa Rica,2001,174
Costa Rica,2002,178
Costa Rica,2003,188
Costa Rica,2004,193
Costa Rica,2005,203
Costa Rica,2006,204
Costa Rica,2007,211
Costa Rica,2008,218
Costa Rica,2009,229
Costa Rica,2010,231
Costa Rica,2011,236
Costa Rica,2012,241
Costa Rica,2013,254
Costa Rica,2014,259
Costa Rica,2015,261
Costa Rica,2016,269
Costa Rica,2017,275
Costa Rica,2018,279
Costa Rica,2019,283
Costa Rica,2020,283
Costa Rica,2021,288
Costa Rica,2022,298
Costa Rica,2023,301
Costa Rica,2024,308
Costa Rica,2025,315
Costa Rica,2026,317
County of Nice,1873,0
County of Nice,1874,0
County of Nice,1875,0
County of Nice,1876,0
County of Nice,1877,0
County of Nice,1878,0
County of Nice,1879,0
County of Nice,1880,0
County of Nice,1881,0
County of Nice,1882,0
County of Nice,1883,0
County of Nice,1884,0
County of Nice,1885,0
County of Nice,1886,0
County of Nice,1887,0
County of Nice,1888,0
County of Nice,1889,0
County of Nice,1890,0
County of Nice,1891,0
County of Nice,1892,0
County of Nice,1893,0
County of Nice,1894,0
County of Nice,1895,0
County of Nice,1896,0
County of Nice,1897,0
County of Nice,1898,0
County of Nice,1899,0
County of Nice,1900,0
County of Nice,1901,0
County of Nice,1902,0
County of Nice,1903,0
County of Nice,1904,0
County of Nice,1905,0
County of Nice,1906,0
County of Nice,1907,0
County of Nice,1908,0
County of Nice,1909,0
County of Nice,1910,0
County of Nice,1911,0
County of Nice,1912,0
County of Nice,1913,0
County of Nice,1914,0
County of Nice,1915,0
County of Nice,1916,0
County of Nice,1917,0
County of Nice,1918,0
County of Nice,1919,0
County of Nice,1920,0
County of Nice,1921,0
County of Nice,1922,0
County of Nice,1923,0
County of Nice,1924,0
County of Nice,1925,0
County of Nice,1926,0
County of Nice,1927,0
County of Nice,1928,0
County of Nice,1929,0
County of Nice,1930,0
County of Nice,1931,0
County of Nice,1932,0
County of Nice,1933,0
County of Nice,1934,0
County of Nice,1935,0
County of Nice,1936,0
County of Nice,1937,0
County of Nice,1938,0
County of Nice,1939,0
County of Nice,1940,0
County of Nice,1941,0
County of Nice,1942,0
County of Nice,1943,0
County of Nice,1944,0
County of Nice,1945,0
County of Nice,1946,0
County of Nice,1947,0
County of Nice,1948,0
County of Nice,1949,0
County of Nice,1950,0
County of Nice,1951,0
County of Nice,1952,0
County of Nice,1953,0
County of Nice,1954,0
County of Nice,1955,0
County of Nice,1956,0
County of Nice,1957,0
County of Nice,1958,0
County of Nice,1959,0
County of Nice,1960,0
County of Nice,1961,0
County of Nice,1962,0
County of Nice,1963,0
County of Nice,1964,0
County of Nice,1965,0
County of Nice,1966,0
County of Nice,1967,0
County of Nice,1968,0
County of Nice,1969,0
County of Nice,1970,0
County of Nice,1971,0
County of Nice,1972,0
County of Nice,1973,0
County of Nice,1974,0
County of Nice,1975,0
County of Nice,1976,0
County of Nice,1977,0
County of Nice,1978,0
County of Nice,1979,0
County of Nice,1980,0
County of Nice,1981,0
County of Nice,1982,0
County of Nice,1983,0
County of Nice,1984,0
County of Nice,1985,0
County of Nice,1986,0
County of Nice,1987,0
County of Nice,1988,0
County of Nice,1989,0
County of Nice,1990,0
County of Nice,1991,0
County of Nice,1992,0
County of Nice,1993,0
County of Nice,1994,0
County of Nice,1995,0
County of Nice,1996,0
County of Nice,1997,0
County of Nice,1998,0
County of Nice,1999,0
County of Nice,2000,0
County of Nice,2001,0
County of Nice,2002,0
County of Nice,2003,0
County of Nice,2004,0
County of Nice,2005,0
County of Nice,2006,0
County of Nice,2007,0
County of Nice,2008,0
County of Nice,2009,0
County of Nice,2010,0
County of Nice,2011,0
County of Nice,2012,0
County of Nice,2013,0
County of Nice,2014,3
County of Nice,2015,6
County of Nice,2016,6
County of Nice,2017,6
County of Nice,2018,6
County of Nice,2019,6
County of Nice,2020,6
County of Nice,2021,6
County of Nice,2022,6
County of Nice,2023,6
County of Nice,2024,6
County of Nice,2025,6
County of Nice,2026,6
Crimea,1873,0
Crimea,1874,0
Crimea,1875,0
Crimea,1876,0
Crimea,1877,0
Crimea,1878,0
Crimea,1879,0
Crimea,1880,0
Crimea,1881,0
Crimea,1882,0
Crimea,1883,0
Crimea,1884,0
Crimea,1885,0
Crimea,1886,0
Crimea,1887,0
Crimea,1888,0
Crimea,1889,0
Crimea,1890,0
Crimea,1891,0
Crimea,1892,0
Crimea,1893,0
Crimea,1894,0
Crimea,1895,0
Crimea,1896,0
Crimea,1897,0
Crimea,1898,0
Crimea,1899,0
Crimea,1900,0
Crimea,1901,0
Crimea,1902,0
Crimea,1903,0
Crimea,1904,0
Crimea,1905,0
Crimea,1906,0
Crimea,1907,0
Crimea,1908,0
Crimea,1909,0
Crimea,1910,0
Crimea,1911,0
Crimea,1912,0
Crimea,1913,0
Crimea,1914,0
Crimea,1915,0
Crimea,1916,0
Crimea,1917,0
Crimea,1918,0
Crimea,1919,0
Crimea,1920,0
Crimea,1921,0
Crimea,1922,0
Crimea,1923,0
Crimea,1924,0
Crimea,1925,0
Crimea,1926,0
Crimea,1927,0
Crimea,1928,0
Crimea,1929,0
Crimea,1930,0
Crimea,1931,0
Crimea,1932,0
Crimea,1933,0
Crimea,1934,0
Crimea,1935,0
Crimea,1936,0
Crimea,1937,0
Crimea,1938,0
Crimea,1939,0
Crimea,1940,0
Crimea,1941,0
Crimea,1942,0
Crimea,1943,0
Crimea,1944,0
Crimea,1945,0
Crimea,1946,0
Crimea,1947,0
Crimea,1948,0
Crimea,1949,0
Crimea,1950,0
Crimea,1951,0
Crimea,1952,0
Crimea,1953,0
Crimea,1954,0
Crimea,1955,0
Crimea,1956,0
Crimea,1957,0
Crimea,1958,0
Crimea,1959,0
Crimea,1960,0
Crimea,1961,0
Crimea,1962,0
Crimea,1963,0
Crimea,1964,0
Crimea,1965,0
Crimea,1966,0
Crimea,1967,0
Crimea,1968,0
Crimea,1969,0
Crimea,1970,0
Crimea,1971,0
Crimea,1972,0
Crimea,1973,0
Crimea,1974,0
Crimea,1975,0
Crimea,1976,0
Crimea,1977,0
Crimea,1978,0
Crimea,1979,0
Crimea,1980,0
Crimea,1981,0
Crimea,1982,0
Crimea,1983,0
Crimea,1984,0
Crimea,1985,0
Crimea,1986,0
Crimea,1987,0
Crimea,1988,0
Crimea,1989,0
Crimea,1990,0
Crimea,1991,0
Crimea,1992,0
Crimea,1993,0
Crimea,1994,0
Crimea,1995,0
Crimea,1996,0
Crimea,1997,0
Crimea,1998,0
Crimea,1999,0
Crimea,2000,0
Crimea,2001,0
Crimea,2002,0
Crimea,2003,0
Crimea,2004,0
Crimea,2005,0
Crimea,2006,3
Crimea,2007,3
Crimea,2008,3
Crimea,2009,3
Crimea,2010,3
Crimea,2011,3
Crimea,2012,3
Crimea,2013,3
Crimea,2014,3
Crimea,2015,3
Crimea,2016,3
Crimea,2017,3
Crimea,2018,3
Crimea,2019,3
Crimea,2020,3
Crimea,2021,3
Crimea,2022,3
Crimea,2023,3
Crimea,2024,3
Crimea,2025,3
Crimea,2026,3
Croatia,1873,0
Croatia,1874,0
Croatia,1875,0
Croatia,1876,0
Croatia,1877,0
Croatia,1878,0
Croatia,1879,0
Croatia,1880,0
Croatia,1881,0
Croatia,1882,0
Croatia,1883,0
Croatia,1884,0
Croatia,1885,0
Croatia,1886,0
Croatia,1887,0
Croatia,1888,0
Croatia,1889,0
Croatia,1890,0
Croatia,1891,0
Croatia,1892,0
Croatia,1893,0
Croatia,1894,0
Croatia,1895,0
Croatia,1896,0
Croatia,1897,0
Croatia,1898,0
Croatia,1899,0
Croatia,1900,0
Croatia,1901,0
Croatia,1902,0
Croatia,1903,0
Croatia,1904,0
Croatia,1905,0
Croatia,1906,0
Croatia,1907,0
Croatia,1908,0
Croatia,1909,0
Croatia,1910,0
Croatia,1911,0
Croatia,1912,0
Croatia,1913,0
Croatia,1914,0
Croatia,1915,0
Croatia,1916,0
Croatia,1917,0
Croatia,1918,0
Croatia,1919,0
Croatia,1920,0
Croatia,1921,0
Croatia,1922,0
Croatia,1923,0
Croatia,1924,0
Croatia,1925,0
Croatia,1926,0
Croatia,1927,0
Croatia,1928,0
Croatia,1929,0
Croatia,1930,0
Croatia,1931,0
Croatia,1932,0
Croatia,1933,0
Croatia,1934,0
Croatia,1935,0
Croatia,1936,0
Croatia,1937,0
Croatia,1938,0
Croatia,1939,0
Croatia,1940,2
Croatia,1941,3
Croatia,1942,5
Croatia,1943,6
Croatia,1944,7
Croatia,1945,7
Croatia,1946,7
Croatia,1947,7
Croatia,1948,7
Croatia,1949,7
Croatia,1950,8
Croatia,1951,8
Croatia,1952,8
Croatia,1953,8
Croatia,1954,8
Croatia,1955,8
Croatia,1956,9
Croatia,1957,9
Croatia,1958,9
Croatia,1959,9
Croatia,1960,9
Croatia,1961,9
Croatia,1962,9
Croatia,1963,9
Croatia,1964,9
Croatia,1965,9
Croatia,1966,9
Croatia,1967,9
Croatia,1968,9
Croatia,1969,9
Croatia,1970,9
Croatia,1971,9
Croatia,1972,9
Croatia,1973,9
Croatia,1974,9
Croatia,1975,9
Croatia,1976,9
Croatia,1977,9
Croatia,1978,9
Croatia,1979,9
Croatia,1980,9
Croatia,1981,9
Croatia,1982,9
Croatia,1983,9
Croatia,1984,9
Croatia,1985,9
Croatia,1986,9
Croatia,1987,9
Croatia,1988,9
Croatia,1989,9
Croatia,1990,11
Croatia,1991,12
Croatia,1992,13
Croatia,1993,14
Croatia,1994,19
Croatia,1995,23
Croatia,1996,30
Croatia,1997,34
Croatia,1998,44
Croatia,1999,47
Croatia,2000,48
Croatia,2001,54
Croatia,2002,58
Croatia,2003,65
Croatia,2004,71
Croatia,2005,76
Croatia,2006,83
Croatia,2007,92
Croatia,2008,99
Croatia,2009,106
Croatia,2010,113
Croatia,2011,119
Croatia,2012,124
Croatia,2013,130
Croatia,2014,137
Croatia,2015,142
Croatia,2016,151
Croatia,2017,156
Croatia,2018,164
Croatia,2019,170
Croatia,2020,172
Croatia,2021,180
Croatia,2022,188
Croatia,2023,194
Croatia,2024,199
Croatia,2025,207
Croatia,2026,212
Cuba,1873,0
Cuba,1874,0
Cuba,1875,0
Cuba,1876,0
Cuba,1877,0
Cuba,1878,0
Cuba,1879,0
Cuba,1880,0
Cuba,1881,0
Cuba,1882,0
Cuba,1883,0
Cuba,1884,0
Cuba,1885,0
Cuba,1886,0
Cuba,1887,0
Cuba,1888,0
Cuba,1889,0
Cuba,1890,0
Cuba,1891,0
Cuba,1892,0
Cuba,1893,0
Cuba,1894,0
Cuba,1895,0
Cuba,1896,0
Cuba,1897,0
Cuba,1898,0
Cuba,1899,0
Cuba,1900,0
Cuba,1901,0
Cuba,1902,0
Cuba,1903,0
Cuba,1904,0
Cuba,1905,0
Cuba,1906,0
Cuba,1907,0
Cuba,1908,0
Cuba,1909,0
Cuba,1910,0
Cuba,1911,0
Cuba,1912,0
Cuba,1913,0
Cuba,1914,0
Cuba,1915,0
Cuba,1916,0
Cuba,1917,0
Cuba,1918,0
Cuba,1919,0
Cuba,1920,0
Cuba,1921,0
Cuba,1922,0
Cuba,1923,0
Cuba,1924,0
Cuba,1925,0
Cuba,1926,0
Cuba,1927,0
Cuba,1928,0
Cuba,1929,0
Cuba,1930,5
Cuba,1931,5
Cuba,1932,5
Cuba,1933,5
Cuba,1934,7
Cuba,1935,9
Cuba,1936,9
Cuba,1937,9
Cuba,1938,10
Cuba,1939,11
Cuba,1940,11
Cuba,1941,11
Cuba,1942,13
Cuba,1943,13
Cuba,1944,13
Cuba,1945,13
Cuba,1946,13
Cuba,1947,15
Cuba,1948,15
Cuba,1949,16
Cuba,1950,16
Cuba,1951,16
Cuba,1952,16
Cuba,1953,16
Cuba,1954,16
Cuba,1955,16
Cuba,1956,16
Cuba,1957,16
Cuba,1958,16
Cuba,1959,16
Cuba,1960,16
Cuba,1961,16
Cuba,1962,16
Cuba,1963,16
Cuba,1964,16
Cuba,1965,17
Cuba,1966,17
Cuba,1967,17
Cuba,1968,17
Cuba,1969,17
Cuba,1970,17
Cuba,1971,19
Cuba,1972,19
Cuba,1973,19
Cuba,1974,19
Cuba,1975,22
Cuba,1976,25
Cuba,1977,27
Cuba,1978,27
Cuba,1979,27
Cuba,1980,30
Cuba,1981,31
Cuba,1982,31
Cuba,1983,31
Cuba,1984,32
Cuba,1985,32
Cuba,1986,32
Cuba,1987,34
Cuba,1988,34
Cuba,1989,34
Cuba,1990,34
Cuba,1991,34
Cuba,1992,36
Cuba,1993,36
Cuba,1994,36
Cuba,1995,42
Cuba,1996,50
Cuba,1997,51
Cuba,1998,52
Cuba,1999,59
Cuba,2000,62
Cuba,2001,67
Cuba,2002,70
Cuba,2003,76
Cuba,2004,81
Cuba,2005,84
Cuba,2006,90
Cuba,2007,91
Cuba,2008,99
Cuba,2009,99
Cuba,2010,104
Cuba,2011,105
Cuba,2012,110
Cuba,2013,111
Cuba,2014,113
Cuba,2015,115
Cuba,2016,116
Cuba,2017,116
Cuba,2018,120
Cuba,2019,122
Cuba,2020,122
Cuba,2021,125
Cuba,2022,130
Cuba,2023,133
Cuba,2024,136
Cuba,2025,139
Cuba,2026,141
Curaçao,1873,0
Curaçao,1874,0
Curaçao,1875,0
Curaçao,1876,0
Curaçao,1877,0
Curaçao,1878,0
Curaçao,1879,0
Curaçao,1880,0
Curaçao,1881,0
Curaçao,1882,0
Curaçao,1883,0
Curaçao,1884,0
Curaçao,1885,0
Curaçao,1886,0
Curaçao,1887,0
Curaçao,1888,0
Curaçao,1889,0
Curaçao,1890,0
Curaçao,1891,0
Curaçao,1892,0
Curaçao,1893,0
Curaçao,1894,0
Curaçao,1895,0
Curaçao,1896,0
Curaçao,1897,0
Curaçao,1898,0
Curaçao,1899,0
Curaçao,1900,0
Curaçao,1901,0
Curaçao,1902,0
Curaçao,1903,0
Curaçao,1904,0
Curaçao,1905,0
Curaçao,1906,0
Curaçao,1907,0
Curaçao,1908,0
Curaçao,1909,0
Curaçao,1910,0
Curaçao,1911,0
Curaçao,1912,0
Curaçao,1913,0
Curaçao,1914,0
Curaçao,1915,0
Curaçao,1916,0
Curaçao,1917,0
Curaçao,1918,0
Curaçao,1919,0
Curaçao,1920,0
Curaçao,1921,0
Curaçao,1922,0
Curaçao,1923,0
Curaçao,1924,1
Curaçao,1925,1
Curaçao,1926,2
Curaçao,1927,2
Curaçao,1928,2
Curaçao,1929,2
Curaçao,1930,3
Curaçao,1931,4
Curaçao,1932,4
Curaçao,1933,6
Curaçao,1934,8
Curaçao,1935,13
Curaçao,1936,14
Curaçao,1937,14
Curaçao,1938,17
Curaçao,1939,17
Curaçao,1940,17
Curaçao,1941,20
Curaçao,1942,20
Curaçao,1943,21
Curaçao,1944,27
Curaçao,1945,27
Curaçao,1946,33
Curaçao,1947,36
Curaçao,1948,38
Curaçao,1949,39
Curaçao,1950,40
Curaçao,1951,40
Curaçao,1952,42
Curaçao,1953,44
Curaçao,1954,46
Curaçao,1955,50
Curaçao,1956,54
Curaçao,1957,57
Curaçao,1958,57
Curaçao,1959,57
Curaçao,1960,60
Curaçao,1961,62
Curaçao,1962,64
Curaçao,1963,71
Curaçao,1964,71
Curaçao,1965,72
Curaçao,1966,73
Curaçao,1967,73
Curaçao,1968,74
Curaçao,1969,76
Curaçao,1970,76
Curaçao,1971,77
Curaçao,1972,77
Curaçao,1973,77
Curaçao,1974,77
Curaçao,1975,77
Curaçao,1976,77
Curaçao,1977,77
Curaçao,1978,78
Curaçao,1979,78
Curaçao,1980,78
Curaçao,1981,79
Curaçao,1982,79
Curaçao,1983,79
Curaçao,1984,79
Curaçao,1985,79
Curaçao,1986,79
Curaçao,1987,79
Curaçao,1988,82
Curaçao,1989,86
Curaçao,1990,87
Curaçao,1991,87
Curaçao,1992,88
Curaçao,1993,88
Curaçao,1994,88
Curaçao,1995,91
Curaçao,1996,91
Curaçao,1997,91
Curaçao,1998,93
Curaçao,1999,93
Curaçao,2000,93
Curaçao,2001,93
Curaçao,2002,94
Curaçao,2003,94
Curaçao,2004,98
Curaçao,2005,98
Curaçao,2006,98
Curaçao,2007,98
Curaçao,2008,102
Curaçao,2009,102
Curaçao,2010,103
Curaçao,2011,105
Curaçao,2012,106
Curaçao,2013,107
Curaçao,2014,109
Curaçao,2015,112
Curaçao,2016,117
Curaçao,2017,120
Curaçao,2018,124
Curaçao,2019,126
Curaçao,2020,126
Curaçao,2021,129
Curaçao,2022,130
Curaçao,2023,131
Curaçao,2024,137
Curaçao,2025,142
Curaçao,2026,146
Cyprus,1873,0
Cyprus,1874,0
Cyprus,1875,0
Cyprus,1876,0
Cyprus,1877,0
Cyprus,1878,0
Cyprus,1879,0
Cyprus,1880,0
Cyprus,1881,0
Cyprus,1882,0
Cyprus,1883,0
Cyprus,1884,0
Cyprus,1885,0
Cyprus,1886,0
Cyprus,1887,0
Cyprus,1888,0
Cyprus,1889,0
Cyprus,1890,0
Cyprus,1891,0
Cyprus,1892,0
Cyprus,1893,0
Cyprus,1894,0
Cyprus,1895,0
Cyprus,1896,0
Cyprus,1897,0
Cyprus,1898,0
Cyprus,1899,0
Cyprus,1900,0
Cyprus,1901,0
Cyprus,1902,0
Cyprus,1903,0
Cyprus,1904,0
Cyprus,1905,0
Cyprus,1906,0
Cyprus,1907,0
Cyprus,1908,0
Cyprus,1909,0
Cyprus,1910,0
Cyprus,1911,0
Cyprus,1912,0
Cyprus,1913,0
Cyprus,1914,0
Cyprus,1915,0
Cyprus,1916,0
Cyprus,1917,0
Cyprus,1918,0
Cyprus,1919,0
Cyprus,1920,0
Cyprus,1921,0
Cyprus,1922,0
Cyprus,1923,0
Cyprus,1924,0
Cyprus,1925,0
Cyprus,1926,0
Cyprus,1927,0
Cyprus,1928,0
Cyprus,1929,0
Cyprus,1930,0
Cyprus,1931,0
Cyprus,1932,0
Cyprus,1933,0
Cyprus,1934,0
Cyprus,1935,0
Cyprus,1936,0
Cyprus,1937,0
Cyprus,1938,0
Cyprus,1939,0
Cyprus,1940,0
Cyprus,1941,0
Cyprus,1942,0
Cyprus,1943,0
Cyprus,1944,0
Cyprus,1945,0
Cyprus,1946,0
Cyprus,1947,0
Cyprus,1948,0
Cyprus,1949,0
Cyprus,1950,0
Cyprus,1951,0
Cyprus,1952,0
Cyprus,1953,0
Cyprus,1954,0
Cyprus,1955,0
Cyprus,1956,0
Cyprus,1957,0
Cyprus,1958,0
Cyprus,1959,0
Cyprus,1960,0
Cyprus,1961,0
Cyprus,1962,0
Cyprus,1963,1
Cyprus,1964,1
Cyprus,1965,2
Cyprus,1966,2
Cyprus,1967,2
Cyprus,1968,3
Cyprus,1969,3
Cyprus,1970,3
Cyprus,1971,3
Cyprus,1972,3
Cyprus,1973,4
Cyprus,1974,4
Cyprus,1975,4
Cyprus,1976,4
Cyprus,1977,4
Cyprus,1978,4
Cyprus,1979,4
Cyprus,1980,4
Cyprus,1981,4
Cyprus,1982,4
Cyprus,1983,4
Cyprus,1984,5
Cyprus,1985,5
Cyprus,1986,5
Cyprus,1987,5
Cyprus,1988,5
Cyprus,1989,5
Cyprus,1990,5
Cyprus,1991,5
Cyprus,1992,9
Cyprus,1993,10
Cyprus,1994,12
Cyprus,1995,13
Cyprus,1996,16
Cyprus,1997,19
Cyprus,1998,23
Cyprus,1999,26
Cyprus,2000,31
Cyprus,2001,33
Cyprus,2002,34
Cyprus,2003,35
Cyprus,2004,38
Cyprus,2005,42
Cyprus,2006,44
Cyprus,2007,49
Cyprus,2008,50
Cyprus,2009,53
Cyprus,2010,54
Cyprus,2011,55
Cyprus,2012,56
Cyprus,2013,56
Cyprus,2014,58
Cyprus,2015,60
Cyprus,2016,61
Cyprus,2017,64
Cyprus,2018,65
Cyprus,2019,68
Cyprus,2020,69
Cyprus,2021,70
Cyprus,2022,73
Cyprus,2023,74
Cyprus,2024,77
Cyprus,2025,79
Cyprus,2026,83
Czech Republic,1873,0
Czech Republic,1874,0
Czech Republic,1875,0
Czech Republic,1876,0
Czech Republic,1877,0
Czech Republic,1878,0
Czech Republic,1879,0
Czech Republic,1880,0
Czech Republic,1881,0
Czech Republic,1882,0
Czech Republic,1883,0
Czech Republic,1884,0
Czech Republic,1885,0
Czech Republic,1886,0
Czech Republic,1887,0
Czech Republic,1888,0
Czech Republic,1889,0
Czech Republic,1890,0
Czech Republic,1891,0
Czech Republic,1892,0
Czech Republic,1893,0
Czech Republic,1894,0
Czech Republic,1895,0
Czech Republic,1896,0
Czech Republic,1897,0
Czech Republic,1898,0
Czech Republic,1899,0
Czech Republic,1900,0
Czech Republic,1901,0
Czech Republic,1902,0
Czech Republic,1903,0
Czech Republic,1904,0
Czech Republic,1905,0
Czech Republic,1906,0
Czech Republic,1907,0
Czech Republic,1908,0
Czech Republic,1909,0
Czech Republic,1910,0
Czech Republic,1911,0
Czech Republic,1912,0
Czech Republic,1913,0
Czech Republic,1914,0
Czech Republic,1915,0
Czech Republic,1916,0
Czech Republic,1917,0
Czech Republic,1918,0
Czech Republic,1919,0
Czech Republic,1920,0
Czech Republic,1921,0
Czech Republic,1922,0
Czech Republic,1923,0
Czech Republic,1924,0
Czech Republic,1925,0
Czech Republic,1926,0
Czech Republic,1927,0
Czech Republic,1928,0
Czech Republic,1929,0
Czech Republic,1930,0
Czech Republic,1931,0
Czech Republic,1932,0
Czech Republic,1933,0
Czech Republic,1934,0
Czech Republic,1935,0
Czech Republic,1936,0
Czech Republic,1937,0
Czech Republic,1938,0
Czech Republic,1939,0
Czech Republic,1940,0
Czech Republic,1941,0
Czech Republic,1942,0
Czech Republic,1943,0
Czech Republic,1944,0
Czech Republic,1945,0
Czech Republic,1946,0
Czech Republic,1947,0
Czech Republic,1948,0
Czech Republic,1949,0
Czech Republic,1950,0
Czech Republic,1951,0
Czech Republic,1952,0
Czech Republic,1953,0
Czech Republic,1954,0
Czech Republic,1955,0
Czech Republic,1956,0
Czech Republic,1957,0
Czech Republic,1958,0
Czech Republic,1959,0
Czech Republic,1960,0
Czech Republic,1961,0
Czech Republic,1962,0
Czech Republic,1963,0
Czech Republic,1964,0
Czech Republic,1965,0
Czech Republic,1966,0
Czech Republic,1967,0
Czech Republic,1968,0
Czech Republic,1969,0
Czech Republic,1970,0
Czech Republic,1971,0
Czech Republic,1972,0
Czech Republic,1973,0
Czech Republic,1974,0
Czech Republic,1975,0
Czech Republic,1976,0
Czech Republic,1977,0
Czech Republic,1978,0
Czech Republic,1979,0
Czech Republic,1980,0
Czech Republic,1981,0
Czech Republic,1982,0
Czech Republic,1983,0
Czech Republic,1984,0
Czech Republic,1985,0
Czech Republic,1986,0
Czech Republic,1987,0
Czech Republic,1988,0
Czech Republic,1989,0
Czech Republic,1990,0
Czech Republic,1991,0
Czech Republic,1992,0
Czech Republic,1993,0
Czech Republic,1994,4
Czech Republic,1995,11
Czech Republic,1996,19
Czech Republic,1997,26
Czech Republic,1998,33
Czech Republic,1999,42
Czech Republic,2000,48
Czech Republic,2001,53
Czech Republic,2002,60
Czech Republic,2003,68
Czech Republic,2004,77
Czech Republic,2005,86
Czech Republic,2006,93
Czech Republic,2007,100
Czech Republic,2008,105
Czech Republic,2009,109
Czech Republic,2010,113
Czech Republic,2011,118
Czech Republic,2012,123
Czech Republic,2013,128
Czech Republic,2014,132
Czech Republic,2015,136
Czech Republic,2016,140
Czech Republic,2017,146
Czech Republic,2018,151
Czech Republic,2019,156
Czech Republic,2020,161
Czech Republic,2021,169
Czech Republic,2022,171
Czech Republic,2023,176
Czech Republic,2024,183
Czech Republic,2025,189
Czech Republic,2026,191
Czechoslovakia,1873,0
Czechoslovakia,1874,0
Czechoslovakia,1875,0
Czechoslovakia,1876,0
Czechoslovakia,1877,0
Czechoslovakia,1878,0
Czechoslovakia,1879,0
Czechoslovakia,1880,0
Czechoslovakia,1881,0
Czechoslovakia,1882,0
Czechoslovakia,1883,0
Czechoslovakia,1884,0
Czechoslovakia,1885,0
Czechoslovakia,1886,0
Czechoslovakia,1887,0
Czechoslovakia,1888,0
Czechoslovakia,1889,0
Czechoslovakia,1890,0
Czechoslovakia,1891,0
Czechoslovakia,1892,0
Czechoslovakia,1893,0
Czechoslovakia,1894,0
Czechoslovakia,1895,0
Czechoslovakia,1896,0
Czechoslovakia,1897,0
Czechoslovakia,1898,0
Czechoslovakia,1899,0
Czechoslovakia,1900,0
Czechoslovakia,1901,0
Czechoslovakia,1902,0
Czechoslovakia,1903,0
Czechoslovakia,1904,0
Czechoslovakia,1905,0
Czechoslovakia,1906,0
Czechoslovakia,1907,1
Czechoslovakia,1908,1
Czechoslovakia,1909,1
Czechoslovakia,1910,1
Czechoslovakia,1911,1
Czechoslovakia,1912,1
Czechoslovakia,1913,1
Czechoslovakia,1914,1
Czechoslovakia,1915,1
Czechoslovakia,1916,1
Czechoslovakia,1917,1
Czechoslovakia,1918,1
Czechoslovakia,1919,5
Czechoslovakia,1920,8
Czechoslovakia,1921,9
Czechoslovakia,1922,11
Czechoslovakia,1923,14
Czechoslovakia,1924,17
Czechoslovakia,1925,20
Czechoslovakia,1926,24
Czechoslovakia,1927,31
Czechoslovakia,1928,36
Czechoslovakia,1929,39
Czechoslovakia,1930,42
Czechoslovakia,1931,45
Czechoslovakia,1932,48
Czechoslovakia,1933,51
Czechoslovakia,1934,57
Czechoslovakia,1935,59
Czechoslovakia,1936,61
Czechoslovakia,1937,67
Czechoslovakia,1938,72
Czechoslovakia,1939,73
Czechoslovakia,1940,73
Czechoslovakia,1941,73
Czechoslovakia,1942,73
Czechoslovakia,1943,73
Czechoslovakia,1944,73
Czechoslovakia,1945,73
Czechoslovakia,1946,75
Czechoslovakia,1947,79
Czechoslovakia,1948,80
Czechoslovakia,1949,83
Czechoslovakia,1950,85
Czechoslovakia,1951,85
Czechoslovakia,1952,85
Czechoslovakia,1953,90
Czechoslovakia,1954,90
Czechoslovakia,1955,93
Czechoslovakia,1956,97
Czechoslovakia,1957,102
Czechoslovakia,1958,105
Czechoslovakia,1959,108
Czechoslovakia,1960,113
Czechoslovakia,1961,119
Czechoslovakia,1962,125
Czechoslovakia,1963,125
Czechoslovakia,1964,126
Czechoslovakia,1965,129
Czechoslovakia,1966,130
Czechoslovakia,1967,134
Czechoslovakia,1968,138
Czechoslovakia,1969,141
Czechoslovakia,1970,145
Czechoslovakia,1971,149
Czechoslovakia,1972,152
Czechoslovakia,1973,154
Czechoslovakia,1974,159
Czechoslovakia,1975,163
Czechoslovakia,1976,167
Czechoslovakia,1977,170
Czechoslovakia,1978,173
Czechoslovakia,1979,179
Czechoslovakia,1980,184
Czechoslovakia,1981,188
Czechoslovakia,1982,190
Czechoslovakia,1983,193
Czechoslovakia,1984,196
Czechoslovakia,1985,199
Czechoslovakia,1986,205
Czechoslovakia,1987,208
Czechoslovakia,1988,214
Czechoslovakia,1989,220
Czechoslovakia,1990,225
Czechoslovakia,1991,232
Czechoslovakia,1992,233
Czechoslovakia,1993,236
Czechoslovakia,1994,236
Czechoslovakia,1995,236
Czechoslovakia,1996,236
Czechoslovakia,1997,236
Czechoslovakia,1998,236
Czechoslovakia,1999,236
Czechoslovakia,2000,236
Czechoslovakia,2001,236
Czechoslovakia,2002,236
Czechoslovakia,2003,236
Czechoslovakia,2004,236
Czechoslovakia,2005,236
Czechoslovakia,2006,236
Czechoslovakia,2007,236
Czechoslovakia,2008,236
Czechoslovakia,2009,236
Czechoslovakia,2010,236
Czechoslovakia,2011,236
Czechoslovakia,2012,236
Czechoslovakia,2013,236
Czechoslovakia,2014,236
Czechoslovakia,2015,236
Czechoslovakia,2016,236
Czechoslovakia,2017,236
Czechoslovakia,2018,236
Czechoslovakia,2019,236
Czechoslovakia,2020,236
Czechoslovakia,2021,236
Czechoslovakia,2022,236
Czechoslovakia,2023,236
Czechoslovakia,2024,236
Czechoslovakia,2025,236
Czechoslovakia,2026,236
DR Congo,1873,0
DR Congo,1874,0
DR Congo,1875,0
DR Congo,1876,0
DR Congo,1877,0
DR Congo,1878,0
DR Congo,1879,0
DR Congo,1880,0
DR Congo,1881,0
DR Congo,1882,0
DR Congo,1883,0
DR Congo,1884,0
DR Congo,1885,0
DR Congo,1886,0
DR Congo,1887,0
DR Congo,1888,0
DR Congo,1889,0
DR Congo,1890,0
DR Congo,1891,0
DR Congo,1892,0
DR Congo,1893,0
DR Congo,1894,0
DR Congo,1895,0
DR Congo,1896,0
DR Congo,1897,0
DR Congo,1898,0
DR Congo,1899,0
DR Congo,1900,0
DR Congo,1901,0
DR Congo,1902,0
DR Congo,1903,0
DR Congo,1904,0
DR Congo,1905,0
DR Congo,1906,0
DR Congo,1907,0
DR Congo,1908,0
DR Congo,1909,0
DR Congo,1910,0
DR Congo,1911,0
DR Congo,1912,0
DR Congo,1913,0
DR Congo,1914,0
DR Congo,1915,0
DR Congo,1916,0
DR Congo,1917,0
DR Congo,1918,0
DR Congo,1919,0
DR Congo,1920,0
DR Congo,1921,0
DR Congo,1922,0
DR Congo,1923,0
DR Congo,1924,0
DR Congo,1925,0
DR Congo,1926,0
DR Congo,1927,0
DR Congo,1928,0
DR Congo,1929,0
DR Congo,1930,0
DR Congo,1931,0
DR Congo,1932,0
DR Congo,1933,0
DR Congo,1934,0
DR Congo,1935,0
DR Congo,1936,0
DR Congo,1937,0
DR Congo,1938,0
DR Congo,1939,0
DR Congo,1940,0
DR Congo,1941,0
DR Congo,1942,0
DR Congo,1943,0
DR Congo,1944,0
DR Congo,1945,0
DR Congo,1946,0
DR Congo,1947,0
DR Congo,1948,0
DR Congo,1949,0
DR Congo,1950,0
DR Congo,1951,0
DR Congo,1952,0
DR Congo,1953,0
DR Congo,1954,0
DR Congo,1955,0
DR Congo,1956,0
DR Congo,1957,0
DR Congo,1958,0
DR Congo,1959,0
DR Congo,1960,0
DR Congo,1961,0
DR Congo,1962,0
DR Congo,1963,2
DR Congo,1964,2
DR Congo,1965,9
DR Congo,1966,13
DR Congo,1967,23
DR Congo,1968,28
DR Congo,1969,32
DR Congo,1970,35
DR Congo,1971,37
DR Congo,1972,40
DR Congo,1973,49
DR Congo,1974,54
DR Congo,1975,55
DR Congo,1976,57
DR Congo,1977,58
DR Congo,1978,58
DR Congo,1979,63
DR Congo,1980,66
DR Congo,1981,69
DR Congo,1982,69
DR Congo,1983,69
DR Congo,1984,70
DR Congo,1985,75
DR Congo,1986,76
DR Congo,1987,78
DR Congo,1988,79
DR Congo,1989,82
DR Congo,1990,83
DR Congo,1991,85
DR Congo,1992,89
DR Congo,1993,90
DR Congo,1994,92
DR Congo,1995,95
DR Congo,1996,99
DR Congo,1997,101
DR Congo,1998,104
DR Congo,1999,108
DR Congo,2000,112
DR Congo,2001,116
DR Congo,2002,119
DR Congo,2003,125
DR Congo,2004,127
DR Congo,2005,130
DR Congo,2006,132
DR Congo,2007,134
DR Congo,2008,138
DR Congo,2009,139
DR Congo,2010,139
DR Congo,2011,148
DR Congo,2012,152
DR Congo,2013,152
DR Congo,2014,155
DR Congo,2015,162
DR Congo,2016,169
DR Congo,2017,175
DR Congo,2018,175
DR Congo,2019,177
DR Congo,2020,178
DR Congo,2021,182
DR Congo,2022,183
DR Congo,2023,188
DR Congo,2024,194
DR Congo,2025,204
DR Congo,2026,209
Denmark,1873,0
Denmark,1874,0
Denmark,1875,0
Denmark,1876,0
Denmark,1877,0
Denmark,1878,0
Denmark,1879,0
Denmark,1880,0
Denmark,1881,0
Denmark,1882,0
Denmark,1883,0
Denmark,1884,0
Denmark,1885,0
Denmark,1886,0
Denmark,1887,0
Denmark,1888,0
Denmark,1889,0
Denmark,1890,0
Denmark,1891,0
Denmark,1892,0
Denmark,1893,0
Denmark,1894,0
Denmark,1895,0
Denmark,1896,0
Denmark,1897,0
Denmark,1898,0
Denmark,1899,0
Denmark,1900,0
Denmark,1901,0
Denmark,1902,0
Denmark,1903,0
Denmark,1904,0
Denmark,1905,0
Denmark,1906,0
Denmark,1907,0
Denmark,1908,1
Denmark,1909,1
Denmark,1910,1
Denmark,1911,1
Denmark,1912,4
Denmark,1913,7
Denmark,1914,8
Denmark,1915,11
Denmark,1916,14
Denmark,1917,17
Denmark,1918,20
Denmark,1919,22
Denmark,1920,23
Denmark,1921,24
Denmark,1922,24
Denmark,1923,27
Denmark,1924,29
Denmark,1925,31
Denmark,1926,33
Denmark,1927,36
Denmark,1928,38
Denmark,1929,39
Denmark,1930,42
Denmark,1931,43
Denmark,1932,45
Denmark,1933,47
Denmark,1934,48
Denmark,1935,50
Denmark,1936,53
Denmark,1937,56
Denmark,1938,56
Denmark,1939,60
Denmark,1940,60
Denmark,1941,61
Denmark,1942,61
Denmark,1943,62
Denmark,1944,62
Denmark,1945,64
Denmark,1946,69
Denmark,1947,71
Denmark,1948,73
Denmark,1949,78
Denmark,1950,80
Denmark,1951,82
Denmark,1952,83
Denmark,1953,88
Denmark,1954,88
Denmark,1955,90
Denmark,1956,91
Denmark,1957,94
Denmark,1958,97
Denmark,1959,99
Denmark,1960,102
Denmark,1961,104
Denmark,1962,110
Denmark,1963,113
Denmark,1964,116
Denmark,1965,119
Denmark,1966,120
Denmark,1967,124
Denmark,1968,127
Denmark,1969,133
Denmark,1970,133
Denmark,1971,136
Denmark,1972,138
Denmark,1973,140
Denmark,1974,143
Denmark,1975,144
Denmark,1976,149
Denmark,1977,154
Denmark,1978,156
Denmark,1979,159
Denmark,1980,162
Denmark,1981,170
Denmark,1982,173
Denmark,1983,179
Denmark,1984,185
Denmark,1985,189
Denmark,1986,195
Denmark,1987,197
Denmark,1988,200
Denmark,1989,207
Denmark,1990,212
Denmark,1991,217
Denmark,1992,221
Denmark,1993,227
Denmark,1994,231
Denmark,1995,239
Denmark,1996,246
Denmark,1997,249
Denmark,1998,252
Denmark,1999,259
Denmark,2000,262
Denmark,2001,268
Denmark,2002,277
Denmark,2003,283
Denmark,2004,287
Denmark,2005,294
Denmark,2006,299
Denmark,2007,305
Denmark,2008,308
Denmark,2009,313
Denmark,2010,317
Denmark,2011,324
Denmark,2012,326
Denmark,2013,332
Denmark,2014,335
Denmark,2015,338
Denmark,2016,343
Denmark,2017,348
Denmark,2018,354
Denmark,2019,359
Denmark,2020,364
Denmark,2021,377
Denmark,2022,382
Denmark,2023,389
Denmark,2024,394
Denmark,2025,400
Denmark,2026,404
Djibouti,1873,0
Djibouti,1874,0
Djibouti,1875,0
Djibouti,1876,0
Djibouti,1877,0
Djibouti,1878,0
Djibouti,1879,0
Djibouti,1880,0
Djibouti,1881,0
Djibouti,1882,0
Djibouti,1883,0
Djibouti,1884,0
Djibouti,1885,0
Djibouti,1886,0
Djibouti,1887,0
Djibouti,1888,0
Djibouti,1889,0
Djibouti,1890,0
Djibouti,1891,0
Djibouti,1892,0
Djibouti,1893,0
Djibouti,1894,0
Djibouti,1895,0
Djibouti,1896,0
Djibouti,1897,0
Djibouti,1898,0
Djibouti,1899,0
Djibouti,1900,0
Djibouti,1901,0
Djibouti,1902,0
Djibouti,1903,0
Djibouti,1904,0
Djibouti,1905,0
Djibouti,1906,0
Djibouti,1907,0
Djibouti,1908,0
Djibouti,1909,0
Djibouti,1910,0
Djibouti,1911,0
Djibouti,1912,0
Djibouti,1913,0
Djibouti,1914,0
Djibouti,1915,0
Djibouti,1916,0
Djibouti,1917,0
Djibouti,1918,0
Djibouti,1919,0
Djibouti,1920,0
Djibouti,1921,0
Djibouti,1922,0
Djibouti,1923,0
Djibouti,1924,0
Djibouti,1925,0
Djibouti,1926,0
Djibouti,1927,0
Djibouti,1928,0
Djibouti,1929,0
Djibouti,1930,0
Djibouti,1931,0
Djibouti,1932,0
Djibouti,1933,0
Djibouti,1934,0
Djibouti,1935,0
Djibouti,1936,0
Djibouti,1937,0
Djibouti,1938,0
Djibouti,1939,0
Djibouti,1940,0
Djibouti,1941,0
Djibouti,1942,0
Djibouti,1943,0
Djibouti,1944,0
Djibouti,1945,0
Djibouti,1946,0
Djibouti,1947,0
Djibouti,1948,0
Djibouti,1949,0
Djibouti,1950,0
Djibouti,1951,0
Djibouti,1952,0
Djibouti,1953,0
Djibouti,1954,0
Djibouti,1955,0
Djibouti,1956,0
Djibouti,1957,0
Djibouti,1958,0
Djibouti,1959,0
Djibouti,1960,0
Djibouti,1961,0
Djibouti,1962,0
Djibouti,1963,0
Djibouti,1964,0
Djibouti,1965,0
Djibouti,1966,0
Djibouti,1967,0
Djibouti,1968,0
Djibouti,1969,0
Djibouti,1970,0
Djibouti,1971,0
Djibouti,1972,0
Djibouti,1973,0
Djibouti,1974,0
Djibouti,1975,0
Djibouti,1976,0
Djibouti,1977,0
Djibouti,1978,0
Djibouti,1979,0
Djibouti,1980,0
Djibouti,1981,0
Djibouti,1982,0
Djibouti,1983,0
Djibouti,1984,0
Djibouti,1985,0
Djibouti,1986,0
Djibouti,1987,0
Djibouti,1988,1
Djibouti,1989,1
Djibouti,1990,1
Djibouti,1991,1
Djibouti,1992,1
Djibouti,1993,1
Djibouti,1994,1
Djibouti,1995,1
Djibouti,1996,1
Djibouti,1997,1
Djibouti,1998,1
Djibouti,1999,1
Djibouti,2000,1
Djibouti,2001,1
Djibouti,2002,1
Djibouti,2003,1
Djibouti,2004,1
Djibouti,2005,1
Djibouti,2006,1
Djibouti,2007,2
Djibouti,2008,2
Djibouti,2009,2
Djibouti,2010,2
Djibouti,2011,2
Djibouti,2012,2
Djibouti,2013,2
Djibouti,2014,2
Djibouti,2015,2
Djibouti,2016,2
Djibouti,2017,3
Djibouti,2018,3
Djibouti,2019,4
Djibouti,2020,4
Djibouti,2021,5
Djibouti,2022,5
Djibouti,2023,7
Djibouti,2024,7
Djibouti,2025,7
Djibouti,2026,8
Dominica,1873,0
Dominica,1874,0
Dominica,1875,0
Dominica,1876,0
Dominica,1877,0
Dominica,1878,0
Dominica,1879,0
Dominica,1880,0
Dominica,1881,0
Dominica,1882,0
Dominica,1883,0
Dominica,1884,0
Dominica,1885,0
Dominica,1886,0
Dominica,1887,0
Dominica,1888,0
Dominica,1889,0
Dominica,1890,0
Dominica,1891,0
Dominica,1892,0
Dominica,1893,0
Dominica,1894,0
Dominica,1895,0
Dominica,1896,0
Dominica,1897,0
Dominica,1898,0
Dominica,1899,0
Dominica,1900,0
Dominica,1901,0
Dominica,1902,0
Dominica,1903,0
Dominica,1904,0
Dominica,1905,0
Dominica,1906,0
Dominica,1907,0
Dominica,1908,0
Dominica,1909,0
Dominica,1910,0
Dominica,1911,0
Dominica,1912,0
Dominica,1913,0
Dominica,1914,0
Dominica,1915,0
Dominica,1916,0
Dominica,1917,0
Dominica,1918,0
Dominica,1919,0
Dominica,1920,0
Dominica,1921,0
Dominica,1922,0
Dominica,1923,0
Dominica,1924,0
Dominica,1925,0
Dominica,1926,0
Dominica,1927,0
Dominica,1928,0
Dominica,1929,0
Dominica,1930,0
Dominica,1931,0
Dominica,1932,1
Dominica,1933,1
Dominica,1934,1
Dominica,1935,1
Dominica,1936,1
Dominica,1937,1
Dominica,1938,3
Dominica,1939,4
Dominica,1940,4
Dominica,1941,4
Dominica,1942,4
Dominica,1943,4
Dominica,1944,4
Dominica,1945,4
Dominica,1946,4
Dominica,1947,4
Dominica,1948,4
Dominica,1949,4
Dominica,1950,4
Dominica,1951,4
Dominica,1952,4
Dominica,1953,4
Dominica,1954,4
Dominica,1955,4
Dominica,1956,4
Dominica,1957,4
Dominica,1958,4
Dominica,1959,4
Dominica,1960,4
Dominica,1961,4
Dominica,1962,4
Dominica,1963,4
Dominica,1964,4
Dominica,1965,6
Dominica,1966,7
Dominica,1967,7
Dominica,1968,7
Dominica,1969,7
Dominica,1970,7
Dominica,1971,9
Dominica,1972,9
Dominica,1973,11
Dominica,1974,12
Dominica,1975,12
Dominica,1976,12
Dominica,1977,12
Dominica,1978,12
Dominica,1979,12
Dominica,1980,12
Dominica,1981,12
Dominica,1982,12
Dominica,1983,12
Dominica,1984,12
Dominica,1985,13
Dominica,1986,13
Dominica,1987,13
Dominica,1988,13
Dominica,1989,13
Dominica,1990,13
Dominica,1991,13
Dominica,1992,13
Dominica,1993,13
Dominica,1994,15
Dominica,1995,17
Dominica,1996,18
Dominica,1997,21
Dominica,1998,23
Dominica,1999,25
Dominica,2000,27
Dominica,2001,27
Dominica,2002,27
Dominica,2003,27
Dominica,2004,31
Dominica,2005,31
Dominica,2006,31
Dominica,2007,31
Dominica,2008,31
Dominica,2009,32
Dominica,2010,35
Dominica,2011,35
Dominica,2012,36
Dominica,2013,37
Dominica,2014,37
Dominica,2015,39
Dominica,2016,40
Dominica,2017,41
Dominica,2018,42
Dominica,2019,44
Dominica,2020,44
Dominica,2021,45
Dominica,2022,47
Dominica,2023,50
Dominica,2024,51
Dominica,2025,52
Dominica,2026,53
Dominican Republic,1873,0
Dominican Republic,1874,0
Dominican Republic,1875,0
Dominican Republic,1876,0
Dominican Republic,1877,0
Dominican Republic,1878,0
Dominican Republic,1879,0
Dominican Republic,1880,0
Dominican Republic,1881,0
Dominican Republic,1882,0
Dominican Republic,1883,0
Dominican Republic,1884,0
Dominican Republic,1885,0
Dominican Republic,1886,0
Dominican Republic,1887,0
Dominican Republic,1888,0
Dominican Republic,1889,0
Dominican Republic,1890,0
Dominican Republic,1891,0
Dominican Republic,1892,0
Dominican Republic,1893,0
Dominican Republic,1894,0
Dominican Republic,1895,0
Dominican Republic,1896,0
Dominican Republic,1897,0
Dominican Republic,1898,0
Dominican Republic,1899,0
Dominican Republic,1900,0
Dominican Republic,1901,0
Dominican Republic,1902,0
Dominican Republic,1903,0
Dominican Republic,1904,0
Dominican Republic,1905,0
Dominican Republic,1906,0
Dominican Republic,1907,0
Dominican Republic,1908,0
Dominican Republic,1909,0
Dominican Republic,1910,0
Dominican Republic,1911,0
Dominican Republic,1912,0
Dominican Republic,1913,0
Dominican Republic,1914,0
Dominican Republic,1915,0
Dominican Republic,1916,0
Dominican Republic,1917,0
Dominican Republic,1918,0
Dominican Republic,1919,0
Dominican Republic,1920,0
Dominican Republic,1921,0
Dominican Republic,1922,0
Dominican Republic,1923,0
Dominican Republic,1924,0
Dominican Republic,1925,0
Dominican Republic,1926,0
Dominican Republic,1927,0
Dominican Republic,1928,0
Dominican Republic,1929,0
Dominican Republic,1930,0
Dominican Republic,1931,0
Dominican Republic,1932,0
Dominican Republic,1933,0
Dominican Republic,1934,0
Dominican Republic,1935,0
Dominican Republic,1936,0
Dominican Republic,1937,0
Dominican Republic,1938,0
Dominican Republic,1939,0
Dominican Republic,1940,0
Dominican Republic,1941,0
Dominican Republic,1942,0
Dominican Republic,1943,0
Dominican Republic,1944,0
Dominican Republic,1945,0
Dominican Republic,1946,0
Dominican Republic,1947,0
Dominican Republic,1948,0
Dominican Republic,1949,1
Dominican Republic,1950,1
Dominican Republic,1951,1
Dominican Republic,1952,1
Dominican Republic,1953,1
Dominican Republic,1954,1
Dominican Republic,1955,1
Dominican Republic,1956,1
Dominican Republic,1957,1
Dominican Republic,1958,1
Dominican Republic,1959,1
Dominican Republic,1960,1
Dominican Republic,1961,1
Dominican Republic,1962,1
Dominican Republic,1963,1
Dominican Republic,1964,1
Dominican Republic,1965,1
Dominican Republic,1966,1
Dominican Republic,1967,1
Dominican Republic,1968,1
Dominican Republic,1969,1
Dominican Republic,1970,1
Dominican Republic,1971,1
Dominican Republic,1972,1
Dominican Republic,1973,1
Dominican Republic,1974,1
Dominican Republic,1975,1
Dominican Republic,1976,1
Dominican Republic,1977,1
Dominican Republic,1978,1
Dominican Republic,1979,1
Dominican Republic,1980,1
Dominican Republic,1981,1
Dominican Republic,1982,1
Dominican Republic,1983,1
Dominican Republic,1984,1
Dominican Republic,1985,1
Dominican Republic,1986,1
Dominican Republic,1987,1
Dominican Republic,1988,1
Dominican Republic,1989,1
Dominican Republic,1990,1
Dominican Republic,1991,2
Dominican Republic,1992,2
Dominican Republic,1993,3
Dominican Republic,1994,3
Dominican Republic,1995,4
Dominican Republic,1996,7
Dominican Republic,1997,7
Dominican Republic,1998,8
Dominican Republic,1999,9
Dominican Republic,2000,12
Dominican Republic,2001,13
Dominican Republic,2002,15
Dominican Republic,2003,15
Dominican Republic,2004,16
Dominican Republic,2005,16
Dominican Republic,2006,18
Dominican Republic,2007,18
Dominican Republic,2008,18
Dominican Republic,2009,18
Dominican Republic,2010,19
Dominican Republic,2011,25
Dominican Republic,2012,30
Dominican Republic,2013,31
Dominican Republic,2014,32
Dominican Republic,2015,33
Dominican Republic,2016,36
Dominican Republic,2017,38
Dominican Republic,2018,42
Dominican Republic,2019,44
Dominican Republic,2020,44
Dominican Republic,2021,46
Dominican Republic,2022,47
Dominican Republic,2023,51
Dominican Republic,2024,59
Dominican Republic,2025,62
Dominican Republic,2026,65
Donetsk PR,1873,0
Donetsk PR,1874,0
Donetsk PR,1875,0
Donetsk PR,1876,0
Donetsk PR,1877,0
Donetsk PR,1878,0
Donetsk PR,1879,0
Donetsk PR,1880,0
Donetsk PR,1881,0
Donetsk PR,1882,0
Donetsk PR,1883,0
Donetsk PR,1884,0
Donetsk PR,1885,0
Donetsk PR,1886,0
Donetsk PR,1887,0
Donetsk PR,1888,0
Donetsk PR,1889,0
Donetsk PR,1890,0
Donetsk PR,1891,0
Donetsk PR,1892,0
Donetsk PR,1893,0
Donetsk PR,1894,0
Donetsk PR,1895,0
Donetsk PR,1896,0
Donetsk PR,1897,0
Donetsk PR,1898,0
Donetsk PR,1899,0
Donetsk PR,1900,0
Donetsk PR,1901,0
Donetsk PR,1902,0
Donetsk PR,1903,0
Donetsk PR,1904,0
Donetsk PR,1905,0
Donetsk PR,1906,0
Donetsk PR,1907,0
Donetsk PR,1908,0
Donetsk PR,1909,0
Donetsk PR,1910,0
Donetsk PR,1911,0
Donetsk PR,1912,0
Donetsk PR,1913,0
Donetsk PR,1914,0
Donetsk PR,1915,0
Donetsk PR,1916,0
Donetsk PR,1917,0
Donetsk PR,1918,0
Donetsk PR,1919,0
Donetsk PR,1920,0
Donetsk PR,1921,0
Donetsk PR,1922,0
Donetsk PR,1923,0
Donetsk PR,1924,0
Donetsk PR,1925,0
Donetsk PR,1926,0
Donetsk PR,1927,0
Donetsk PR,1928,0
Donetsk PR,1929,0
Donetsk PR,1930,0
Donetsk PR,1931,0
Donetsk PR,1932,0
Donetsk PR,1933,0
Donetsk PR,1934,0
Donetsk PR,1935,0
Donetsk PR,1936,0
Donetsk PR,1937,0
Donetsk PR,1938,0
Donetsk PR,1939,0
Donetsk PR,1940,0
Donetsk PR,1941,0
Donetsk PR,1942,0
Donetsk PR,1943,0
Donetsk PR,1944,0
Donetsk PR,1945,0
Donetsk PR,1946,0
Donetsk PR,1947,0
Donetsk PR,1948,0
Donetsk PR,1949,0
Donetsk PR,1950,0
Donetsk PR,1951,0
Donetsk PR,1952,0
Donetsk PR,1953,0
Donetsk PR,1954,0
Donetsk PR,1955,0
Donetsk PR,1956,0
Donetsk PR,1957,0
Donetsk PR,1958,0
Donetsk PR,1959,0
Donetsk PR,1960,0
Donetsk PR,1961,0
Donetsk PR,1962,0
Donetsk PR,1963,0
Donetsk PR,1964,0
Donetsk PR,1965,0
Donetsk PR,1966,0
Donetsk PR,1967,0
Donetsk PR,1968,0
Donetsk PR,1969,0
Donetsk PR,1970,0
Donetsk PR,1971,0
Donetsk PR,1972,0
Donetsk PR,1973,0
Donetsk PR,1974,0
Donetsk PR,1975,0
Donetsk PR,1976,0
Donetsk PR,1977,0
Donetsk PR,1978,0
Donetsk PR,1979,0
Donetsk PR,1980,0
Donetsk PR,1981,0
Donetsk PR,1982,0
Donetsk PR,1983,0
Donetsk PR,1984,0
Donetsk PR,1985,0
Donetsk PR,1986,0
Donetsk PR,1987,0
Donetsk PR,1988,0
Donetsk PR,1989,0
Donetsk PR,1990,0
Donetsk PR,1991,0
Donetsk PR,1992,0
Donetsk PR,1993,0
Donetsk PR,1994,0
Donetsk PR,1995,0
Donetsk PR,1996,0
Donetsk PR,1997,0
Donetsk PR,1998,0
Donetsk PR,1999,0
Donetsk PR,2000,0
Donetsk PR,2001,0
Donetsk PR,2002,0
Donetsk PR,2003,0
Donetsk PR,2004,0
Donetsk PR,2005,0
Donetsk PR,2006,0
Donetsk PR,2007,0
Donetsk PR,2008,0
Donetsk PR,2009,0
Donetsk PR,2010,0
Donetsk PR,2011,0
Donetsk PR,2012,0
Donetsk PR,2013,0
Donetsk PR,2014,0
Donetsk PR,2015,1
Donetsk PR,2016,1
Donetsk PR,2017,2
Donetsk PR,2018,2
Donetsk PR,2019,2
Donetsk PR,2020,2
Donetsk PR,2021,2
Donetsk PR,2022,2
Donetsk PR,2023,2
Donetsk PR,2024,2
Donetsk PR,2025,2
Donetsk PR,2026,2
Délvidék,1873,0
Délvidék,1874,0
Délvidék,1875,0
Délvidék,1876,0
Délvidék,1877,0
Délvidék,1878,0
Délvidék,1879,0
Délvidék,1880,0
Délvidék,1881,0
Délvidék,1882,0
Délvidék,1883,0
Délvidék,1884,0
Délvidék,1885,0
Délvidék,1886,0
Délvidék,1887,0
Délvidék,1888,0
Délvidék,1889,0
Délvidék,1890,0
Délvidék,1891,0
Délvidék,1892,0
Délvidék,1893,0
Délvidék,1894,0
Délvidék,1895,0
Délvidék,1896,0
Délvidék,1897,0
Délvidék,1898,0
Délvidék,1899,0
Délvidék,1900,0
Délvidék,1901,0
Délvidék,1902,0
Délvidék,1903,0
Délvidék,1904,0
Délvidék,1905,0
Délvidék,1906,0
Délvidék,1907,0
Délvidék,1908,0
Délvidék,1909,0
Délvidék,1910,0
Délvidék,1911,0
Délvidék,1912,0
Délvidék,1913,0
Délvidék,1914,0
Délvidék,1915,0
Délvidék,1916,0
Délvidék,1917,0
Délvidék,1918,0
Délvidék,1919,0
Délvidék,1920,0
Délvidék,1921,0
Délvidék,1922,0
Délvidék,1923,0
Délvidék,1924,0
Délvidék,1925,0
Délvidék,1926,0
Délvidék,1927,0
Délvidék,1928,0
Délvidék,1929,0
Délvidék,1930,0
Délvidék,1931,0
Délvidék,1932,0
Délvidék,1933,0
Délvidék,1934,0
Délvidék,1935,0
Délvidék,1936,0
Délvidék,1937,0
Délvidék,1938,0
Délvidék,1939,0
Délvidék,1940,0
Délvidék,1941,0
Délvidék,1942,0
Délvidék,1943,0
Délvidék,1944,0
Délvidék,1945,0
Délvidék,1946,0
Délvidék,1947,0
Délvidék,1948,0
Délvidék,1949,0
Délvidék,1950,0
Délvidék,1951,0
Délvidék,1952,0
Délvidék,1953,0
Délvidék,1954,0
Délvidék,1955,0
Délvidék,1956,0
Délvidék,1957,0
Délvidék,1958,0
Délvidék,1959,0
Délvidék,1960,0
Délvidék,1961,0
Délvidék,1962,0
Délvidék,1963,0
Délvidék,1964,0
Délvidék,1965,0
Délvidék,1966,0
Délvidék,1967,0
Délvidék,1968,0
Délvidék,1969,0
Délvidék,1970,0
Délvidék,1971,0
Délvidék,1972,0
Délvidék,1973,0
Délvidék,1974,0
Délvidék,1975,0
Délvidék,1976,0
Délvidék,1977,0
Délvidék,1978,0
Délvidék,1979,0
Délvidék,1980,0
Délvidék,1981,0
Délvidék,1982,0
Délvidék,1983,0
Délvidék,1984,0
Délvidék,1985,0
Délvidék,1986,0
Délvidék,1987,0
Délvidék,1988,0
Délvidék,1989,0
Délvidék,1990,0
Délvidék,1991,0
Délvidék,1992,0
Délvidék,1993,0
Délvidék,1994,0
Délvidék,1995,0
Délvidék,1996,0
Délvidék,1997,0
Délvidék,1998,0
Délvidék,1999,0
Délvidék,2000,0
Délvidék,2001,0
Délvidék,2002,0
Délvidék,2003,0
Délvidék,2004,0
Délvidék,2005,0
Délvidék,2006,0
Délvidék,2007,0
Délvidék,2008,0
Délvidék,2009,0
Délvidék,2010,0
Délvidék,2011,0
Délvidék,2012,0
Délvidék,2013,0
Délvidék,2014,0
Délvidék,2015,0
Délvidék,2016,1
Délvidék,2017,1
Délvidék,2018,1
Délvidék,2019,1
Délvidék,2020,1
Délvidék,2021,1
Délvidék,2022,1
Délvidék,2023,1
Délvidék,2024,1
Délvidék,2025,1
Délvidék,2026,1
East Turkestan,1873,0
East Turkestan,1874,0
East Turkestan,1875,0
East Turkestan,1876,0
East Turkestan,1877,0
East Turkestan,1878,0
East Turkestan,1879,0
East Turkestan,1880,0
East Turkestan,1881,0
East Turkestan,1882,0
East Turkestan,1883,0
East Turkestan,1884,0
East Turkestan,1885,0
East Turkestan,1886,0
East Turkestan,1887,0
East Turkestan,1888,0
East Turkestan,1889,0
East Turkestan,1890,0
East Turkestan,1891,0
East Turkestan,1892,0
East Turkestan,1893,0
East Turkestan,1894,0
East Turkestan,1895,0
East Turkestan,1896,0
East Turkestan,1897,0
East Turkestan,1898,0
East Turkestan,1899,0
East Turkestan,1900,0
East Turkestan,1901,0
East Turkestan,1902,0
East Turkestan,1903,0
East Turkestan,1904,0
East Turkestan,1905,0
East Turkestan,1906,0
East Turkestan,1907,0
East Turkestan,1908,0
East Turkestan,1909,0
East Turkestan,1910,0
East Turkestan,1911,0
East Turkestan,1912,0
East Turkestan,1913,0
East Turkestan,1914,0
East Turkestan,1915,0
East Turkestan,1916,0
East Turkestan,1917,0
East Turkestan,1918,0
East Turkestan,1919,0
East Turkestan,1920,0
East Turkestan,1921,0
East Turkestan,1922,0
East Turkestan,1923,0
East Turkestan,1924,0
East Turkestan,1925,0
East Turkestan,1926,0
East Turkestan,1927,0
East Turkestan,1928,0
East Turkestan,1929,0
East Turkestan,1930,0
East Turkestan,1931,0
East Turkestan,1932,0
East Turkestan,1933,0
East Turkestan,1934,0
East Turkestan,1935,0
East Turkestan,1936,0
East Turkestan,1937,0
East Turkestan,1938,0
East Turkestan,1939,0
East Turkestan,1940,0
East Turkestan,1941,0
East Turkestan,1942,0
East Turkestan,1943,0
East Turkestan,1944,0
East Turkestan,1945,0
East Turkestan,1946,0
East Turkestan,1947,0
East Turkestan,1948,0
East Turkestan,1949,0
East Turkestan,1950,0
East Turkestan,1951,0
East Turkestan,1952,0
East Turkestan,1953,0
East Turkestan,1954,0
East Turkestan,1955,0
East Turkestan,1956,0
East Turkestan,1957,0
East Turkestan,1958,0
East Turkestan,1959,0
East Turkestan,1960,0
East Turkestan,1961,0
East Turkestan,1962,0
East Turkestan,1963,0
East Turkestan,1964,0
East Turkestan,1965,0
East Turkestan,1966,0
East Turkestan,1967,0
East Turkestan,1968,0
East Turkestan,1969,0
East Turkestan,1970,0
East Turkestan,1971,0
East Turkestan,1972,0
East Turkestan,1973,0
East Turkestan,1974,0
East Turkestan,1975,0
East Turkestan,1976,0
East Turkestan,1977,0
East Turkestan,1978,0
East Turkestan,1979,0
East Turkestan,1980,0
East Turkestan,1981,0
East Turkestan,1982,0
East Turkestan,1983,0
East Turkestan,1984,0
East Turkestan,1985,0
East Turkestan,1986,0
East Turkestan,1987,0
East Turkestan,1988,0
East Turkestan,1989,0
East Turkestan,1990,0
East Turkestan,1991,0
East Turkestan,1992,0
East Turkestan,1993,0
East Turkestan,1994,0
East Turkestan,1995,0
East Turkestan,1996,0
East Turkestan,1997,0
East Turkestan,1998,0
East Turkestan,1999,0
East Turkestan,2000,0
East Turkestan,2001,0
East Turkestan,2002,0
East Turkestan,2003,0
East Turkestan,2004,0
East Turkestan,2005,0
East Turkestan,2006,0
East Turkestan,2007,0
East Turkestan,2008,0
East Turkestan,2009,0
East Turkestan,2010,0
East Turkestan,2011,0
East Turkestan,2012,0
East Turkestan,2013,0
East Turkestan,2014,0
East Turkestan,2015,0
East Turkestan,2016,0
East Turkestan,2017,0
East Turkestan,2018,0
East Turkestan,2019,1
East Turkestan,2020,1
East Turkestan,2021,1
East Turkestan,2022,1
East Turkestan,2023,1
East Turkestan,2024,1
East Turkestan,2025,2
East Turkestan,2026,2
Ecuador,1873,0
Ecuador,1874,0
Ecuador,1875,0
Ecuador,1876,0
Ecuador,1877,0
Ecuador,1878,0
Ecuador,1879,0
Ecuador,1880,0
Ecuador,1881,0
Ecuador,1882,0
Ecuador,1883,0
Ecuador,1884,0
Ecuador,1885,0
Ecuador,1886,0
Ecuador,1887,0
Ecuador,1888,0
Ecuador,1889,0
Ecuador,1890,0
Ecuador,1891,0
Ecuador,1892,0
Ecuador,1893,0
Ecuador,1894,0
Ecuador,1895,0
Ecuador,1896,0
Ecuador,1897,0
Ecuador,1898,0
Ecuador,1899,0
Ecuador,1900,0
Ecuador,1901,0
Ecuador,1902,0
Ecuador,1903,0
Ecuador,1904,0
Ecuador,1905,0
Ecuador,1906,0
Ecuador,1907,0
Ecuador,1908,0
Ecuador,1909,0
Ecuador,1910,0
Ecuador,1911,0
Ecuador,1912,0
Ecuador,1913,0
Ecuador,1914,0
Ecuador,1915,0
Ecuador,1916,0
Ecuador,1917,0
Ecuador,1918,0
Ecuador,1919,0
Ecuador,1920,0
Ecuador,1921,0
Ecuador,1922,0
Ecuador,1923,0
Ecuador,1924,0
Ecuador,1925,0
Ecuador,1926,0
Ecuador,1927,0
Ecuador,1928,0
Ecuador,1929,0
Ecuador,1930,0
Ecuador,1931,0
Ecuador,1932,0
Ecuador,1933,0
Ecuador,1934,0
Ecuador,1935,0
Ecuador,1936,0
Ecuador,1937,0
Ecuador,1938,2
Ecuador,1939,2
Ecuador,1940,2
Ecuador,1941,2
Ecuador,1942,2
Ecuador,1943,2
Ecuador,1944,2
Ecuador,1945,2
Ecuador,1946,2
Ecuador,1947,2
Ecuador,1948,2
Ecuador,1949,3
Ecuador,1950,3
Ecuador,1951,3
Ecuador,1952,3
Ecuador,1953,3
Ecuador,1954,3
Ecuador,1955,3
Ecuador,1956,3
Ecuador,1957,3
Ecuador,1958,3
Ecuador,1959,4
Ecuador,1960,4
Ecuador,1961,4
Ecuador,1962,4
Ecuador,1963,5
Ecuador,1964,5
Ecuador,1965,7
Ecuador,1966,7
Ecuador,1967,7
Ecuador,1968,7
Ecuador,1969,8
Ecuador,1970,8
Ecuador,1971,8
Ecuador,1972,8
Ecuador,1973,9
Ecuador,1974,9
Ecuador,1975,11
Ecuador,1976,11
Ecuador,1977,14
Ecuador,1978,14
Ecuador,1979,17
Ecuador,1980,17
Ecuador,1981,18
Ecuador,1982,18
Ecuador,1983,18
Ecuador,1984,18
Ecuador,1985,21
Ecuador,1986,21
Ecuador,1987,22
Ecuador,1988,25
Ecuador,1989,28
Ecuador,1990,28
Ecuador,1991,31
Ecuador,1992,31
Ecuador,1993,38
Ecuador,1994,40
Ecuador,1995,44
Ecuador,1996,54
Ecuador,1997,61
Ecuador,1998,61
Ecuador,1999,64
Ecuador,2000,70
Ecuador,2001,76
Ecuador,2002,82
Ecuador,2003,86
Ecuador,2004,90
Ecuador,2005,98
Ecuador,2006,101
Ecuador,2007,106
Ecuador,2008,111
Ecuador,2009,114
Ecuador,2010,116
Ecuador,2011,122
Ecuador,2012,127
Ecuador,2013,131
Ecuador,2014,133
Ecuador,2015,140
Ecuador,2016,143
Ecuador,2017,146
Ecuador,2018,150
Ecuador,2019,153
Ecuador,2020,156
Ecuador,2021,162
Ecuador,2022,165
Ecuador,2023,171
Ecuador,2024,178
Ecuador,2025,181
Ecuador,2026,184
Egypt,1873,0
Egypt,1874,0
Egypt,1875,0
Egypt,1876,0
Egypt,1877,0
Egypt,1878,0
Egypt,1879,0
Egypt,1880,0
Egypt,1881,0
Egypt,1882,0
Egypt,1883,0
Egypt,1884,0
Egypt,1885,0
Egypt,1886,0
Egypt,1887,0
Egypt,1888,0
Egypt,1889,0
Egypt,1890,0
Egypt,1891,0
Egypt,1892,0
Egypt,1893,0
Egypt,1894,0
Egypt,1895,0
Egypt,1896,0
Egypt,1897,0
Egypt,1898,0
Egypt,1899,0
Egypt,1900,0
Egypt,1901,0
Egypt,1902,0
Egypt,1903,0
Egypt,1904,0
Egypt,1905,0
Egypt,1906,0
Egypt,1907,0
Egypt,1908,0
Egypt,1909,0
Egypt,1910,0
Egypt,1911,0
Egypt,1912,0
Egypt,1913,0
Egypt,1914,0
Egypt,1915,0
Egypt,1916,0
Egypt,1917,0
Egypt,1918,0
Egypt,1919,0
Egypt,1920,1
Egypt,1921,1
Egypt,1922,1
Egypt,1923,1
Egypt,1924,3
Egypt,1925,3
Egypt,1926,3
Egypt,1927,3
Egypt,1928,6
Egypt,1929,6
Egypt,1930,6
Egypt,1931,6
Egypt,1932,6
Egypt,1933,6
Egypt,1934,8
Egypt,1935,8
Egypt,1936,9
Egypt,1937,9
Egypt,1938,9
Egypt,1939,9
Egypt,1940,9
Egypt,1941,9
Egypt,1942,9
Egypt,1943,9
Egypt,1944,9
Egypt,1945,9
Egypt,1946,9
Egypt,1947,9
Egypt,1948,9
Egypt,1949,10
Egypt,1950,12
Egypt,1951,12
Egypt,1952,12
Egypt,1953,12
Egypt,1954,12
Egypt,1955,13
Egypt,1956,13
Egypt,1957,16
Egypt,1958,17
Egypt,1959,19
Egypt,1960,19
Egypt,1961,19
Egypt,1962,21
Egypt,1963,28
Egypt,1964,29
Egypt,1965,29
Egypt,1966,29
Egypt,1967,31
Egypt,1968,31
Egypt,1969,33
Egypt,1970,37
Egypt,1971,41
Egypt,1972,45
Egypt,1973,51
Egypt,1974,55
Egypt,1975,62
Egypt,1976,65
Egypt,1977,69
Egypt,1978,71
Egypt,1979,72
Egypt,1980,74
Egypt,1981,76
Egypt,1982,76
Egypt,1983,80
Egypt,1984,86
Egypt,1985,92
Egypt,1986,95
Egypt,1987,100
Egypt,1988,107
Egypt,1989,118
Egypt,1990,122
Egypt,1991,128
Egypt,1992,134
Egypt,1993,141
Egypt,1994,148
Egypt,1995,155
Egypt,1996,160
Egypt,1997,169
Egypt,1998,173
Egypt,1999,177
Egypt,2000,188
Egypt,2001,197
Egypt,2002,204
Egypt,2003,214
Egypt,2004,221
Egypt,2005,231
Egypt,2006,238
Egypt,2007,241
Egypt,2008,254
Egypt,2009,263
Egypt,2010,272
Egypt,2011,278
Egypt,2012,291
Egypt,2013,300
Egypt,2014,304
Egypt,2015,309
Egypt,2016,315
Egypt,2017,324
Egypt,2018,328
Egypt,2019,335
Egypt,2020,337
Egypt,2021,346
Egypt,2022,354
Egypt,2023,362
Egypt,2024,369
Egypt,2025,376
Egypt,2026,382
El Salvador,1873,0
El Salvador,1874,0
El Salvador,1875,0
El Salvador,1876,0
El Salvador,1877,0
El Salvador,1878,0
El Salvador,1879,0
El Salvador,1880,0
El Salvador,1881,0
El Salvador,1882,0
El Salvador,1883,0
El Salvador,1884,0
El Salvador,1885,0
El Salvador,1886,0
El Salvador,1887,0
El Salvador,1888,0
El Salvador,1889,0
El Salvador,1890,0
El Salvador,1891,0
El Salvador,1892,0
El Salvador,1893,0
El Salvador,1894,0
El Salvador,1895,0
El Salvador,1896,0
El Salvador,1897,0
El Salvador,1898,0
El Salvador,1899,0
El Salvador,1900,0
El Salvador,1901,0
El Salvador,1902,0
El Salvador,1903,0
El Salvador,1904,0
El Salvador,1905,0
El Salvador,1906,0
El Salvador,1907,0
El Salvador,1908,0
El Salvador,1909,0
El Salvador,1910,0
El Salvador,1911,0
El Salvador,1912,0
El Salvador,1913,0
El Salvador,1914,0
El Salvador,1915,0
El Salvador,1916,0
El Salvador,1917,0
El Salvador,1918,0
El Salvador,1919,0
El Salvador,1920,0
El Salvador,1921,0
El Salvador,1922,0
El Salvador,1923,0
El Salvador,1924,0
El Salvador,1925,0
El Salvador,1926,0
El Salvador,1927,0
El Salvador,1928,1
El Salvador,1929,2
El Salvador,1930,3
El Salvador,1931,3
El Salvador,1932,3
El Salvador,1933,3
El Salvador,1934,3
El Salvador,1935,5
El Salvador,1936,5
El Salvador,1937,6
El Salvador,1938,8
El Salvador,1939,8
El Salvador,1940,8
El Salvador,1941,10
El Salvador,1942,10
El Salvador,1943,14
El Salvador,1944,14
El Salvador,1945,14
El Salvador,1946,17
El Salvador,1947,17
El Salvador,1948,19
El Salvador,1949,20
El Salvador,1950,22
El Salvador,1951,22
El Salvador,1952,22
El Salvador,1953,24
El Salvador,1954,24
El Salvador,1955,27
El Salvador,1956,27
El Salvador,1957,27
El Salvador,1958,27
El Salvador,1959,28
El Salvador,1960,28
El Salvador,1961,28
El Salvador,1962,28
El Salvador,1963,32
El Salvador,1964,32
El Salvador,1965,36
El Salvador,1966,36
El Salvador,1967,38
El Salvador,1968,44
El Salvador,1969,49
El Salvador,1970,49
El Salvador,1971,51
El Salvador,1972,51
El Salvador,1973,51
El Salvador,1974,51
El Salvador,1975,51
El Salvador,1976,53
El Salvador,1977,55
El Salvador,1978,55
El Salvador,1979,55
El Salvador,1980,61
El Salvador,1981,64
El Salvador,1982,65
El Salvador,1983,65
El Salvador,1984,70
El Salvador,1985,73
El Salvador,1986,73
El Salvador,1987,75
El Salvador,1988,78
El Salvador,1989,78
El Salvador,1990,78
El Salvador,1991,79
El Salvador,1992,87
El Salvador,1993,89
El Salvador,1994,90
El Salvador,1995,93
El Salvador,1996,98
El Salvador,1997,101
El Salvador,1998,102
El Salvador,1999,104
El Salvador,2000,112
El Salvador,2001,114
El Salvador,2002,115
El Salvador,2003,120
El Salvador,2004,122
El Salvador,2005,122
El Salvador,2006,122
El Salvador,2007,126
El Salvador,2008,134
El Salvador,2009,140
El Salvador,2010,140
El Salvador,2011,152
El Salvador,2012,155
El Salvador,2013,157
El Salvador,2014,159
El Salvador,2015,162
El Salvador,2016,162
El Salvador,2017,166
El Salvador,2018,170
El Salvador,2019,180
El Salvador,2020,180
El Salvador,2021,188
El Salvador,2022,190
El Salvador,2023,190
El Salvador,2024,197
El Salvador,2025,199
El Salvador,2026,201
Elba Island,1873,0
Elba Island,1874,0
Elba Island,1875,0
Elba Island,1876,0
Elba Island,1877,0
Elba Island,1878,0
Elba Island,1879,0
Elba Island,1880,0
Elba Island,1881,0
Elba Island,1882,0
Elba Island,1883,0
Elba Island,1884,0
Elba Island,1885,0
Elba Island,1886,0
Elba Island,1887,0
Elba Island,1888,0
Elba Island,1889,0
Elba Island,1890,0
Elba Island,1891,0
Elba Island,1892,0
Elba Island,1893,0
Elba Island,1894,0
Elba Island,1895,0
Elba Island,1896,0
Elba Island,1897,0
Elba Island,1898,0
Elba Island,1899,0
Elba Island,1900,0
Elba Island,1901,0
Elba Island,1902,0
Elba Island,1903,0
Elba Island,1904,0
Elba Island,1905,0
Elba Island,1906,0
Elba Island,1907,0
Elba Island,1908,0
Elba Island,1909,0
Elba Island,1910,0
Elba Island,1911,0
Elba Island,1912,0
Elba Island,1913,0
Elba Island,1914,0
Elba Island,1915,0
Elba Island,1916,0
Elba Island,1917,0
Elba Island,1918,0
Elba Island,1919,0
Elba Island,1920,0
Elba Island,1921,0
Elba Island,1922,0
Elba Island,1923,0
Elba Island,1924,0
Elba Island,1925,0
Elba Island,1926,0
Elba Island,1927,0
Elba Island,1928,0
Elba Island,1929,0
Elba Island,1930,0
Elba Island,1931,0
Elba Island,1932,0
Elba Island,1933,0
Elba Island,1934,0
Elba Island,1935,0
Elba Island,1936,0
Elba Island,1937,0
Elba Island,1938,0
Elba Island,1939,0
Elba Island,1940,0
Elba Island,1941,0
Elba Island,1942,0
Elba Island,1943,0
Elba Island,1944,0
Elba Island,1945,0
Elba Island,1946,0
Elba Island,1947,0
Elba Island,1948,0
Elba Island,1949,0
Elba Island,1950,0
Elba Island,1951,0
Elba Island,1952,0
Elba Island,1953,0
Elba Island,1954,0
Elba Island,1955,0
Elba Island,1956,0
Elba Island,1957,0
Elba Island,1958,0
Elba Island,1959,0
Elba Island,1960,0
Elba Island,1961,0
Elba Island,1962,0
Elba Island,1963,0
Elba Island,1964,0
Elba Island,1965,0
Elba Island,1966,0
Elba Island,1967,0
Elba Island,1968,0
Elba Island,1969,0
Elba Island,1970,0
Elba Island,1971,0
Elba Island,1972,0
Elba Island,1973,0
Elba Island,1974,0
Elba Island,1975,0
Elba Island,1976,0
Elba Island,1977,0
Elba Island,1978,0
Elba Island,1979,0
Elba Island,1980,0
Elba Island,1981,0
Elba Island,1982,0
Elba Island,1983,0
Elba Island,1984,0
Elba Island,1985,0
Elba Island,1986,0
Elba Island,1987,0
Elba Island,1988,0
Elba Island,1989,0
Elba Island,1990,0
Elba Island,1991,0
Elba Island,1992,0
Elba Island,1993,0
Elba Island,1994,0
Elba Island,1995,0
Elba Island,1996,0
Elba Island,1997,0
Elba Island,1998,0
Elba Island,1999,0
Elba Island,2000,0
Elba Island,2001,0
Elba Island,2002,0
Elba Island,2003,0
Elba Island,2004,0
Elba Island,2005,0
Elba Island,2006,0
Elba Island,2007,0
Elba Island,2008,0
Elba Island,2009,0
Elba Island,2010,0
Elba Island,2011,0
Elba Island,2012,0
Elba Island,2013,0
Elba Island,2014,0
Elba Island,2015,0
Elba Island,2016,0
Elba Island,2017,0
Elba Island,2018,0
Elba Island,2019,0
Elba Island,2020,0
Elba Island,2021,0
Elba Island,2022,2
Elba Island,2023,2
Elba Island,2024,2
Elba Island,2025,2
Elba Island,2026,2
Ellan Vannin,1873,0
Ellan Vannin,1874,0
Ellan Vannin,1875,0
Ellan Vannin,1876,0
Ellan Vannin,1877,0
Ellan Vannin,1878,0
Ellan Vannin,1879,0
Ellan Vannin,1880,0
Ellan Vannin,1881,0
Ellan Vannin,1882,0
Ellan Vannin,1883,0
Ellan Vannin,1884,0
Ellan Vannin,1885,0
Ellan Vannin,1886,0
Ellan Vannin,1887,0
Ellan Vannin,1888,0
Ellan Vannin,1889,0
Ellan Vannin,1890,0
Ellan Vannin,1891,0
Ellan Vannin,1892,0
Ellan Vannin,1893,0
Ellan Vannin,1894,0
Ellan Vannin,1895,0
Ellan Vannin,1896,0
Ellan Vannin,1897,0
Ellan Vannin,1898,0
Ellan Vannin,1899,0
Ellan Vannin,1900,0
Ellan Vannin,1901,0
Ellan Vannin,1902,0
Ellan Vannin,1903,0
Ellan Vannin,1904,0
Ellan Vannin,1905,0
Ellan Vannin,1906,0
Ellan Vannin,1907,0
Ellan Vannin,1908,0
Ellan Vannin,1909,0
Ellan Vannin,1910,0
Ellan Vannin,1911,0
Ellan Vannin,1912,0
Ellan Vannin,1913,0
Ellan Vannin,1914,0
Ellan Vannin,1915,0
Ellan Vannin,1916,0
Ellan Vannin,1917,0
Ellan Vannin,1918,0
Ellan Vannin,1919,0
Ellan Vannin,1920,0
Ellan Vannin,1921,0
Ellan Vannin,1922,0
Ellan Vannin,1923,0
Ellan Vannin,1924,0
Ellan Vannin,1925,0
Ellan Vannin,1926,0
Ellan Vannin,1927,0
Ellan Vannin,1928,0
Ellan Vannin,1929,0
Ellan Vannin,1930,0
Ellan Vannin,1931,0
Ellan Vannin,1932,0
Ellan Vannin,1933,0
Ellan Vannin,1934,0
Ellan Vannin,1935,0
Ellan Vannin,1936,0
Ellan Vannin,1937,0
Ellan Vannin,1938,0
Ellan Vannin,1939,0
Ellan Vannin,1940,0
Ellan Vannin,1941,0
Ellan Vannin,1942,0
Ellan Vannin,1943,0
Ellan Vannin,1944,0
Ellan Vannin,1945,0
Ellan Vannin,1946,0
Ellan Vannin,1947,0
Ellan Vannin,1948,0
Ellan Vannin,1949,0
Ellan Vannin,1950,0
Ellan Vannin,1951,0
Ellan Vannin,1952,0
Ellan Vannin,1953,0
Ellan Vannin,1954,0
Ellan Vannin,1955,0
Ellan Vannin,1956,0
Ellan Vannin,1957,0
Ellan Vannin,1958,0
Ellan Vannin,1959,0
Ellan Vannin,1960,0
Ellan Vannin,1961,0
Ellan Vannin,1962,0
Ellan Vannin,1963,0
Ellan Vannin,1964,0
Ellan Vannin,1965,0
Ellan Vannin,1966,0
Ellan Vannin,1967,0
Ellan Vannin,1968,0
Ellan Vannin,1969,0
Ellan Vannin,1970,0
Ellan Vannin,1971,0
Ellan Vannin,1972,0
Ellan Vannin,1973,0
Ellan Vannin,1974,0
Ellan Vannin,1975,0
Ellan Vannin,1976,0
Ellan Vannin,1977,0
Ellan Vannin,1978,0
Ellan Vannin,1979,0
Ellan Vannin,1980,0
Ellan Vannin,1981,0
Ellan Vannin,1982,0
Ellan Vannin,1983,0
Ellan Vannin,1984,0
Ellan Vannin,1985,0
Ellan Vannin,1986,0
Ellan Vannin,1987,0
Ellan Vannin,1988,0
Ellan Vannin,1989,0
Ellan Vannin,1990,0
Ellan Vannin,1991,0
Ellan Vannin,1992,0
Ellan Vannin,1993,0
Ellan Vannin,1994,0
Ellan Vannin,1995,0
Ellan Vannin,1996,0
Ellan Vannin,1997,0
Ellan Vannin,1998,0
Ellan Vannin,1999,0
Ellan Vannin,2000,0
Ellan Vannin,2001,0
Ellan Vannin,2002,0
Ellan Vannin,2003,0
Ellan Vannin,2004,0
Ellan Vannin,2005,0
Ellan Vannin,2006,0
Ellan Vannin,2007,0
Ellan Vannin,2008,0
Ellan Vannin,2009,0
Ellan Vannin,2010,0
Ellan Vannin,2011,0
Ellan Vannin,2012,0
Ellan Vannin,2013,0
Ellan Vannin,2014,4
Ellan Vannin,2015,7
Ellan Vannin,2016,7
Ellan Vannin,2017,8
Ellan Vannin,2018,11
Ellan Vannin,2019,11
Ellan Vannin,2020,11
Ellan Vannin,2021,11
Ellan Vannin,2022,11
Ellan Vannin,2023,11
Ellan Vannin,2024,11
Ellan Vannin,2025,11
Ellan Vannin,2026,11
England,1873,1
England,1874,1
England,1875,1
England,1876,1
England,1877,1
England,1878,1
England,1879,3
England,1880,4
England,1881,4
England,1882,5
England,1883,7
England,1884,9
England,1885,10
England,1886,12
England,1887,14
England,1888,17
England,1889,19
England,1890,21
England,1891,24
England,1892,27
England,1893,30
England,1894,31
England,1895,33
England,1896,35
England,1897,37
England,1898,40
England,1899,43
England,1900,44
England,1901,46
England,1902,47
England,1903,49
England,1904,51
England,1905,53
England,1906,55
England,1907,56
England,1908,62
England,1909,68
England,1910,69
England,1911,71
England,1912,73
England,1913,75
England,1914,76
England,1915,76
England,1916,76
England,1917,76
England,1918,76
England,1919,76
England,1920,78
England,1921,79
England,1922,81
England,1923,85
England,1924,88
England,1925,90
England,1926,91
England,1927,95
England,1928,99
England,1929,103
England,1930,106
England,1931,110
England,1932,113
England,1933,116
England,1934,119
England,1935,123
England,1936,125
England,1937,131
England,1938,135
England,1939,137
England,1940,137
England,1941,137
England,1942,137
England,1943,137
England,1944,137
England,1945,138
England,1946,144
England,1947,149
England,1948,154
England,1949,159
England,1950,165
England,1951,168
England,1952,173
England,1953,177
England,1954,182
England,1955,186
England,1956,192
England,1957,197
England,1958,200
England,1959,203
England,1960,207
England,1961,212
England,1962,218
England,1963,223
England,1964,229
England,1965,234
England,1966,248
England,1967,252
England,1968,256
England,1969,264
England,1970,271
England,1971,278
England,1972,281
England,1973,287
England,1974,291
England,1975,296
England,1976,302
England,1977,306
England,1978,312
England,1979,319
England,1980,327
England,1981,329
England,1982,339
England,1983,345
England,1984,350
England,1985,355
England,1986,365
England,1987,369
England,1988,372
England,1989,378
England,1990,386
England,1991,394
England,1992,398
England,1993,402
England,1994,406
England,1995,408
England,1996,416
England,1997,424
England,1998,430
England,1999,434
England,2000,437
England,2001,444
England,2002,448
England,2003,456
England,2004,463
England,2005,471
England,2006,480
England,2007,486
England,2008,494
England,2009,501
England,2010,508
England,2011,514
England,2012,521
England,2013,527
England,2014,535
England,2015,542
England,2016,550
England,2017,555
England,2018,565
England,2019,572
England,2020,577
England,2021,592
England,2022,597
England,2023,605
England,2024,614
England,2025,623
England,2026,634
Equatorial Guinea,1873,0
Equatorial Guinea,1874,0
Equatorial Guinea,1875,0
Equatorial Guinea,1876,0
Equatorial Guinea,1877,0
Equatorial Guinea,1878,0
Equatorial Guinea,1879,0
Equatorial Guinea,1880,0
Equatorial Guinea,1881,0
Equatorial Guinea,1882,0
Equatorial Guinea,1883,0
Equatorial Guinea,1884,0
Equatorial Guinea,1885,0
Equatorial Guinea,1886,0
Equatorial Guinea,1887,0
Equatorial Guinea,1888,0
Equatorial Guinea,1889,0
Equatorial Guinea,1890,0
Equatorial Guinea,1891,0
Equatorial Guinea,1892,0
Equatorial Guinea,1893,0
Equatorial Guinea,1894,0
Equatorial Guinea,1895,0
Equatorial Guinea,1896,0
Equatorial Guinea,1897,0
Equatorial Guinea,1898,0
Equatorial Guinea,1899,0
Equatorial Guinea,1900,0
Equatorial Guinea,1901,0
Equatorial Guinea,1902,0
Equatorial Guinea,1903,0
Equatorial Guinea,1904,0
Equatorial Guinea,1905,0
Equatorial Guinea,1906,0
Equatorial Guinea,1907,0
Equatorial Guinea,1908,0
Equatorial Guinea,1909,0
Equatorial Guinea,1910,0
Equatorial Guinea,1911,0
Equatorial Guinea,1912,0
Equatorial Guinea,1913,0
Equatorial Guinea,1914,0
Equatorial Guinea,1915,0
Equatorial Guinea,1916,0
Equatorial Guinea,1917,0
Equatorial Guinea,1918,0
Equatorial Guinea,1919,0
Equatorial Guinea,1920,0
Equatorial Guinea,1921,0
Equatorial Guinea,1922,0
Equatorial Guinea,1923,0
Equatorial Guinea,1924,0
Equatorial Guinea,1925,0
Equatorial Guinea,1926,0
Equatorial Guinea,1927,0
Equatorial Guinea,1928,0
Equatorial Guinea,1929,0
Equatorial Guinea,1930,0
Equatorial Guinea,1931,0
Equatorial Guinea,1932,0
Equatorial Guinea,1933,0
Equatorial Guinea,1934,0
Equatorial Guinea,1935,0
Equatorial Guinea,1936,0
Equatorial Guinea,1937,0
Equatorial Guinea,1938,0
Equatorial Guinea,1939,0
Equatorial Guinea,1940,0
Equatorial Guinea,1941,0
Equatorial Guinea,1942,0
Equatorial Guinea,1943,0
Equatorial Guinea,1944,0
Equatorial Guinea,1945,0
Equatorial Guinea,1946,0
Equatorial Guinea,1947,0
Equatorial Guinea,1948,0
Equatorial Guinea,1949,0
Equatorial Guinea,1950,0
Equatorial Guinea,1951,0
Equatorial Guinea,1952,0
Equatorial Guinea,1953,0
Equatorial Guinea,1954,0
Equatorial Guinea,1955,0
Equatorial Guinea,1956,0
Equatorial Guinea,1957,0
Equatorial Guinea,1958,0
Equatorial Guinea,1959,0
Equatorial Guinea,1960,0
Equatorial Guinea,1961,0
Equatorial Guinea,1962,0
Equatorial Guinea,1963,0
Equatorial Guinea,1964,0
Equatorial Guinea,1965,0
Equatorial Guinea,1966,0
Equatorial Guinea,1967,0
Equatorial Guinea,1968,0
Equatorial Guinea,1969,0
Equatorial Guinea,1970,0
Equatorial Guinea,1971,0
Equatorial Guinea,1972,0
Equatorial Guinea,1973,0
Equatorial Guinea,1974,0
Equatorial Guinea,1975,0
Equatorial Guinea,1976,0
Equatorial Guinea,1977,0
Equatorial Guinea,1978,0
Equatorial Guinea,1979,0
Equatorial Guinea,1980,0
Equatorial Guinea,1981,0
Equatorial Guinea,1982,0
Equatorial Guinea,1983,0
Equatorial Guinea,1984,0
Equatorial Guinea,1985,0
Equatorial Guinea,1986,0
Equatorial Guinea,1987,0
Equatorial Guinea,1988,1
Equatorial Guinea,1989,1
Equatorial Guinea,1990,1
Equatorial Guinea,1991,1
Equatorial Guinea,1992,1
Equatorial Guinea,1993,1
Equatorial Guinea,1994,1
Equatorial Guinea,1995,1
Equatorial Guinea,1996,1
Equatorial Guinea,1997,1
Equatorial Guinea,1998,1
Equatorial Guinea,1999,2
Equatorial Guinea,2000,2
Equatorial Guinea,2001,2
Equatorial Guinea,2002,2
Equatorial Guinea,2003,5
Equatorial Guinea,2004,5
Equatorial Guinea,2005,5
Equatorial Guinea,2006,7
Equatorial Guinea,2007,9
Equatorial Guinea,2008,10
Equatorial Guinea,2009,10
Equatorial Guinea,2010,10
Equatorial Guinea,2011,14
Equatorial Guinea,2012,18
Equatorial Guinea,2013,18
Equatorial Guinea,2014,19
Equatorial Guinea,2015,23
Equatorial Guinea,2016,24
Equatorial Guinea,2017,25
Equatorial Guinea,2018,26
Equatorial Guinea,2019,28
Equatorial Guinea,2020,30
Equatorial Guinea,2021,34
Equatorial Guinea,2022,37
Equatorial Guinea,2023,40
Equatorial Guinea,2024,46
Equatorial Guinea,2025,48
Equatorial Guinea,2026,50
Eritrea,1873,0
Eritrea,1874,0
Eritrea,1875,0
Eritrea,1876,0
Eritrea,1877,0
Eritrea,1878,0
Eritrea,1879,0
Eritrea,1880,0
Eritrea,1881,0
Eritrea,1882,0
Eritrea,1883,0
Eritrea,1884,0
Eritrea,1885,0
Eritrea,1886,0
Eritrea,1887,0
Eritrea,1888,0
Eritrea,1889,0
Eritrea,1890,0
Eritrea,1891,0
Eritrea,1892,0
Eritrea,1893,0
Eritrea,1894,0
Eritrea,1895,0
Eritrea,1896,0
Eritrea,1897,0
Eritrea,1898,0
Eritrea,1899,0
Eritrea,1900,0
Eritrea,1901,0
Eritrea,1902,0
Eritrea,1903,0
Eritrea,1904,0
Eritrea,1905,0
Eritrea,1906,0
Eritrea,1907,0
Eritrea,1908,0
Eritrea,1909,0
Eritrea,1910,0
Eritrea,1911,0
Eritrea,1912,0
Eritrea,1913,0
Eritrea,1914,0
Eritrea,1915,0
Eritrea,1916,0
Eritrea,1917,0
Eritrea,1918,0
Eritrea,1919,0
Eritrea,1920,0
Eritrea,1921,0
Eritrea,1922,0
Eritrea,1923,0
Eritrea,1924,0
Eritrea,1925,0
Eritrea,1926,0
Eritrea,1927,0
Eritrea,1928,0
Eritrea,1929,0
Eritrea,1930,0
Eritrea,1931,0
Eritrea,1932,0
Eritrea,1933,0
Eritrea,1934,0
Eritrea,1935,0
Eritrea,1936,0
Eritrea,1937,0
Eritrea,1938,0
Eritrea,1939,0
Eritrea,1940,0
Eritrea,1941,0
Eritrea,1942,0
Eritrea,1943,0
Eritrea,1944,0
Eritrea,1945,0
Eritrea,1946,0
Eritrea,1947,0
Eritrea,1948,0
Eritrea,1949,0
Eritrea,1950,0
Eritrea,1951,0
Eritrea,1952,0
Eritrea,1953,0
Eritrea,1954,0
Eritrea,1955,0
Eritrea,1956,0
Eritrea,1957,0
Eritrea,1958,0
Eritrea,1959,0
Eritrea,1960,0
Eritrea,1961,0
Eritrea,1962,0
Eritrea,1963,0
Eritrea,1964,0
Eritrea,1965,0
Eritrea,1966,0
Eritrea,1967,0
Eritrea,1968,0
Eritrea,1969,0
Eritrea,1970,0
Eritrea,1971,0
Eritrea,1972,0
Eritrea,1973,0
Eritrea,1974,0
Eritrea,1975,0
Eritrea,1976,0
Eritrea,1977,0
Eritrea,1978,0
Eritrea,1979,0
Eritrea,1980,0
Eritrea,1981,0
Eritrea,1982,0
Eritrea,1983,0
Eritrea,1984,0
Eritrea,1985,0
Eritrea,1986,0
Eritrea,1987,0
Eritrea,1988,0
Eritrea,1989,0
Eritrea,1990,0
Eritrea,1991,0
Eritrea,1992,1
Eritrea,1993,1
Eritrea,1994,1
Eritrea,1995,1
Eritrea,1996,1
Eritrea,1997,1
Eritrea,1998,1
Eritrea,1999,2
Eritrea,2000,3
Eritrea,2001,3
Eritrea,2002,4
Eritrea,2003,5
Eritrea,2004,5
Eritrea,2005,5
Eritrea,2006,6
Eritrea,2007,10
Eritrea,2008,10
Eritrea,2009,11
Eritrea,2010,11
Eritrea,2011,11
Eritrea,2012,11
Eritrea,2013,11
Eritrea,2014,11
Eritrea,2015,11
Eritrea,2016,11
Eritrea,2017,11
Eritrea,2018,11
Eritrea,2019,11
Eritrea,2020,11
Eritrea,2021,11
Eritrea,2022,11
Eritrea,2023,11
Eritrea,2024,11
Eritrea,2025,11
Eritrea,2026,13
Estonia,1873,0
Estonia,1874,0
Estonia,1875,0
Estonia,1876,0
Estonia,1877,0
Estonia,1878,0
Estonia,1879,0
Estonia,1880,0
Estonia,1881,0
Estonia,1882,0
Estonia,1883,0
Estonia,1884,0
Estonia,1885,0
Estonia,1886,0
Estonia,1887,0
Estonia,1888,0
Estonia,1889,0
Estonia,1890,0
Estonia,1891,0
Estonia,1892,0
Estonia,1893,0
Estonia,1894,0
Estonia,1895,0
Estonia,1896,0
Estonia,1897,0
Estonia,1898,0
Estonia,1899,0
Estonia,1900,0
Estonia,1901,0
Estonia,1902,0
Estonia,1903,0
Estonia,1904,0
Estonia,1905,0
Estonia,1906,0
Estonia,1907,0
Estonia,1908,0
Estonia,1909,0
Estonia,1910,0
Estonia,1911,0
Estonia,1912,0
Estonia,1913,0
Estonia,1914,0
Estonia,1915,0
Estonia,1916,0
Estonia,1917,0
Estonia,1918,0
Estonia,1919,0
Estonia,1920,0
Estonia,1921,0
Estonia,1922,0
Estonia,1923,2
Estonia,1924,2
Estonia,1925,4
Estonia,1926,6
Estonia,1927,9
Estonia,1928,10
Estonia,1929,12
Estonia,1930,13
Estonia,1931,17
Estonia,1932,18
Estonia,1933,21
Estonia,1934,21
Estonia,1935,21
Estonia,1936,22
Estonia,1937,26
Estonia,1938,28
Estonia,1939,28
Estonia,1940,29
Estonia,1941,29
Estonia,1942,29
Estonia,1943,29
Estonia,1944,29
Estonia,1945,30
Estonia,1946,30
Estonia,1947,30
Estonia,1948,30
Estonia,1949,30
Estonia,1950,30
Estonia,1951,30
Estonia,1952,30
Estonia,1953,30
Estonia,1954,30
Estonia,1955,30
Estonia,1956,30
Estonia,1957,30
Estonia,1958,30
Estonia,1959,30
Estonia,1960,30
Estonia,1961,30
Estonia,1962,30
Estonia,1963,30
Estonia,1964,30
Estonia,1965,30
Estonia,1966,30
Estonia,1967,30
Estonia,1968,30
Estonia,1969,30
Estonia,1970,30
Estonia,1971,30
Estonia,1972,30
Estonia,1973,30
Estonia,1974,30
Estonia,1975,30
Estonia,1976,30
Estonia,1977,30
Estonia,1978,30
Estonia,1979,30
Estonia,1980,30
Estonia,1981,30
Estonia,1982,30
Estonia,1983,30
Estonia,1984,30
Estonia,1985,30
Estonia,1986,30
Estonia,1987,30
Estonia,1988,30
Estonia,1989,30
Estonia,1990,30
Estonia,1991,30
Estonia,1992,30
Estonia,1993,32
Estonia,1994,32
Estonia,1995,32
Estonia,1996,35
Estonia,1997,39
Estonia,1998,41
Estonia,1999,45
Estonia,2000,51
Estonia,2001,51
Estonia,2002,57
Estonia,2003,61
Estonia,2004,65
Estonia,2005,69
Estonia,2006,70
Estonia,2007,72
Estonia,2008,76
Estonia,2009,80
Estonia,2010,83
Estonia,2011,87
Estonia,2012,92
Estonia,2013,96
Estonia,2014,101
Estonia,2015,106
Estonia,2016,109
Estonia,2017,116
Estonia,2018,118
Estonia,2019,120
Estonia,2020,120
Estonia,2021,124
Estonia,2022,129
Estonia,2023,130
Estonia,2024,132
Estonia,2025,134
Estonia,2026,137
Eswatini,1873,0
Eswatini,1874,0
Eswatini,1875,0
Eswatini,1876,0
Eswatini,1877,0
Eswatini,1878,0
Eswatini,1879,0
Eswatini,1880,0
Eswatini,1881,0
Eswatini,1882,0
Eswatini,1883,0
Eswatini,1884,0
Eswatini,1885,0
Eswatini,1886,0
Eswatini,1887,0
Eswatini,1888,0
Eswatini,1889,0
Eswatini,1890,0
Eswatini,1891,0
Eswatini,1892,0
Eswatini,1893,0
Eswatini,1894,0
Eswatini,1895,0
Eswatini,1896,0
Eswatini,1897,0
Eswatini,1898,0
Eswatini,1899,0
Eswatini,1900,0
Eswatini,1901,0
Eswatini,1902,0
Eswatini,1903,0
Eswatini,1904,0
Eswatini,1905,0
Eswatini,1906,0
Eswatini,1907,0
Eswatini,1908,0
Eswatini,1909,0
Eswatini,1910,0
Eswatini,1911,0
Eswatini,1912,0
Eswatini,1913,0
Eswatini,1914,0
Eswatini,1915,0
Eswatini,1916,0
Eswatini,1917,0
Eswatini,1918,0
Eswatini,1919,0
Eswatini,1920,0
Eswatini,1921,0
Eswatini,1922,0
Eswatini,1923,0
Eswatini,1924,0
Eswatini,1925,0
Eswatini,1926,0
Eswatini,1927,0
Eswatini,1928,0
Eswatini,1929,0
Eswatini,1930,0
Eswatini,1931,0
Eswatini,1932,0
Eswatini,1933,0
Eswatini,1934,0
Eswatini,1935,0
Eswatini,1936,0
Eswatini,1937,0
Eswatini,1938,0
Eswatini,1939,0
Eswatini,1940,0
Eswatini,1941,0
Eswatini,1942,0
Eswatini,1943,0
Eswatini,1944,0
Eswatini,1945,0
Eswatini,1946,0
Eswatini,1947,0
Eswatini,1948,0
Eswatini,1949,0
Eswatini,1950,0
Eswatini,1951,0
Eswatini,1952,0
Eswatini,1953,0
Eswatini,1954,0
Eswatini,1955,0
Eswatini,1956,0
Eswatini,1957,0
Eswatini,1958,0
Eswatini,1959,0
Eswatini,1960,0
Eswatini,1961,0
Eswatini,1962,0
Eswatini,1963,0
Eswatini,1964,0
Eswatini,1965,0
Eswatini,1966,0
Eswatini,1967,0
Eswatini,1968,2
Eswatini,1969,2
Eswatini,1970,2
Eswatini,1971,2
Eswatini,1972,2
Eswatini,1973,2
Eswatini,1974,2
Eswatini,1975,2
Eswatini,1976,2
Eswatini,1977,2
Eswatini,1978,2
Eswatini,1979,2
Eswatini,1980,2
Eswatini,1981,2
Eswatini,1982,2
Eswatini,1983,2
Eswatini,1984,3
Eswatini,1985,3
Eswatini,1986,3
Eswatini,1987,3
Eswatini,1988,3
Eswatini,1989,3
Eswatini,1990,4
Eswatini,1991,5
Eswatini,1992,6
Eswatini,1993,7
Eswatini,1994,7
Eswatini,1995,7
Eswatini,1996,7
Eswatini,1997,8
Eswatini,1998,8
Eswatini,1999,12
Eswatini,2000,13
Eswatini,2001,16
Eswatini,2002,20
Eswatini,2003,23
Eswatini,2004,24
Eswatini,2005,25
Eswatini,2006,27
Eswatini,2007,29
Eswatini,2008,31
Eswatini,2009,33
Eswatini,2010,33
Eswatini,2011,34
Eswatini,2012,35
Eswatini,2013,35
Eswatini,2014,36
Eswatini,2015,41
Eswatini,2016,45
Eswatini,2017,45
Eswatini,2018,46
Eswatini,2019,46
Eswatini,2020,46
Eswatini,2021,48
Eswatini,2022,53
Eswatini,2023,54
Eswatini,2024,55
Eswatini,2025,55
Eswatini,2026,55
Ethiopia,1873,0
Ethiopia,1874,0
Ethiopia,1875,0
Ethiopia,1876,0
Ethiopia,1877,0
Ethiopia,1878,0
Ethiopia,1879,0
Ethiopia,1880,0
Ethiopia,1881,0
Ethiopia,1882,0
Ethiopia,1883,0
Ethiopia,1884,0
Ethiopia,1885,0
Ethiopia,1886,0
Ethiopia,1887,0
Ethiopia,1888,0
Ethiopia,1889,0
Ethiopia,1890,0
Ethiopia,1891,0
Ethiopia,1892,0
Ethiopia,1893,0
Ethiopia,1894,0
Ethiopia,1895,0
Ethiopia,1896,0
Ethiopia,1897,0
Ethiopia,1898,0
Ethiopia,1899,0
Ethiopia,1900,0
Ethiopia,1901,0
Ethiopia,1902,0
Ethiopia,1903,0
Ethiopia,1904,0
Ethiopia,1905,0
Ethiopia,1906,0
Ethiopia,1907,0
Ethiopia,1908,0
Ethiopia,1909,0
Ethiopia,1910,0
Ethiopia,1911,0
Ethiopia,1912,0
Ethiopia,1913,0
Ethiopia,1914,0
Ethiopia,1915,0
Ethiopia,1916,0
Ethiopia,1917,0
Ethiopia,1918,0
Ethiopia,1919,0
Ethiopia,1920,0
Ethiopia,1921,0
Ethiopia,1922,0
Ethiopia,1923,0
Ethiopia,1924,0
Ethiopia,1925,0
Ethiopia,1926,0
Ethiopia,1927,0
Ethiopia,1928,0
Ethiopia,1929,0
Ethiopia,1930,0
Ethiopia,1931,0
Ethiopia,1932,0
Ethiopia,1933,0
Ethiopia,1934,0
Ethiopia,1935,0
Ethiopia,1936,0
Ethiopia,1937,0
Ethiopia,1938,0
Ethiopia,1939,0
Ethiopia,1940,0
Ethiopia,1941,0
Ethiopia,1942,0
Ethiopia,1943,0
Ethiopia,1944,0
Ethiopia,1945,0
Ethiopia,1946,0
Ethiopia,1947,1
Ethiopia,1948,2
Ethiopia,1949,3
Ethiopia,1950,3
Ethiopia,1951,3
Ethiopia,1952,3
Ethiopia,1953,3
Ethiopia,1954,6
Ethiopia,1955,6
Ethiopia,1956,7
Ethiopia,1957,7
Ethiopia,1958,7
Ethiopia,1959,7
Ethiopia,1960,7
Ethiopia,1961,8
Ethiopia,1962,11
Ethiopia,1963,18
Ethiopia,1964,18
Ethiopia,1965,21
Ethiopia,1966,22
Ethiopia,1967,27
Ethiopia,1968,31
Ethiopia,1969,36
Ethiopia,1970,36
Ethiopia,1971,36
Ethiopia,1972,37
Ethiopia,1973,38
Ethiopia,1974,38
Ethiopia,1975,38
Ethiopia,1976,40
Ethiopia,1977,42
Ethiopia,1978,42
Ethiopia,1979,42
Ethiopia,1980,43
Ethiopia,1981,45
Ethiopia,1982,46
Ethiopia,1983,52
Ethiopia,1984,55
Ethiopia,1985,55
Ethiopia,1986,58
Ethiopia,1987,60
Ethiopia,1988,61
Ethiopia,1989,63
Ethiopia,1990,63
Ethiopia,1991,63
Ethiopia,1992,67
Ethiopia,1993,68
Ethiopia,1994,68
Ethiopia,1995,71
Ethiopia,1996,72
Ethiopia,1997,72
Ethiopia,1998,72
Ethiopia,1999,73
Ethiopia,2000,79
Ethiopia,2001,82
Ethiopia,2002,83
Ethiopia,2003,85
Ethiopia,2004,89
Ethiopia,2005,95
Ethiopia,2006,102
Ethiopia,2007,103
Ethiopia,2008,103
Ethiopia,2009,104
Ethiopia,2010,108
Ethiopia,2011,110
Ethiopia,2012,114
Ethiopia,2013,121
Ethiopia,2014,122
Ethiopia,2015,126
Ethiopia,2016,128
Ethiopia,2017,129
Ethiopia,2018,129
Ethiopia,2019,130
Ethiopia,2020,131
Ethiopia,2021,136
Ethiopia,2022,137
Ethiopia,2023,139
Ethiopia,2024,141
Ethiopia,2025,143
Ethiopia,2026,146
Falkland Islands,1873,0
Falkland Islands,1874,0
Falkland Islands,1875,0
Falkland Islands,1876,0
Falkland Islands,1877,0
Falkland Islands,1878,0
Falkland Islands,1879,0
Falkland Islands,1880,0
Falkland Islands,1881,0
Falkland Islands,1882,0
Falkland Islands,1883,0
Falkland Islands,1884,0
Falkland Islands,1885,0
Falkland Islands,1886,0
Falkland Islands,1887,0
Falkland Islands,1888,0
Falkland Islands,1889,0
Falkland Islands,1890,0
Falkland Islands,1891,0
Falkland Islands,1892,0
Falkland Islands,1893,0
Falkland Islands,1894,0
Falkland Islands,1895,0
Falkland Islands,1896,0
Falkland Islands,1897,0
Falkland Islands,1898,0
Falkland Islands,1899,0
Falkland Islands,1900,0
Falkland Islands,1901,0
Falkland Islands,1902,0
Falkland Islands,1903,0
Falkland Islands,1904,0
Falkland Islands,1905,0
Falkland Islands,1906,0
Falkland Islands,1907,0
Falkland Islands,1908,0
Falkland Islands,1909,0
Falkland Islands,1910,0
Falkland Islands,1911,0
Falkland Islands,1912,0
Falkland Islands,1913,0
Falkland Islands,1914,0
Falkland Islands,1915,0
Falkland Islands,1916,0
Falkland Islands,1917,0
Falkland Islands,1918,0
Falkland Islands,1919,0
Falkland Islands,1920,0
Falkland Islands,1921,0
Falkland Islands,1922,0
Falkland Islands,1923,0
Falkland Islands,1924,0
Falkland Islands,1925,0
Falkland Islands,1926,0
Falkland Islands,1927,0
Falkland Islands,1928,0
Falkland Islands,1929,0
Falkland Islands,1930,0
Falkland Islands,1931,0
Falkland Islands,1932,0
Falkland Islands,1933,0
Falkland Islands,1934,0
Falkland Islands,1935,0
Falkland Islands,1936,0
Falkland Islands,1937,0
Falkland Islands,1938,0
Falkland Islands,1939,0
Falkland Islands,1940,0
Falkland Islands,1941,0
Falkland Islands,1942,0
Falkland Islands,1943,0
Falkland Islands,1944,0
Falkland Islands,1945,0
Falkland Islands,1946,0
Falkland Islands,1947,0
Falkland Islands,1948,0
Falkland Islands,1949,0
Falkland Islands,1950,0
Falkland Islands,1951,0
Falkland Islands,1952,0
Falkland Islands,1953,0
Falkland Islands,1954,0
Falkland Islands,1955,0
Falkland Islands,1956,0
Falkland Islands,1957,0
Falkland Islands,1958,0
Falkland Islands,1959,0
Falkland Islands,1960,0
Falkland Islands,1961,0
Falkland Islands,1962,0
Falkland Islands,1963,0
Falkland Islands,1964,0
Falkland Islands,1965,0
Falkland Islands,1966,0
Falkland Islands,1967,0
Falkland Islands,1968,0
Falkland Islands,1969,0
Falkland Islands,1970,0
Falkland Islands,1971,0
Falkland Islands,1972,0
Falkland Islands,1973,0
Falkland Islands,1974,0
Falkland Islands,1975,0
Falkland Islands,1976,0
Falkland Islands,1977,0
Falkland Islands,1978,0
Falkland Islands,1979,0
Falkland Islands,1980,0
Falkland Islands,1981,0
Falkland Islands,1982,0
Falkland Islands,1983,0
Falkland Islands,1984,0
Falkland Islands,1985,0
Falkland Islands,1986,0
Falkland Islands,1987,0
Falkland Islands,1988,0
Falkland Islands,1989,0
Falkland Islands,1990,0
Falkland Islands,1991,0
Falkland Islands,1992,0
Falkland Islands,1993,0
Falkland Islands,1994,0
Falkland Islands,1995,0
Falkland Islands,1996,0
Falkland Islands,1997,0
Falkland Islands,1998,0
Falkland Islands,1999,0
Falkland Islands,2000,0
Falkland Islands,2001,1
Falkland Islands,2002,1
Falkland Islands,2003,1
Falkland Islands,2004,1
Falkland Islands,2005,2
Falkland Islands,2006,2
Falkland Islands,2007,2
Falkland Islands,2008,2
Falkland Islands,2009,2
Falkland Islands,2010,2
Falkland Islands,2011,3
Falkland Islands,2012,3
Falkland Islands,2013,5
Falkland Islands,2014,5
Falkland Islands,2015,6
Falkland Islands,2016,6
Falkland Islands,2017,6
Falkland Islands,2018,6
Falkland Islands,2019,6
Falkland Islands,2020,6
Falkland Islands,2021,6
Falkland Islands,2022,6
Falkland Islands,2023,6
Falkland Islands,2024,6
Falkland Islands,2025,6
Falkland Islands,2026,6
Faroe Islands,1873,0
Faroe Islands,1874,0
Faroe Islands,1875,0
Faroe Islands,1876,0
Faroe Islands,1877,0
Faroe Islands,1878,0
Faroe Islands,1879,0
Faroe Islands,1880,0
Faroe Islands,1881,0
Faroe Islands,1882,0
Faroe Islands,1883,0
Faroe Islands,1884,0
Faroe Islands,1885,0
Faroe Islands,1886,0
Faroe Islands,1887,0
Faroe Islands,1888,0
Faroe Islands,1889,0
Faroe Islands,1890,0
Faroe Islands,1891,0
Faroe Islands,1892,0
Faroe Islands,1893,0
Faroe Islands,1894,0
Faroe Islands,1895,0
Faroe Islands,1896,0
Faroe Islands,1897,0
Faroe Islands,1898,0
Faroe Islands,1899,0
Faroe Islands,1900,0
Faroe Islands,1901,0
Faroe Islands,1902,0
Faroe Islands,1903,0
Faroe Islands,1904,0
Faroe Islands,1905,0
Faroe Islands,1906,0
Faroe Islands,1907,0
Faroe Islands,1908,0
Faroe Islands,1909,0
Faroe Islands,1910,0
Faroe Islands,1911,0
Faroe Islands,1912,0
Faroe Islands,1913,0
Faroe Islands,1914,0
Faroe Islands,1915,0
Faroe Islands,1916,0
Faroe Islands,1917,0
Faroe Islands,1918,0
Faroe Islands,1919,0
Faroe Islands,1920,0
Faroe Islands,1921,0
Faroe Islands,1922,0
Faroe Islands,1923,0
Faroe Islands,1924,0
Faroe Islands,1925,0
Faroe Islands,1926,0
Faroe Islands,1927,0
Faroe Islands,1928,0
Faroe Islands,1929,0
Faroe Islands,1930,0
Faroe Islands,1931,0
Faroe Islands,1932,0
Faroe Islands,1933,0
Faroe Islands,1934,0
Faroe Islands,1935,0
Faroe Islands,1936,0
Faroe Islands,1937,0
Faroe Islands,1938,0
Faroe Islands,1939,0
Faroe Islands,1940,0
Faroe Islands,1941,0
Faroe Islands,1942,0
Faroe Islands,1943,0
Faroe Islands,1944,0
Faroe Islands,1945,0
Faroe Islands,1946,0
Faroe Islands,1947,0
Faroe Islands,1948,0
Faroe Islands,1949,0
Faroe Islands,1950,0
Faroe Islands,1951,0
Faroe Islands,1952,0
Faroe Islands,1953,0
Faroe Islands,1954,0
Faroe Islands,1955,0
Faroe Islands,1956,0
Faroe Islands,1957,0
Faroe Islands,1958,0
Faroe Islands,1959,0
Faroe Islands,1960,0
Faroe Islands,1961,0
Faroe Islands,1962,0
Faroe Islands,1963,0
Faroe Islands,1964,0
Faroe Islands,1965,0
Faroe Islands,1966,0
Faroe Islands,1967,0
Faroe Islands,1968,0
Faroe Islands,1969,0
Faroe Islands,1970,0
Faroe Islands,1971,0
Faroe Islands,1972,0
Faroe Islands,1973,0
Faroe Islands,1974,0
Faroe Islands,1975,0
Faroe Islands,1976,0
Faroe Islands,1977,0
Faroe Islands,1978,0
Faroe Islands,1979,0
Faroe Islands,1980,1
Faroe Islands,1981,1
Faroe Islands,1982,1
Faroe Islands,1983,2
Faroe Islands,1984,4
Faroe Islands,1985,4
Faroe Islands,1986,4
Faroe Islands,1987,4
Faroe Islands,1988,4
Faroe Islands,1989,9
Faroe Islands,1990,10
Faroe Islands,1991,14
Faroe Islands,1992,14
Faroe Islands,1993,14
Faroe Islands,1994,14
Faroe Islands,1995,16
Faroe Islands,1996,16
Faroe Islands,1997,19
Faroe Islands,1998,19
Faroe Islands,1999,19
Faroe Islands,2000,20
Faroe Islands,2001,22
Faroe Islands,2002,24
Faroe Islands,2003,26
Faroe Islands,2004,28
Faroe Islands,2005,28
Faroe Islands,2006,28
Faroe Islands,2007,28
Faroe Islands,2008,28
Faroe Islands,2009,30
Faroe Islands,2010,30
Faroe Islands,2011,31
Faroe Islands,2012,31
Faroe Islands,2013,31
Faroe Islands,2014,33
Faroe Islands,2015,34
Faroe Islands,2016,36
Faroe Islands,2017,37
Faroe Islands,2018,39
Faroe Islands,2019,40
Faroe Islands,2020,43
Faroe Islands,2021,45
Faroe Islands,2022,48
Faroe Islands,2023,48
Faroe Islands,2024,50
Faroe Islands,2025,55
Faroe Islands,2026,57
Felvidék,1873,0
Felvidék,1874,0
Felvidék,1875,0
Felvidék,1876,0
Felvidék,1877,0
Felvidék,1878,0
Felvidék,1879,0
Felvidék,1880,0
Felvidék,1881,0
Felvidék,1882,0
Felvidék,1883,0
Felvidék,1884,0
Felvidék,1885,0
Felvidék,1886,0
Felvidék,1887,0
Felvidék,1888,0
Felvidék,1889,0
Felvidék,1890,0
Felvidék,1891,0
Felvidék,1892,0
Felvidék,1893,0
Felvidék,1894,0
Felvidék,1895,0
Felvidék,1896,0
Felvidék,1897,0
Felvidék,1898,0
Felvidék,1899,0
Felvidék,1900,0
Felvidék,1901,0
Felvidék,1902,0
Felvidék,1903,0
Felvidék,1904,0
Felvidék,1905,0
Felvidék,1906,0
Felvidék,1907,0
Felvidék,1908,0
Felvidék,1909,0
Felvidék,1910,0
Felvidék,1911,0
Felvidék,1912,0
Felvidék,1913,0
Felvidék,1914,0
Felvidék,1915,0
Felvidék,1916,0
Felvidék,1917,0
Felvidék,1918,0
Felvidék,1919,0
Felvidék,1920,0
Felvidék,1921,0
Felvidék,1922,0
Felvidék,1923,0
Felvidék,1924,0
Felvidék,1925,0
Felvidék,1926,0
Felvidék,1927,0
Felvidék,1928,0
Felvidék,1929,0
Felvidék,1930,0
Felvidék,1931,0
Felvidék,1932,0
Felvidék,1933,0
Felvidék,1934,0
Felvidék,1935,0
Felvidék,1936,0
Felvidék,1937,0
Felvidék,1938,0
Felvidék,1939,0
Felvidék,1940,0
Felvidék,1941,0
Felvidék,1942,0
Felvidék,1943,0
Felvidék,1944,0
Felvidék,1945,0
Felvidék,1946,0
Felvidék,1947,0
Felvidék,1948,0
Felvidék,1949,0
Felvidék,1950,0
Felvidék,1951,0
Felvidék,1952,0
Felvidék,1953,0
Felvidék,1954,0
Felvidék,1955,0
Felvidék,1956,0
Felvidék,1957,0
Felvidék,1958,0
Felvidék,1959,0
Felvidék,1960,0
Felvidék,1961,0
Felvidék,1962,0
Felvidék,1963,0
Felvidék,1964,0
Felvidék,1965,0
Felvidék,1966,0
Felvidék,1967,0
Felvidék,1968,0
Felvidék,1969,0
Felvidék,1970,0
Felvidék,1971,0
Felvidék,1972,0
Felvidék,1973,0
Felvidék,1974,0
Felvidék,1975,0
Felvidék,1976,0
Felvidék,1977,0
Felvidék,1978,0
Felvidék,1979,0
Felvidék,1980,0
Felvidék,1981,0
Felvidék,1982,0
Felvidék,1983,0
Felvidék,1984,0
Felvidék,1985,0
Felvidék,1986,0
Felvidék,1987,0
Felvidék,1988,0
Felvidék,1989,0
Felvidék,1990,0
Felvidék,1991,0
Felvidék,1992,0
Felvidék,1993,0
Felvidék,1994,0
Felvidék,1995,0
Felvidék,1996,0
Felvidék,1997,0
Felvidék,1998,0
Felvidék,1999,0
Felvidék,2000,0
Felvidék,2001,0
Felvidék,2002,0
Felvidék,2003,0
Felvidék,2004,0
Felvidék,2005,0
Felvidék,2006,0
Felvidék,2007,0
Felvidék,2008,0
Felvidék,2009,0
Felvidék,2010,0
Felvidék,2011,0
Felvidék,2012,0
Felvidék,2013,0
Felvidék,2014,0
Felvidék,2015,2
Felvidék,2016,3
Felvidék,2017,5
Felvidék,2018,5
Felvidék,2019,5
Felvidék,2020,5
Felvidék,2021,5
Felvidék,2022,5
Felvidék,2023,5
Felvidék,2024,5
Felvidék,2025,5
Felvidék,2026,5
Fiji,1873,0
Fiji,1874,0
Fiji,1875,0
Fiji,1876,0
Fiji,1877,0
Fiji,1878,0
Fiji,1879,0
Fiji,1880,0
Fiji,1881,0
Fiji,1882,0
Fiji,1883,0
Fiji,1884,0
Fiji,1885,0
Fiji,1886,0
Fiji,1887,0
Fiji,1888,0
Fiji,1889,0
Fiji,1890,0
Fiji,1891,0
Fiji,1892,0
Fiji,1893,0
Fiji,1894,0
Fiji,1895,0
Fiji,1896,0
Fiji,1897,0
Fiji,1898,0
Fiji,1899,0
Fiji,1900,0
Fiji,1901,0
Fiji,1902,0
Fiji,1903,0
Fiji,1904,0
Fiji,1905,0
Fiji,1906,0
Fiji,1907,0
Fiji,1908,0
Fiji,1909,0
Fiji,1910,0
Fiji,1911,0
Fiji,1912,0
Fiji,1913,0
Fiji,1914,0
Fiji,1915,0
Fiji,1916,0
Fiji,1917,0
Fiji,1918,0
Fiji,1919,0
Fiji,1920,0
Fiji,1921,0
Fiji,1922,0
Fiji,1923,0
Fiji,1924,0
Fiji,1925,0
Fiji,1926,0
Fiji,1927,0
Fiji,1928,0
Fiji,1929,0
Fiji,1930,0
Fiji,1931,0
Fiji,1932,0
Fiji,1933,0
Fiji,1934,0
Fiji,1935,0
Fiji,1936,0
Fiji,1937,0
Fiji,1938,0
Fiji,1939,0
Fiji,1940,0
Fiji,1941,0
Fiji,1942,0
Fiji,1943,0
Fiji,1944,0
Fiji,1945,0
Fiji,1946,0
Fiji,1947,0
Fiji,1948,0
Fiji,1949,0
Fiji,1950,0
Fiji,1951,0
Fiji,1952,0
Fiji,1953,0
Fiji,1954,0
Fiji,1955,0
Fiji,1956,0
Fiji,1957,0
Fiji,1958,0
Fiji,1959,0
Fiji,1960,0
Fiji,1961,0
Fiji,1962,0
Fiji,1963,2
Fiji,1964,2
Fiji,1965,2
Fiji,1966,2
Fiji,1967,2
Fiji,1968,2
Fiji,1969,4
Fiji,1970,4
Fiji,1971,5
Fiji,1972,5
Fiji,1973,5
Fiji,1974,5
Fiji,1975,6
Fiji,1976,6
Fiji,1977,7
Fiji,1978,7
Fiji,1979,10
Fiji,1980,12
Fiji,1981,15
Fiji,1982,15
Fiji,1983,21
Fiji,1984,21
Fiji,1985,21
Fiji,1986,21
Fiji,1987,21
Fiji,1988,27
Fiji,1989,30
Fiji,1990,31
Fiji,1991,35
Fiji,1992,39
Fiji,1993,42
Fiji,1994,46
Fiji,1995,49
Fiji,1996,49
Fiji,1997,53
Fiji,1998,58
Fiji,1999,58
Fiji,2000,61
Fiji,2001,66
Fiji,2002,67
Fiji,2003,73
Fiji,2004,77
Fiji,2005,79
Fiji,2006,79
Fiji,2007,83
Fiji,2008,85
Fiji,2009,85
Fiji,2010,85
Fiji,2011,91
Fiji,2012,91
Fiji,2013,91
Fiji,2014,91
Fiji,2015,93
Fiji,2016,94
Fiji,2017,98
Fiji,2018,98
Fiji,2019,103
Fiji,2020,103
Fiji,2021,103
Fiji,2022,107
Fiji,2023,109
Fiji,2024,116
Fiji,2025,116
Fiji,2026,119
Finland,1873,0
Finland,1874,0
Finland,1875,0
Finland,1876,0
Finland,1877,0
Finland,1878,0
Finland,1879,0
Finland,1880,0
Finland,1881,0
Finland,1882,0
Finland,1883,0
Finland,1884,0
Finland,1885,0
Finland,1886,0
Finland,1887,0
Finland,1888,0
Finland,1889,0
Finland,1890,0
Finland,1891,0
Finland,1892,0
Finland,1893,0
Finland,1894,0
Finland,1895,0
Finland,1896,0
Finland,1897,0
Finland,1898,0
Finland,1899,0
Finland,1900,0
Finland,1901,0
Finland,1902,0
Finland,1903,0
Finland,1904,0
Finland,1905,0
Finland,1906,0
Finland,1907,0
Finland,1908,0
Finland,1909,0
Finland,1910,0
Finland,1911,0
Finland,1912,2
Finland,1913,2
Finland,1914,2
Finland,1915,2
Finland,1916,2
Finland,1917,2
Finland,1918,2
Finland,1919,2
Finland,1920,4
Finland,1921,6
Finland,1922,7
Finland,1923,9
Finland,1924,12
Finland,1925,13
Finland,1926,15
Finland,1927,16
Finland,1928,17
Finland,1929,19
Finland,1930,19
Finland,1931,22
Finland,1932,24
Finland,1933,26
Finland,1934,28
Finland,1935,28
Finland,1936,29
Finland,1937,29
Finland,1938,32
Finland,1939,33
Finland,1940,33
Finland,1941,33
Finland,1942,33
Finland,1943,33
Finland,1944,33
Finland,1945,33
Finland,1946,33
Finland,1947,33
Finland,1948,33
Finland,1949,34
Finland,1950,36
Finland,1951,36
Finland,1952,40
Finland,1953,40
Finland,1954,40
Finland,1955,40
Finland,1956,41
Finland,1957,42
Finland,1958,42
Finland,1959,43
Finland,1960,43
Finland,1961,44
Finland,1962,44
Finland,1963,45
Finland,1964,48
Finland,1965,50
Finland,1966,52
Finland,1967,52
Finland,1968,52
Finland,1969,54
Finland,1970,54
Finland,1971,54
Finland,1972,55
Finland,1973,55
Finland,1974,56
Finland,1975,56
Finland,1976,60
Finland,1977,62
Finland,1978,64
Finland,1979,66
Finland,1980,66
Finland,1981,69
Finland,1982,71
Finland,1983,71
Finland,1984,73
Finland,1985,74
Finland,1986,77
Finland,1987,78
Finland,1988,80
Finland,1989,82
Finland,1990,84
Finland,1991,85
Finland,1992,85
Finland,1993,89
Finland,1994,93
Finland,1995,96
Finland,1996,97
Finland,1997,101
Finland,1998,104
Finland,1999,106
Finland,2000,111
Finland,2001,118
Finland,2002,123
Finland,2003,130
Finland,2004,135
Finland,2005,141
Finland,2006,144
Finland,2007,147
Finland,2008,149
Finland,2009,153
Finland,2010,156
Finland,2011,159
Finland,2012,164
Finland,2013,169
Finland,2014,172
Finland,2015,175
Finland,2016,175
Finland,2017,179
Finland,2018,186
Finland,2019,193
Finland,2020,198
Finland,2021,202
Finland,2022,204
Finland,2023,210
Finland,2024,211
Finland,2025,215
Finland,2026,218
France,1873,0
France,1874,0
France,1875,0
France,1876,0
France,1877,0
France,1878,0
France,1879,0
France,1880,0
France,1881,0
France,1882,0
France,1883,0
France,1884,0
France,1885,0
France,1886,0
France,1887,0
France,1888,0
France,1889,0
France,1890,0
France,1891,0
France,1892,0
France,1893,0
France,1894,0
France,1895,0
France,1896,0
France,1897,0
France,1898,0
France,1899,0
France,1900,0
France,1901,0
France,1902,0
France,1903,0
France,1904,0
France,1905,1
France,1906,1
France,1907,2
France,1908,3
France,1909,3
France,1910,3
France,1911,4
France,1912,7
France,1913,10
France,1914,11
France,1915,11
France,1916,11
France,1917,11
France,1918,11
France,1919,14
France,1920,17
France,1921,17
France,1922,18
France,1923,18
France,1924,20
France,1925,20
France,1926,24
France,1927,24
France,1928,25
France,1929,27
France,1930,29
France,1931,31
France,1932,32
France,1933,34
France,1934,38
France,1935,40
France,1936,42
France,1937,44
France,1938,47
France,1939,50
France,1940,51
France,1941,51
France,1942,51
France,1943,51
France,1944,52
France,1945,52
France,1946,55
France,1947,60
France,1948,62
France,1949,64
France,1950,65
France,1951,67
France,1952,72
France,1953,77
France,1954,79
France,1955,83
France,1956,86
France,1957,88
France,1958,94
France,1959,97
France,1960,101
France,1961,102
France,1962,102
France,1963,108
France,1964,110
France,1965,113
France,1966,115
France,1967,117
France,1968,117
France,1969,120
France,1970,124
France,1971,127
France,1972,130
France,1973,132
France,1974,134
France,1975,136
France,1976,138
France,1977,142
France,1978,149
France,1979,154
France,1980,157
France,1981,160
France,1982,167
France,1983,169
France,1984,181
France,1985,184
France,1986,189
France,1987,190
France,1988,194
France,1989,197
France,1990,204
France,1991,210
France,1992,212
France,1993,217
France,1994,222
France,1995,227
France,1996,236
France,1997,241
France,1998,252
France,1999,260
France,2000,271
France,2001,280
France,2002,287
France,2003,300
France,2004,307
France,2005,313
France,2006,325
France,2007,332
France,2008,338
France,2009,345
France,2010,350
France,2011,357
France,2012,365
France,2013,370
France,2014,380
France,2015,386
France,2016,399
France,2017,406
France,2018,418
France,2019,427
France,2020,433
France,2021,443
France,2022,451
France,2023,459
France,2024,467
France,2025,474
France,2026,486
Franconia,1873,0
Franconia,1874,0
Franconia,1875,0
Franconia,1876,0
Franconia,1877,0
Franconia,1878,0
Franconia,1879,0
Franconia,1880,0
Franconia,1881,0
Franconia,1882,0
Franconia,1883,0
Franconia,1884,0
Franconia,1885,0
Franconia,1886,0
Franconia,1887,0
Franconia,1888,0
Franconia,1889,0
Franconia,1890,0
Franconia,1891,0
Franconia,1892,0
Franconia,1893,0
Franconia,1894,0
Franconia,1895,0
Franconia,1896,0
Franconia,1897,0
Franconia,1898,0
Franconia,1899,0
Franconia,1900,0
Franconia,1901,0
Franconia,1902,0
Franconia,1903,0
Franconia,1904,0
Franconia,1905,0
Franconia,1906,0
Franconia,1907,0
Franconia,1908,0
Franconia,1909,0
Franconia,1910,0
Franconia,1911,0
Franconia,1912,0
Franconia,1913,0
Franconia,1914,0
Franconia,1915,0
Franconia,1916,0
Franconia,1917,0
Franconia,1918,0
Franconia,1919,0
Franconia,1920,0
Franconia,1921,0
Franconia,1922,0
Franconia,1923,0
Franconia,1924,0
Franconia,1925,0
Franconia,1926,0
Franconia,1927,0
Franconia,1928,0
Franconia,1929,0
Franconia,1930,0
Franconia,1931,0
Franconia,1932,0
Franconia,1933,0
Franconia,1934,0
Franconia,1935,0
Franconia,1936,0
Franconia,1937,0
Franconia,1938,0
Franconia,1939,0
Franconia,1940,0
Franconia,1941,0
Franconia,1942,0
Franconia,1943,0
Franconia,1944,0
Franconia,1945,0
Franconia,1946,0
Franconia,1947,0
Franconia,1948,0
Franconia,1949,0
Franconia,1950,0
Franconia,1951,0
Franconia,1952,0
Franconia,1953,0
Franconia,1954,0
Franconia,1955,0
Franconia,1956,0
Franconia,1957,0
Franconia,1958,0
Franconia,1959,0
Franconia,1960,0
Franconia,1961,0
Franconia,1962,0
Franconia,1963,0
Franconia,1964,0
Franconia,1965,0
Franconia,1966,0
Franconia,1967,0
Franconia,1968,0
Franconia,1969,0
Franconia,1970,0
Franconia,1971,0
Franconia,1972,0
Franconia,1973,0
Franconia,1974,0
Franconia,1975,0
Franconia,1976,0
Franconia,1977,0
Franconia,1978,0
Franconia,1979,0
Franconia,1980,0
Franconia,1981,0
Franconia,1982,0
Franconia,1983,0
Franconia,1984,0
Franconia,1985,0
Franconia,1986,0
Franconia,1987,0
Franconia,1988,0
Franconia,1989,0
Franconia,1990,0
Franconia,1991,0
Franconia,1992,0
Franconia,1993,0
Franconia,1994,0
Franconia,1995,0
Franconia,1996,0
Franconia,1997,0
Franconia,1998,0
Franconia,1999,0
Franconia,2000,0
Franconia,2001,0
Franconia,2002,0
Franconia,2003,0
Franconia,2004,0
Franconia,2005,0
Franconia,2006,0
Franconia,2007,0
Franconia,2008,0
Franconia,2009,0
Franconia,2010,0
Franconia,2011,0
Franconia,2012,0
Franconia,2013,0
Franconia,2014,1
Franconia,2015,1
Franconia,2016,1
Franconia,2017,1
Franconia,2018,1
Franconia,2019,2
Franconia,2020,2
Franconia,2021,2
Franconia,2022,2
Franconia,2023,2
Franconia,2024,2
Franconia,2025,2
Franconia,2026,2
French Guiana,1873,0
French Guiana,1874,0
French Guiana,1875,0
French Guiana,1876,0
French Guiana,1877,0
French Guiana,1878,0
French Guiana,1879,0
French Guiana,1880,0
French Guiana,1881,0
French Guiana,1882,0
French Guiana,1883,0
French Guiana,1884,0
French Guiana,1885,0
French Guiana,1886,0
French Guiana,1887,0
French Guiana,1888,0
French Guiana,1889,0
French Guiana,1890,0
French Guiana,1891,0
French Guiana,1892,0
French Guiana,1893,0
French Guiana,1894,0
French Guiana,1895,0
French Guiana,1896,0
French Guiana,1897,0
French Guiana,1898,0
French Guiana,1899,0
French Guiana,1900,0
French Guiana,1901,0
French Guiana,1902,0
French Guiana,1903,0
French Guiana,1904,0
French Guiana,1905,0
French Guiana,1906,0
French Guiana,1907,0
French Guiana,1908,0
French Guiana,1909,0
French Guiana,1910,0
French Guiana,1911,0
French Guiana,1912,0
French Guiana,1913,0
French Guiana,1914,0
French Guiana,1915,0
French Guiana,1916,0
French Guiana,1917,0
French Guiana,1918,0
French Guiana,1919,0
French Guiana,1920,0
French Guiana,1921,0
French Guiana,1922,0
French Guiana,1923,0
French Guiana,1924,0
French Guiana,1925,0
French Guiana,1926,0
French Guiana,1927,0
French Guiana,1928,0
French Guiana,1929,0
French Guiana,1930,0
French Guiana,1931,0
French Guiana,1932,0
French Guiana,1933,0
French Guiana,1934,0
French Guiana,1935,0
French Guiana,1936,0
French Guiana,1937,0
French Guiana,1938,0
French Guiana,1939,0
French Guiana,1940,0
French Guiana,1941,0
French Guiana,1942,0
French Guiana,1943,0
French Guiana,1944,0
French Guiana,1945,0
French Guiana,1946,0
French Guiana,1947,0
French Guiana,1948,1
French Guiana,1949,1
French Guiana,1950,1
French Guiana,1951,1
French Guiana,1952,1
French Guiana,1953,1
French Guiana,1954,1
French Guiana,1955,1
French Guiana,1956,1
French Guiana,1957,1
French Guiana,1958,1
French Guiana,1959,1
French Guiana,1960,1
French Guiana,1961,1
French Guiana,1962,1
French Guiana,1963,1
French Guiana,1964,2
French Guiana,1965,2
French Guiana,1966,2
French Guiana,1967,2
French Guiana,1968,2
French Guiana,1969,3
French Guiana,1970,3
French Guiana,1971,3
French Guiana,1972,3
French Guiana,1973,3
French Guiana,1974,3
French Guiana,1975,3
French Guiana,1976,3
French Guiana,1977,3
French Guiana,1978,5
French Guiana,1979,5
French Guiana,1980,5
French Guiana,1981,6
French Guiana,1982,6
French Guiana,1983,7
French Guiana,1984,7
French Guiana,1985,7
French Guiana,1986,7
French Guiana,1987,7
French Guiana,1988,7
French Guiana,1989,8
French Guiana,1990,8
French Guiana,1991,9
French Guiana,1992,10
French Guiana,1993,11
French Guiana,1994,11
French Guiana,1995,12
French Guiana,1996,12
French Guiana,1997,12
French Guiana,1998,12
French Guiana,1999,12
French Guiana,2000,12
French Guiana,2001,12
French Guiana,2002,12
French Guiana,2003,12
French Guiana,2004,15
French Guiana,2005,15
French Guiana,2006,15
French Guiana,2007,15
French Guiana,2008,16
French Guiana,2009,19
French Guiana,2010,20
French Guiana,2011,20
French Guiana,2012,28
French Guiana,2013,28
French Guiana,2014,34
French Guiana,2015,35
French Guiana,2016,39
French Guiana,2017,41
French Guiana,2018,44
French Guiana,2019,46
French Guiana,2020,46
French Guiana,2021,47
French Guiana,2022,50
French Guiana,2023,54
French Guiana,2024,54
French Guiana,2025,54
French Guiana,2026,57
Frøya,1873,0
Frøya,1874,0
Frøya,1875,0
Frøya,1876,0
Frøya,1877,0
Frøya,1878,0
Frøya,1879,0
Frøya,1880,0
Frøya,1881,0
Frøya,1882,0
Frøya,1883,0
Frøya,1884,0
Frøya,1885,0
Frøya,1886,0
Frøya,1887,0
Frøya,1888,0
Frøya,1889,0
Frøya,1890,0
Frøya,1891,0
Frøya,1892,0
Frøya,1893,0
Frøya,1894,0
Frøya,1895,0
Frøya,1896,0
Frøya,1897,0
Frøya,1898,0
Frøya,1899,0
Frøya,1900,0
Frøya,1901,0
Frøya,1902,0
Frøya,1903,0
Frøya,1904,0
Frøya,1905,0
Frøya,1906,0
Frøya,1907,0
Frøya,1908,0
Frøya,1909,0
Frøya,1910,0
Frøya,1911,0
Frøya,1912,0
Frøya,1913,0
Frøya,1914,0
Frøya,1915,0
Frøya,1916,0
Frøya,1917,0
Frøya,1918,0
Frøya,1919,0
Frøya,1920,0
Frøya,1921,0
Frøya,1922,0
Frøya,1923,0
Frøya,1924,0
Frøya,1925,0
Frøya,1926,0
Frøya,1927,0
Frøya,1928,0
Frøya,1929,0
Frøya,1930,0
Frøya,1931,0
Frøya,1932,0
Frøya,1933,0
Frøya,1934,0
Frøya,1935,0
Frøya,1936,0
Frøya,1937,0
Frøya,1938,0
Frøya,1939,0
Frøya,1940,0
Frøya,1941,0
Frøya,1942,0
Frøya,1943,0
Frøya,1944,0
Frøya,1945,0
Frøya,1946,0
Frøya,1947,0
Frøya,1948,0
Frøya,1949,0
Frøya,1950,0
Frøya,1951,0
Frøya,1952,0
Frøya,1953,0
Frøya,1954,0
Frøya,1955,0
Frøya,1956,0
Frøya,1957,0
Frøya,1958,0
Frøya,1959,0
Frøya,1960,0
Frøya,1961,0
Frøya,1962,0
Frøya,1963,0
Frøya,1964,0
Frøya,1965,0
Frøya,1966,0
Frøya,1967,0
Frøya,1968,0
Frøya,1969,0
Frøya,1970,0
Frøya,1971,0
Frøya,1972,0
Frøya,1973,0
Frøya,1974,0
Frøya,1975,0
Frøya,1976,0
Frøya,1977,0
Frøya,1978,0
Frøya,1979,0
Frøya,1980,0
Frøya,1981,0
Frøya,1982,0
Frøya,1983,0
Frøya,1984,0
Frøya,1985,0
Frøya,1986,0
Frøya,1987,0
Frøya,1988,0
Frøya,1989,0
Frøya,1990,0
Frøya,1991,0
Frøya,1992,0
Frøya,1993,0
Frøya,1994,0
Frøya,1995,0
Frøya,1996,0
Frøya,1997,2
Frøya,1998,2
Frøya,1999,3
Frøya,2000,3
Frøya,2001,3
Frøya,2002,3
Frøya,2003,4
Frøya,2004,4
Frøya,2005,4
Frøya,2006,4
Frøya,2007,5
Frøya,2008,5
Frøya,2009,6
Frøya,2010,6
Frøya,2011,6
Frøya,2012,6
Frøya,2013,6
Frøya,2014,6
Frøya,2015,6
Frøya,2016,6
Frøya,2017,6
Frøya,2018,6
Frøya,2019,6
Frøya,2020,6
Frøya,2021,6
Frøya,2022,6
Frøya,2023,7
Frøya,2024,7
Frøya,2025,7
Frøya,2026,7
Gabon,1873,0
Gabon,1874,0
Gabon,1875,0
Gabon,1876,0
Gabon,1877,0
Gabon,1878,0
Gabon,1879,0
Gabon,1880,0
Gabon,1881,0
Gabon,1882,0
Gabon,1883,0
Gabon,1884,0
Gabon,1885,0
Gabon,1886,0
Gabon,1887,0
Gabon,1888,0
Gabon,1889,0
Gabon,1890,0
Gabon,1891,0
Gabon,1892,0
Gabon,1893,0
Gabon,1894,0
Gabon,1895,0
Gabon,1896,0
Gabon,1897,0
Gabon,1898,0
Gabon,1899,0
Gabon,1900,0
Gabon,1901,0
Gabon,1902,0
Gabon,1903,0
Gabon,1904,0
Gabon,1905,0
Gabon,1906,0
Gabon,1907,0
Gabon,1908,0
Gabon,1909,0
Gabon,1910,0
Gabon,1911,0
Gabon,1912,0
Gabon,1913,0
Gabon,1914,0
Gabon,1915,0
Gabon,1916,0
Gabon,1917,0
Gabon,1918,0
Gabon,1919,0
Gabon,1920,0
Gabon,1921,0
Gabon,1922,0
Gabon,1923,0
Gabon,1924,0
Gabon,1925,0
Gabon,1926,0
Gabon,1927,0
Gabon,1928,0
Gabon,1929,0
Gabon,1930,0
Gabon,1931,0
Gabon,1932,0
Gabon,1933,0
Gabon,1934,0
Gabon,1935,0
Gabon,1936,0
Gabon,1937,0
Gabon,1938,0
Gabon,1939,0
Gabon,1940,0
Gabon,1941,0
Gabon,1942,0
Gabon,1943,0
Gabon,1944,0
Gabon,1945,0
Gabon,1946,0
Gabon,1947,0
Gabon,1948,0
Gabon,1949,0
Gabon,1950,0
Gabon,1951,0
Gabon,1952,0
Gabon,1953,0
Gabon,1954,0
Gabon,1955,0
Gabon,1956,0
Gabon,1957,0
Gabon,1958,0
Gabon,1959,0
Gabon,1960,0
Gabon,1961,0
Gabon,1962,1
Gabon,1963,2
Gabon,1964,2
Gabon,1965,2
Gabon,1966,2
Gabon,1967,3
Gabon,1968,3
Gabon,1969,3
Gabon,1970,4
Gabon,1971,4
Gabon,1972,4
Gabon,1973,4
Gabon,1974,4
Gabon,1975,4
Gabon,1976,6
Gabon,1977,6
Gabon,1978,6
Gabon,1979,7
Gabon,1980,7
Gabon,1981,7
Gabon,1982,7
Gabon,1983,7
Gabon,1984,7
Gabon,1985,11
Gabon,1986,14
Gabon,1987,15
Gabon,1988,18
Gabon,1989,25
Gabon,1990,27
Gabon,1991,28
Gabon,1992,33
Gabon,1993,36
Gabon,1994,39
Gabon,1995,45
Gabon,1996,52
Gabon,1997,54
Gabon,1998,57
Gabon,1999,66
Gabon,2000,69
Gabon,2001,71
Gabon,2002,71
Gabon,2003,76
Gabon,2004,78
Gabon,2005,79
Gabon,2006,81
Gabon,2007,83
Gabon,2008,88
Gabon,2009,91
Gabon,2010,95
Gabon,2011,98
Gabon,2012,103
Gabon,2013,104
Gabon,2014,107
Gabon,2015,112
Gabon,2016,114
Gabon,2017,115
Gabon,2018,117
Gabon,2019,120
Gabon,2020,121
Gabon,2021,124
Gabon,2022,128
Gabon,2023,131
Gabon,2024,135
Gabon,2025,141
Gabon,2026,142
Galicia,1873,0
Galicia,1874,0
Galicia,1875,0
Galicia,1876,0
Galicia,1877,0
Galicia,1878,0
Galicia,1879,0
Galicia,1880,0
Galicia,1881,0
Galicia,1882,0
Galicia,1883,0
Galicia,1884,0
Galicia,1885,0
Galicia,1886,0
Galicia,1887,0
Galicia,1888,0
Galicia,1889,0
Galicia,1890,0
Galicia,1891,0
Galicia,1892,0
Galicia,1893,0
Galicia,1894,0
Galicia,1895,0
Galicia,1896,0
Galicia,1897,0
Galicia,1898,0
Galicia,1899,0
Galicia,1900,0
Galicia,1901,0
Galicia,1902,0
Galicia,1903,0
Galicia,1904,0
Galicia,1905,0
Galicia,1906,0
Galicia,1907,0
Galicia,1908,0
Galicia,1909,0
Galicia,1910,0
Galicia,1911,0
Galicia,1912,0
Galicia,1913,0
Galicia,1914,0
Galicia,1915,0
Galicia,1916,0
Galicia,1917,0
Galicia,1918,0
Galicia,1919,0
Galicia,1920,0
Galicia,1921,0
Galicia,1922,1
Galicia,1923,2
Galicia,1924,2
Galicia,1925,2
Galicia,1926,2
Galicia,1927,2
Galicia,1928,2
Galicia,1929,2
Galicia,1930,2
Galicia,1931,2
Galicia,1932,2
Galicia,1933,2
Galicia,1934,2
Galicia,1935,2
Galicia,1936,2
Galicia,1937,2
Galicia,1938,2
Galicia,1939,2
Galicia,1940,2
Galicia,1941,2
Galicia,1942,2
Galicia,1943,2
Galicia,1944,2
Galicia,1945,2
Galicia,1946,2
Galicia,1947,2
Galicia,1948,2
Galicia,1949,2
Galicia,1950,2
Galicia,1951,2
Galicia,1952,2
Galicia,1953,2
Galicia,1954,2
Galicia,1955,2
Galicia,1956,2
Galicia,1957,2
Galicia,1958,2
Galicia,1959,2
Galicia,1960,2
Galicia,1961,2
Galicia,1962,2
Galicia,1963,2
Galicia,1964,2
Galicia,1965,2
Galicia,1966,2
Galicia,1967,2
Galicia,1968,2
Galicia,1969,2
Galicia,1970,2
Galicia,1971,2
Galicia,1972,2
Galicia,1973,2
Galicia,1974,2
Galicia,1975,2
Galicia,1976,2
Galicia,1977,2
Galicia,1978,2
Galicia,1979,2
Galicia,1980,2
Galicia,1981,2
Galicia,1982,2
Galicia,1983,2
Galicia,1984,2
Galicia,1985,2
Galicia,1986,2
Galicia,1987,2
Galicia,1988,2
Galicia,1989,2
Galicia,1990,2
Galicia,1991,2
Galicia,1992,2
Galicia,1993,2
Galicia,1994,2
Galicia,1995,2
Galicia,1996,2
Galicia,1997,2
Galicia,1998,2
Galicia,1999,2
Galicia,2000,2
Galicia,2001,2
Galicia,2002,2
Galicia,2003,2
Galicia,2004,2
Galicia,2005,3
Galicia,2006,3
Galicia,2007,3
Galicia,2008,4
Galicia,2009,4
Galicia,2010,4
Galicia,2011,5
Galicia,2012,5
Galicia,2013,5
Galicia,2014,5
Galicia,2015,5
Galicia,2016,5
Galicia,2017,5
Galicia,2018,5
Galicia,2019,5
Galicia,2020,5
Galicia,2021,5
Galicia,2022,5
Galicia,2023,5
Galicia,2024,5
Galicia,2025,5
Galicia,2026,5
Gambia,1873,0
Gambia,1874,0
Gambia,1875,0
Gambia,1876,0
Gambia,1877,0
Gambia,1878,0
Gambia,1879,0
Gambia,1880,0
Gambia,1881,0
Gambia,1882,0
Gambia,1883,0
Gambia,1884,0
Gambia,1885,0
Gambia,1886,0
Gambia,1887,0
Gambia,1888,0
Gambia,1889,0
Gambia,1890,0
Gambia,1891,0
Gambia,1892,0
Gambia,1893,0
Gambia,1894,0
Gambia,1895,0
Gambia,1896,0
Gambia,1897,0
Gambia,1898,0
Gambia,1899,0
Gambia,1900,0
Gambia,1901,0
Gambia,1902,0
Gambia,1903,0
Gambia,1904,0
Gambia,1905,0
Gambia,1906,0
Gambia,1907,0
Gambia,1908,0
Gambia,1909,0
Gambia,1910,0
Gambia,1911,0
Gambia,1912,0
Gambia,1913,0
Gambia,1914,0
Gambia,1915,0
Gambia,1916,0
Gambia,1917,0
Gambia,1918,0
Gambia,1919,0
Gambia,1920,0
Gambia,1921,0
Gambia,1922,0
Gambia,1923,0
Gambia,1924,0
Gambia,1925,0
Gambia,1926,0
Gambia,1927,0
Gambia,1928,0
Gambia,1929,0
Gambia,1930,0
Gambia,1931,0
Gambia,1932,0
Gambia,1933,0
Gambia,1934,0
Gambia,1935,0
Gambia,1936,0
Gambia,1937,0
Gambia,1938,0
Gambia,1939,0
Gambia,1940,0
Gambia,1941,0
Gambia,1942,0
Gambia,1943,0
Gambia,1944,0
Gambia,1945,0
Gambia,1946,0
Gambia,1947,0
Gambia,1948,0
Gambia,1949,0
Gambia,1950,0
Gambia,1951,0
Gambia,1952,0
Gambia,1953,1
Gambia,1954,1
Gambia,1955,1
Gambia,1956,1
Gambia,1957,1
Gambia,1958,1
Gambia,1959,2
Gambia,1960,2
Gambia,1961,3
Gambia,1962,3
Gambia,1963,3
Gambia,1964,3
Gambia,1965,3
Gambia,1966,3
Gambia,1967,3
Gambia,1968,3
Gambia,1969,3
Gambia,1970,3
Gambia,1971,3
Gambia,1972,3
Gambia,1973,4
Gambia,1974,4
Gambia,1975,4
Gambia,1976,5
Gambia,1977,5
Gambia,1978,5
Gambia,1979,8
Gambia,1980,9
Gambia,1981,9
Gambia,1982,11
Gambia,1983,13
Gambia,1984,18
Gambia,1985,20
Gambia,1986,22
Gambia,1987,22
Gambia,1988,23
Gambia,1989,23
Gambia,1990,24
Gambia,1991,25
Gambia,1992,25
Gambia,1993,28
Gambia,1994,28
Gambia,1995,28
Gambia,1996,29
Gambia,1997,31
Gambia,1998,31
Gambia,1999,31
Gambia,2000,31
Gambia,2001,32
Gambia,2002,35
Gambia,2003,37
Gambia,2004,37
Gambia,2005,37
Gambia,2006,38
Gambia,2007,40
Gambia,2008,42
Gambia,2009,42
Gambia,2010,44
Gambia,2011,46
Gambia,2012,46
Gambia,2013,47
Gambia,2014,47
Gambia,2015,48
Gambia,2016,48
Gambia,2017,50
Gambia,2018,51
Gambia,2019,53
Gambia,2020,55
Gambia,2021,59
Gambia,2022,64
Gambia,2023,66
Gambia,2024,69
Gambia,2025,73
Gambia,2026,75
Georgia,1873,0
Georgia,1874,0
Georgia,1875,0
Georgia,1876,0
Georgia,1877,0
Georgia,1878,0
Georgia,1879,0
Georgia,1880,0
Georgia,1881,0
Georgia,1882,0
Georgia,1883,0
Georgia,1884,0
Georgia,1885,0
Georgia,1886,0
Georgia,1887,0
Georgia,1888,0
Georgia,1889,0
Georgia,1890,0
Georgia,1891,0
Georgia,1892,0
Georgia,1893,0
Georgia,1894,0
Georgia,1895,0
Georgia,1896,0
Georgia,1897,0
Georgia,1898,0
Georgia,1899,0
Georgia,1900,0
Georgia,1901,0
Georgia,1902,0
Georgia,1903,0
Georgia,1904,0
Georgia,1905,0
Georgia,1906,0
Georgia,1907,0
Georgia,1908,0
Georgia,1909,0
Georgia,1910,0
Georgia,1911,0
Georgia,1912,0
Georgia,1913,0
Georgia,1914,0
Georgia,1915,0
Georgia,1916,0
Georgia,1917,0
Georgia,1918,0
Georgia,1919,0
Georgia,1920,0
Georgia,1921,0
Georgia,1922,0
Georgia,1923,0
Georgia,1924,0
Georgia,1925,0
Georgia,1926,0
Georgia,1927,0
Georgia,1928,0
Georgia,1929,0
Georgia,1930,0
Georgia,1931,0
Georgia,1932,0
Georgia,1933,0
Georgia,1934,0
Georgia,1935,0
Georgia,1936,0
Georgia,1937,0
Georgia,1938,0
Georgia,1939,0
Georgia,1940,0
Georgia,1941,0
Georgia,1942,0
Georgia,1943,0
Georgia,1944,0
Georgia,1945,0
Georgia,1946,0
Georgia,1947,0
Georgia,1948,0
Georgia,1949,0
Georgia,1950,0
Georgia,1951,0
Georgia,1952,0
Georgia,1953,0
Georgia,1954,0
Georgia,1955,0
Georgia,1956,0
Georgia,1957,0
Georgia,1958,0
Georgia,1959,0
Georgia,1960,0
Georgia,1961,0
Georgia,1962,0
Georgia,1963,0
Georgia,1964,0
Georgia,1965,0
Georgia,1966,0
Georgia,1967,0
Georgia,1968,0
Georgia,1969,0
Georgia,1970,0
Georgia,1971,0
Georgia,1972,0
Georgia,1973,0
Georgia,1974,0
Georgia,1975,0
Georgia,1976,0
Georgia,1977,0
Georgia,1978,0
Georgia,1979,1
Georgia,1980,1
Georgia,1981,1
Georgia,1982,1
Georgia,1983,1
Georgia,1984,1
Georgia,1985,1
Georgia,1986,1
Georgia,1987,1
Georgia,1988,1
Georgia,1989,1
Georgia,1990,1
Georgia,1991,2
Georgia,1992,3
Georgia,1993,3
Georgia,1994,8
Georgia,1995,11
Georgia,1996,12
Georgia,1997,16
Georgia,1998,21
Georgia,1999,21
Georgia,2000,24
Georgia,2001,29
Georgia,2002,30
Georgia,2003,32
Georgia,2004,33
Georgia,2005,36
Georgia,2006,39
Georgia,2007,43
Georgia,2008,44
Georgia,2009,44
Georgia,2010,47
Georgia,2011,50
Georgia,2012,53
Georgia,2013,54
Georgia,2014,57
Georgia,2015,60
Georgia,2016,61
Georgia,2017,64
Georgia,2018,72
Georgia,2019,74
Georgia,2020,76
Georgia,2021,80
Georgia,2022,86
Georgia,2023,90
Georgia,2024,95
Georgia,2025,99
Georgia,2026,101
German DR,1873,0
German DR,1874,0
German DR,1875,0
German DR,1876,0
German DR,1877,0
German DR,1878,0
German DR,1879,0
German DR,1880,0
German DR,1881,0
German DR,1882,0
German DR,1883,0
German DR,1884,0
German DR,1885,0
German DR,1886,0
German DR,1887,0
German DR,1888,0
German DR,1889,0
German DR,1890,0
German DR,1891,0
German DR,1892,0
German DR,1893,0
German DR,1894,0
German DR,1895,0
German DR,1896,0
German DR,1897,0
German DR,1898,0
German DR,1899,0
German DR,1900,0
German DR,1901,0
German DR,1902,0
German DR,1903,0
German DR,1904,0
German DR,1905,0
German DR,1906,0
German DR,1907,0
German DR,1908,0
German DR,1909,0
German DR,1910,0
German DR,1911,0
German DR,1912,0
German DR,1913,0
German DR,1914,0
German DR,1915,0
German DR,1916,0
German DR,1917,0
German DR,1918,0
German DR,1919,0
German DR,1920,0
German DR,1921,0
German DR,1922,0
German DR,1923,0
German DR,1924,0
German DR,1925,0
German DR,1926,0
German DR,1927,0
German DR,1928,0
German DR,1929,0
German DR,1930,0
German DR,1931,0
German DR,1932,0
German DR,1933,0
German DR,1934,0
German DR,1935,0
German DR,1936,0
German DR,1937,0
German DR,1938,0
German DR,1939,0
German DR,1940,0
German DR,1941,0
German DR,1942,0
German DR,1943,0
German DR,1944,0
German DR,1945,0
German DR,1946,0
German DR,1947,0
German DR,1948,0
German DR,1949,0
German DR,1950,0
German DR,1951,0
German DR,1952,0
German DR,1953,0
German DR,1954,0
German DR,1955,2
German DR,1956,4
German DR,1957,6
German DR,1958,8
German DR,1959,9
German DR,1960,12
German DR,1961,12
German DR,1962,17
German DR,1963,18
German DR,1964,19
German DR,1965,21
German DR,1966,26
German DR,1967,33
German DR,1968,33
German DR,1969,38
German DR,1970,42
German DR,1971,46
German DR,1972,49
German DR,1973,59
German DR,1974,68
German DR,1975,74
German DR,1976,76
German DR,1977,82
German DR,1978,85
German DR,1979,90
German DR,1980,94
German DR,1981,97
German DR,1982,101
German DR,1983,107
German DR,1984,113
German DR,1985,120
German DR,1986,124
German DR,1987,129
German DR,1988,131
German DR,1989,135
German DR,1990,140
German DR,1991,140
German DR,1992,140
German DR,1993,140
German DR,1994,140
German DR,1995,140
German DR,1996,140
German DR,1997,140
German DR,1998,140
German DR,1999,140
German DR,2000,140
German DR,2001,140
German DR,2002,140
German DR,2003,140
German DR,2004,140
German DR,2005,140
German DR,2006,140
German DR,2007,140
German DR,2008,140
German DR,2009,140
German DR,2010,140
German DR,2011,140
German DR,2012,140
German DR,2013,140
German DR,2014,140
German DR,2015,140
German DR,2016,140
German DR,2017,140
German DR,2018,140
German DR,2019,140
German DR,2020,140
German DR,2021,140
German DR,2022,140
German DR,2023,140
German DR,2024,140
German DR,2025,140
German DR,2026,140
Germany,1873,0
Germany,1874,0
Germany,1875,0
Germany,1876,0
Germany,1877,0
Germany,1878,0
Germany,1879,0
Germany,1880,0
Germany,1881,0
Germany,1882,0
Germany,1883,0
Germany,1884,0
Germany,1885,0
Germany,1886,0
Germany,1887,0
Germany,1888,0
Germany,1889,0
Germany,1890,0
Germany,1891,0
Germany,1892,0
Germany,1893,0
Germany,1894,0
Germany,1895,0
Germany,1896,0
Germany,1897,0
Germany,1898,0
Germany,1899,0
Germany,1900,0
Germany,1901,0
Germany,1902,0
Germany,1903,0
Germany,1904,0
Germany,1905,0
Germany,1906,0
Germany,1907,0
Germany,1908,0
Germany,1909,1
Germany,1910,2
Germany,1911,4
Germany,1912,6
Germany,1913,6
Germany,1914,6
Germany,1915,6
Germany,1916,6
Germany,1917,6
Germany,1918,6
Germany,1919,6
Germany,1920,7
Germany,1921,7
Germany,1922,8
Germany,1923,10
Germany,1924,13
Germany,1925,15
Germany,1926,17
Germany,1927,18
Germany,1928,22
Germany,1929,26
Germany,1930,28
Germany,1931,29
Germany,1932,32
Germany,1933,35
Germany,1934,42
Germany,1935,55
Germany,1936,59
Germany,1937,69
Germany,1938,72
Germany,1939,81
Germany,1940,86
Germany,1941,92
Germany,1942,99
Germany,1943,99
Germany,1944,99
Germany,1945,99
Germany,1946,99
Germany,1947,99
Germany,1948,99
Germany,1949,99
Germany,1950,100
Germany,1951,104
Germany,1952,108
Germany,1953,110
Germany,1954,118
Germany,1955,120
Germany,1956,122
Germany,1957,126
Germany,1958,131
Germany,1959,133
Germany,1960,138
Germany,1961,143
Germany,1962,148
Germany,1963,150
Germany,1964,151
Germany,1965,156
Germany,1966,167
Germany,1967,172
Germany,1968,177
Germany,1969,181
Germany,1970,190
Germany,1971,197
Germany,1972,203
Germany,1973,209
Germany,1974,220
Germany,1975,223
Germany,1976,228
Germany,1977,235
Germany,1978,240
Germany,1979,247
Germany,1980,256
Germany,1981,264
Germany,1982,271
Germany,1983,277
Germany,1984,284
Germany,1985,288
Germany,1986,296
Germany,1987,300
Germany,1988,306
Germany,1989,309
Germany,1990,319
Germany,1991,325
Germany,1992,330
Germany,1993,337
Germany,1994,348
Germany,1995,356
Germany,1996,366
Germany,1997,373
Germany,1998,383
Germany,1999,390
Germany,2000,395
Germany,2001,401
Germany,2002,412
Germany,2003,417
Germany,2004,426
Germany,2005,433
Germany,2006,446
Germany,2007,454
Germany,2008,465
Germany,2009,472
Germany,2010,484
Germany,2011,493
Germany,2012,501
Germany,2013,510
Germany,2014,521
Germany,2015,526
Germany,2016,536
Germany,2017,547
Germany,2018,551
Germany,2019,558
Germany,2020,561
Germany,2021,572
Germany,2022,576
Germany,2023,579
Germany,2024,589
Germany,2025,595
Germany,2026,602
Ghana,1873,0
Ghana,1874,0
Ghana,1875,0
Ghana,1876,0
Ghana,1877,0
Ghana,1878,0
Ghana,1879,0
Ghana,1880,0
Ghana,1881,0
Ghana,1882,0
Ghana,1883,0
Ghana,1884,0
Ghana,1885,0
Ghana,1886,0
Ghana,1887,0
Ghana,1888,0
Ghana,1889,0
Ghana,1890,0
Ghana,1891,0
Ghana,1892,0
Ghana,1893,0
Ghana,1894,0
Ghana,1895,0
Ghana,1896,0
Ghana,1897,0
Ghana,1898,0
Ghana,1899,0
Ghana,1900,0
Ghana,1901,0
Ghana,1902,0
Ghana,1903,0
Ghana,1904,0
Ghana,1905,0
Ghana,1906,0
Ghana,1907,0
Ghana,1908,0
Ghana,1909,0
Ghana,1910,0
Ghana,1911,0
Ghana,1912,0
Ghana,1913,0
Ghana,1914,0
Ghana,1915,0
Ghana,1916,0
Ghana,1917,0
Ghana,1918,0
Ghana,1919,0
Ghana,1920,0
Ghana,1921,0
Ghana,1922,0
Ghana,1923,0
Ghana,1924,0
Ghana,1925,0
Ghana,1926,0
Ghana,1927,0
Ghana,1928,0
Ghana,1929,0
Ghana,1930,0
Ghana,1931,0
Ghana,1932,0
Ghana,1933,0
Ghana,1934,0
Ghana,1935,0
Ghana,1936,0
Ghana,1937,0
Ghana,1938,0
Ghana,1939,0
Ghana,1940,0
Ghana,1941,0
Ghana,1942,0
Ghana,1943,0
Ghana,1944,0
Ghana,1945,0
Ghana,1946,0
Ghana,1947,0
Ghana,1948,0
Ghana,1949,0
Ghana,1950,1
Ghana,1951,1
Ghana,1952,1
Ghana,1953,2
Ghana,1954,3
Ghana,1955,5
Ghana,1956,6
Ghana,1957,7
Ghana,1958,8
Ghana,1959,9
Ghana,1960,14
Ghana,1961,17
Ghana,1962,23
Ghana,1963,26
Ghana,1964,27
Ghana,1965,36
Ghana,1966,39
Ghana,1967,44
Ghana,1968,50
Ghana,1969,52
Ghana,1970,55
Ghana,1971,56
Ghana,1972,58
Ghana,1973,63
Ghana,1974,66
Ghana,1975,71
Ghana,1976,73
Ghana,1977,76
Ghana,1978,84
Ghana,1979,84
Ghana,1980,87
Ghana,1981,90
Ghana,1982,99
Ghana,1983,106
Ghana,1984,115
Ghana,1985,117
Ghana,1986,123
Ghana,1987,127
Ghana,1988,129
Ghana,1989,130
Ghana,1990,133
Ghana,1991,138
Ghana,1992,144
Ghana,1993,151
Ghana,1994,157
Ghana,1995,161
Ghana,1996,168
Ghana,1997,170
Ghana,1998,175
Ghana,1999,177
Ghana,2000,183
Ghana,2001,188
Ghana,2002,191
Ghana,2003,194
Ghana,2004,196
Ghana,2005,201
Ghana,2006,209
Ghana,2007,213
Ghana,2008,222
Ghana,2009,228
Ghana,2010,235
Ghana,2011,241
Ghana,2012,248
Ghana,2013,259
Ghana,2014,264
Ghana,2015,273
Ghana,2016,275
Ghana,2017,281
Ghana,2018,283
Ghana,2019,288
Ghana,2020,290
Ghana,2021,295
Ghana,2022,299
Ghana,2023,303
Ghana,2024,305
Ghana,2025,311
Ghana,2026,312
Gibraltar,1873,0
Gibraltar,1874,0
Gibraltar,1875,0
Gibraltar,1876,0
Gibraltar,1877,0
Gibraltar,1878,0
Gibraltar,1879,0
Gibraltar,1880,0
Gibraltar,1881,0
Gibraltar,1882,0
Gibraltar,1883,0
Gibraltar,1884,0
Gibraltar,1885,0
Gibraltar,1886,0
Gibraltar,1887,0
Gibraltar,1888,0
Gibraltar,1889,0
Gibraltar,1890,0
Gibraltar,1891,0
Gibraltar,1892,0
Gibraltar,1893,0
Gibraltar,1894,0
Gibraltar,1895,0
Gibraltar,1896,0
Gibraltar,1897,0
Gibraltar,1898,0
Gibraltar,1899,0
Gibraltar,1900,0
Gibraltar,1901,0
Gibraltar,1902,0
Gibraltar,1903,0
Gibraltar,1904,0
Gibraltar,1905,0
Gibraltar,1906,0
Gibraltar,1907,0
Gibraltar,1908,0
Gibraltar,1909,0
Gibraltar,1910,0
Gibraltar,1911,0
Gibraltar,1912,0
Gibraltar,1913,0
Gibraltar,1914,0
Gibraltar,1915,0
Gibraltar,1916,0
Gibraltar,1917,0
Gibraltar,1918,0
Gibraltar,1919,0
Gibraltar,1920,0
Gibraltar,1921,0
Gibraltar,1922,0
Gibraltar,1923,0
Gibraltar,1924,0
Gibraltar,1925,0
Gibraltar,1926,0
Gibraltar,1927,0
Gibraltar,1928,0
Gibraltar,1929,0
Gibraltar,1930,0
Gibraltar,1931,0
Gibraltar,1932,0
Gibraltar,1933,0
Gibraltar,1934,0
Gibraltar,1935,0
Gibraltar,1936,0
Gibraltar,1937,0
Gibraltar,1938,0
Gibraltar,1939,0
Gibraltar,1940,0
Gibraltar,1941,0
Gibraltar,1942,0
Gibraltar,1943,0
Gibraltar,1944,0
Gibraltar,1945,0
Gibraltar,1946,0
Gibraltar,1947,0
Gibraltar,1948,0
Gibraltar,1949,0
Gibraltar,1950,0
Gibraltar,1951,0
Gibraltar,1952,0
Gibraltar,1953,0
Gibraltar,1954,0
Gibraltar,1955,0
Gibraltar,1956,0
Gibraltar,1957,0
Gibraltar,1958,0
Gibraltar,1959,0
Gibraltar,1960,0
Gibraltar,1961,0
Gibraltar,1962,0
Gibraltar,1963,0
Gibraltar,1964,0
Gibraltar,1965,0
Gibraltar,1966,0
Gibraltar,1967,0
Gibraltar,1968,0
Gibraltar,1969,0
Gibraltar,1970,0
Gibraltar,1971,0
Gibraltar,1972,0
Gibraltar,1973,0
Gibraltar,1974,0
Gibraltar,1975,0
Gibraltar,1976,0
Gibraltar,1977,0
Gibraltar,1978,0
Gibraltar,1979,0
Gibraltar,1980,0
Gibraltar,1981,0
Gibraltar,1982,0
Gibraltar,1983,0
Gibraltar,1984,0
Gibraltar,1985,0
Gibraltar,1986,0
Gibraltar,1987,0
Gibraltar,1988,0
Gibraltar,1989,0
Gibraltar,1990,0
Gibraltar,1991,0
Gibraltar,1992,0
Gibraltar,1993,0
Gibraltar,1994,0
Gibraltar,1995,4
Gibraltar,1996,4
Gibraltar,1997,6
Gibraltar,1998,6
Gibraltar,1999,7
Gibraltar,2000,8
Gibraltar,2001,11
Gibraltar,2002,11
Gibraltar,2003,14
Gibraltar,2004,14
Gibraltar,2005,15
Gibraltar,2006,17
Gibraltar,2007,20
Gibraltar,2008,20
Gibraltar,2009,22
Gibraltar,2010,22
Gibraltar,2011,26
Gibraltar,2012,26
Gibraltar,2013,26
Gibraltar,2014,27
Gibraltar,2015,28
Gibraltar,2016,28
Gibraltar,2017,28
Gibraltar,2018,31
Gibraltar,2019,31
Gibraltar,2020,33
Gibraltar,2021,33
Gibraltar,2022,35
Gibraltar,2023,35
Gibraltar,2024,37
Gibraltar,2025,37
Gibraltar,2026,40
Gotland,1873,0
Gotland,1874,0
Gotland,1875,0
Gotland,1876,0
Gotland,1877,0
Gotland,1878,0
Gotland,1879,0
Gotland,1880,0
Gotland,1881,0
Gotland,1882,0
Gotland,1883,0
Gotland,1884,0
Gotland,1885,0
Gotland,1886,0
Gotland,1887,0
Gotland,1888,0
Gotland,1889,0
Gotland,1890,0
Gotland,1891,0
Gotland,1892,0
Gotland,1893,0
Gotland,1894,0
Gotland,1895,0
Gotland,1896,0
Gotland,1897,0
Gotland,1898,0
Gotland,1899,0
Gotland,1900,0
Gotland,1901,0
Gotland,1902,0
Gotland,1903,0
Gotland,1904,0
Gotland,1905,0
Gotland,1906,0
Gotland,1907,0
Gotland,1908,0
Gotland,1909,0
Gotland,1910,0
Gotland,1911,0
Gotland,1912,0
Gotland,1913,0
Gotland,1914,0
Gotland,1915,0
Gotland,1916,0
Gotland,1917,0
Gotland,1918,0
Gotland,1919,0
Gotland,1920,0
Gotland,1921,0
Gotland,1922,0
Gotland,1923,0
Gotland,1924,0
Gotland,1925,0
Gotland,1926,0
Gotland,1927,0
Gotland,1928,0
Gotland,1929,0
Gotland,1930,0
Gotland,1931,0
Gotland,1932,0
Gotland,1933,0
Gotland,1934,0
Gotland,1935,0
Gotland,1936,0
Gotland,1937,0
Gotland,1938,0
Gotland,1939,0
Gotland,1940,0
Gotland,1941,0
Gotland,1942,0
Gotland,1943,0
Gotland,1944,0
Gotland,1945,0
Gotland,1946,0
Gotland,1947,0
Gotland,1948,0
Gotland,1949,0
Gotland,1950,0
Gotland,1951,0
Gotland,1952,0
Gotland,1953,0
Gotland,1954,0
Gotland,1955,0
Gotland,1956,0
Gotland,1957,0
Gotland,1958,0
Gotland,1959,0
Gotland,1960,0
Gotland,1961,0
Gotland,1962,0
Gotland,1963,0
Gotland,1964,0
Gotland,1965,0
Gotland,1966,0
Gotland,1967,0
Gotland,1968,0
Gotland,1969,0
Gotland,1970,0
Gotland,1971,0
Gotland,1972,0
Gotland,1973,0
Gotland,1974,0
Gotland,1975,0
Gotland,1976,0
Gotland,1977,0
Gotland,1978,0
Gotland,1979,0
Gotland,1980,0
Gotland,1981,0
Gotland,1982,0
Gotland,1983,0
Gotland,1984,0
Gotland,1985,0
Gotland,1986,0
Gotland,1987,0
Gotland,1988,0
Gotland,1989,0
Gotland,1990,0
Gotland,1991,0
Gotland,1992,0
Gotland,1993,0
Gotland,1994,0
Gotland,1995,0
Gotland,1996,0
Gotland,1997,0
Gotland,1998,0
Gotland,1999,3
Gotland,2000,3
Gotland,2001,3
Gotland,2002,3
Gotland,2003,5
Gotland,2004,5
Gotland,2005,5
Gotland,2006,5
Gotland,2007,6
Gotland,2008,6
Gotland,2009,8
Gotland,2010,8
Gotland,2011,9
Gotland,2012,9
Gotland,2013,9
Gotland,2014,9
Gotland,2015,9
Gotland,2016,9
Gotland,2017,11
Gotland,2018,11
Gotland,2019,11
Gotland,2020,11
Gotland,2021,11
Gotland,2022,11
Gotland,2023,11
Gotland,2024,11
Gotland,2025,11
Gotland,2026,11
Gozo,1873,0
Gozo,1874,0
Gozo,1875,0
Gozo,1876,0
Gozo,1877,0
Gozo,1878,0
Gozo,1879,0
Gozo,1880,0
Gozo,1881,0
Gozo,1882,0
Gozo,1883,0
Gozo,1884,0
Gozo,1885,0
Gozo,1886,0
Gozo,1887,0
Gozo,1888,0
Gozo,1889,0
Gozo,1890,0
Gozo,1891,0
Gozo,1892,0
Gozo,1893,0
Gozo,1894,0
Gozo,1895,0
Gozo,1896,0
Gozo,1897,0
Gozo,1898,0
Gozo,1899,0
Gozo,1900,0
Gozo,1901,0
Gozo,1902,0
Gozo,1903,0
Gozo,1904,0
Gozo,1905,0
Gozo,1906,0
Gozo,1907,0
Gozo,1908,0
Gozo,1909,0
Gozo,1910,0
Gozo,1911,0
Gozo,1912,0
Gozo,1913,0
Gozo,1914,0
Gozo,1915,0
Gozo,1916,0
Gozo,1917,0
Gozo,1918,0
Gozo,1919,0
Gozo,1920,0
Gozo,1921,0
Gozo,1922,0
Gozo,1923,0
Gozo,1924,0
Gozo,1925,0
Gozo,1926,0
Gozo,1927,0
Gozo,1928,0
Gozo,1929,0
Gozo,1930,0
Gozo,1931,0
Gozo,1932,0
Gozo,1933,0
Gozo,1934,0
Gozo,1935,0
Gozo,1936,0
Gozo,1937,0
Gozo,1938,0
Gozo,1939,0
Gozo,1940,0
Gozo,1941,0
Gozo,1942,0
Gozo,1943,0
Gozo,1944,0
Gozo,1945,0
Gozo,1946,0
Gozo,1947,0
Gozo,1948,0
Gozo,1949,0
Gozo,1950,0
Gozo,1951,0
Gozo,1952,0
Gozo,1953,0
Gozo,1954,0
Gozo,1955,0
Gozo,1956,0
Gozo,1957,0
Gozo,1958,0
Gozo,1959,0
Gozo,1960,0
Gozo,1961,0
Gozo,1962,0
Gozo,1963,0
Gozo,1964,0
Gozo,1965,0
Gozo,1966,0
Gozo,1967,0
Gozo,1968,0
Gozo,1969,0
Gozo,1970,0
Gozo,1971,0
Gozo,1972,0
Gozo,1973,0
Gozo,1974,0
Gozo,1975,0
Gozo,1976,0
Gozo,1977,0
Gozo,1978,0
Gozo,1979,0
Gozo,1980,0
Gozo,1981,0
Gozo,1982,0
Gozo,1983,0
Gozo,1984,0
Gozo,1985,0
Gozo,1986,0
Gozo,1987,0
Gozo,1988,0
Gozo,1989,0
Gozo,1990,0
Gozo,1991,0
Gozo,1992,0
Gozo,1993,0
Gozo,1994,0
Gozo,1995,0
Gozo,1996,0
Gozo,1997,0
Gozo,1998,0
Gozo,1999,0
Gozo,2000,0
Gozo,2001,0
Gozo,2002,0
Gozo,2003,0
Gozo,2004,0
Gozo,2005,0
Gozo,2006,0
Gozo,2007,0
Gozo,2008,0
Gozo,2009,0
Gozo,2010,1
Gozo,2011,1
Gozo,2012,2
Gozo,2013,2
Gozo,2014,2
Gozo,2015,2
Gozo,2016,2
Gozo,2017,2
Gozo,2018,2
Gozo,2019,2
Gozo,2020,2
Gozo,2021,2
Gozo,2022,2
Gozo,2023,4
Gozo,2024,4
Gozo,2025,4
Gozo,2026,4
Greece,1873,0
Greece,1874,0
Greece,1875,0
Greece,1876,0
Greece,1877,0
Greece,1878,0
Greece,1879,0
Greece,1880,0
Greece,1881,0
Greece,1882,0
Greece,1883,0
Greece,1884,0
Greece,1885,0
Greece,1886,0
Greece,1887,0
Greece,1888,0
Greece,1889,0
Greece,1890,0
Greece,1891,0
Greece,1892,0
Greece,1893,0
Greece,1894,0
Greece,1895,0
Greece,1896,0
Greece,1897,0
Greece,1898,0
Greece,1899,0
Greece,1900,0
Greece,1901,0
Greece,1902,0
Greece,1903,0
Greece,1904,0
Greece,1905,0
Greece,1906,0
Greece,1907,0
Greece,1908,0
Greece,1909,0
Greece,1910,0
Greece,1911,0
Greece,1912,0
Greece,1913,0
Greece,1914,0
Greece,1915,0
Greece,1916,0
Greece,1917,0
Greece,1918,0
Greece,1919,1
Greece,1920,1
Greece,1921,1
Greece,1922,1
Greece,1923,1
Greece,1924,1
Greece,1925,1
Greece,1926,1
Greece,1927,1
Greece,1928,1
Greece,1929,1
Greece,1930,3
Greece,1931,3
Greece,1932,3
Greece,1933,3
Greece,1934,4
Greece,1935,4
Greece,1936,4
Greece,1937,4
Greece,1938,6
Greece,1939,6
Greece,1940,6
Greece,1941,6
Greece,1942,6
Greece,1943,6
Greece,1944,6
Greece,1945,6
Greece,1946,6
Greece,1947,6
Greece,1948,6
Greece,1949,7
Greece,1950,7
Greece,1951,8
Greece,1952,10
Greece,1953,11
Greece,1954,12
Greece,1955,12
Greece,1956,12
Greece,1957,12
Greece,1958,12
Greece,1959,12
Greece,1960,12
Greece,1961,13
Greece,1962,14
Greece,1963,15
Greece,1964,18
Greece,1965,18
Greece,1966,19
Greece,1967,21
Greece,1968,22
Greece,1969,24
Greece,1970,24
Greece,1971,25
Greece,1972,27
Greece,1973,27
Greece,1974,29
Greece,1975,31
Greece,1976,32
Greece,1977,33
Greece,1978,39
Greece,1979,40
Greece,1980,41
Greece,1981,45
Greece,1982,47
Greece,1983,50
Greece,1984,52
Greece,1985,54
Greece,1986,58
Greece,1987,60
Greece,1988,65
Greece,1989,68
Greece,1990,73
Greece,1991,75
Greece,1992,79
Greece,1993,83
Greece,1994,88
Greece,1995,92
Greece,1996,97
Greece,1997,101
Greece,1998,102
Greece,1999,113
Greece,2000,117
Greece,2001,119
Greece,2002,122
Greece,2003,130
Greece,2004,138
Greece,2005,144
Greece,2006,149
Greece,2007,156
Greece,2008,163
Greece,2009,167
Greece,2010,172
Greece,2011,178
Greece,2012,185
Greece,2013,192
Greece,2014,194
Greece,2015,195
Greece,2016,201
Greece,2017,203
Greece,2018,207
Greece,2019,211
Greece,2020,215
Greece,2021,219
Greece,2022,225
Greece,2023,230
Greece,2024,237
Greece,2025,242
Greece,2026,244
Greenland,1873,0
Greenland,1874,0
Greenland,1875,0
Greenland,1876,0
Greenland,1877,0
Greenland,1878,0
Greenland,1879,0
Greenland,1880,0
Greenland,1881,0
Greenland,1882,0
Greenland,1883,0
Greenland,1884,0
Greenland,1885,0
Greenland,1886,0
Greenland,1887,0
Greenland,1888,0
Greenland,1889,0
Greenland,1890,0
Greenland,1891,0
Greenland,1892,0
Greenland,1893,0
Greenland,1894,0
Greenland,1895,0
Greenland,1896,0
Greenland,1897,0
Greenland,1898,0
Greenland,1899,0
Greenland,1900,0
Greenland,1901,0
Greenland,1902,0
Greenland,1903,0
Greenland,1904,0
Greenland,1905,0
Greenland,1906,0
Greenland,1907,0
Greenland,1908,0
Greenland,1909,0
Greenland,1910,0
Greenland,1911,0
Greenland,1912,0
Greenland,1913,0
Greenland,1914,0
Greenland,1915,0
Greenland,1916,0
Greenland,1917,0
Greenland,1918,0
Greenland,1919,0
Greenland,1920,0
Greenland,1921,0
Greenland,1922,0
Greenland,1923,0
Greenland,1924,0
Greenland,1925,0
Greenland,1926,0
Greenland,1927,0
Greenland,1928,0
Greenland,1929,0
Greenland,1930,0
Greenland,1931,0
Greenland,1932,0
Greenland,1933,0
Greenland,1934,0
Greenland,1935,0
Greenland,1936,0
Greenland,1937,0
Greenland,1938,0
Greenland,1939,0
Greenland,1940,0
Greenland,1941,0
Greenland,1942,0
Greenland,1943,0
Greenland,1944,0
Greenland,1945,0
Greenland,1946,0
Greenland,1947,0
Greenland,1948,0
Greenland,1949,0
Greenland,1950,0
Greenland,1951,0
Greenland,1952,0
Greenland,1953,0
Greenland,1954,0
Greenland,1955,0
Greenland,1956,0
Greenland,1957,0
Greenland,1958,0
Greenland,1959,0
Greenland,1960,0
Greenland,1961,0
Greenland,1962,0
Greenland,1963,0
Greenland,1964,0
Greenland,1965,0
Greenland,1966,0
Greenland,1967,0
Greenland,1968,0
Greenland,1969,0
Greenland,1970,0
Greenland,1971,0
Greenland,1972,0
Greenland,1973,0
Greenland,1974,0
Greenland,1975,0
Greenland,1976,0
Greenland,1977,0
Greenland,1978,0
Greenland,1979,0
Greenland,1980,0
Greenland,1981,0
Greenland,1982,0
Greenland,1983,0
Greenland,1984,0
Greenland,1985,0
Greenland,1986,0
Greenland,1987,0
Greenland,1988,0
Greenland,1989,1
Greenland,1990,1
Greenland,1991,1
Greenland,1992,1
Greenland,1993,3
Greenland,1994,3
Greenland,1995,5
Greenland,1996,5
Greenland,1997,5
Greenland,1998,5
Greenland,1999,7
Greenland,2000,7
Greenland,2001,10
Greenland,2002,10
Greenland,2003,13
Greenland,2004,13
Greenland,2005,14
Greenland,2006,15
Greenland,2007,15
Greenland,2008,15
Greenland,2009,16
Greenland,2010,16
Greenland,2011,17
Greenland,2012,17
Greenland,2013,19
Greenland,2014,19
Greenland,2015,22
Greenland,2016,22
Greenland,2017,24
Greenland,2018,24
Greenland,2019,24
Greenland,2020,24
Greenland,2021,24
Greenland,2022,24
Greenland,2023,25
Greenland,2024,25
Greenland,2025,25
Greenland,2026,27
Grenada,1873,0
Grenada,1874,0
Grenada,1875,0
Grenada,1876,0
Grenada,1877,0
Grenada,1878,0
Grenada,1879,0
Grenada,1880,0
Grenada,1881,0
Grenada,1882,0
Grenada,1883,0
Grenada,1884,0
Grenada,1885,0
Grenada,1886,0
Grenada,1887,0
Grenada,1888,0
Grenada,1889,0
Grenada,1890,0
Grenada,1891,0
Grenada,1892,0
Grenada,1893,0
Grenada,1894,0
Grenada,1895,0
Grenada,1896,0
Grenada,1897,0
Grenada,1898,0
Grenada,1899,0
Grenada,1900,0
Grenada,1901,0
Grenada,1902,0
Grenada,1903,0
Grenada,1904,0
Grenada,1905,0
Grenada,1906,0
Grenada,1907,0
Grenada,1908,0
Grenada,1909,0
Grenada,1910,0
Grenada,1911,0
Grenada,1912,0
Grenada,1913,0
Grenada,1914,0
Grenada,1915,0
Grenada,1916,0
Grenada,1917,0
Grenada,1918,0
Grenada,1919,0
Grenada,1920,0
Grenada,1921,0
Grenada,1922,0
Grenada,1923,0
Grenada,1924,0
Grenada,1925,0
Grenada,1926,0
Grenada,1927,0
Grenada,1928,0
Grenada,1929,0
Grenada,1930,0
Grenada,1931,0
Grenada,1932,0
Grenada,1933,0
Grenada,1934,0
Grenada,1935,0
Grenada,1936,0
Grenada,1937,0
Grenada,1938,2
Grenada,1939,2
Grenada,1940,2
Grenada,1941,2
Grenada,1942,2
Grenada,1943,2
Grenada,1944,2
Grenada,1945,2
Grenada,1946,2
Grenada,1947,2
Grenada,1948,2
Grenada,1949,2
Grenada,1950,2
Grenada,1951,3
Grenada,1952,3
Grenada,1953,3
Grenada,1954,3
Grenada,1955,3
Grenada,1956,3
Grenada,1957,3
Grenada,1958,3
Grenada,1959,3
Grenada,1960,3
Grenada,1961,5
Grenada,1962,6
Grenada,1963,6
Grenada,1964,6
Grenada,1965,6
Grenada,1966,7
Grenada,1967,9
Grenada,1968,10
Grenada,1969,12
Grenada,1970,15
Grenada,1971,16
Grenada,1972,17
Grenada,1973,19
Grenada,1974,21
Grenada,1975,21
Grenada,1976,21
Grenada,1977,21
Grenada,1978,22
Grenada,1979,22
Grenada,1980,22
Grenada,1981,22
Grenada,1982,22
Grenada,1983,22
Grenada,1984,23
Grenada,1985,23
Grenada,1986,23
Grenada,1987,23
Grenada,1988,23
Grenada,1989,26
Grenada,1990,27
Grenada,1991,27
Grenada,1992,27
Grenada,1993,27
Grenada,1994,28
Grenada,1995,31
Grenada,1996,34
Grenada,1997,37
Grenada,1998,38
Grenada,1999,41
Grenada,2000,41
Grenada,2001,45
Grenada,2002,49
Grenada,2003,49
Grenada,2004,53
Grenada,2005,53
Grenada,2006,53
Grenada,2007,53
Grenada,2008,60
Grenada,2009,60
Grenada,2010,63
Grenada,2011,64
Grenada,2012,64
Grenada,2013,64
Grenada,2014,65
Grenada,2015,67
Grenada,2016,68
Grenada,2017,70
Grenada,2018,71
Grenada,2019,76
Grenada,2020,76
Grenada,2021,77
Grenada,2022,78
Grenada,2023,79
Grenada,2024,81
Grenada,2025,86
Grenada,2026,87
Guadeloupe,1873,0
Guadeloupe,1874,0
Guadeloupe,1875,0
Guadeloupe,1876,0
Guadeloupe,1877,0
Guadeloupe,1878,0
Guadeloupe,1879,0
Guadeloupe,1880,0
Guadeloupe,1881,0
Guadeloupe,1882,0
Guadeloupe,1883,0
Guadeloupe,1884,0
Guadeloupe,1885,0
Guadeloupe,1886,0
Guadeloupe,1887,0
Guadeloupe,1888,0
Guadeloupe,1889,0
Guadeloupe,1890,0
Guadeloupe,1891,0
Guadeloupe,1892,0
Guadeloupe,1893,0
Guadeloupe,1894,0
Guadeloupe,1895,0
Guadeloupe,1896,0
Guadeloupe,1897,0
Guadeloupe,1898,0
Guadeloupe,1899,0
Guadeloupe,1900,0
Guadeloupe,1901,0
Guadeloupe,1902,0
Guadeloupe,1903,0
Guadeloupe,1904,0
Guadeloupe,1905,0
Guadeloupe,1906,0
Guadeloupe,1907,0
Guadeloupe,1908,0
Guadeloupe,1909,0
Guadeloupe,1910,0
Guadeloupe,1911,0
Guadeloupe,1912,0
Guadeloupe,1913,0
Guadeloupe,1914,0
Guadeloupe,1915,0
Guadeloupe,1916,0
Guadeloupe,1917,0
Guadeloupe,1918,0
Guadeloupe,1919,0
Guadeloupe,1920,0
Guadeloupe,1921,0
Guadeloupe,1922,0
Guadeloupe,1923,0
Guadeloupe,1924,0
Guadeloupe,1925,0
Guadeloupe,1926,0
Guadeloupe,1927,0
Guadeloupe,1928,0
Guadeloupe,1929,0
Guadeloupe,1930,0
Guadeloupe,1931,0
Guadeloupe,1932,0
Guadeloupe,1933,0
Guadeloupe,1934,0
Guadeloupe,1935,0
Guadeloupe,1936,0
Guadeloupe,1937,0
Guadeloupe,1938,0
Guadeloupe,1939,0
Guadeloupe,1940,0
Guadeloupe,1941,0
Guadeloupe,1942,0
Guadeloupe,1943,0
Guadeloupe,1944,0
Guadeloupe,1945,0
Guadeloupe,1946,0
Guadeloupe,1947,0
Guadeloupe,1948,3
Guadeloupe,1949,3
Guadeloupe,1950,3
Guadeloupe,1951,3
Guadeloupe,1952,5
Guadeloupe,1953,5
Guadeloupe,1954,5
Guadeloupe,1955,5
Guadeloupe,1956,5
Guadeloupe,1957,6
Guadeloupe,1958,6
Guadeloupe,1959,8
Guadeloupe,1960,8
Guadeloupe,1961,8
Guadeloupe,1962,11
Guadeloupe,1963,13
Guadeloupe,1964,14
Guadeloupe,1965,14
Guadeloupe,1966,15
Guadeloupe,1967,16
Guadeloupe,1968,18
Guadeloupe,1969,18
Guadeloupe,1970,18
Guadeloupe,1971,18
Guadeloupe,1972,18
Guadeloupe,1973,18
Guadeloupe,1974,18
Guadeloupe,1975,20
Guadeloupe,1976,20
Guadeloupe,1977,20
Guadeloupe,1978,23
Guadeloupe,1979,23
Guadeloupe,1980,23
Guadeloupe,1981,26
Guadeloupe,1982,26
Guadeloupe,1983,28
Guadeloupe,1984,28
Guadeloupe,1985,30
Guadeloupe,1986,30
Guadeloupe,1987,32
Guadeloupe,1988,33
Guadeloupe,1989,35
Guadeloupe,1990,36
Guadeloupe,1991,37
Guadeloupe,1992,37
Guadeloupe,1993,37
Guadeloupe,1994,39
Guadeloupe,1995,40
Guadeloupe,1996,40
Guadeloupe,1997,40
Guadeloupe,1998,41
Guadeloupe,1999,44
Guadeloupe,2000,44
Guadeloupe,2001,45
Guadeloupe,2002,50
Guadeloupe,2003,52
Guadeloupe,2004,54
Guadeloupe,2005,55
Guadeloupe,2006,61
Guadeloupe,2007,67
Guadeloupe,2008,75
Guadeloupe,2009,77
Guadeloupe,2010,85
Guadeloupe,2011,85
Guadeloupe,2012,91
Guadeloupe,2013,91
Guadeloupe,2014,92
Guadeloupe,2015,92
Guadeloupe,2016,93
Guadeloupe,2017,93
Guadeloupe,2018,94
Guadeloupe,2019,98
Guadeloupe,2020,98
Guadeloupe,2021,99
Guadeloupe,2022,102
Guadeloupe,2023,110
Guadeloupe,2024,113
Guadeloupe,2025,115
Guadeloupe,2026,116
Guam,1873,0
Guam,1874,0
Guam,1875,0
Guam,1876,0
Guam,1877,0
Guam,1878,0
Guam,1879,0
Guam,1880,0
Guam,1881,0
Guam,1882,0
Guam,1883,0
Guam,1884,0
Guam,1885,0
Guam,1886,0
Guam,1887,0
Guam,1888,0
Guam,1889,0
Guam,1890,0
Guam,1891,0
Guam,1892,0
Guam,1893,0
Guam,1894,0
Guam,1895,0
Guam,1896,0
Guam,1897,0
Guam,1898,0
Guam,1899,0
Guam,1900,0
Guam,1901,0
Guam,1902,0
Guam,1903,0
Guam,1904,0
Guam,1905,0
Guam,1906,0
Guam,1907,0
Guam,1908,0
Guam,1909,0
Guam,1910,0
Guam,1911,0
Guam,1912,0
Guam,1913,0
Guam,1914,0
Guam,1915,0
Guam,1916,0
Guam,1917,0
Guam,1918,0
Guam,1919,0
Guam,1920,0
Guam,1921,0
Guam,1922,0
Guam,1923,0
Guam,1924,0
Guam,1925,0
Guam,1926,0
Guam,1927,0
Guam,1928,0
Guam,1929,0
Guam,1930,0
Guam,1931,0
Guam,1932,0
Guam,1933,0
Guam,1934,0
Guam,1935,0
Guam,1936,0
Guam,1937,0
Guam,1938,0
Guam,1939,0
Guam,1940,0
Guam,1941,0
Guam,1942,0
Guam,1943,0
Guam,1944,0
Guam,1945,0
Guam,1946,0
Guam,1947,0
Guam,1948,0
Guam,1949,0
Guam,1950,0
Guam,1951,0
Guam,1952,0
Guam,1953,0
Guam,1954,0
Guam,1955,0
Guam,1956,0
Guam,1957,0
Guam,1958,0
Guam,1959,0
Guam,1960,0
Guam,1961,0
Guam,1962,0
Guam,1963,0
Guam,1964,0
Guam,1965,0
Guam,1966,0
Guam,1967,0
Guam,1968,0
Guam,1969,0
Guam,1970,0
Guam,1971,0
Guam,1972,0
Guam,1973,0
Guam,1974,0
Guam,1975,0
Guam,1976,0
Guam,1977,0
Guam,1978,0
Guam,1979,2
Guam,1980,2
Guam,1981,2
Guam,1982,2
Guam,1983,2
Guam,1984,2
Guam,1985,2
Guam,1986,2
Guam,1987,2
Guam,1988,2
Guam,1989,2
Guam,1990,2
Guam,1991,2
Guam,1992,2
Guam,1993,2
Guam,1994,2
Guam,1995,2
Guam,1996,2
Guam,1997,2
Guam,1998,4
Guam,1999,6
Guam,2000,6
Guam,2001,6
Guam,2002,6
Guam,2003,6
Guam,2004,6
Guam,2005,6
Guam,2006,6
Guam,2007,8
Guam,2008,9
Guam,2009,11
Guam,2010,11
Guam,2011,12
Guam,2012,16
Guam,2013,17
Guam,2014,19
Guam,2015,21
Guam,2016,21
Guam,2017,21
Guam,2018,22
Guam,2019,23
Guam,2020,23
Guam,2021,23
Guam,2022,23
Guam,2023,23
Guam,2024,24
Guam,2025,24
Guam,2026,25
Guatemala,1873,0
Guatemala,1874,0
Guatemala,1875,0
Guatemala,1876,0
Guatemala,1877,0
Guatemala,1878,0
Guatemala,1879,0
Guatemala,1880,0
Guatemala,1881,0
Guatemala,1882,0
Guatemala,1883,0
Guatemala,1884,0
Guatemala,1885,0
Guatemala,1886,0
Guatemala,1887,0
Guatemala,1888,0
Guatemala,1889,0
Guatemala,1890,0
Guatemala,1891,0
Guatemala,1892,0
Guatemala,1893,0
Guatemala,1894,0
Guatemala,1895,0
Guatemala,1896,0
Guatemala,1897,0
Guatemala,1898,0
Guatemala,1899,0
Guatemala,1900,0
Guatemala,1901,0
Guatemala,1902,0
Guatemala,1903,0
Guatemala,1904,0
Guatemala,1905,0
Guatemala,1906,0
Guatemala,1907,0
Guatemala,1908,0
Guatemala,1909,0
Guatemala,1910,0
Guatemala,1911,0
Guatemala,1912,0
Guatemala,1913,0
Guatemala,1914,0
Guatemala,1915,0
Guatemala,1916,0
Guatemala,1917,0
Guatemala,1918,0
Guatemala,1919,0
Guatemala,1920,0
Guatemala,1921,0
Guatemala,1922,0
Guatemala,1923,1
Guatemala,1924,1
Guatemala,1925,1
Guatemala,1926,1
Guatemala,1927,1
Guatemala,1928,1
Guatemala,1929,1
Guatemala,1930,1
Guatemala,1931,1
Guatemala,1932,1
Guatemala,1933,1
Guatemala,1934,1
Guatemala,1935,1
Guatemala,1936,1
Guatemala,1937,1
Guatemala,1938,1
Guatemala,1939,1
Guatemala,1940,1
Guatemala,1941,1
Guatemala,1942,1
Guatemala,1943,5
Guatemala,1944,5
Guatemala,1945,5
Guatemala,1946,9
Guatemala,1947,9
Guatemala,1948,12
Guatemala,1949,12
Guatemala,1950,12
Guatemala,1951,12
Guatemala,1952,12
Guatemala,1953,15
Guatemala,1954,15
Guatemala,1955,17
Guatemala,1956,17
Guatemala,1957,17
Guatemala,1958,17
Guatemala,1959,17
Guatemala,1960,17
Guatemala,1961,18
Guatemala,1962,18
Guatemala,1963,20
Guatemala,1964,20
Guatemala,1965,23
Guatemala,1966,24
Guatemala,1967,33
Guatemala,1968,34
Guatemala,1969,37
Guatemala,1970,37
Guatemala,1971,37
Guatemala,1972,39
Guatemala,1973,39
Guatemala,1974,39
Guatemala,1975,39
Guatemala,1976,44
Guatemala,1977,47
Guatemala,1978,47
Guatemala,1979,47
Guatemala,1980,50
Guatemala,1981,50
Guatemala,1982,50
Guatemala,1983,51
Guatemala,1984,55
Guatemala,1985,58
Guatemala,1986,58
Guatemala,1987,59
Guatemala,1988,64
Guatemala,1989,67
Guatemala,1990,67
Guatemala,1991,68
Guatemala,1992,70
Guatemala,1993,70
Guatemala,1994,70
Guatemala,1995,72
Guatemala,1996,80
Guatemala,1997,84
Guatemala,1998,84
Guatemala,1999,89
Guatemala,2000,98
Guatemala,2001,100
Guatemala,2002,101
Guatemala,2003,105
Guatemala,2004,116
Guatemala,2005,123
Guatemala,2006,123
Guatemala,2007,128
Guatemala,2008,133
Guatemala,2009,134
Guatemala,2010,139
Guatemala,2011,147
Guatemala,2012,152
Guatemala,2013,152
Guatemala,2014,154
Guatemala,2015,157
Guatemala,2016,159
Guatemala,2017,159
Guatemala,2018,161
Guatemala,2019,168
Guatemala,2020,169
Guatemala,2021,176
Guatemala,2022,182
Guatemala,2023,188
Guatemala,2024,192
Guatemala,2025,199
Guatemala,2026,201
Guernsey,1873,0
Guernsey,1874,0
Guernsey,1875,0
Guernsey,1876,0
Guernsey,1877,0
Guernsey,1878,0
Guernsey,1879,0
Guernsey,1880,0
Guernsey,1881,0
Guernsey,1882,0
Guernsey,1883,0
Guernsey,1884,0
Guernsey,1885,0
Guernsey,1886,0
Guernsey,1887,0
Guernsey,1888,0
Guernsey,1889,0
Guernsey,1890,0
Guernsey,1891,0
Guernsey,1892,0
Guernsey,1893,0
Guernsey,1894,0
Guernsey,1895,0
Guernsey,1896,0
Guernsey,1897,0
Guernsey,1898,0
Guernsey,1899,0
Guernsey,1900,0
Guernsey,1901,0
Guernsey,1902,0
Guernsey,1903,0
Guernsey,1904,0
Guernsey,1905,2
Guernsey,1906,4
Guernsey,1907,5
Guernsey,1908,6
Guernsey,1909,8
Guernsey,1910,8
Guernsey,1911,9
Guernsey,1912,11
Guernsey,1913,12
Guernsey,1914,14
Guernsey,1915,14
Guernsey,1916,14
Guernsey,1917,14
Guernsey,1918,14
Guernsey,1919,15
Guernsey,1920,16
Guernsey,1921,17
Guernsey,1922,20
Guernsey,1923,23
Guernsey,1924,23
Guernsey,1925,27
Guernsey,1926,27
Guernsey,1927,28
Guernsey,1928,29
Guernsey,1929,31
Guernsey,1930,32
Guernsey,1931,33
Guernsey,1932,35
Guernsey,1933,36
Guernsey,1934,38
Guernsey,1935,40
Guernsey,1936,41
Guernsey,1937,42
Guernsey,1938,44
Guernsey,1939,44
Guernsey,1940,44
Guernsey,1941,44
Guernsey,1942,44
Guernsey,1943,44
Guernsey,1944,44
Guernsey,1945,44
Guernsey,1946,44
Guernsey,1947,44
Guernsey,1948,45
Guernsey,1949,45
Guernsey,1950,47
Guernsey,1951,48
Guernsey,1952,50
Guernsey,1953,50
Guernsey,1954,52
Guernsey,1955,52
Guernsey,1956,53
Guernsey,1957,54
Guernsey,1958,55
Guernsey,1959,55
Guernsey,1960,56
Guernsey,1961,56
Guernsey,1962,57
Guernsey,1963,57
Guernsey,1964,58
Guernsey,1965,58
Guernsey,1966,60
Guernsey,1967,60
Guernsey,1968,61
Guernsey,1969,62
Guernsey,1970,63
Guernsey,1971,63
Guernsey,1972,65
Guernsey,1973,65
Guernsey,1974,67
Guernsey,1975,68
Guernsey,1976,69
Guernsey,1977,69
Guernsey,1978,71
Guernsey,1979,72
Guernsey,1980,74
Guernsey,1981,74
Guernsey,1982,75
Guernsey,1983,76
Guernsey,1984,77
Guernsey,1985,78
Guernsey,1986,79
Guernsey,1987,79
Guernsey,1988,81
Guernsey,1989,81
Guernsey,1990,82
Guernsey,1991,83
Guernsey,1992,85
Guernsey,1993,86
Guernsey,1994,86
Guernsey,1995,87
Guernsey,1996,88
Guernsey,1997,92
Guernsey,1998,92
Guernsey,1999,96
Guernsey,2000,97
Guernsey,2001,102
Guernsey,2002,102
Guernsey,2003,107
Guernsey,2004,107
Guernsey,2005,112
Guernsey,2006,112
Guernsey,2007,113
Guernsey,2008,113
Guernsey,2009,117
Guernsey,2010,118
Guernsey,2011,123
Guernsey,2012,125
Guernsey,2013,126
Guernsey,2014,128
Guernsey,2015,133
Guernsey,2016,134
Guernsey,2017,137
Guernsey,2018,138
Guernsey,2019,141
Guernsey,2020,141
Guernsey,2021,141
Guernsey,2022,142
Guernsey,2023,145
Guernsey,2024,145
Guernsey,2025,145
Guernsey,2026,145
Guinea,1873,0
Guinea,1874,0
Guinea,1875,0
Guinea,1876,0
Guinea,1877,0
Guinea,1878,0
Guinea,1879,0
Guinea,1880,0
Guinea,1881,0
Guinea,1882,0
Guinea,1883,0
Guinea,1884,0
Guinea,1885,0
Guinea,1886,0
Guinea,1887,0
Guinea,1888,0
Guinea,1889,0
Guinea,1890,0
Guinea,1891,0
Guinea,1892,0
Guinea,1893,0
Guinea,1894,0
Guinea,1895,0
Guinea,1896,0
Guinea,1897,0
Guinea,1898,0
Guinea,1899,0
Guinea,1900,0
Guinea,1901,0
Guinea,1902,0
Guinea,1903,0
Guinea,1904,0
Guinea,1905,0
Guinea,1906,0
Guinea,1907,0
Guinea,1908,0
Guinea,1909,0
Guinea,1910,0
Guinea,1911,0
Guinea,1912,0
Guinea,1913,0
Guinea,1914,0
Guinea,1915,0
Guinea,1916,0
Guinea,1917,0
Guinea,1918,0
Guinea,1919,0
Guinea,1920,0
Guinea,1921,0
Guinea,1922,0
Guinea,1923,0
Guinea,1924,0
Guinea,1925,0
Guinea,1926,0
Guinea,1927,0
Guinea,1928,0
Guinea,1929,0
Guinea,1930,0
Guinea,1931,0
Guinea,1932,0
Guinea,1933,0
Guinea,1934,0
Guinea,1935,0
Guinea,1936,0
Guinea,1937,0
Guinea,1938,0
Guinea,1939,0
Guinea,1940,0
Guinea,1941,0
Guinea,1942,0
Guinea,1943,0
Guinea,1944,0
Guinea,1945,0
Guinea,1946,0
Guinea,1947,0
Guinea,1948,0
Guinea,1949,0
Guinea,1950,0
Guinea,1951,0
Guinea,1952,0
Guinea,1953,0
Guinea,1954,0
Guinea,1955,0
Guinea,1956,0
Guinea,1957,0
Guinea,1958,0
Guinea,1959,0
Guinea,1960,0
Guinea,1961,0
Guinea,1962,0
Guinea,1963,1
Guinea,1964,2
Guinea,1965,5
Guinea,1966,7
Guinea,1967,9
Guinea,1968,12
Guinea,1969,15
Guinea,1970,21
Guinea,1971,26
Guinea,1972,28
Guinea,1973,32
Guinea,1974,33
Guinea,1975,38
Guinea,1976,44
Guinea,1977,51
Guinea,1978,51
Guinea,1979,54
Guinea,1980,58
Guinea,1981,61
Guinea,1982,64
Guinea,1983,65
Guinea,1984,67
Guinea,1985,70
Guinea,1986,72
Guinea,1987,76
Guinea,1988,81
Guinea,1989,84
Guinea,1990,84
Guinea,1991,86
Guinea,1992,87
Guinea,1993,91
Guinea,1994,94
Guinea,1995,98
Guinea,1996,100
Guinea,1997,107
Guinea,1998,109
Guinea,1999,110
Guinea,2000,115
Guinea,2001,116
Guinea,2002,117
Guinea,2003,122
Guinea,2004,126
Guinea,2005,131
Guinea,2006,135
Guinea,2007,139
Guinea,2008,146
Guinea,2009,147
Guinea,2010,150
Guinea,2011,152
Guinea,2012,156
Guinea,2013,158
Guinea,2014,163
Guinea,2015,167
Guinea,2016,169
Guinea,2017,172
Guinea,2018,174
Guinea,2019,176
Guinea,2020,178
Guinea,2021,181
Guinea,2022,184
Guinea,2023,188
Guinea,2024,197
Guinea,2025,200
Guinea,2026,201
Guinea-Bissau,1873,0
Guinea-Bissau,1874,0
Guinea-Bissau,1875,0
Guinea-Bissau,1876,0
Guinea-Bissau,1877,0
Guinea-Bissau,1878,0
Guinea-Bissau,1879,0
Guinea-Bissau,1880,0
Guinea-Bissau,1881,0
Guinea-Bissau,1882,0
Guinea-Bissau,1883,0
Guinea-Bissau,1884,0
Guinea-Bissau,1885,0
Guinea-Bissau,1886,0
Guinea-Bissau,1887,0
Guinea-Bissau,1888,0
Guinea-Bissau,1889,0
Guinea-Bissau,1890,0
Guinea-Bissau,1891,0
Guinea-Bissau,1892,0
Guinea-Bissau,1893,0
Guinea-Bissau,1894,0
Guinea-Bissau,1895,0
Guinea-Bissau,1896,0
Guinea-Bissau,1897,0
Guinea-Bissau,1898,0
Guinea-Bissau,1899,0
Guinea-Bissau,1900,0
Guinea-Bissau,1901,0
Guinea-Bissau,1902,0
Guinea-Bissau,1903,0
Guinea-Bissau,1904,0
Guinea-Bissau,1905,0
Guinea-Bissau,1906,0
Guinea-Bissau,1907,0
Guinea-Bissau,1908,0
Guinea-Bissau,1909,0
Guinea-Bissau,1910,0
Guinea-Bissau,1911,0
Guinea-Bissau,1912,0
Guinea-Bissau,1913,0
Guinea-Bissau,1914,0
Guinea-Bissau,1915,0
Guinea-Bissau,1916,0
Guinea-Bissau,1917,0
Guinea-Bissau,1918,0
Guinea-Bissau,1919,0
Guinea-Bissau,1920,0
Guinea-Bissau,1921,0
Guinea-Bissau,1922,0
Guinea-Bissau,1923,0
Guinea-Bissau,1924,0
Guinea-Bissau,1925,0
Guinea-Bissau,1926,0
Guinea-Bissau,1927,0
Guinea-Bissau,1928,0
Guinea-Bissau,1929,0
Guinea-Bissau,1930,0
Guinea-Bissau,1931,0
Guinea-Bissau,1932,0
Guinea-Bissau,1933,0
Guinea-Bissau,1934,0
Guinea-Bissau,1935,0
Guinea-Bissau,1936,0
Guinea-Bissau,1937,0
Guinea-Bissau,1938,0
Guinea-Bissau,1939,0
Guinea-Bissau,1940,0
Guinea-Bissau,1941,0
Guinea-Bissau,1942,0
Guinea-Bissau,1943,0
Guinea-Bissau,1944,0
Guinea-Bissau,1945,0
Guinea-Bissau,1946,0
Guinea-Bissau,1947,0
Guinea-Bissau,1948,0
Guinea-Bissau,1949,0
Guinea-Bissau,1950,0
Guinea-Bissau,1951,0
Guinea-Bissau,1952,0
Guinea-Bissau,1953,2
Guinea-Bissau,1954,2
Guinea-Bissau,1955,2
Guinea-Bissau,1956,2
Guinea-Bissau,1957,2
Guinea-Bissau,1958,2
Guinea-Bissau,1959,2
Guinea-Bissau,1960,3
Guinea-Bissau,1961,3
Guinea-Bissau,1962,3
Guinea-Bissau,1963,3
Guinea-Bissau,1964,3
Guinea-Bissau,1965,3
Guinea-Bissau,1966,3
Guinea-Bissau,1967,3
Guinea-Bissau,1968,3
Guinea-Bissau,1969,3
Guinea-Bissau,1970,3
Guinea-Bissau,1971,3
Guinea-Bissau,1972,3
Guinea-Bissau,1973,3
Guinea-Bissau,1974,3
Guinea-Bissau,1975,4
Guinea-Bissau,1976,4
Guinea-Bissau,1977,4
Guinea-Bissau,1978,4
Guinea-Bissau,1979,5
Guinea-Bissau,1980,5
Guinea-Bissau,1981,6
Guinea-Bissau,1982,6
Guinea-Bissau,1983,9
Guinea-Bissau,1984,11
Guinea-Bissau,1985,11
Guinea-Bissau,1986,12
Guinea-Bissau,1987,13
Guinea-Bissau,1988,14
Guinea-Bissau,1989,15
Guinea-Bissau,1990,16
Guinea-Bissau,1991,18
Guinea-Bissau,1992,20
Guinea-Bissau,1993,22
Guinea-Bissau,1994,22
Guinea-Bissau,1995,24
Guinea-Bissau,1996,25
Guinea-Bissau,1997,25
Guinea-Bissau,1998,25
Guinea-Bissau,1999,25
Guinea-Bissau,2000,26
Guinea-Bissau,2001,28
Guinea-Bissau,2002,28
Guinea-Bissau,2003,28
Guinea-Bissau,2004,28
Guinea-Bissau,2005,28
Guinea-Bissau,2006,28
Guinea-Bissau,2007,29
Guinea-Bissau,2008,29
Guinea-Bissau,2009,29
Guinea-Bissau,2010,30
Guinea-Bissau,2011,32
Guinea-Bissau,2012,32
Guinea-Bissau,2013,32
Guinea-Bissau,2014,33
Guinea-Bissau,2015,33
Guinea-Bissau,2016,36
Guinea-Bissau,2017,37
Guinea-Bissau,2018,38
Guinea-Bissau,2019,41
Guinea-Bissau,2020,41
Guinea-Bissau,2021,44
Guinea-Bissau,2022,46
Guinea-Bissau,2023,50
Guinea-Bissau,2024,51
Guinea-Bissau,2025,52
Guinea-Bissau,2026,54
Guyana,1873,0
Guyana,1874,0
Guyana,1875,0
Guyana,1876,0
Guyana,1877,0
Guyana,1878,0
Guyana,1879,0
Guyana,1880,0
Guyana,1881,0
Guyana,1882,0
Guyana,1883,0
Guyana,1884,0
Guyana,1885,0
Guyana,1886,0
Guyana,1887,0
Guyana,1888,0
Guyana,1889,0
Guyana,1890,0
Guyana,1891,0
Guyana,1892,0
Guyana,1893,0
Guyana,1894,0
Guyana,1895,0
Guyana,1896,0
Guyana,1897,0
Guyana,1898,0
Guyana,1899,0
Guyana,1900,0
Guyana,1901,0
Guyana,1902,0
Guyana,1903,0
Guyana,1904,0
Guyana,1905,0
Guyana,1906,0
Guyana,1907,0
Guyana,1908,0
Guyana,1909,0
Guyana,1910,0
Guyana,1911,0
Guyana,1912,0
Guyana,1913,0
Guyana,1914,0
Guyana,1915,0
Guyana,1916,0
Guyana,1917,0
Guyana,1918,0
Guyana,1919,0
Guyana,1920,0
Guyana,1921,1
Guyana,1922,1
Guyana,1923,1
Guyana,1924,1
Guyana,1925,1
Guyana,1926,1
Guyana,1927,1
Guyana,1928,1
Guyana,1929,3
Guyana,1930,3
Guyana,1931,6
Guyana,1932,8
Guyana,1933,10
Guyana,1934,10
Guyana,1935,10
Guyana,1936,10
Guyana,1937,10
Guyana,1938,10
Guyana,1939,10
Guyana,1940,10
Guyana,1941,10
Guyana,1942,10
Guyana,1943,11
Guyana,1944,13
Guyana,1945,13
Guyana,1946,14
Guyana,1947,16
Guyana,1948,16
Guyana,1949,16
Guyana,1950,18
Guyana,1951,18
Guyana,1952,18
Guyana,1953,18
Guyana,1954,18
Guyana,1955,18
Guyana,1956,19
Guyana,1957,19
Guyana,1958,19
Guyana,1959,19
Guyana,1960,19
Guyana,1961,19
Guyana,1962,19
Guyana,1963,19
Guyana,1964,19
Guyana,1965,19
Guyana,1966,19
Guyana,1967,19
Guyana,1968,19
Guyana,1969,19
Guyana,1970,19
Guyana,1971,19
Guyana,1972,19
Guyana,1973,21
Guyana,1974,21
Guyana,1975,21
Guyana,1976,22
Guyana,1977,24
Guyana,1978,24
Guyana,1979,24
Guyana,1980,26
Guyana,1981,26
Guyana,1982,26
Guyana,1983,27
Guyana,1984,28
Guyana,1985,30
Guyana,1986,31
Guyana,1987,33
Guyana,1988,33
Guyana,1989,33
Guyana,1990,33
Guyana,1991,35
Guyana,1992,35
Guyana,1993,36
Guyana,1994,36
Guyana,1995,36
Guyana,1996,37
Guyana,1997,38
Guyana,1998,39
Guyana,1999,39
Guyana,2000,39
Guyana,2001,41
Guyana,2002,42
Guyana,2003,42
Guyana,2004,43
Guyana,2005,45
Guyana,2006,55
Guyana,2007,56
Guyana,2008,57
Guyana,2009,59
Guyana,2010,62
Guyana,2011,69
Guyana,2012,74
Guyana,2013,74
Guyana,2014,74
Guyana,2015,75
Guyana,2016,77
Guyana,2017,77
Guyana,2018,79
Guyana,2019,83
Guyana,2020,83
Guyana,2021,84
Guyana,2022,87
Guyana,2023,93
Guyana,2024,97
Guyana,2025,101
Guyana,2026,107
Haiti,1873,0
Haiti,1874,0
Haiti,1875,0
Haiti,1876,0
Haiti,1877,0
Haiti,1878,0
Haiti,1879,0
Haiti,1880,0
Haiti,1881,0
Haiti,1882,0
Haiti,1883,0
Haiti,1884,0
Haiti,1885,0
Haiti,1886,0
Haiti,1887,0
Haiti,1888,0
Haiti,1889,0
Haiti,1890,0
Haiti,1891,0
Haiti,1892,0
Haiti,1893,0
Haiti,1894,0
Haiti,1895,0
Haiti,1896,0
Haiti,1897,0
Haiti,1898,0
Haiti,1899,0
Haiti,1900,0
Haiti,1901,0
Haiti,1902,0
Haiti,1903,0
Haiti,1904,0
Haiti,1905,0
Haiti,1906,0
Haiti,1907,0
Haiti,1908,0
Haiti,1909,0
Haiti,1910,0
Haiti,1911,0
Haiti,1912,0
Haiti,1913,0
Haiti,1914,0
Haiti,1915,0
Haiti,1916,0
Haiti,1917,0
Haiti,1918,0
Haiti,1919,0
Haiti,1920,0
Haiti,1921,0
Haiti,1922,0
Haiti,1923,0
Haiti,1924,0
Haiti,1925,0
Haiti,1926,1
Haiti,1927,1
Haiti,1928,1
Haiti,1929,1
Haiti,1930,1
Haiti,1931,1
Haiti,1932,2
Haiti,1933,2
Haiti,1934,2
Haiti,1935,2
Haiti,1936,2
Haiti,1937,2
Haiti,1938,5
Haiti,1939,7
Haiti,1940,7
Haiti,1941,7
Haiti,1942,7
Haiti,1943,7
Haiti,1944,7
Haiti,1945,7
Haiti,1946,7
Haiti,1947,7
Haiti,1948,8
Haiti,1949,11
Haiti,1950,11
Haiti,1951,12
Haiti,1952,15
Haiti,1953,17
Haiti,1954,17
Haiti,1955,17
Haiti,1956,20
Haiti,1957,22
Haiti,1958,22
Haiti,1959,22
Haiti,1960,22
Haiti,1961,27
Haiti,1962,30
Haiti,1963,31
Haiti,1964,31
Haiti,1965,31
Haiti,1966,35
Haiti,1967,39
Haiti,1968,43
Haiti,1969,47
Haiti,1970,47
Haiti,1971,50
Haiti,1972,55
Haiti,1973,66
Haiti,1974,67
Haiti,1975,70
Haiti,1976,75
Haiti,1977,78
Haiti,1978,80
Haiti,1979,87
Haiti,1980,91
Haiti,1981,91
Haiti,1982,91
Haiti,1983,91
Haiti,1984,93
Haiti,1985,93
Haiti,1986,93
Haiti,1987,93
Haiti,1988,93
Haiti,1989,93
Haiti,1990,93
Haiti,1991,94
Haiti,1992,95
Haiti,1993,95
Haiti,1994,97
Haiti,1995,97
Haiti,1996,100
Haiti,1997,101
Haiti,1998,106
Haiti,1999,112
Haiti,2000,118
Haiti,2001,124
Haiti,2002,127
Haiti,2003,131
Haiti,2004,137
Haiti,2005,138
Haiti,2006,141
Haiti,2007,151
Haiti,2008,156
Haiti,2009,157
Haiti,2010,158
Haiti,2011,162
Haiti,2012,170
Haiti,2013,171
Haiti,2014,173
Haiti,2015,176
Haiti,2016,179
Haiti,2017,181
Haiti,2018,184
Haiti,2019,189
Haiti,2020,189
Haiti,2021,196
Haiti,2022,199
Haiti,2023,202
Haiti,2024,210
Haiti,2025,215
Haiti,2026,219
Hitra,1873,0
Hitra,1874,0
Hitra,1875,0
Hitra,1876,0
Hitra,1877,0
Hitra,1878,0
Hitra,1879,0
Hitra,1880,0
Hitra,1881,0
Hitra,1882,0
Hitra,1883,0
Hitra,1884,0
Hitra,1885,0
Hitra,1886,0
Hitra,1887,0
Hitra,1888,0
Hitra,1889,0
Hitra,1890,0
Hitra,1891,0
Hitra,1892,0
Hitra,1893,0
Hitra,1894,0
Hitra,1895,0
Hitra,1896,0
Hitra,1897,0
Hitra,1898,0
Hitra,1899,0
Hitra,1900,0
Hitra,1901,0
Hitra,1902,0
Hitra,1903,0
Hitra,1904,0
Hitra,1905,0
Hitra,1906,0
Hitra,1907,0
Hitra,1908,0
Hitra,1909,0
Hitra,1910,0
Hitra,1911,0
Hitra,1912,0
Hitra,1913,0
Hitra,1914,0
Hitra,1915,0
Hitra,1916,0
Hitra,1917,0
Hitra,1918,0
Hitra,1919,0
Hitra,1920,0
Hitra,1921,0
Hitra,1922,0
Hitra,1923,0
Hitra,1924,0
Hitra,1925,0
Hitra,1926,0
Hitra,1927,0
Hitra,1928,0
Hitra,1929,0
Hitra,1930,0
Hitra,1931,0
Hitra,1932,0
Hitra,1933,0
Hitra,1934,0
Hitra,1935,0
Hitra,1936,0
Hitra,1937,0
Hitra,1938,0
Hitra,1939,0
Hitra,1940,0
Hitra,1941,0
Hitra,1942,0
Hitra,1943,0
Hitra,1944,0
Hitra,1945,0
Hitra,1946,0
Hitra,1947,0
Hitra,1948,0
Hitra,1949,0
Hitra,1950,0
Hitra,1951,0
Hitra,1952,0
Hitra,1953,0
Hitra,1954,0
Hitra,1955,0
Hitra,1956,0
Hitra,1957,0
Hitra,1958,0
Hitra,1959,0
Hitra,1960,0
Hitra,1961,0
Hitra,1962,0
Hitra,1963,0
Hitra,1964,0
Hitra,1965,0
Hitra,1966,0
Hitra,1967,0
Hitra,1968,0
Hitra,1969,0
Hitra,1970,0
Hitra,1971,0
Hitra,1972,0
Hitra,1973,0
Hitra,1974,0
Hitra,1975,0
Hitra,1976,0
Hitra,1977,0
Hitra,1978,0
Hitra,1979,0
Hitra,1980,0
Hitra,1981,0
Hitra,1982,0
Hitra,1983,0
Hitra,1984,0
Hitra,1985,0
Hitra,1986,0
Hitra,1987,0
Hitra,1988,0
Hitra,1989,0
Hitra,1990,0
Hitra,1991,0
Hitra,1992,0
Hitra,1993,0
Hitra,1994,0
Hitra,1995,0
Hitra,1996,0
Hitra,1997,0
Hitra,1998,0
Hitra,1999,1
Hitra,2000,1
Hitra,2001,1
Hitra,2002,1
Hitra,2003,1
Hitra,2004,1
Hitra,2005,1
Hitra,2006,1
Hitra,2007,1
Hitra,2008,1
Hitra,2009,1
Hitra,2010,1
Hitra,2011,1
Hitra,2012,1
Hitra,2013,1
Hitra,2014,1
Hitra,2015,2
Hitra,2016,2
Hitra,2017,3
Hitra,2018,3
Hitra,2019,4
Hitra,2020,4
Hitra,2021,4
Hitra,2022,4
Hitra,2023,4
Hitra,2024,4
Hitra,2025,6
Hitra,2026,6
Hmong,1873,0
Hmong,1874,0
Hmong,1875,0
Hmong,1876,0
Hmong,1877,0
Hmong,1878,0
Hmong,1879,0
Hmong,1880,0
Hmong,1881,0
Hmong,1882,0
Hmong,1883,0
Hmong,1884,0
Hmong,1885,0
Hmong,1886,0
Hmong,1887,0
Hmong,1888,0
Hmong,1889,0
Hmong,1890,0
Hmong,1891,0
Hmong,1892,0
Hmong,1893,0
Hmong,1894,0
Hmong,1895,0
Hmong,1896,0
Hmong,1897,0
Hmong,1898,0
Hmong,1899,0
Hmong,1900,0
Hmong,1901,0
Hmong,1902,0
Hmong,1903,0
Hmong,1904,0
Hmong,1905,0
Hmong,1906,0
Hmong,1907,0
Hmong,1908,0
Hmong,1909,0
Hmong,1910,0
Hmong,1911,0
Hmong,1912,0
Hmong,1913,0
Hmong,1914,0
Hmong,1915,0
Hmong,1916,0
Hmong,1917,0
Hmong,1918,0
Hmong,1919,0
Hmong,1920,0
Hmong,1921,0
Hmong,1922,0
Hmong,1923,0
Hmong,1924,0
Hmong,1925,0
Hmong,1926,0
Hmong,1927,0
Hmong,1928,0
Hmong,1929,0
Hmong,1930,0
Hmong,1931,0
Hmong,1932,0
Hmong,1933,0
Hmong,1934,0
Hmong,1935,0
Hmong,1936,0
Hmong,1937,0
Hmong,1938,0
Hmong,1939,0
Hmong,1940,0
Hmong,1941,0
Hmong,1942,0
Hmong,1943,0
Hmong,1944,0
Hmong,1945,0
Hmong,1946,0
Hmong,1947,0
Hmong,1948,0
Hmong,1949,0
Hmong,1950,0
Hmong,1951,0
Hmong,1952,0
Hmong,1953,0
Hmong,1954,0
Hmong,1955,0
Hmong,1956,0
Hmong,1957,0
Hmong,1958,0
Hmong,1959,0
Hmong,1960,0
Hmong,1961,0
Hmong,1962,0
Hmong,1963,0
Hmong,1964,0
Hmong,1965,0
Hmong,1966,0
Hmong,1967,0
Hmong,1968,0
Hmong,1969,0
Hmong,1970,0
Hmong,1971,0
Hmong,1972,0
Hmong,1973,0
Hmong,1974,0
Hmong,1975,0
Hmong,1976,0
Hmong,1977,0
Hmong,1978,0
Hmong,1979,0
Hmong,1980,0
Hmong,1981,0
Hmong,1982,0
Hmong,1983,0
Hmong,1984,0
Hmong,1985,0
Hmong,1986,0
Hmong,1987,0
Hmong,1988,0
Hmong,1989,0
Hmong,1990,0
Hmong,1991,0
Hmong,1992,0
Hmong,1993,0
Hmong,1994,0
Hmong,1995,0
Hmong,1996,0
Hmong,1997,0
Hmong,1998,0
Hmong,1999,0
Hmong,2000,0
Hmong,2001,0
Hmong,2002,0
Hmong,2003,0
Hmong,2004,0
Hmong,2005,0
Hmong,2006,0
Hmong,2007,0
Hmong,2008,0
Hmong,2009,0
Hmong,2010,0
Hmong,2011,0
Hmong,2012,0
Hmong,2013,0
Hmong,2014,0
Hmong,2015,0
Hmong,2016,0
Hmong,2017,0
Hmong,2018,0
Hmong,2019,0
Hmong,2020,0
Hmong,2021,0
Hmong,2022,0
Hmong,2023,1
Hmong,2024,1
Hmong,2025,1
Hmong,2026,1
Honduras,1873,0
Honduras,1874,0
Honduras,1875,0
Honduras,1876,0
Honduras,1877,0
Honduras,1878,0
Honduras,1879,0
Honduras,1880,0
Honduras,1881,0
Honduras,1882,0
Honduras,1883,0
Honduras,1884,0
Honduras,1885,0
Honduras,1886,0
Honduras,1887,0
Honduras,1888,0
Honduras,1889,0
Honduras,1890,0
Honduras,1891,0
Honduras,1892,0
Honduras,1893,0
Honduras,1894,0
Honduras,1895,0
Honduras,1896,0
Honduras,1897,0
Honduras,1898,0
Honduras,1899,0
Honduras,1900,0
Honduras,1901,0
Honduras,1902,0
Honduras,1903,0
Honduras,1904,0
Honduras,1905,0
Honduras,1906,0
Honduras,1907,0
Honduras,1908,0
Honduras,1909,0
Honduras,1910,0
Honduras,1911,0
Honduras,1912,0
Honduras,1913,0
Honduras,1914,0
Honduras,1915,0
Honduras,1916,0
Honduras,1917,0
Honduras,1918,0
Honduras,1919,0
Honduras,1920,0
Honduras,1921,0
Honduras,1922,0
Honduras,1923,0
Honduras,1924,0
Honduras,1925,0
Honduras,1926,0
Honduras,1927,1
Honduras,1928,1
Honduras,1929,1
Honduras,1930,3
Honduras,1931,3
Honduras,1932,3
Honduras,1933,3
Honduras,1934,3
Honduras,1935,4
Honduras,1936,4
Honduras,1937,4
Honduras,1938,4
Honduras,1939,4
Honduras,1940,4
Honduras,1941,4
Honduras,1942,4
Honduras,1943,4
Honduras,1944,4
Honduras,1945,4
Honduras,1946,6
Honduras,1947,6
Honduras,1948,6
Honduras,1949,6
Honduras,1950,6
Honduras,1951,6
Honduras,1952,6
Honduras,1953,10
Honduras,1954,10
Honduras,1955,12
Honduras,1956,12
Honduras,1957,13
Honduras,1958,13
Honduras,1959,13
Honduras,1960,14
Honduras,1961,16
Honduras,1962,16
Honduras,1963,20
Honduras,1964,20
Honduras,1965,20
Honduras,1966,20
Honduras,1967,22
Honduras,1968,25
Honduras,1969,26
Honduras,1970,27
Honduras,1971,28
Honduras,1972,29
Honduras,1973,30
Honduras,1974,30
Honduras,1975,30
Honduras,1976,30
Honduras,1977,31
Honduras,1978,31
Honduras,1979,31
Honduras,1980,40
Honduras,1981,43
Honduras,1982,44
Honduras,1983,47
Honduras,1984,51
Honduras,1985,55
Honduras,1986,56
Honduras,1987,58
Honduras,1988,58
Honduras,1989,58
Honduras,1990,58
Honduras,1991,63
Honduras,1992,73
Honduras,1993,79
Honduras,1994,80
Honduras,1995,83
Honduras,1996,91
Honduras,1997,93
Honduras,1998,95
Honduras,1999,102
Honduras,2000,117
Honduras,2001,126
Honduras,2002,128
Honduras,2003,132
Honduras,2004,136
Honduras,2005,143
Honduras,2006,147
Honduras,2007,156
Honduras,2008,165
Honduras,2009,180
Honduras,2010,183
Honduras,2011,190
Honduras,2012,194
Honduras,2013,202
Honduras,2014,202
Honduras,2015,206
Honduras,2016,211
Honduras,2017,217
Honduras,2018,218
Honduras,2019,224
Honduras,2020,224
Honduras,2021,226
Honduras,2022,229
Honduras,2023,234
Honduras,2024,239
Honduras,2025,247
Honduras,2026,248
Hong Kong,1873,0
Hong Kong,1874,0
Hong Kong,1875,0
Hong Kong,1876,0
Hong Kong,1877,0
Hong Kong,1878,0
Hong Kong,1879,0
Hong Kong,1880,0
Hong Kong,1881,0
Hong Kong,1882,0
Hong Kong,1883,0
Hong Kong,1884,0
Hong Kong,1885,0
Hong Kong,1886,0
Hong Kong,1887,0
Hong Kong,1888,0
Hong Kong,1889,0
Hong Kong,1890,0
Hong Kong,1891,0
Hong Kong,1892,0
Hong Kong,1893,0
Hong Kong,1894,0
Hong Kong,1895,0
Hong Kong,1896,0
Hong Kong,1897,0
Hong Kong,1898,0
Hong Kong,1899,0
Hong Kong,1900,0
Hong Kong,1901,0
Hong Kong,1902,0
Hong Kong,1903,0
Hong Kong,1904,0
Hong Kong,1905,0
Hong Kong,1906,0
Hong Kong,1907,0
Hong Kong,1908,0
Hong Kong,1909,0
Hong Kong,1910,0
Hong Kong,1911,0
Hong Kong,1912,0
Hong Kong,1913,0
Hong Kong,1914,0
Hong Kong,1915,0
Hong Kong,1916,0
Hong Kong,1917,0
Hong Kong,1918,0
Hong Kong,1919,0
Hong Kong,1920,0
Hong Kong,1921,0
Hong Kong,1922,0
Hong Kong,1923,0
Hong Kong,1924,0
Hong Kong,1925,0
Hong Kong,1926,0
Hong Kong,1927,0
Hong Kong,1928,0
Hong Kong,1929,0
Hong Kong,1930,0
Hong Kong,1931,0
Hong Kong,1932,0
Hong Kong,1933,0
Hong Kong,1934,0
Hong Kong,1935,0
Hong Kong,1936,0
Hong Kong,1937,0
Hong Kong,1938,0
Hong Kong,1939,0
Hong Kong,1940,0
Hong Kong,1941,0
Hong Kong,1942,0
Hong Kong,1943,0
Hong Kong,1944,0
Hong Kong,1945,0
Hong Kong,1946,0
Hong Kong,1947,0
Hong Kong,1948,0
Hong Kong,1949,0
Hong Kong,1950,0
Hong Kong,1951,0
Hong Kong,1952,0
Hong Kong,1953,1
Hong Kong,1954,2
Hong Kong,1955,2
Hong Kong,1956,2
Hong Kong,1957,2
Hong Kong,1958,7
Hong Kong,1959,8
Hong Kong,1960,8
Hong Kong,1961,9
Hong Kong,1962,10
Hong Kong,1963,12
Hong Kong,1964,12
Hong Kong,1965,14
Hong Kong,1966,14
Hong Kong,1967,18
Hong Kong,1968,18
Hong Kong,1969,18
Hong Kong,1970,23
Hong Kong,1971,26
Hong Kong,1972,31
Hong Kong,1973,34
Hong Kong,1974,36
Hong Kong,1975,39
Hong Kong,1976,40
Hong Kong,1977,46
Hong Kong,1978,47
Hong Kong,1979,47
Hong Kong,1980,49
Hong Kong,1981,50
Hong Kong,1982,50
Hong Kong,1983,51
Hong Kong,1984,52
Hong Kong,1985,59
Hong Kong,1986,60
Hong Kong,1987,61
Hong Kong,1988,62
Hong Kong,1989,63
Hong Kong,1990,64
Hong Kong,1991,65
Hong Kong,1992,65
Hong Kong,1993,67
Hong Kong,1994,68
Hong Kong,1995,68
Hong Kong,1996,70
Hong Kong,1997,71
Hong Kong,1998,71
Hong Kong,1999,74
Hong Kong,2000,76
Hong Kong,2001,77
Hong Kong,2002,77
Hong Kong,2003,83
Hong Kong,2004,85
Hong Kong,2005,88
Hong Kong,2006,90
Hong Kong,2007,94
Hong Kong,2008,96
Hong Kong,2009,98
Hong Kong,2010,99
Hong Kong,2011,101
Hong Kong,2012,105
Hong Kong,2013,107
Hong Kong,2014,108
Hong Kong,2015,115
Hong Kong,2016,120
Hong Kong,2017,122
Hong Kong,2018,124
Hong Kong,2019,125
Hong Kong,2020,125
Hong Kong,2021,125
Hong Kong,2022,128
Hong Kong,2023,130
Hong Kong,2024,138
Hong Kong,2025,142
Hong Kong,2026,146
Hungary,1873,0
Hungary,1874,0
Hungary,1875,0
Hungary,1876,0
Hungary,1877,0
Hungary,1878,0
Hungary,1879,0
Hungary,1880,0
Hungary,1881,0
Hungary,1882,0
Hungary,1883,0
Hungary,1884,0
Hungary,1885,0
Hungary,1886,0
Hungary,1887,0
Hungary,1888,0
Hungary,1889,0
Hungary,1890,0
Hungary,1891,0
Hungary,1892,0
Hungary,1893,0
Hungary,1894,0
Hungary,1895,0
Hungary,1896,0
Hungary,1897,0
Hungary,1898,0
Hungary,1899,0
Hungary,1900,0
Hungary,1901,0
Hungary,1902,0
Hungary,1903,2
Hungary,1904,3
Hungary,1905,3
Hungary,1906,4
Hungary,1907,6
Hungary,1908,8
Hungary,1909,9
Hungary,1910,11
Hungary,1911,16
Hungary,1912,22
Hungary,1913,25
Hungary,1914,27
Hungary,1915,29
Hungary,1916,30
Hungary,1917,34
Hungary,1918,38
Hungary,1919,40
Hungary,1920,40
Hungary,1921,43
Hungary,1922,45
Hungary,1923,49
Hungary,1924,54
Hungary,1925,56
Hungary,1926,61
Hungary,1927,64
Hungary,1928,66
Hungary,1929,68
Hungary,1930,71
Hungary,1931,74
Hungary,1932,77
Hungary,1933,80
Hungary,1934,86
Hungary,1935,89
Hungary,1936,94
Hungary,1937,98
Hungary,1938,104
Hungary,1939,106
Hungary,1940,109
Hungary,1941,110
Hungary,1942,111
Hungary,1943,115
Hungary,1944,115
Hungary,1945,118
Hungary,1946,120
Hungary,1947,125
Hungary,1948,131
Hungary,1949,136
Hungary,1950,140
Hungary,1951,143
Hungary,1952,148
Hungary,1953,153
Hungary,1954,165
Hungary,1955,175
Hungary,1956,181
Hungary,1957,185
Hungary,1958,190
Hungary,1959,196
Hungary,1960,199
Hungary,1961,205
Hungary,1962,213
Hungary,1963,216
Hungary,1964,221
Hungary,1965,225
Hungary,1966,231
Hungary,1967,239
Hungary,1968,240
Hungary,1969,245
Hungary,1970,248
Hungary,1971,254
Hungary,1972,256
Hungary,1973,256
Hungary,1974,260
Hungary,1975,263
Hungary,1976,269
Hungary,1977,278
Hungary,1978,280
Hungary,1979,283
Hungary,1980,287
Hungary,1981,292
Hungary,1982,296
Hungary,1983,300
Hungary,1984,306
Hungary,1985,312
Hungary,1986,315
Hungary,1987,319
Hungary,1988,323
Hungary,1989,325
Hungary,1990,330
Hungary,1991,334
Hungary,1992,339
Hungary,1993,342
Hungary,1994,342
Hungary,1995,345
Hungary,1996,348
Hungary,1997,351
Hungary,1998,357
Hungary,1999,359
Hungary,2000,363
Hungary,2001,365
Hungary,2002,368
Hungary,2003,371
Hungary,2004,379
Hungary,2005,382
Hungary,2006,386
Hungary,2007,392
Hungary,2008,396
Hungary,2009,399
Hungary,2010,403
Hungary,2011,410
Hungary,2012,414
Hungary,2013,417
Hungary,2014,421
Hungary,2015,426
Hungary,2016,429
Hungary,2017,432
Hungary,2018,435
Hungary,2019,439
Hungary,2020,444
Hungary,2021,450
Hungary,2022,455
Hungary,2023,461
Hungary,2024,466
Hungary,2025,469
Hungary,2026,474
Iceland,1873,0
Iceland,1874,0
Iceland,1875,0
Iceland,1876,0
Iceland,1877,0
Iceland,1878,0
Iceland,1879,0
Iceland,1880,0
Iceland,1881,0
Iceland,1882,0
Iceland,1883,0
Iceland,1884,0
Iceland,1885,0
Iceland,1886,0
Iceland,1887,0
Iceland,1888,0
Iceland,1889,0
Iceland,1890,0
Iceland,1891,0
Iceland,1892,0
Iceland,1893,0
Iceland,1894,0
Iceland,1895,0
Iceland,1896,0
Iceland,1897,0
Iceland,1898,0
Iceland,1899,0
Iceland,1900,0
Iceland,1901,0
Iceland,1902,0
Iceland,1903,0
Iceland,1904,0
Iceland,1905,0
Iceland,1906,0
Iceland,1907,0
Iceland,1908,0
Iceland,1909,0
Iceland,1910,0
Iceland,1911,0
Iceland,1912,0
Iceland,1913,0
Iceland,1914,0
Iceland,1915,0
Iceland,1916,0
Iceland,1917,0
Iceland,1918,0
Iceland,1919,0
Iceland,1920,0
Iceland,1921,0
Iceland,1922,0
Iceland,1923,0
Iceland,1924,0
Iceland,1925,0
Iceland,1926,0
Iceland,1927,0
Iceland,1928,0
Iceland,1929,0
Iceland,1930,0
Iceland,1931,0
Iceland,1932,0
Iceland,1933,0
Iceland,1934,0
Iceland,1935,0
Iceland,1936,0
Iceland,1937,0
Iceland,1938,0
Iceland,1939,0
Iceland,1940,0
Iceland,1941,0
Iceland,1942,0
Iceland,1943,0
Iceland,1944,0
Iceland,1945,0
Iceland,1946,0
Iceland,1947,0
Iceland,1948,1
Iceland,1949,1
Iceland,1950,1
Iceland,1951,2
Iceland,1952,2
Iceland,1953,2
Iceland,1954,3
Iceland,1955,4
Iceland,1956,4
Iceland,1957,4
Iceland,1958,4
Iceland,1959,4
Iceland,1960,4
Iceland,1961,4
Iceland,1962,4
Iceland,1963,4
Iceland,1964,5
Iceland,1965,5
Iceland,1966,5
Iceland,1967,5
Iceland,1968,5
Iceland,1969,6
Iceland,1970,7
Iceland,1971,7
Iceland,1972,8
Iceland,1973,9
Iceland,1974,10
Iceland,1975,12
Iceland,1976,15
Iceland,1977,17
Iceland,1978,17
Iceland,1979,17
Iceland,1980,20
Iceland,1981,22
Iceland,1982,24
Iceland,1983,26
Iceland,1984,29
Iceland,1985,31
Iceland,1986,32
Iceland,1987,35
Iceland,1988,36
Iceland,1989,37
Iceland,1990,41
Iceland,1991,44
Iceland,1992,46
Iceland,1993,48
Iceland,1994,53
Iceland,1995,55
Iceland,1996,59
Iceland,1997,62
Iceland,1998,64
Iceland,1999,70
Iceland,2000,75
Iceland,2001,79
Iceland,2002,81
Iceland,2003,84
Iceland,2004,85
Iceland,2005,87
Iceland,2006,88
Iceland,2007,89
Iceland,2008,94
Iceland,2009,97
Iceland,2010,99
Iceland,2011,100
Iceland,2012,104
Iceland,2013,108
Iceland,2014,112
Iceland,2015,116
Iceland,2016,124
Iceland,2017,131
Iceland,2018,133
Iceland,2019,139
Iceland,2020,142
Iceland,2021,145
Iceland,2022,147
Iceland,2023,150
Iceland,2024,156
Iceland,2025,159
Iceland,2026,161
India,1873,0
India,1874,0
India,1875,0
India,1876,0
India,1877,0
India,1878,0
India,1879,0
India,1880,0
India,1881,0
India,1882,0
India,1883,0
India,1884,0
India,1885,0
India,1886,0
India,1887,0
India,1888,0
India,1889,0
India,1890,0
India,1891,0
India,1892,0
India,1893,0
India,1894,0
India,1895,0
India,1896,0
India,1897,0
India,1898,0
India,1899,0
India,1900,0
India,1901,0
India,1902,0
India,1903,0
India,1904,0
India,1905,0
India,1906,0
India,1907,0
India,1908,0
India,1909,0
India,1910,0
India,1911,0
India,1912,0
India,1913,0
India,1914,0
India,1915,0
India,1916,0
India,1917,0
India,1918,0
India,1919,0
India,1920,0
India,1921,0
India,1922,0
India,1923,0
India,1924,0
India,1925,0
India,1926,0
India,1927,0
India,1928,0
India,1929,0
India,1930,0
India,1931,0
India,1932,0
India,1933,0
India,1934,0
India,1935,0
India,1936,0
India,1937,0
India,1938,1
India,1939,1
India,1940,1
India,1941,2
India,1942,2
India,1943,2
India,1944,2
India,1945,2
India,1946,2
India,1947,2
India,1948,2
India,1949,2
India,1950,2
India,1951,5
India,1952,7
India,1953,9
India,1954,11
India,1955,13
India,1956,14
India,1957,16
India,1958,18
India,1959,21
India,1960,21
India,1961,22
India,1962,26
India,1963,26
India,1964,31
India,1965,34
India,1966,40
India,1967,42
India,1968,44
India,1969,46
India,1970,54
India,1971,57
India,1972,57
India,1973,61
India,1974,62
India,1975,62
India,1976,63
India,1977,65
India,1978,66
India,1979,66
India,1980,66
India,1981,68
India,1982,70
India,1983,70
India,1984,74
India,1985,78
India,1986,79
India,1987,81
India,1988,81
India,1989,83
India,1990,83
India,1991,84
India,1992,84
India,1993,86
India,1994,87
India,1995,91
India,1996,92
India,1997,95
India,1998,96
India,1999,104
India,2000,105
India,2001,108
India,2002,108
India,2003,112
India,2004,115
India,2005,120
India,2006,120
India,2007,124
India,2008,133
India,2009,135
India,2010,137
India,2011,145
India,2012,147
India,2013,152
India,2014,152
India,2015,157
India,2016,162
India,2017,169
India,2018,175
India,2019,176
India,2020,176
India,2021,181
India,2022,184
India,2023,192
India,2024,192
India,2025,193
India,2026,193
Indonesia,1873,0
Indonesia,1874,0
Indonesia,1875,0
Indonesia,1876,0
Indonesia,1877,0
Indonesia,1878,0
Indonesia,1879,0
Indonesia,1880,0
Indonesia,1881,0
Indonesia,1882,0
Indonesia,1883,0
Indonesia,1884,0
Indonesia,1885,0
Indonesia,1886,0
Indonesia,1887,0
Indonesia,1888,0
Indonesia,1889,0
Indonesia,1890,0
Indonesia,1891,0
Indonesia,1892,0
Indonesia,1893,0
Indonesia,1894,0
Indonesia,1895,0
Indonesia,1896,0
Indonesia,1897,0
Indonesia,1898,0
Indonesia,1899,0
Indonesia,1900,0
Indonesia,1901,0
Indonesia,1902,0
Indonesia,1903,0
Indonesia,1904,0
Indonesia,1905,0
Indonesia,1906,0
Indonesia,1907,0
Indonesia,1908,0
Indonesia,1909,0
Indonesia,1910,0
Indonesia,1911,0
Indonesia,1912,0
Indonesia,1913,0
Indonesia,1914,0
Indonesia,1915,0
Indonesia,1916,0
Indonesia,1917,0
Indonesia,1918,0
Indonesia,1919,0
Indonesia,1920,0
Indonesia,1921,0
Indonesia,1922,0
Indonesia,1923,0
Indonesia,1924,0
Indonesia,1925,0
Indonesia,1926,0
Indonesia,1927,0
Indonesia,1928,0
Indonesia,1929,0
Indonesia,1930,0
Indonesia,1931,0
Indonesia,1932,0
Indonesia,1933,0
Indonesia,1934,1
Indonesia,1935,1
Indonesia,1936,1
Indonesia,1937,1
Indonesia,1938,1
Indonesia,1939,1
Indonesia,1940,1
Indonesia,1941,1
Indonesia,1942,1
Indonesia,1943,1
Indonesia,1944,1
Indonesia,1945,1
Indonesia,1946,1
Indonesia,1947,1
Indonesia,1948,1
Indonesia,1949,1
Indonesia,1950,1
Indonesia,1951,1
Indonesia,1952,1
Indonesia,1953,1
Indonesia,1954,3
Indonesia,1955,3
Indonesia,1956,4
Indonesia,1957,7
Indonesia,1958,17
Indonesia,1959,17
Indonesia,1960,22
Indonesia,1961,26
Indonesia,1962,35
Indonesia,1963,37
Indonesia,1964,39
Indonesia,1965,41
Indonesia,1966,43
Indonesia,1967,47
Indonesia,1968,56
Indonesia,1969,63
Indonesia,1970,73
Indonesia,1971,87
Indonesia,1972,97
Indonesia,1973,99
Indonesia,1974,102
Indonesia,1975,109
Indonesia,1976,109
Indonesia,1977,112
Indonesia,1978,116
Indonesia,1979,119
Indonesia,1980,122
Indonesia,1981,130
Indonesia,1982,131
Indonesia,1983,132
Indonesia,1984,135
Indonesia,1985,139
Indonesia,1986,140
Indonesia,1987,142
Indonesia,1988,145
Indonesia,1989,149
Indonesia,1990,150
Indonesia,1991,154
Indonesia,1992,155
Indonesia,1993,158
Indonesia,1994,158
Indonesia,1995,160
Indonesia,1996,164
Indonesia,1997,172
Indonesia,1998,174
Indonesia,1999,180
Indonesia,2000,186
Indonesia,2001,190
Indonesia,2002,193
Indonesia,2003,196
Indonesia,2004,202
Indonesia,2005,203
Indonesia,2006,204
Indonesia,2007,208
Indonesia,2008,215
Indonesia,2009,215
Indonesia,2010,224
Indonesia,2011,226
Indonesia,2012,229
Indonesia,2013,231
Indonesia,2014,237
Indonesia,2015,238
Indonesia,2016,242
Indonesia,2017,246
Indonesia,2018,249
Indonesia,2019,251
Indonesia,2020,251
Indonesia,2021,258
Indonesia,2022,266
Indonesia,2023,271
Indonesia,2024,277
Indonesia,2025,280
Indonesia,2026,287
Iran,1873,0
Iran,1874,0
Iran,1875,0
Iran,1876,0
Iran,1877,0
Iran,1878,0
Iran,1879,0
Iran,1880,0
Iran,1881,0
Iran,1882,0
Iran,1883,0
Iran,1884,0
Iran,1885,0
Iran,1886,0
Iran,1887,0
Iran,1888,0
Iran,1889,0
Iran,1890,0
Iran,1891,0
Iran,1892,0
Iran,1893,0
Iran,1894,0
Iran,1895,0
Iran,1896,0
Iran,1897,0
Iran,1898,0
Iran,1899,0
Iran,1900,0
Iran,1901,0
Iran,1902,0
Iran,1903,0
Iran,1904,0
Iran,1905,0
Iran,1906,0
Iran,1907,0
Iran,1908,0
Iran,1909,0
Iran,1910,0
Iran,1911,0
Iran,1912,0
Iran,1913,0
Iran,1914,0
Iran,1915,0
Iran,1916,0
Iran,1917,0
Iran,1918,0
Iran,1919,0
Iran,1920,0
Iran,1921,0
Iran,1922,0
Iran,1923,0
Iran,1924,0
Iran,1925,0
Iran,1926,0
Iran,1927,0
Iran,1928,0
Iran,1929,0
Iran,1930,0
Iran,1931,0
Iran,1932,0
Iran,1933,0
Iran,1934,0
Iran,1935,0
Iran,1936,0
Iran,1937,0
Iran,1938,0
Iran,1939,0
Iran,1940,0
Iran,1941,1
Iran,1942,1
Iran,1943,1
Iran,1944,1
Iran,1945,1
Iran,1946,1
Iran,1947,1
Iran,1948,1
Iran,1949,1
Iran,1950,2
Iran,1951,4
Iran,1952,4
Iran,1953,4
Iran,1954,4
Iran,1955,4
Iran,1956,4
Iran,1957,4
Iran,1958,4
Iran,1959,5
Iran,1960,5
Iran,1961,5
Iran,1962,5
Iran,1963,5
Iran,1964,5
Iran,1965,7
Iran,1966,11
Iran,1967,11
Iran,1968,15
Iran,1969,18
Iran,1970,19
Iran,1971,20
Iran,1972,25
Iran,1973,30
Iran,1974,38
Iran,1975,38
Iran,1976,42
Iran,1977,51
Iran,1978,52
Iran,1979,52
Iran,1980,57
Iran,1981,57
Iran,1982,64
Iran,1983,64
Iran,1984,72
Iran,1985,73
Iran,1986,79
Iran,1987,79
Iran,1988,83
Iran,1989,89
Iran,1990,93
Iran,1991,93
Iran,1992,96
Iran,1993,105
Iran,1994,106
Iran,1995,106
Iran,1996,119
Iran,1997,130
Iran,1998,139
Iran,1999,141
Iran,2000,156
Iran,2001,167
Iran,2002,171
Iran,2003,177
Iran,2004,190
Iran,2005,198
Iran,2006,204
Iran,2007,211
Iran,2008,223
Iran,2009,231
Iran,2010,239
Iran,2011,251
Iran,2012,257
Iran,2013,264
Iran,2014,267
Iran,2015,277
Iran,2016,285
Iran,2017,292
Iran,2018,301
Iran,2019,308
Iran,2020,310
Iran,2021,320
Iran,2022,326
Iran,2023,335
Iran,2024,349
Iran,2025,352
Iran,2026,355
Iraq,1873,0
Iraq,1874,0
Iraq,1875,0
Iraq,1876,0
Iraq,1877,0
Iraq,1878,0
Iraq,1879,0
Iraq,1880,0
Iraq,1881,0
Iraq,1882,0
Iraq,1883,0
Iraq,1884,0
Iraq,1885,0
Iraq,1886,0
Iraq,1887,0
Iraq,1888,0
Iraq,1889,0
Iraq,1890,0
Iraq,1891,0
Iraq,1892,0
Iraq,1893,0
Iraq,1894,0
Iraq,1895,0
Iraq,1896,0
Iraq,1897,0
Iraq,1898,0
Iraq,1899,0
Iraq,1900,0
Iraq,1901,0
Iraq,1902,0
Iraq,1903,0
Iraq,1904,0
Iraq,1905,0
Iraq,1906,0
Iraq,1907,0
Iraq,1908,0
Iraq,1909,0
Iraq,1910,0
Iraq,1911,0
Iraq,1912,0
Iraq,1913,0
Iraq,1914,0
Iraq,1915,0
Iraq,1916,0
Iraq,1917,0
Iraq,1918,0
Iraq,1919,0
Iraq,1920,0
Iraq,1921,0
Iraq,1922,0
Iraq,1923,0
Iraq,1924,0
Iraq,1925,0
Iraq,1926,0
Iraq,1927,0
Iraq,1928,0
Iraq,1929,0
Iraq,1930,0
Iraq,1931,0
Iraq,1932,0
Iraq,1933,0
Iraq,1934,0
Iraq,1935,0
Iraq,1936,0
Iraq,1937,0
Iraq,1938,0
Iraq,1939,0
Iraq,1940,0
Iraq,1941,0
Iraq,1942,0
Iraq,1943,0
Iraq,1944,0
Iraq,1945,0
Iraq,1946,0
Iraq,1947,0
Iraq,1948,0
Iraq,1949,0
Iraq,1950,0
Iraq,1951,0
Iraq,1952,0
Iraq,1953,0
Iraq,1954,0
Iraq,1955,0
Iraq,1956,0
Iraq,1957,0
Iraq,1958,0
Iraq,1959,0
Iraq,1960,1
Iraq,1961,1
Iraq,1962,1
Iraq,1963,1
Iraq,1964,3
Iraq,1965,3
Iraq,1966,9
Iraq,1967,10
Iraq,1968,10
Iraq,1969,10
Iraq,1970,10
Iraq,1971,17
Iraq,1972,20
Iraq,1973,25
Iraq,1974,29
Iraq,1975,37
Iraq,1976,44
Iraq,1977,47
Iraq,1978,59
Iraq,1979,68
Iraq,1980,69
Iraq,1981,78
Iraq,1982,84
Iraq,1983,85
Iraq,1984,90
Iraq,1985,99
Iraq,1986,103
Iraq,1987,105
Iraq,1988,111
Iraq,1989,117
Iraq,1990,118
Iraq,1991,118
Iraq,1992,121
Iraq,1993,128
Iraq,1994,128
Iraq,1995,131
Iraq,1996,136
Iraq,1997,142
Iraq,1998,142
Iraq,1999,147
Iraq,2000,155
Iraq,2001,161
Iraq,2002,168
Iraq,2003,174
Iraq,2004,181
Iraq,2005,185
Iraq,2006,191
Iraq,2007,198
Iraq,2008,201
Iraq,2009,205
Iraq,2010,213
Iraq,2011,222
Iraq,2012,229
Iraq,2013,236
Iraq,2014,238
Iraq,2015,245
Iraq,2016,247
Iraq,2017,254
Iraq,2018,258
Iraq,2019,270
Iraq,2020,271
Iraq,2021,276
Iraq,2022,281
Iraq,2023,287
Iraq,2024,298
Iraq,2025,305
Iraq,2026,308
Iraqi Kurdistan,1873,0
Iraqi Kurdistan,1874,0
Iraqi Kurdistan,1875,0
Iraqi Kurdistan,1876,0
Iraqi Kurdistan,1877,0
Iraqi Kurdistan,1878,0
Iraqi Kurdistan,1879,0
Iraqi Kurdistan,1880,0
Iraqi Kurdistan,1881,0
Iraqi Kurdistan,1882,0
Iraqi Kurdistan,1883,0
Iraqi Kurdistan,1884,0
Iraqi Kurdistan,1885,0
Iraqi Kurdistan,1886,0
Iraqi Kurdistan,1887,0
Iraqi Kurdistan,1888,0
Iraqi Kurdistan,1889,0
Iraqi Kurdistan,1890,0
Iraqi Kurdistan,1891,0
Iraqi Kurdistan,1892,0
Iraqi Kurdistan,1893,0
Iraqi Kurdistan,1894,0
Iraqi Kurdistan,1895,0
Iraqi Kurdistan,1896,0
Iraqi Kurdistan,1897,0
Iraqi Kurdistan,1898,0
Iraqi Kurdistan,1899,0
Iraqi Kurdistan,1900,0
Iraqi Kurdistan,1901,0
Iraqi Kurdistan,1902,0
Iraqi Kurdistan,1903,0
Iraqi Kurdistan,1904,0
Iraqi Kurdistan,1905,0
Iraqi Kurdistan,1906,0
Iraqi Kurdistan,1907,0
Iraqi Kurdistan,1908,0
Iraqi Kurdistan,1909,0
Iraqi Kurdistan,1910,0
Iraqi Kurdistan,1911,0
Iraqi Kurdistan,1912,0
Iraqi Kurdistan,1913,0
Iraqi Kurdistan,1914,0
Iraqi Kurdistan,1915,0
Iraqi Kurdistan,1916,0
Iraqi Kurdistan,1917,0
Iraqi Kurdistan,1918,0
Iraqi Kurdistan,1919,0
Iraqi Kurdistan,1920,0
Iraqi Kurdistan,1921,0
Iraqi Kurdistan,1922,0
Iraqi Kurdistan,1923,0
Iraqi Kurdistan,1924,0
Iraqi Kurdistan,1925,0
Iraqi Kurdistan,1926,0
Iraqi Kurdistan,1927,0
Iraqi Kurdistan,1928,0
Iraqi Kurdistan,1929,0
Iraqi Kurdistan,1930,0
Iraqi Kurdistan,1931,0
Iraqi Kurdistan,1932,0
Iraqi Kurdistan,1933,0
Iraqi Kurdistan,1934,0
Iraqi Kurdistan,1935,0
Iraqi Kurdistan,1936,0
Iraqi Kurdistan,1937,0
Iraqi Kurdistan,1938,0
Iraqi Kurdistan,1939,0
Iraqi Kurdistan,1940,0
Iraqi Kurdistan,1941,0
Iraqi Kurdistan,1942,0
Iraqi Kurdistan,1943,0
Iraqi Kurdistan,1944,0
Iraqi Kurdistan,1945,0
Iraqi Kurdistan,1946,0
Iraqi Kurdistan,1947,0
Iraqi Kurdistan,1948,0
Iraqi Kurdistan,1949,0
Iraqi Kurdistan,1950,0
Iraqi Kurdistan,1951,0
Iraqi Kurdistan,1952,0
Iraqi Kurdistan,1953,0
Iraqi Kurdistan,1954,0
Iraqi Kurdistan,1955,0
Iraqi Kurdistan,1956,0
Iraqi Kurdistan,1957,0
Iraqi Kurdistan,1958,0
Iraqi Kurdistan,1959,0
Iraqi Kurdistan,1960,0
Iraqi Kurdistan,1961,0
Iraqi Kurdistan,1962,0
Iraqi Kurdistan,1963,0
Iraqi Kurdistan,1964,0
Iraqi Kurdistan,1965,0
Iraqi Kurdistan,1966,0
Iraqi Kurdistan,1967,0
Iraqi Kurdistan,1968,0
Iraqi Kurdistan,1969,0
Iraqi Kurdistan,1970,0
Iraqi Kurdistan,1971,0
Iraqi Kurdistan,1972,0
Iraqi Kurdistan,1973,0
Iraqi Kurdistan,1974,0
Iraqi Kurdistan,1975,0
Iraqi Kurdistan,1976,0
Iraqi Kurdistan,1977,0
Iraqi Kurdistan,1978,0
Iraqi Kurdistan,1979,0
Iraqi Kurdistan,1980,0
Iraqi Kurdistan,1981,0
Iraqi Kurdistan,1982,0
Iraqi Kurdistan,1983,0
Iraqi Kurdistan,1984,0
Iraqi Kurdistan,1985,0
Iraqi Kurdistan,1986,0
Iraqi Kurdistan,1987,0
Iraqi Kurdistan,1988,0
Iraqi Kurdistan,1989,0
Iraqi Kurdistan,1990,0
Iraqi Kurdistan,1991,0
Iraqi Kurdistan,1992,0
Iraqi Kurdistan,1993,0
Iraqi Kurdistan,1994,0
Iraqi Kurdistan,1995,0
Iraqi Kurdistan,1996,0
Iraqi Kurdistan,1997,0
Iraqi Kurdistan,1998,0
Iraqi Kurdistan,1999,0
Iraqi Kurdistan,2000,0
Iraqi Kurdistan,2001,0
Iraqi Kurdistan,2002,0
Iraqi Kurdistan,2003,0
Iraqi Kurdistan,2004,0
Iraqi Kurdistan,2005,0
Iraqi Kurdistan,2006,0
Iraqi Kurdistan,2007,0
Iraqi Kurdistan,2008,1
Iraqi Kurdistan,2009,3
Iraqi Kurdistan,2010,6
Iraqi Kurdistan,2011,6
Iraqi Kurdistan,2012,10
Iraqi Kurdistan,2013,10
Iraqi Kurdistan,2014,11
Iraqi Kurdistan,2015,11
Iraqi Kurdistan,2016,13
Iraqi Kurdistan,2017,13
Iraqi Kurdistan,2018,13
Iraqi Kurdistan,2019,13
Iraqi Kurdistan,2020,13
Iraqi Kurdistan,2021,13
Iraqi Kurdistan,2022,13
Iraqi Kurdistan,2023,13
Iraqi Kurdistan,2024,13
Iraqi Kurdistan,2025,13
Iraqi Kurdistan,2026,13
Isle of Man,1873,0
Isle of Man,1874,0
Isle of Man,1875,0
Isle of Man,1876,0
Isle of Man,1877,0
Isle of Man,1878,0
Isle of Man,1879,0
Isle of Man,1880,0
Isle of Man,1881,0
Isle of Man,1882,0
Isle of Man,1883,0
Isle of Man,1884,0
Isle of Man,1885,0
Isle of Man,1886,0
Isle of Man,1887,0
Isle of Man,1888,0
Isle of Man,1889,0
Isle of Man,1890,0
Isle of Man,1891,0
Isle of Man,1892,0
Isle of Man,1893,0
Isle of Man,1894,0
Isle of Man,1895,0
Isle of Man,1896,0
Isle of Man,1897,0
Isle of Man,1898,0
Isle of Man,1899,0
Isle of Man,1900,0
Isle of Man,1901,0
Isle of Man,1902,0
Isle of Man,1903,0
Isle of Man,1904,0
Isle of Man,1905,0
Isle of Man,1906,0
Isle of Man,1907,0
Isle of Man,1908,0
Isle of Man,1909,0
Isle of Man,1910,0
Isle of Man,1911,0
Isle of Man,1912,0
Isle of Man,1913,0
Isle of Man,1914,0
Isle of Man,1915,0
Isle of Man,1916,0
Isle of Man,1917,0
Isle of Man,1918,0
Isle of Man,1919,0
Isle of Man,1920,0
Isle of Man,1921,0
Isle of Man,1922,0
Isle of Man,1923,0
Isle of Man,1924,0
Isle of Man,1925,0
Isle of Man,1926,0
Isle of Man,1927,0
Isle of Man,1928,0
Isle of Man,1929,0
Isle of Man,1930,0
Isle of Man,1931,0
Isle of Man,1932,0
Isle of Man,1933,0
Isle of Man,1934,0
Isle of Man,1935,0
Isle of Man,1936,0
Isle of Man,1937,0
Isle of Man,1938,0
Isle of Man,1939,0
Isle of Man,1940,0
Isle of Man,1941,0
Isle of Man,1942,0
Isle of Man,1943,0
Isle of Man,1944,0
Isle of Man,1945,0
Isle of Man,1946,0
Isle of Man,1947,0
Isle of Man,1948,0
Isle of Man,1949,0
Isle of Man,1950,0
Isle of Man,1951,0
Isle of Man,1952,0
Isle of Man,1953,0
Isle of Man,1954,0
Isle of Man,1955,0
Isle of Man,1956,0
Isle of Man,1957,0
Isle of Man,1958,0
Isle of Man,1959,0
Isle of Man,1960,0
Isle of Man,1961,0
Isle of Man,1962,0
Isle of Man,1963,0
Isle of Man,1964,0
Isle of Man,1965,0
Isle of Man,1966,0
Isle of Man,1967,0
Isle of Man,1968,0
Isle of Man,1969,0
Isle of Man,1970,0
Isle of Man,1971,0
Isle of Man,1972,0
Isle of Man,1973,0
Isle of Man,1974,0
Isle of Man,1975,0
Isle of Man,1976,0
Isle of Man,1977,0
Isle of Man,1978,0
Isle of Man,1979,0
Isle of Man,1980,0
Isle of Man,1981,0
Isle of Man,1982,0
Isle of Man,1983,0
Isle of Man,1984,0
Isle of Man,1985,0
Isle of Man,1986,0
Isle of Man,1987,0
Isle of Man,1988,0
Isle of Man,1989,0
Isle of Man,1990,0
Isle of Man,1991,0
Isle of Man,1992,0
Isle of Man,1993,2
Isle of Man,1994,2
Isle of Man,1995,2
Isle of Man,1996,2
Isle of Man,1997,2
Isle of Man,1998,2
Isle of Man,1999,5
Isle of Man,2000,5
Isle of Man,2001,6
Isle of Man,2002,6
Isle of Man,2003,9
Isle of Man,2004,9
Isle of Man,2005,12
Isle of Man,2006,12
Isle of Man,2007,12
Isle of Man,2008,12
Isle of Man,2009,15
Isle of Man,2010,15
Isle of Man,2011,17
Isle of Man,2012,17
Isle of Man,2013,17
Isle of Man,2014,17
Isle of Man,2015,21
Isle of Man,2016,21
Isle of Man,2017,26
Isle of Man,2018,26
Isle of Man,2019,29
Isle of Man,2020,29
Isle of Man,2021,29
Isle of Man,2022,29
Isle of Man,2023,31
Isle of Man,2024,31
Isle of Man,2025,35
Isle of Man,2026,35
Isle of Wight,1873,0
Isle of Wight,1874,0
Isle of Wight,1875,0
Isle of Wight,1876,0
Isle of Wight,1877,0
Isle of Wight,1878,0
Isle of Wight,1879,0
Isle of Wight,1880,0
Isle of Wight,1881,0
Isle of Wight,1882,0
Isle of Wight,1883,0
Isle of Wight,1884,0
Isle of Wight,1885,0
Isle of Wight,1886,0
Isle of Wight,1887,0
Isle of Wight,1888,0
Isle of Wight,1889,0
Isle of Wight,1890,0
Isle of Wight,1891,0
Isle of Wight,1892,0
Isle of Wight,1893,0
Isle of Wight,1894,0
Isle of Wight,1895,0
Isle of Wight,1896,0
Isle of Wight,1897,0
Isle of Wight,1898,0
Isle of Wight,1899,0
Isle of Wight,1900,0
Isle of Wight,1901,0
Isle of Wight,1902,0
Isle of Wight,1903,0
Isle of Wight,1904,0
Isle of Wight,1905,0
Isle of Wight,1906,0
Isle of Wight,1907,0
Isle of Wight,1908,0
Isle of Wight,1909,0
Isle of Wight,1910,0
Isle of Wight,1911,0
Isle of Wight,1912,0
Isle of Wight,1913,0
Isle of Wight,1914,0
Isle of Wight,1915,0
Isle of Wight,1916,0
Isle of Wight,1917,0
Isle of Wight,1918,0
Isle of Wight,1919,0
Isle of Wight,1920,0
Isle of Wight,1921,0
Isle of Wight,1922,0
Isle of Wight,1923,0
Isle of Wight,1924,0
Isle of Wight,1925,0
Isle of Wight,1926,0
Isle of Wight,1927,0
Isle of Wight,1928,0
Isle of Wight,1929,0
Isle of Wight,1930,0
Isle of Wight,1931,0
Isle of Wight,1932,0
Isle of Wight,1933,0
Isle of Wight,1934,0
Isle of Wight,1935,0
Isle of Wight,1936,0
Isle of Wight,1937,0
Isle of Wight,1938,0
Isle of Wight,1939,0
Isle of Wight,1940,0
Isle of Wight,1941,0
Isle of Wight,1942,0
Isle of Wight,1943,0
Isle of Wight,1944,0
Isle of Wight,1945,0
Isle of Wight,1946,0
Isle of Wight,1947,0
Isle of Wight,1948,0
Isle of Wight,1949,0
Isle of Wight,1950,0
Isle of Wight,1951,0
Isle of Wight,1952,0
Isle of Wight,1953,0
Isle of Wight,1954,0
Isle of Wight,1955,0
Isle of Wight,1956,0
Isle of Wight,1957,0
Isle of Wight,1958,0
Isle of Wight,1959,0
Isle of Wight,1960,0
Isle of Wight,1961,0
Isle of Wight,1962,0
Isle of Wight,1963,0
Isle of Wight,1964,0
Isle of Wight,1965,0
Isle of Wight,1966,0
Isle of Wight,1967,0
Isle of Wight,1968,0
Isle of Wight,1969,0
Isle of Wight,1970,0
Isle of Wight,1971,0
Isle of Wight,1972,0
Isle of Wight,1973,0
Isle of Wight,1974,0
Isle of Wight,1975,0
Isle of Wight,1976,0
Isle of Wight,1977,0
Isle of Wight,1978,0
Isle of Wight,1979,0
Isle of Wight,1980,0
Isle of Wight,1981,0
Isle of Wight,1982,0
Isle of Wight,1983,0
Isle of Wight,1984,0
Isle of Wight,1985,0
Isle of Wight,1986,0
Isle of Wight,1987,0
Isle of Wight,1988,0
Isle of Wight,1989,0
Isle of Wight,1990,0
Isle of Wight,1991,1
Isle of Wight,1992,1
Isle of Wight,1993,3
Isle of Wight,1994,3
Isle of Wight,1995,6
Isle of Wight,1996,6
Isle of Wight,1997,8
Isle of Wight,1998,8
Isle of Wight,1999,12
Isle of Wight,2000,12
Isle of Wight,2001,13
Isle of Wight,2002,13
Isle of Wight,2003,15
Isle of Wight,2004,15
Isle of Wight,2005,15
Isle of Wight,2006,15
Isle of Wight,2007,15
Isle of Wight,2008,15
Isle of Wight,2009,16
Isle of Wight,2010,16
Isle of Wight,2011,21
Isle of Wight,2012,21
Isle of Wight,2013,21
Isle of Wight,2014,21
Isle of Wight,2015,23
Isle of Wight,2016,23
Isle of Wight,2017,23
Isle of Wight,2018,23
Isle of Wight,2019,23
Isle of Wight,2020,23
Isle of Wight,2021,23
Isle of Wight,2022,23
Isle of Wight,2023,26
Isle of Wight,2024,26
Isle of Wight,2025,26
Isle of Wight,2026,26
Israel,1873,0
Israel,1874,0
Israel,1875,0
Israel,1876,0
Israel,1877,0
Israel,1878,0
Israel,1879,0
Israel,1880,0
Israel,1881,0
Israel,1882,0
Israel,1883,0
Israel,1884,0
Israel,1885,0
Israel,1886,0
Israel,1887,0
Israel,1888,0
Israel,1889,0
Israel,1890,0
Israel,1891,0
Israel,1892,0
Israel,1893,0
Israel,1894,0
Israel,1895,0
Israel,1896,0
Israel,1897,0
Israel,1898,0
Israel,1899,0
Israel,1900,0
Israel,1901,0
Israel,1902,0
Israel,1903,0
Israel,1904,0
Israel,1905,0
Israel,1906,0
Israel,1907,0
Israel,1908,0
Israel,1909,0
Israel,1910,0
Israel,1911,0
Israel,1912,0
Israel,1913,0
Israel,1914,0
Israel,1915,0
Israel,1916,0
Israel,1917,0
Israel,1918,0
Israel,1919,0
Israel,1920,0
Israel,1921,0
Israel,1922,0
Israel,1923,0
Israel,1924,0
Israel,1925,0
Israel,1926,0
Israel,1927,0
Israel,1928,0
Israel,1929,0
Israel,1930,0
Israel,1931,0
Israel,1932,0
Israel,1933,0
Israel,1934,0
Israel,1935,0
Israel,1936,0
Israel,1937,0
Israel,1938,0
Israel,1939,0
Israel,1940,1
Israel,1941,1
Israel,1942,1
Israel,1943,1
Israel,1944,1
Israel,1945,1
Israel,1946,1
Israel,1947,1
Israel,1948,1
Israel,1949,2
Israel,1950,3
Israel,1951,3
Israel,1952,3
Israel,1953,3
Israel,1954,4
Israel,1955,4
Israel,1956,6
Israel,1957,6
Israel,1958,8
Israel,1959,10
Israel,1960,13
Israel,1961,15
Israel,1962,15
Israel,1963,15
Israel,1964,20
Israel,1965,20
Israel,1966,22
Israel,1967,22
Israel,1968,26
Israel,1969,29
Israel,1970,30
Israel,1971,31
Israel,1972,32
Israel,1973,38
Israel,1974,45
Israel,1975,46
Israel,1976,47
Israel,1977,49
Israel,1978,51
Israel,1979,52
Israel,1980,52
Israel,1981,54
Israel,1982,54
Israel,1983,54
Israel,1984,57
Israel,1985,60
Israel,1986,60
Israel,1987,60
Israel,1988,61
Israel,1989,63
Israel,1990,64
Israel,1991,64
Israel,1992,66
Israel,1993,67
Israel,1994,72
Israel,1995,76
Israel,1996,79
Israel,1997,82
Israel,1998,89
Israel,1999,96
Israel,2000,99
Israel,2001,103
Israel,2002,107
Israel,2003,110
Israel,2004,114
Israel,2005,116
Israel,2006,118
Israel,2007,124
Israel,2008,128
Israel,2009,131
Israel,2010,134
Israel,2011,138
Israel,2012,140
Israel,2013,143
Israel,2014,147
Israel,2015,148
Israel,2016,151
Israel,2017,152
Israel,2018,155
Israel,2019,158
Israel,2020,160
Israel,2021,166
Israel,2022,169
Israel,2023,173
Israel,2024,175
Israel,2025,180
Israel,2026,181
Italy,1873,0
Italy,1874,0
Italy,1875,0
Italy,1876,0
Italy,1877,0
Italy,1878,0
Italy,1879,0
Italy,1880,0
Italy,1881,0
Italy,1882,0
Italy,1883,0
Italy,1884,0
Italy,1885,0
Italy,1886,0
Italy,1887,0
Italy,1888,0
Italy,1889,0
Italy,1890,0
Italy,1891,0
Italy,1892,0
Italy,1893,0
Italy,1894,0
Italy,1895,0
Italy,1896,0
Italy,1897,0
Italy,1898,0
Italy,1899,0
Italy,1900,0
Italy,1901,0
Italy,1902,0
Italy,1903,0
Italy,1904,0
Italy,1905,0
Italy,1906,0
Italy,1907,0
Italy,1908,0
Italy,1909,0
Italy,1910,1
Italy,1911,1
Italy,1912,2
Italy,1913,3
Italy,1914,5
Italy,1915,6
Italy,1916,6
Italy,1917,6
Italy,1918,6
Italy,1919,8
Italy,1920,11
Italy,1921,14
Italy,1922,15
Italy,1923,16
Italy,1924,19
Italy,1925,21
Italy,1926,24
Italy,1927,27
Italy,1928,34
Italy,1929,36
Italy,1930,39
Italy,1931,44
Italy,1932,47
Italy,1933,53
Italy,1934,59
Italy,1935,61
Italy,1936,65
Italy,1937,68
Italy,1938,76
Italy,1939,81
Italy,1940,83
Italy,1941,83
Italy,1942,85
Italy,1943,85
Italy,1944,85
Italy,1945,85
Italy,1946,86
Italy,1947,89
Italy,1948,90
Italy,1949,93
Italy,1950,95
Italy,1951,97
Italy,1952,98
Italy,1953,100
Italy,1954,104
Italy,1955,107
Italy,1956,110
Italy,1957,112
Italy,1958,112
Italy,1959,112
Italy,1960,113
Italy,1961,117
Italy,1962,122
Italy,1963,126
Italy,1964,129
Italy,1965,133
Italy,1966,140
Italy,1967,144
Italy,1968,147
Italy,1969,150
Italy,1970,156
Italy,1971,159
Italy,1972,161
Italy,1973,168
Italy,1974,169
Italy,1975,174
Italy,1976,180
Italy,1977,185
Italy,1978,192
Italy,1979,195
Italy,1980,203
Italy,1981,205
Italy,1982,209
Italy,1983,211
Italy,1984,216
Italy,1985,219
Italy,1986,225
Italy,1987,231
Italy,1988,238
Italy,1989,243
Italy,1990,252
Italy,1991,255
Italy,1992,260
Italy,1993,267
Italy,1994,276
Italy,1995,283
Italy,1996,287
Italy,1997,292
Italy,1998,299
Italy,1999,301
Italy,2000,310
Italy,2001,316
Italy,2002,320
Italy,2003,329
Italy,2004,336
Italy,2005,343
Italy,2006,351
Italy,2007,359
Italy,2008,365
Italy,2009,373
Italy,2010,376
Italy,2011,384
Italy,2012,389
Italy,2013,395
Italy,2014,401
Italy,2015,405
Italy,2016,413
Italy,2017,420
Italy,2018,423
Italy,2019,433
Italy,2020,438
Italy,2021,450
Italy,2022,455
Italy,2023,460
Italy,2024,468
Italy,2025,474
Italy,2026,479
Ivory Coast,1873,0
Ivory Coast,1874,0
Ivory Coast,1875,0
Ivory Coast,1876,0
Ivory Coast,1877,0
Ivory Coast,1878,0
Ivory Coast,1879,0
Ivory Coast,1880,0
Ivory Coast,1881,0
Ivory Coast,1882,0
Ivory Coast,1883,0
Ivory Coast,1884,0
Ivory Coast,1885,0
Ivory Coast,1886,0
Ivory Coast,1887,0
Ivory Coast,1888,0
Ivory Coast,1889,0
Ivory Coast,1890,0
Ivory Coast,1891,0
Ivory Coast,1892,0
Ivory Coast,1893,0
Ivory Coast,1894,0
Ivory Coast,1895,0
Ivory Coast,1896,0
Ivory Coast,1897,0
Ivory Coast,1898,0
Ivory Coast,1899,0
Ivory Coast,1900,0
Ivory Coast,1901,0
Ivory Coast,1902,0
Ivory Coast,1903,0
Ivory Coast,1904,0
Ivory Coast,1905,0
Ivory Coast,1906,0
Ivory Coast,1907,0
Ivory Coast,1908,0
Ivory Coast,1909,0
Ivory Coast,1910,0
Ivory Coast,1911,0
Ivory Coast,1912,0
Ivory Coast,1913,0
Ivory Coast,1914,0
Ivory Coast,1915,0
Ivory Coast,1916,0
Ivory Coast,1917,0
Ivory Coast,1918,0
Ivory Coast,1919,0
Ivory Coast,1920,0
Ivory Coast,1921,0
Ivory Coast,1922,0
Ivory Coast,1923,0
Ivory Coast,1924,0
Ivory Coast,1925,0
Ivory Coast,1926,0
Ivory Coast,1927,0
Ivory Coast,1928,0
Ivory Coast,1929,0
Ivory Coast,1930,0
Ivory Coast,1931,0
Ivory Coast,1932,0
Ivory Coast,1933,0
Ivory Coast,1934,0
Ivory Coast,1935,0
Ivory Coast,1936,0
Ivory Coast,1937,0
Ivory Coast,1938,0
Ivory Coast,1939,0
Ivory Coast,1940,0
Ivory Coast,1941,0
Ivory Coast,1942,0
Ivory Coast,1943,0
Ivory Coast,1944,0
Ivory Coast,1945,0
Ivory Coast,1946,0
Ivory Coast,1947,0
Ivory Coast,1948,0
Ivory Coast,1949,0
Ivory Coast,1950,0
Ivory Coast,1951,0
Ivory Coast,1952,0
Ivory Coast,1953,0
Ivory Coast,1954,0
Ivory Coast,1955,0
Ivory Coast,1956,0
Ivory Coast,1957,0
Ivory Coast,1958,0
Ivory Coast,1959,0
Ivory Coast,1960,1
Ivory Coast,1961,4
Ivory Coast,1962,5
Ivory Coast,1963,8
Ivory Coast,1964,8
Ivory Coast,1965,17
Ivory Coast,1966,18
Ivory Coast,1967,22
Ivory Coast,1968,25
Ivory Coast,1969,27
Ivory Coast,1970,32
Ivory Coast,1971,33
Ivory Coast,1972,36
Ivory Coast,1973,40
Ivory Coast,1974,40
Ivory Coast,1975,41
Ivory Coast,1976,45
Ivory Coast,1977,49
Ivory Coast,1978,49
Ivory Coast,1979,53
Ivory Coast,1980,55
Ivory Coast,1981,55
Ivory Coast,1982,55
Ivory Coast,1983,62
Ivory Coast,1984,77
Ivory Coast,1985,85
Ivory Coast,1986,91
Ivory Coast,1987,102
Ivory Coast,1988,103
Ivory Coast,1989,108
Ivory Coast,1990,112
Ivory Coast,1991,121
Ivory Coast,1992,125
Ivory Coast,1993,130
Ivory Coast,1994,138
Ivory Coast,1995,144
Ivory Coast,1996,146
Ivory Coast,1997,152
Ivory Coast,1998,157
Ivory Coast,1999,161
Ivory Coast,2000,167
Ivory Coast,2001,174
Ivory Coast,2002,175
Ivory Coast,2003,179
Ivory Coast,2004,186
Ivory Coast,2005,190
Ivory Coast,2006,198
Ivory Coast,2007,203
Ivory Coast,2008,212
Ivory Coast,2009,218
Ivory Coast,2010,226
Ivory Coast,2011,232
Ivory Coast,2012,243
Ivory Coast,2013,250
Ivory Coast,2014,255
Ivory Coast,2015,263
Ivory Coast,2016,266
Ivory Coast,2017,270
Ivory Coast,2018,273
Ivory Coast,2019,283
Ivory Coast,2020,284
Ivory Coast,2021,291
Ivory Coast,2022,297
Ivory Coast,2023,302
Ivory Coast,2024,313
Ivory Coast,2025,321
Ivory Coast,2026,329
Jamaica,1873,0
Jamaica,1874,0
Jamaica,1875,0
Jamaica,1876,0
Jamaica,1877,0
Jamaica,1878,0
Jamaica,1879,0
Jamaica,1880,0
Jamaica,1881,0
Jamaica,1882,0
Jamaica,1883,0
Jamaica,1884,0
Jamaica,1885,0
Jamaica,1886,0
Jamaica,1887,0
Jamaica,1888,0
Jamaica,1889,0
Jamaica,1890,0
Jamaica,1891,0
Jamaica,1892,0
Jamaica,1893,0
Jamaica,1894,0
Jamaica,1895,0
Jamaica,1896,0
Jamaica,1897,0
Jamaica,1898,0
Jamaica,1899,0
Jamaica,1900,0
Jamaica,1901,0
Jamaica,1902,0
Jamaica,1903,0
Jamaica,1904,0
Jamaica,1905,0
Jamaica,1906,0
Jamaica,1907,0
Jamaica,1908,0
Jamaica,1909,0
Jamaica,1910,0
Jamaica,1911,0
Jamaica,1912,0
Jamaica,1913,0
Jamaica,1914,0
Jamaica,1915,0
Jamaica,1916,0
Jamaica,1917,0
Jamaica,1918,0
Jamaica,1919,0
Jamaica,1920,0
Jamaica,1921,0
Jamaica,1922,0
Jamaica,1923,0
Jamaica,1924,0
Jamaica,1925,3
Jamaica,1926,5
Jamaica,1927,5
Jamaica,1928,5
Jamaica,1929,5
Jamaica,1930,5
Jamaica,1931,5
Jamaica,1932,6
Jamaica,1933,6
Jamaica,1934,6
Jamaica,1935,6
Jamaica,1936,6
Jamaica,1937,6
Jamaica,1938,6
Jamaica,1939,6
Jamaica,1940,6
Jamaica,1941,6
Jamaica,1942,6
Jamaica,1943,6
Jamaica,1944,6
Jamaica,1945,6
Jamaica,1946,6
Jamaica,1947,8
Jamaica,1948,11
Jamaica,1949,14
Jamaica,1950,15
Jamaica,1951,17
Jamaica,1952,17
Jamaica,1953,18
Jamaica,1954,18
Jamaica,1955,18
Jamaica,1956,18
Jamaica,1957,21
Jamaica,1958,22
Jamaica,1959,23
Jamaica,1960,23
Jamaica,1961,23
Jamaica,1962,24
Jamaica,1963,25
Jamaica,1964,25
Jamaica,1965,29
Jamaica,1966,29
Jamaica,1967,30
Jamaica,1968,30
Jamaica,1969,32
Jamaica,1970,32
Jamaica,1971,32
Jamaica,1972,34
Jamaica,1973,34
Jamaica,1974,36
Jamaica,1975,38
Jamaica,1976,38
Jamaica,1977,38
Jamaica,1978,38
Jamaica,1979,40
Jamaica,1980,40
Jamaica,1981,40
Jamaica,1982,40
Jamaica,1983,40
Jamaica,1984,40
Jamaica,1985,40
Jamaica,1986,40
Jamaica,1987,42
Jamaica,1988,44
Jamaica,1989,44
Jamaica,1990,48
Jamaica,1991,54
Jamaica,1992,61
Jamaica,1993,66
Jamaica,1994,68
Jamaica,1995,79
Jamaica,1996,91
Jamaica,1997,105
Jamaica,1998,113
Jamaica,1999,119
Jamaica,2000,128
Jamaica,2001,133
Jamaica,2002,138
Jamaica,2003,145
Jamaica,2004,153
Jamaica,2005,160
Jamaica,2006,163
Jamaica,2007,166
Jamaica,2008,176
Jamaica,2009,180
Jamaica,2010,188
Jamaica,2011,192
Jamaica,2012,200
Jamaica,2013,200
Jamaica,2014,201
Jamaica,2015,208
Jamaica,2016,209
Jamaica,2017,213
Jamaica,2018,219
Jamaica,2019,227
Jamaica,2020,228
Jamaica,2021,231
Jamaica,2022,233
Jamaica,2023,240
Jamaica,2024,246
Jamaica,2025,255
Jamaica,2026,260
Japan,1873,0
Japan,1874,0
Japan,1875,0
Japan,1876,0
Japan,1877,0
Japan,1878,0
Japan,1879,0
Japan,1880,0
Japan,1881,0
Japan,1882,0
Japan,1883,0
Japan,1884,0
Japan,1885,0
Japan,1886,0
Japan,1887,0
Japan,1888,0
Japan,1889,0
Japan,1890,0
Japan,1891,0
Japan,1892,0
Japan,1893,0
Japan,1894,0
Japan,1895,0
Japan,1896,0
Japan,1897,0
Japan,1898,0
Japan,1899,0
Japan,1900,0
Japan,1901,0
Japan,1902,0
Japan,1903,0
Japan,1904,0
Japan,1905,0
Japan,1906,0
Japan,1907,0
Japan,1908,0
Japan,1909,0
Japan,1910,0
Japan,1911,0
Japan,1912,0
Japan,1913,0
Japan,1914,0
Japan,1915,0
Japan,1916,0
Japan,1917,0
Japan,1918,0
Japan,1919,0
Japan,1920,0
Japan,1921,0
Japan,1922,0
Japan,1923,0
Japan,1924,0
Japan,1925,0
Japan,1926,0
Japan,1927,1
Japan,1928,1
Japan,1929,1
Japan,1930,2
Japan,1931,2
Japan,1932,2
Japan,1933,2
Japan,1934,3
Japan,1935,3
Japan,1936,3
Japan,1937,3
Japan,1938,3
Japan,1939,5
Japan,1940,8
Japan,1941,8
Japan,1942,11
Japan,1943,11
Japan,1944,11
Japan,1945,11
Japan,1946,11
Japan,1947,11
Japan,1948,11
Japan,1949,11
Japan,1950,11
Japan,1951,12
Japan,1952,12
Japan,1953,12
Japan,1954,12
Japan,1955,13
Japan,1956,13
Japan,1957,13
Japan,1958,13
Japan,1959,16
Japan,1960,17
Japan,1961,19
Japan,1962,20
Japan,1963,24
Japan,1964,25
Japan,1965,30
Japan,1966,38
Japan,1967,41
Japan,1968,42
Japan,1969,42
Japan,1970,50
Japan,1971,51
Japan,1972,55
Japan,1973,56
Japan,1974,59
Japan,1975,63
Japan,1976,65
Japan,1977,65
Japan,1978,69
Japan,1979,74
Japan,1980,79
Japan,1981,85
Japan,1982,89
Japan,1983,90
Japan,1984,93
Japan,1985,98
Japan,1986,102
Japan,1987,102
Japan,1988,104
Japan,1989,107
Japan,1990,108
Japan,1991,109
Japan,1992,114
Japan,1993,125
Japan,1994,128
Japan,1995,134
Japan,1996,144
Japan,1997,157
Japan,1998,164
Japan,1999,164
Japan,2000,175
Japan,2001,181
Japan,2002,186
Japan,2003,191
Japan,2004,207
Japan,2005,218
Japan,2006,227
Japan,2007,234
Japan,2008,244
Japan,2009,255
Japan,2010,263
Japan,2011,272
Japan,2012,280
Japan,2013,288
Japan,2014,295
Japan,2015,306
Japan,2016,313
Japan,2017,319
Japan,2018,325
Japan,2019,340
Japan,2020,342
Japan,2021,352
Japan,2022,362
Japan,2023,369
Japan,2024,382
Japan,2025,387
Japan,2026,393
Jersey,1873,0
Jersey,1874,0
Jersey,1875,0
Jersey,1876,0
Jersey,1877,0
Jersey,1878,0
Jersey,1879,0
Jersey,1880,0
Jersey,1881,0
Jersey,1882,0
Jersey,1883,0
Jersey,1884,0
Jersey,1885,0
Jersey,1886,0
Jersey,1887,0
Jersey,1888,0
Jersey,1889,0
Jersey,1890,0
Jersey,1891,0
Jersey,1892,0
Jersey,1893,0
Jersey,1894,0
Jersey,1895,0
Jersey,1896,0
Jersey,1897,0
Jersey,1898,0
Jersey,1899,0
Jersey,1900,0
Jersey,1901,0
Jersey,1902,0
Jersey,1903,0
Jersey,1904,0
Jersey,1905,0
Jersey,1906,0
Jersey,1907,1
Jersey,1908,2
Jersey,1909,2
Jersey,1910,4
Jersey,1911,5
Jersey,1912,5
Jersey,1913,6
Jersey,1914,6
Jersey,1915,6
Jersey,1916,6
Jersey,1917,6
Jersey,1918,6
Jersey,1919,6
Jersey,1920,6
Jersey,1921,8
Jersey,1922,8
Jersey,1923,8
Jersey,1924,10
Jersey,1925,10
Jersey,1926,12
Jersey,1927,13
Jersey,1928,14
Jersey,1929,14
Jersey,1930,15
Jersey,1931,16
Jersey,1932,16
Jersey,1933,17
Jersey,1934,17
Jersey,1935,17
Jersey,1936,18
Jersey,1937,18
Jersey,1938,18
Jersey,1939,20
Jersey,1940,20
Jersey,1941,20
Jersey,1942,20
Jersey,1943,20
Jersey,1944,20
Jersey,1945,20
Jersey,1946,22
Jersey,1947,23
Jersey,1948,24
Jersey,1949,26
Jersey,1950,26
Jersey,1951,27
Jersey,1952,27
Jersey,1953,29
Jersey,1954,29
Jersey,1955,31
Jersey,1956,32
Jersey,1957,33
Jersey,1958,34
Jersey,1959,36
Jersey,1960,37
Jersey,1961,39
Jersey,1962,40
Jersey,1963,42
Jersey,1964,43
Jersey,1965,45
Jersey,1966,45
Jersey,1967,47
Jersey,1968,48
Jersey,1969,49
Jersey,1970,50
Jersey,1971,52
Jersey,1972,52
Jersey,1973,54
Jersey,1974,54
Jersey,1975,55
Jersey,1976,56
Jersey,1977,58
Jersey,1978,58
Jersey,1979,59
Jersey,1980,59
Jersey,1981,61
Jersey,1982,62
Jersey,1983,63
Jersey,1984,64
Jersey,1985,65
Jersey,1986,66
Jersey,1987,68
Jersey,1988,68
Jersey,1989,70
Jersey,1990,71
Jersey,1991,75
Jersey,1992,75
Jersey,1993,79
Jersey,1994,81
Jersey,1995,86
Jersey,1996,87
Jersey,1997,92
Jersey,1998,94
Jersey,1999,96
Jersey,2000,98
Jersey,2001,101
Jersey,2002,103
Jersey,2003,107
Jersey,2004,109
Jersey,2005,109
Jersey,2006,111
Jersey,2007,114
Jersey,2008,116
Jersey,2009,122
Jersey,2010,123
Jersey,2011,127
Jersey,2012,127
Jersey,2013,128
Jersey,2014,128
Jersey,2015,133
Jersey,2016,135
Jersey,2017,139
Jersey,2018,140
Jersey,2019,144
Jersey,2020,144
Jersey,2021,144
Jersey,2022,147
Jersey,2023,152
Jersey,2024,152
Jersey,2025,153
Jersey,2026,153
Jordan,1873,0
Jordan,1874,0
Jordan,1875,0
Jordan,1876,0
Jordan,1877,0
Jordan,1878,0
Jordan,1879,0
Jordan,1880,0
Jordan,1881,0
Jordan,1882,0
Jordan,1883,0
Jordan,1884,0
Jordan,1885,0
Jordan,1886,0
Jordan,1887,0
Jordan,1888,0
Jordan,1889,0
Jordan,1890,0
Jordan,1891,0
Jordan,1892,0
Jordan,1893,0
Jordan,1894,0
Jordan,1895,0
Jordan,1896,0
Jordan,1897,0
Jordan,1898,0
Jordan,1899,0
Jordan,1900,0
Jordan,1901,0
Jordan,1902,0
Jordan,1903,0
Jordan,1904,0
Jordan,1905,0
Jordan,1906,0
Jordan,1907,0
Jordan,1908,0
Jordan,1909,0
Jordan,1910,0
Jordan,1911,0
Jordan,1912,0
Jordan,1913,0
Jordan,1914,0
Jordan,1915,0
Jordan,1916,0
Jordan,1917,0
Jordan,1918,0
Jordan,1919,0
Jordan,1920,0
Jordan,1921,0
Jordan,1922,0
Jordan,1923,0
Jordan,1924,0
Jordan,1925,0
Jordan,1926,0
Jordan,1927,0
Jordan,1928,0
Jordan,1929,0
Jordan,1930,0
Jordan,1931,0
Jordan,1932,0
Jordan,1933,0
Jordan,1934,0
Jordan,1935,0
Jordan,1936,0
Jordan,1937,0
Jordan,1938,0
Jordan,1939,0
Jordan,1940,0
Jordan,1941,0
Jordan,1942,0
Jordan,1943,0
Jordan,1944,0
Jordan,1945,0
Jordan,1946,0
Jordan,1947,0
Jordan,1948,0
Jordan,1949,0
Jordan,1950,0
Jordan,1951,0
Jordan,1952,0
Jordan,1953,0
Jordan,1954,0
Jordan,1955,0
Jordan,1956,0
Jordan,1957,0
Jordan,1958,0
Jordan,1959,0
Jordan,1960,0
Jordan,1961,0
Jordan,1962,0
Jordan,1963,0
Jordan,1964,0
Jordan,1965,0
Jordan,1966,1
Jordan,1967,1
Jordan,1968,1
Jordan,1969,1
Jordan,1970,1
Jordan,1971,3
Jordan,1972,3
Jordan,1973,3
Jordan,1974,3
Jordan,1975,3
Jordan,1976,3
Jordan,1977,3
Jordan,1978,3
Jordan,1979,3
Jordan,1980,3
Jordan,1981,5
Jordan,1982,5
Jordan,1983,5
Jordan,1984,6
Jordan,1985,7
Jordan,1986,7
Jordan,1987,8
Jordan,1988,11
Jordan,1989,13
Jordan,1990,13
Jordan,1991,13
Jordan,1992,19
Jordan,1993,23
Jordan,1994,23
Jordan,1995,23
Jordan,1996,24
Jordan,1997,25
Jordan,1998,27
Jordan,1999,29
Jordan,2000,34
Jordan,2001,39
Jordan,2002,49
Jordan,2003,54
Jordan,2004,65
Jordan,2005,65
Jordan,2006,72
Jordan,2007,76
Jordan,2008,81
Jordan,2009,83
Jordan,2010,86
Jordan,2011,95
Jordan,2012,99
Jordan,2013,108
Jordan,2014,114
Jordan,2015,122
Jordan,2016,125
Jordan,2017,130
Jordan,2018,133
Jordan,2019,141
Jordan,2020,142
Jordan,2021,152
Jordan,2022,159
Jordan,2023,161
Jordan,2024,173
Jordan,2025,181
Jordan,2026,181
Kabylia,1873,0
Kabylia,1874,0
Kabylia,1875,0
Kabylia,1876,0
Kabylia,1877,0
Kabylia,1878,0
Kabylia,1879,0
Kabylia,1880,0
Kabylia,1881,0
Kabylia,1882,0
Kabylia,1883,0
Kabylia,1884,0
Kabylia,1885,0
Kabylia,1886,0
Kabylia,1887,0
Kabylia,1888,0
Kabylia,1889,0
Kabylia,1890,0
Kabylia,1891,0
Kabylia,1892,0
Kabylia,1893,0
Kabylia,1894,0
Kabylia,1895,0
Kabylia,1896,0
Kabylia,1897,0
Kabylia,1898,0
Kabylia,1899,0
Kabylia,1900,0
Kabylia,1901,0
Kabylia,1902,0
Kabylia,1903,0
Kabylia,1904,0
Kabylia,1905,0
Kabylia,1906,0
Kabylia,1907,0
Kabylia,1908,0
Kabylia,1909,0
Kabylia,1910,0
Kabylia,1911,0
Kabylia,1912,0
Kabylia,1913,0
Kabylia,1914,0
Kabylia,1915,0
Kabylia,1916,0
Kabylia,1917,0
Kabylia,1918,0
Kabylia,1919,0
Kabylia,1920,0
Kabylia,1921,0
Kabylia,1922,0
Kabylia,1923,0
Kabylia,1924,0
Kabylia,1925,0
Kabylia,1926,0
Kabylia,1927,0
Kabylia,1928,0
Kabylia,1929,0
Kabylia,1930,0
Kabylia,1931,0
Kabylia,1932,0
Kabylia,1933,0
Kabylia,1934,0
Kabylia,1935,0
Kabylia,1936,0
Kabylia,1937,0
Kabylia,1938,0
Kabylia,1939,0
Kabylia,1940,0
Kabylia,1941,0
Kabylia,1942,0
Kabylia,1943,0
Kabylia,1944,0
Kabylia,1945,0
Kabylia,1946,0
Kabylia,1947,0
Kabylia,1948,0
Kabylia,1949,0
Kabylia,1950,0
Kabylia,1951,0
Kabylia,1952,0
Kabylia,1953,0
Kabylia,1954,0
Kabylia,1955,0
Kabylia,1956,0
Kabylia,1957,0
Kabylia,1958,0
Kabylia,1959,0
Kabylia,1960,0
Kabylia,1961,0
Kabylia,1962,0
Kabylia,1963,0
Kabylia,1964,0
Kabylia,1965,0
Kabylia,1966,0
Kabylia,1967,0
Kabylia,1968,0
Kabylia,1969,0
Kabylia,1970,0
Kabylia,1971,0
Kabylia,1972,0
Kabylia,1973,0
Kabylia,1974,0
Kabylia,1975,0
Kabylia,1976,0
Kabylia,1977,0
Kabylia,1978,0
Kabylia,1979,0
Kabylia,1980,0
Kabylia,1981,0
Kabylia,1982,0
Kabylia,1983,0
Kabylia,1984,0
Kabylia,1985,0
Kabylia,1986,0
Kabylia,1987,0
Kabylia,1988,0
Kabylia,1989,0
Kabylia,1990,0
Kabylia,1991,0
Kabylia,1992,0
Kabylia,1993,0
Kabylia,1994,0
Kabylia,1995,0
Kabylia,1996,0
Kabylia,1997,0
Kabylia,1998,0
Kabylia,1999,0
Kabylia,2000,0
Kabylia,2001,0
Kabylia,2002,0
Kabylia,2003,0
Kabylia,2004,0
Kabylia,2005,0
Kabylia,2006,0
Kabylia,2007,0
Kabylia,2008,0
Kabylia,2009,0
Kabylia,2010,0
Kabylia,2011,0
Kabylia,2012,0
Kabylia,2013,0
Kabylia,2014,0
Kabylia,2015,0
Kabylia,2016,0
Kabylia,2017,0
Kabylia,2018,1
Kabylia,2019,1
Kabylia,2020,1
Kabylia,2021,1
Kabylia,2022,1
Kabylia,2023,1
Kabylia,2024,1
Kabylia,2025,1
Kabylia,2026,1
Kazakhstan,1873,0
Kazakhstan,1874,0
Kazakhstan,1875,0
Kazakhstan,1876,0
Kazakhstan,1877,0
Kazakhstan,1878,0
Kazakhstan,1879,0
Kazakhstan,1880,0
Kazakhstan,1881,0
Kazakhstan,1882,0
Kazakhstan,1883,0
Kazakhstan,1884,0
Kazakhstan,1885,0
Kazakhstan,1886,0
Kazakhstan,1887,0
Kazakhstan,1888,0
Kazakhstan,1889,0
Kazakhstan,1890,0
Kazakhstan,1891,0
Kazakhstan,1892,0
Kazakhstan,1893,0
Kazakhstan,1894,0
Kazakhstan,1895,0
Kazakhstan,1896,0
Kazakhstan,1897,0
Kazakhstan,1898,0
Kazakhstan,1899,0
Kazakhstan,1900,0
Kazakhstan,1901,0
Kazakhstan,1902,0
Kazakhstan,1903,0
Kazakhstan,1904,0
Kazakhstan,1905,0
Kazakhstan,1906,0
Kazakhstan,1907,0
Kazakhstan,1908,0
Kazakhstan,1909,0
Kazakhstan,1910,0
Kazakhstan,1911,0
Kazakhstan,1912,0
Kazakhstan,1913,0
Kazakhstan,1914,0
Kazakhstan,1915,0
Kazakhstan,1916,0
Kazakhstan,1917,0
Kazakhstan,1918,0
Kazakhstan,1919,0
Kazakhstan,1920,0
Kazakhstan,1921,0
Kazakhstan,1922,0
Kazakhstan,1923,0
Kazakhstan,1924,0
Kazakhstan,1925,0
Kazakhstan,1926,0
Kazakhstan,1927,0
Kazakhstan,1928,0
Kazakhstan,1929,0
Kazakhstan,1930,0
Kazakhstan,1931,0
Kazakhstan,1932,0
Kazakhstan,1933,0
Kazakhstan,1934,0
Kazakhstan,1935,0
Kazakhstan,1936,0
Kazakhstan,1937,0
Kazakhstan,1938,0
Kazakhstan,1939,0
Kazakhstan,1940,0
Kazakhstan,1941,0
Kazakhstan,1942,0
Kazakhstan,1943,0
Kazakhstan,1944,0
Kazakhstan,1945,0
Kazakhstan,1946,0
Kazakhstan,1947,0
Kazakhstan,1948,0
Kazakhstan,1949,0
Kazakhstan,1950,0
Kazakhstan,1951,0
Kazakhstan,1952,0
Kazakhstan,1953,0
Kazakhstan,1954,0
Kazakhstan,1955,0
Kazakhstan,1956,0
Kazakhstan,1957,0
Kazakhstan,1958,0
Kazakhstan,1959,0
Kazakhstan,1960,0
Kazakhstan,1961,0
Kazakhstan,1962,0
Kazakhstan,1963,0
Kazakhstan,1964,0
Kazakhstan,1965,0
Kazakhstan,1966,0
Kazakhstan,1967,0
Kazakhstan,1968,0
Kazakhstan,1969,0
Kazakhstan,1970,0
Kazakhstan,1971,0
Kazakhstan,1972,0
Kazakhstan,1973,0
Kazakhstan,1974,0
Kazakhstan,1975,0
Kazakhstan,1976,0
Kazakhstan,1977,0
Kazakhstan,1978,0
Kazakhstan,1979,1
Kazakhstan,1980,1
Kazakhstan,1981,1
Kazakhstan,1982,1
Kazakhstan,1983,1
Kazakhstan,1984,1
Kazakhstan,1985,1
Kazakhstan,1986,1
Kazakhstan,1987,1
Kazakhstan,1988,1
Kazakhstan,1989,1
Kazakhstan,1990,1
Kazakhstan,1991,1
Kazakhstan,1992,5
Kazakhstan,1993,5
Kazakhstan,1994,6
Kazakhstan,1995,6
Kazakhstan,1996,7
Kazakhstan,1997,14
Kazakhstan,1998,16
Kazakhstan,1999,16
Kazakhstan,2000,21
Kazakhstan,2001,25
Kazakhstan,2002,25
Kazakhstan,2003,25
Kazakhstan,2004,25
Kazakhstan,2005,25
Kazakhstan,2006,27
Kazakhstan,2007,31
Kazakhstan,2008,32
Kazakhstan,2009,34
Kazakhstan,2010,35
Kazakhstan,2011,36
Kazakhstan,2012,37
Kazakhstan,2013,40
Kazakhstan,2014,42
Kazakhstan,2015,43
Kazakhstan,2016,45
Kazakhstan,2017,45
Kazakhstan,2018,48
Kazakhstan,2019,52
Kazakhstan,2020,53
Kazakhstan,2021,54
Kazakhstan,2022,59
Kazakhstan,2023,65
Kazakhstan,2024,66
Kazakhstan,2025,69
Kazakhstan,2026,71
Kenya,1873,0
Kenya,1874,0
Kenya,1875,0
Kenya,1876,0
Kenya,1877,0
Kenya,1878,0
Kenya,1879,0
Kenya,1880,0
Kenya,1881,0
Kenya,1882,0
Kenya,1883,0
Kenya,1884,0
Kenya,1885,0
Kenya,1886,0
Kenya,1887,0
Kenya,1888,0
Kenya,1889,0
Kenya,1890,0
Kenya,1891,0
Kenya,1892,0
Kenya,1893,0
Kenya,1894,0
Kenya,1895,0
Kenya,1896,0
Kenya,1897,0
Kenya,1898,0
Kenya,1899,0
Kenya,1900,0
Kenya,1901,0
Kenya,1902,0
Kenya,1903,0
Kenya,1904,0
Kenya,1905,0
Kenya,1906,0
Kenya,1907,0
Kenya,1908,0
Kenya,1909,0
Kenya,1910,0
Kenya,1911,0
Kenya,1912,0
Kenya,1913,0
Kenya,1914,0
Kenya,1915,0
Kenya,1916,0
Kenya,1917,0
Kenya,1918,0
Kenya,1919,0
Kenya,1920,0
Kenya,1921,0
Kenya,1922,0
Kenya,1923,0
Kenya,1924,0
Kenya,1925,0
Kenya,1926,1
Kenya,1927,1
Kenya,1928,1
Kenya,1929,1
Kenya,1930,1
Kenya,1931,2
Kenya,1932,2
Kenya,1933,2
Kenya,1934,2
Kenya,1935,2
Kenya,1936,2
Kenya,1937,2
Kenya,1938,2
Kenya,1939,2
Kenya,1940,2
Kenya,1941,3
Kenya,1942,4
Kenya,1943,4
Kenya,1944,5
Kenya,1945,5
Kenya,1946,7
Kenya,1947,7
Kenya,1948,8
Kenya,1949,9
Kenya,1950,10
Kenya,1951,11
Kenya,1952,12
Kenya,1953,14
Kenya,1954,15
Kenya,1955,16
Kenya,1956,17
Kenya,1957,18
Kenya,1958,21
Kenya,1959,24
Kenya,1960,26
Kenya,1961,32
Kenya,1962,35
Kenya,1963,39
Kenya,1964,42
Kenya,1965,45
Kenya,1966,51
Kenya,1967,56
Kenya,1968,58
Kenya,1969,60
Kenya,1970,62
Kenya,1971,69
Kenya,1972,73
Kenya,1973,75
Kenya,1974,75
Kenya,1975,81
Kenya,1976,83
Kenya,1977,85
Kenya,1978,89
Kenya,1979,93
Kenya,1980,96
Kenya,1981,103
Kenya,1982,105
Kenya,1983,112
Kenya,1984,116
Kenya,1985,117
Kenya,1986,118
Kenya,1987,122
Kenya,1988,124
Kenya,1989,131
Kenya,1990,132
Kenya,1991,139
Kenya,1992,142
Kenya,1993,148
Kenya,1994,151
Kenya,1995,154
Kenya,1996,159
Kenya,1997,164
Kenya,1998,167
Kenya,1999,169
Kenya,2000,172
Kenya,2001,178
Kenya,2002,186
Kenya,2003,194
Kenya,2004,199
Kenya,2005,200
Kenya,2006,200
Kenya,2007,204
Kenya,2008,207
Kenya,2009,213
Kenya,2010,214
Kenya,2011,220
Kenya,2012,225
Kenya,2013,233
Kenya,2014,234
Kenya,2015,238
Kenya,2016,242
Kenya,2017,246
Kenya,2018,252
Kenya,2019,254
Kenya,2020,255
Kenya,2021,259
Kenya,2022,259
Kenya,2023,262
Kenya,2024,263
Kenya,2025,267
Kenya,2026,268
Kernow,1873,0
Kernow,1874,0
Kernow,1875,0
Kernow,1876,0
Kernow,1877,0
Kernow,1878,0
Kernow,1879,0
Kernow,1880,0
Kernow,1881,0
Kernow,1882,0
Kernow,1883,0
Kernow,1884,0
Kernow,1885,0
Kernow,1886,0
Kernow,1887,0
Kernow,1888,0
Kernow,1889,0
Kernow,1890,0
Kernow,1891,0
Kernow,1892,0
Kernow,1893,0
Kernow,1894,0
Kernow,1895,0
Kernow,1896,0
Kernow,1897,0
Kernow,1898,0
Kernow,1899,0
Kernow,1900,0
Kernow,1901,0
Kernow,1902,0
Kernow,1903,0
Kernow,1904,0
Kernow,1905,0
Kernow,1906,0
Kernow,1907,0
Kernow,1908,0
Kernow,1909,0
Kernow,1910,0
Kernow,1911,0
Kernow,1912,0
Kernow,1913,0
Kernow,1914,0
Kernow,1915,0
Kernow,1916,0
Kernow,1917,0
Kernow,1918,0
Kernow,1919,0
Kernow,1920,0
Kernow,1921,0
Kernow,1922,0
Kernow,1923,0
Kernow,1924,0
Kernow,1925,0
Kernow,1926,0
Kernow,1927,0
Kernow,1928,0
Kernow,1929,0
Kernow,1930,0
Kernow,1931,0
Kernow,1932,0
Kernow,1933,0
Kernow,1934,0
Kernow,1935,0
Kernow,1936,0
Kernow,1937,0
Kernow,1938,0
Kernow,1939,0
Kernow,1940,0
Kernow,1941,0
Kernow,1942,0
Kernow,1943,0
Kernow,1944,0
Kernow,1945,0
Kernow,1946,0
Kernow,1947,0
Kernow,1948,0
Kernow,1949,0
Kernow,1950,0
Kernow,1951,0
Kernow,1952,0
Kernow,1953,0
Kernow,1954,0
Kernow,1955,0
Kernow,1956,0
Kernow,1957,0
Kernow,1958,0
Kernow,1959,0
Kernow,1960,0
Kernow,1961,0
Kernow,1962,0
Kernow,1963,0
Kernow,1964,0
Kernow,1965,0
Kernow,1966,0
Kernow,1967,0
Kernow,1968,0
Kernow,1969,0
Kernow,1970,0
Kernow,1971,0
Kernow,1972,0
Kernow,1973,0
Kernow,1974,0
Kernow,1975,0
Kernow,1976,0
Kernow,1977,0
Kernow,1978,0
Kernow,1979,0
Kernow,1980,0
Kernow,1981,0
Kernow,1982,0
Kernow,1983,0
Kernow,1984,0
Kernow,1985,0
Kernow,1986,0
Kernow,1987,0
Kernow,1988,0
Kernow,1989,0
Kernow,1990,0
Kernow,1991,0
Kernow,1992,0
Kernow,1993,0
Kernow,1994,0
Kernow,1995,0
Kernow,1996,0
Kernow,1997,0
Kernow,1998,1
Kernow,1999,1
Kernow,2000,1
Kernow,2001,1
Kernow,2002,2
Kernow,2003,3
Kernow,2004,4
Kernow,2005,5
Kernow,2006,5
Kernow,2007,5
Kernow,2008,5
Kernow,2009,5
Kernow,2010,5
Kernow,2011,5
Kernow,2012,5
Kernow,2013,5
Kernow,2014,5
Kernow,2015,5
Kernow,2016,5
Kernow,2017,5
Kernow,2018,5
Kernow,2019,6
Kernow,2020,6
Kernow,2021,6
Kernow,2022,6
Kernow,2023,7
Kernow,2024,7
Kernow,2025,7
Kernow,2026,7
Kosovo,1873,0
Kosovo,1874,0
Kosovo,1875,0
Kosovo,1876,0
Kosovo,1877,0
Kosovo,1878,0
Kosovo,1879,0
Kosovo,1880,0
Kosovo,1881,0
Kosovo,1882,0
Kosovo,1883,0
Kosovo,1884,0
Kosovo,1885,0
Kosovo,1886,0
Kosovo,1887,0
Kosovo,1888,0
Kosovo,1889,0
Kosovo,1890,0
Kosovo,1891,0
Kosovo,1892,0
Kosovo,1893,0
Kosovo,1894,0
Kosovo,1895,0
Kosovo,1896,0
Kosovo,1897,0
Kosovo,1898,0
Kosovo,1899,0
Kosovo,1900,0
Kosovo,1901,0
Kosovo,1902,0
Kosovo,1903,0
Kosovo,1904,0
Kosovo,1905,0
Kosovo,1906,0
Kosovo,1907,0
Kosovo,1908,0
Kosovo,1909,0
Kosovo,1910,0
Kosovo,1911,0
Kosovo,1912,0
Kosovo,1913,0
Kosovo,1914,0
Kosovo,1915,0
Kosovo,1916,0
Kosovo,1917,0
Kosovo,1918,0
Kosovo,1919,0
Kosovo,1920,0
Kosovo,1921,0
Kosovo,1922,0
Kosovo,1923,0
Kosovo,1924,0
Kosovo,1925,0
Kosovo,1926,0
Kosovo,1927,0
Kosovo,1928,0
Kosovo,1929,0
Kosovo,1930,0
Kosovo,1931,0
Kosovo,1932,0
Kosovo,1933,0
Kosovo,1934,0
Kosovo,1935,0
Kosovo,1936,0
Kosovo,1937,0
Kosovo,1938,0
Kosovo,1939,0
Kosovo,1940,0
Kosovo,1941,0
Kosovo,1942,0
Kosovo,1943,0
Kosovo,1944,0
Kosovo,1945,0
Kosovo,1946,0
Kosovo,1947,0
Kosovo,1948,0
Kosovo,1949,0
Kosovo,1950,0
Kosovo,1951,0
Kosovo,1952,0
Kosovo,1953,0
Kosovo,1954,0
Kosovo,1955,0
Kosovo,1956,0
Kosovo,1957,0
Kosovo,1958,0
Kosovo,1959,0
Kosovo,1960,0
Kosovo,1961,0
Kosovo,1962,0
Kosovo,1963,0
Kosovo,1964,0
Kosovo,1965,0
Kosovo,1966,0
Kosovo,1967,0
Kosovo,1968,0
Kosovo,1969,0
Kosovo,1970,0
Kosovo,1971,0
Kosovo,1972,0
Kosovo,1973,0
Kosovo,1974,0
Kosovo,1975,0
Kosovo,1976,0
Kosovo,1977,0
Kosovo,1978,0
Kosovo,1979,0
Kosovo,1980,0
Kosovo,1981,0
Kosovo,1982,0
Kosovo,1983,0
Kosovo,1984,0
Kosovo,1985,0
Kosovo,1986,0
Kosovo,1987,0
Kosovo,1988,0
Kosovo,1989,0
Kosovo,1990,0
Kosovo,1991,0
Kosovo,1992,0
Kosovo,1993,0
Kosovo,1994,0
Kosovo,1995,0
Kosovo,1996,0
Kosovo,1997,0
Kosovo,1998,0
Kosovo,1999,0
Kosovo,2000,0
Kosovo,2001,0
Kosovo,2002,0
Kosovo,2003,0
Kosovo,2004,0
Kosovo,2005,1
Kosovo,2006,2
Kosovo,2007,2
Kosovo,2008,2
Kosovo,2009,2
Kosovo,2010,2
Kosovo,2011,2
Kosovo,2012,2
Kosovo,2013,2
Kosovo,2014,3
Kosovo,2015,4
Kosovo,2016,5
Kosovo,2017,6
Kosovo,2018,13
Kosovo,2019,17
Kosovo,2020,18
Kosovo,2021,23
Kosovo,2022,27
Kosovo,2023,29
Kosovo,2024,34
Kosovo,2025,41
Kosovo,2026,44
Kurdistan,1873,0
Kurdistan,1874,0
Kurdistan,1875,0
Kurdistan,1876,0
Kurdistan,1877,0
Kurdistan,1878,0
Kurdistan,1879,0
Kurdistan,1880,0
Kurdistan,1881,0
Kurdistan,1882,0
Kurdistan,1883,0
Kurdistan,1884,0
Kurdistan,1885,0
Kurdistan,1886,0
Kurdistan,1887,0
Kurdistan,1888,0
Kurdistan,1889,0
Kurdistan,1890,0
Kurdistan,1891,0
Kurdistan,1892,0
Kurdistan,1893,0
Kurdistan,1894,0
Kurdistan,1895,0
Kurdistan,1896,0
Kurdistan,1897,0
Kurdistan,1898,0
Kurdistan,1899,0
Kurdistan,1900,0
Kurdistan,1901,0
Kurdistan,1902,0
Kurdistan,1903,0
Kurdistan,1904,0
Kurdistan,1905,0
Kurdistan,1906,0
Kurdistan,1907,0
Kurdistan,1908,0
Kurdistan,1909,0
Kurdistan,1910,0
Kurdistan,1911,0
Kurdistan,1912,0
Kurdistan,1913,0
Kurdistan,1914,0
Kurdistan,1915,0
Kurdistan,1916,0
Kurdistan,1917,0
Kurdistan,1918,0
Kurdistan,1919,0
Kurdistan,1920,0
Kurdistan,1921,0
Kurdistan,1922,0
Kurdistan,1923,0
Kurdistan,1924,0
Kurdistan,1925,0
Kurdistan,1926,0
Kurdistan,1927,0
Kurdistan,1928,0
Kurdistan,1929,0
Kurdistan,1930,0
Kurdistan,1931,0
Kurdistan,1932,0
Kurdistan,1933,0
Kurdistan,1934,0
Kurdistan,1935,0
Kurdistan,1936,0
Kurdistan,1937,0
Kurdistan,1938,0
Kurdistan,1939,0
Kurdistan,1940,0
Kurdistan,1941,0
Kurdistan,1942,0
Kurdistan,1943,0
Kurdistan,1944,0
Kurdistan,1945,0
Kurdistan,1946,0
Kurdistan,1947,0
Kurdistan,1948,0
Kurdistan,1949,0
Kurdistan,1950,0
Kurdistan,1951,0
Kurdistan,1952,0
Kurdistan,1953,0
Kurdistan,1954,0
Kurdistan,1955,0
Kurdistan,1956,0
Kurdistan,1957,0
Kurdistan,1958,0
Kurdistan,1959,0
Kurdistan,1960,0
Kurdistan,1961,0
Kurdistan,1962,0
Kurdistan,1963,0
Kurdistan,1964,0
Kurdistan,1965,0
Kurdistan,1966,0
Kurdistan,1967,0
Kurdistan,1968,0
Kurdistan,1969,0
Kurdistan,1970,0
Kurdistan,1971,0
Kurdistan,1972,0
Kurdistan,1973,0
Kurdistan,1974,0
Kurdistan,1975,0
Kurdistan,1976,0
Kurdistan,1977,0
Kurdistan,1978,0
Kurdistan,1979,0
Kurdistan,1980,0
Kurdistan,1981,0
Kurdistan,1982,0
Kurdistan,1983,0
Kurdistan,1984,0
Kurdistan,1985,0
Kurdistan,1986,0
Kurdistan,1987,0
Kurdistan,1988,0
Kurdistan,1989,0
Kurdistan,1990,0
Kurdistan,1991,0
Kurdistan,1992,0
Kurdistan,1993,0
Kurdistan,1994,0
Kurdistan,1995,0
Kurdistan,1996,0
Kurdistan,1997,0
Kurdistan,1998,0
Kurdistan,1999,0
Kurdistan,2000,0
Kurdistan,2001,0
Kurdistan,2002,0
Kurdistan,2003,0
Kurdistan,2004,0
Kurdistan,2005,0
Kurdistan,2006,0
Kurdistan,2007,0
Kurdistan,2008,0
Kurdistan,2009,0
Kurdistan,2010,0
Kurdistan,2011,0
Kurdistan,2012,1
Kurdistan,2013,4
Kurdistan,2014,4
Kurdistan,2015,4
Kurdistan,2016,4
Kurdistan,2017,4
Kurdistan,2018,4
Kurdistan,2019,4
Kurdistan,2020,4
Kurdistan,2021,4
Kurdistan,2022,4
Kurdistan,2023,4
Kurdistan,2024,4
Kurdistan,2025,4
Kurdistan,2026,4
Kuwait,1873,0
Kuwait,1874,0
Kuwait,1875,0
Kuwait,1876,0
Kuwait,1877,0
Kuwait,1878,0
Kuwait,1879,0
Kuwait,1880,0
Kuwait,1881,0
Kuwait,1882,0
Kuwait,1883,0
Kuwait,1884,0
Kuwait,1885,0
Kuwait,1886,0
Kuwait,1887,0
Kuwait,1888,0
Kuwait,1889,0
Kuwait,1890,0
Kuwait,1891,0
Kuwait,1892,0
Kuwait,1893,0
Kuwait,1894,0
Kuwait,1895,0
Kuwait,1896,0
Kuwait,1897,0
Kuwait,1898,0
Kuwait,1899,0
Kuwait,1900,0
Kuwait,1901,0
Kuwait,1902,0
Kuwait,1903,0
Kuwait,1904,0
Kuwait,1905,0
Kuwait,1906,0
Kuwait,1907,0
Kuwait,1908,0
Kuwait,1909,0
Kuwait,1910,0
Kuwait,1911,0
Kuwait,1912,0
Kuwait,1913,0
Kuwait,1914,0
Kuwait,1915,0
Kuwait,1916,0
Kuwait,1917,0
Kuwait,1918,0
Kuwait,1919,0
Kuwait,1920,0
Kuwait,1921,0
Kuwait,1922,0
Kuwait,1923,0
Kuwait,1924,0
Kuwait,1925,0
Kuwait,1926,0
Kuwait,1927,0
Kuwait,1928,0
Kuwait,1929,0
Kuwait,1930,0
Kuwait,1931,0
Kuwait,1932,0
Kuwait,1933,0
Kuwait,1934,0
Kuwait,1935,0
Kuwait,1936,0
Kuwait,1937,0
Kuwait,1938,0
Kuwait,1939,0
Kuwait,1940,0
Kuwait,1941,0
Kuwait,1942,0
Kuwait,1943,0
Kuwait,1944,0
Kuwait,1945,0
Kuwait,1946,0
Kuwait,1947,0
Kuwait,1948,0
Kuwait,1949,0
Kuwait,1950,0
Kuwait,1951,0
Kuwait,1952,0
Kuwait,1953,0
Kuwait,1954,0
Kuwait,1955,0
Kuwait,1956,0
Kuwait,1957,0
Kuwait,1958,0
Kuwait,1959,0
Kuwait,1960,0
Kuwait,1961,0
Kuwait,1962,0
Kuwait,1963,2
Kuwait,1964,3
Kuwait,1965,3
Kuwait,1966,4
Kuwait,1967,4
Kuwait,1968,4
Kuwait,1969,4
Kuwait,1970,7
Kuwait,1971,9
Kuwait,1972,15
Kuwait,1973,22
Kuwait,1974,31
Kuwait,1975,32
Kuwait,1976,40
Kuwait,1977,48
Kuwait,1978,51
Kuwait,1979,55
Kuwait,1980,60
Kuwait,1981,67
Kuwait,1982,77
Kuwait,1983,77
Kuwait,1984,81
Kuwait,1985,83
Kuwait,1986,94
Kuwait,1987,96
Kuwait,1988,100
Kuwait,1989,107
Kuwait,1990,111
Kuwait,1991,111
Kuwait,1992,116
Kuwait,1993,124
Kuwait,1994,130
Kuwait,1995,131
Kuwait,1996,144
Kuwait,1997,153
Kuwait,1998,164
Kuwait,1999,164
Kuwait,2000,171
Kuwait,2001,177
Kuwait,2002,180
Kuwait,2003,187
Kuwait,2004,200
Kuwait,2005,203
Kuwait,2006,207
Kuwait,2007,207
Kuwait,2008,209
Kuwait,2009,216
Kuwait,2010,227
Kuwait,2011,235
Kuwait,2012,241
Kuwait,2013,251
Kuwait,2014,255
Kuwait,2015,258
Kuwait,2016,258
Kuwait,2017,258
Kuwait,2018,261
Kuwait,2019,267
Kuwait,2020,267
Kuwait,2021,268
Kuwait,2022,272
Kuwait,2023,281
Kuwait,2024,283
Kuwait,2025,285
Kuwait,2026,285
Kyrgyzstan,1873,0
Kyrgyzstan,1874,0
Kyrgyzstan,1875,0
Kyrgyzstan,1876,0
Kyrgyzstan,1877,0
Kyrgyzstan,1878,0
Kyrgyzstan,1879,0
Kyrgyzstan,1880,0
Kyrgyzstan,1881,0
Kyrgyzstan,1882,0
Kyrgyzstan,1883,0
Kyrgyzstan,1884,0
Kyrgyzstan,1885,0
Kyrgyzstan,1886,0
Kyrgyzstan,1887,0
Kyrgyzstan,1888,0
Kyrgyzstan,1889,0
Kyrgyzstan,1890,0
Kyrgyzstan,1891,0
Kyrgyzstan,1892,0
Kyrgyzstan,1893,0
Kyrgyzstan,1894,0
Kyrgyzstan,1895,0
Kyrgyzstan,1896,0
Kyrgyzstan,1897,0
Kyrgyzstan,1898,0
Kyrgyzstan,1899,0
Kyrgyzstan,1900,0
Kyrgyzstan,1901,0
Kyrgyzstan,1902,0
Kyrgyzstan,1903,0
Kyrgyzstan,1904,0
Kyrgyzstan,1905,0
Kyrgyzstan,1906,0
Kyrgyzstan,1907,0
Kyrgyzstan,1908,0
Kyrgyzstan,1909,0
Kyrgyzstan,1910,0
Kyrgyzstan,1911,0
Kyrgyzstan,1912,0
Kyrgyzstan,1913,0
Kyrgyzstan,1914,0
Kyrgyzstan,1915,0
Kyrgyzstan,1916,0
Kyrgyzstan,1917,0
Kyrgyzstan,1918,0
Kyrgyzstan,1919,0
Kyrgyzstan,1920,0
Kyrgyzstan,1921,0
Kyrgyzstan,1922,0
Kyrgyzstan,1923,0
Kyrgyzstan,1924,0
Kyrgyzstan,1925,0
Kyrgyzstan,1926,0
Kyrgyzstan,1927,0
Kyrgyzstan,1928,0
Kyrgyzstan,1929,0
Kyrgyzstan,1930,0
Kyrgyzstan,1931,0
Kyrgyzstan,1932,0
Kyrgyzstan,1933,0
Kyrgyzstan,1934,0
Kyrgyzstan,1935,0
Kyrgyzstan,1936,0
Kyrgyzstan,1937,0
Kyrgyzstan,1938,0
Kyrgyzstan,1939,0
Kyrgyzstan,1940,0
Kyrgyzstan,1941,0
Kyrgyzstan,1942,0
Kyrgyzstan,1943,0
Kyrgyzstan,1944,0
Kyrgyzstan,1945,0
Kyrgyzstan,1946,0
Kyrgyzstan,1947,0
Kyrgyzstan,1948,0
Kyrgyzstan,1949,0
Kyrgyzstan,1950,0
Kyrgyzstan,1951,0
Kyrgyzstan,1952,0
Kyrgyzstan,1953,0
Kyrgyzstan,1954,0
Kyrgyzstan,1955,0
Kyrgyzstan,1956,0
Kyrgyzstan,1957,0
Kyrgyzstan,1958,0
Kyrgyzstan,1959,0
Kyrgyzstan,1960,0
Kyrgyzstan,1961,0
Kyrgyzstan,1962,0
Kyrgyzstan,1963,0
Kyrgyzstan,1964,0
Kyrgyzstan,1965,0
Kyrgyzstan,1966,0
Kyrgyzstan,1967,0
Kyrgyzstan,1968,0
Kyrgyzstan,1969,0
Kyrgyzstan,1970,0
Kyrgyzstan,1971,0
Kyrgyzstan,1972,0
Kyrgyzstan,1973,0
Kyrgyzstan,1974,0
Kyrgyzstan,1975,0
Kyrgyzstan,1976,0
Kyrgyzstan,1977,0
Kyrgyzstan,1978,0
Kyrgyzstan,1979,0
Kyrgyzstan,1980,0
Kyrgyzstan,1981,0
Kyrgyzstan,1982,0
Kyrgyzstan,1983,0
Kyrgyzstan,1984,0
Kyrgyzstan,1985,0
Kyrgyzstan,1986,0
Kyrgyzstan,1987,0
Kyrgyzstan,1988,0
Kyrgyzstan,1989,0
Kyrgyzstan,1990,0
Kyrgyzstan,1991,0
Kyrgyzstan,1992,0
Kyrgyzstan,1993,0
Kyrgyzstan,1994,0
Kyrgyzstan,1995,0
Kyrgyzstan,1996,1
Kyrgyzstan,1997,4
Kyrgyzstan,1998,4
Kyrgyzstan,1999,4
Kyrgyzstan,2000,4
Kyrgyzstan,2001,5
Kyrgyzstan,2002,5
Kyrgyzstan,2003,8
Kyrgyzstan,2004,9
Kyrgyzstan,2005,9
Kyrgyzstan,2006,14
Kyrgyzstan,2007,17
Kyrgyzstan,2008,18
Kyrgyzstan,2009,19
Kyrgyzstan,2010,19
Kyrgyzstan,2011,20
Kyrgyzstan,2012,20
Kyrgyzstan,2013,23
Kyrgyzstan,2014,24
Kyrgyzstan,2015,27
Kyrgyzstan,2016,30
Kyrgyzstan,2017,35
Kyrgyzstan,2018,41
Kyrgyzstan,2019,44
Kyrgyzstan,2020,44
Kyrgyzstan,2021,48
Kyrgyzstan,2022,50
Kyrgyzstan,2023,52
Kyrgyzstan,2024,56
Kyrgyzstan,2025,57
Kyrgyzstan,2026,59
Kárpátalja,1873,0
Kárpátalja,1874,0
Kárpátalja,1875,0
Kárpátalja,1876,0
Kárpátalja,1877,0
Kárpátalja,1878,0
Kárpátalja,1879,0
Kárpátalja,1880,0
Kárpátalja,1881,0
Kárpátalja,1882,0
Kárpátalja,1883,0
Kárpátalja,1884,0
Kárpátalja,1885,0
Kárpátalja,1886,0
Kárpátalja,1887,0
Kárpátalja,1888,0
Kárpátalja,1889,0
Kárpátalja,1890,0
Kárpátalja,1891,0
Kárpátalja,1892,0
Kárpátalja,1893,0
Kárpátalja,1894,0
Kárpátalja,1895,0
Kárpátalja,1896,0
Kárpátalja,1897,0
Kárpátalja,1898,0
Kárpátalja,1899,0
Kárpátalja,1900,0
Kárpátalja,1901,0
Kárpátalja,1902,0
Kárpátalja,1903,0
Kárpátalja,1904,0
Kárpátalja,1905,0
Kárpátalja,1906,0
Kárpátalja,1907,0
Kárpátalja,1908,0
Kárpátalja,1909,0
Kárpátalja,1910,0
Kárpátalja,1911,0
Kárpátalja,1912,0
Kárpátalja,1913,0
Kárpátalja,1914,0
Kárpátalja,1915,0
Kárpátalja,1916,0
Kárpátalja,1917,0
Kárpátalja,1918,0
Kárpátalja,1919,0
Kárpátalja,1920,0
Kárpátalja,1921,0
Kárpátalja,1922,0
Kárpátalja,1923,0
Kárpátalja,1924,0
Kárpátalja,1925,0
Kárpátalja,1926,0
Kárpátalja,1927,0
Kárpátalja,1928,0
Kárpátalja,1929,0
Kárpátalja,1930,0
Kárpátalja,1931,0
Kárpátalja,1932,0
Kárpátalja,1933,0
Kárpátalja,1934,0
Kárpátalja,1935,0
Kárpátalja,1936,0
Kárpátalja,1937,0
Kárpátalja,1938,0
Kárpátalja,1939,0
Kárpátalja,1940,0
Kárpátalja,1941,0
Kárpátalja,1942,0
Kárpátalja,1943,0
Kárpátalja,1944,0
Kárpátalja,1945,0
Kárpátalja,1946,0
Kárpátalja,1947,0
Kárpátalja,1948,0
Kárpátalja,1949,0
Kárpátalja,1950,0
Kárpátalja,1951,0
Kárpátalja,1952,0
Kárpátalja,1953,0
Kárpátalja,1954,0
Kárpátalja,1955,0
Kárpátalja,1956,0
Kárpátalja,1957,0
Kárpátalja,1958,0
Kárpátalja,1959,0
Kárpátalja,1960,0
Kárpátalja,1961,0
Kárpátalja,1962,0
Kárpátalja,1963,0
Kárpátalja,1964,0
Kárpátalja,1965,0
Kárpátalja,1966,0
Kárpátalja,1967,0
Kárpátalja,1968,0
Kárpátalja,1969,0
Kárpátalja,1970,0
Kárpátalja,1971,0
Kárpátalja,1972,0
Kárpátalja,1973,0
Kárpátalja,1974,0
Kárpátalja,1975,0
Kárpátalja,1976,0
Kárpátalja,1977,0
Kárpátalja,1978,0
Kárpátalja,1979,0
Kárpátalja,1980,0
Kárpátalja,1981,0
Kárpátalja,1982,0
Kárpátalja,1983,0
Kárpátalja,1984,0
Kárpátalja,1985,0
Kárpátalja,1986,0
Kárpátalja,1987,0
Kárpátalja,1988,0
Kárpátalja,1989,0
Kárpátalja,1990,0
Kárpátalja,1991,0
Kárpátalja,1992,0
Kárpátalja,1993,0
Kárpátalja,1994,0
Kárpátalja,1995,0
Kárpátalja,1996,0
Kárpátalja,1997,0
Kárpátalja,1998,0
Kárpátalja,1999,0
Kárpátalja,2000,0
Kárpátalja,2001,0
Kárpátalja,2002,0
Kárpátalja,2003,0
Kárpátalja,2004,0
Kárpátalja,2005,0
Kárpátalja,2006,0
Kárpátalja,2007,0
Kárpátalja,2008,0
Kárpátalja,2009,0
Kárpátalja,2010,0
Kárpátalja,2011,0
Kárpátalja,2012,0
Kárpátalja,2013,0
Kárpátalja,2014,0
Kárpátalja,2015,0
Kárpátalja,2016,0
Kárpátalja,2017,1
Kárpátalja,2018,5
Kárpátalja,2019,5
Kárpátalja,2020,5
Kárpátalja,2021,5
Kárpátalja,2022,5
Kárpátalja,2023,5
Kárpátalja,2024,5
Kárpátalja,2025,5
Kárpátalja,2026,5
Laos,1873,0
Laos,1874,0
Laos,1875,0
Laos,1876,0
Laos,1877,0
Laos,1878,0
Laos,1879,0
Laos,1880,0
Laos,1881,0
Laos,1882,0
Laos,1883,0
Laos,1884,0
Laos,1885,0
Laos,1886,0
Laos,1887,0
Laos,1888,0
Laos,1889,0
Laos,1890,0
Laos,1891,0
Laos,1892,0
Laos,1893,0
Laos,1894,0
Laos,1895,0
Laos,1896,0
Laos,1897,0
Laos,1898,0
Laos,1899,0
Laos,1900,0
Laos,1901,0
Laos,1902,0
Laos,1903,0
Laos,1904,0
Laos,1905,0
Laos,1906,0
Laos,1907,0
Laos,1908,0
Laos,1909,0
Laos,1910,0
Laos,1911,0
Laos,1912,0
Laos,1913,0
Laos,1914,0
Laos,1915,0
Laos,1916,0
Laos,1917,0
Laos,1918,0
Laos,1919,0
Laos,1920,0
Laos,1921,0
Laos,1922,0
Laos,1923,0
Laos,1924,0
Laos,1925,0
Laos,1926,0
Laos,1927,0
Laos,1928,0
Laos,1929,0
Laos,1930,0
Laos,1931,0
Laos,1932,0
Laos,1933,0
Laos,1934,0
Laos,1935,0
Laos,1936,0
Laos,1937,0
Laos,1938,0
Laos,1939,0
Laos,1940,0
Laos,1941,0
Laos,1942,0
Laos,1943,0
Laos,1944,0
Laos,1945,0
Laos,1946,0
Laos,1947,0
Laos,1948,0
Laos,1949,0
Laos,1950,0
Laos,1951,0
Laos,1952,0
Laos,1953,0
Laos,1954,0
Laos,1955,0
Laos,1956,0
Laos,1957,0
Laos,1958,0
Laos,1959,0
Laos,1960,0
Laos,1961,0
Laos,1962,0
Laos,1963,0
Laos,1964,0
Laos,1965,0
Laos,1966,0
Laos,1967,0
Laos,1968,0
Laos,1969,1
Laos,1970,2
Laos,1971,2
Laos,1972,2
Laos,1973,3
Laos,1974,3
Laos,1975,3
Laos,1976,3
Laos,1977,3
Laos,1978,3
Laos,1979,3
Laos,1980,3
Laos,1981,3
Laos,1982,3
Laos,1983,3
Laos,1984,3
Laos,1985,3
Laos,1986,3
Laos,1987,3
Laos,1988,3
Laos,1989,3
Laos,1990,3
Laos,1991,3
Laos,1992,3
Laos,1993,4
Laos,1994,4
Laos,1995,6
Laos,1996,7
Laos,1997,9
Laos,1998,10
Laos,1999,11
Laos,2000,12
Laos,2001,13
Laos,2002,13
Laos,2003,14
Laos,2004,15
Laos,2005,15
Laos,2006,18
Laos,2007,18
Laos,2008,21
Laos,2009,21
Laos,2010,22
Laos,2011,23
Laos,2012,26
Laos,2013,27
Laos,2014,30
Laos,2015,31
Laos,2016,36
Laos,2017,37
Laos,2018,37
Laos,2019,38
Laos,2020,38
Laos,2021,38
Laos,2022,40
Laos,2023,41
Laos,2024,41
Laos,2025,42
Laos,2026,43
Latvia,1873,0
Latvia,1874,0
Latvia,1875,0
Latvia,1876,0
Latvia,1877,0
Latvia,1878,0
Latvia,1879,0
Latvia,1880,0
Latvia,1881,0
Latvia,1882,0
Latvia,1883,0
Latvia,1884,0
Latvia,1885,0
Latvia,1886,0
Latvia,1887,0
Latvia,1888,0
Latvia,1889,0
Latvia,1890,0
Latvia,1891,0
Latvia,1892,0
Latvia,1893,0
Latvia,1894,0
Latvia,1895,0
Latvia,1896,0
Latvia,1897,0
Latvia,1898,0
Latvia,1899,0
Latvia,1900,0
Latvia,1901,0
Latvia,1902,0
Latvia,1903,0
Latvia,1904,0
Latvia,1905,0
Latvia,1906,0
Latvia,1907,0
Latvia,1908,0
Latvia,1909,0
Latvia,1910,0
Latvia,1911,0
Latvia,1912,0
Latvia,1913,0
Latvia,1914,0
Latvia,1915,0
Latvia,1916,0
Latvia,1917,0
Latvia,1918,0
Latvia,1919,0
Latvia,1920,0
Latvia,1921,0
Latvia,1922,0
Latvia,1923,0
Latvia,1924,1
Latvia,1925,1
Latvia,1926,3
Latvia,1927,5
Latvia,1928,8
Latvia,1929,9
Latvia,1930,11
Latvia,1931,14
Latvia,1932,18
Latvia,1933,21
Latvia,1934,21
Latvia,1935,22
Latvia,1936,26
Latvia,1937,30
Latvia,1938,33
Latvia,1939,34
Latvia,1940,35
Latvia,1941,35
Latvia,1942,37
Latvia,1943,37
Latvia,1944,37
Latvia,1945,37
Latvia,1946,37
Latvia,1947,39
Latvia,1948,39
Latvia,1949,40
Latvia,1950,40
Latvia,1951,40
Latvia,1952,40
Latvia,1953,40
Latvia,1954,40
Latvia,1955,40
Latvia,1956,40
Latvia,1957,40
Latvia,1958,40
Latvia,1959,40
Latvia,1960,40
Latvia,1961,40
Latvia,1962,40
Latvia,1963,40
Latvia,1964,40
Latvia,1965,40
Latvia,1966,40
Latvia,1967,40
Latvia,1968,40
Latvia,1969,40
Latvia,1970,40
Latvia,1971,40
Latvia,1972,40
Latvia,1973,40
Latvia,1974,40
Latvia,1975,40
Latvia,1976,40
Latvia,1977,40
Latvia,1978,40
Latvia,1979,40
Latvia,1980,40
Latvia,1981,40
Latvia,1982,40
Latvia,1983,40
Latvia,1984,40
Latvia,1985,40
Latvia,1986,40
Latvia,1987,40
Latvia,1988,40
Latvia,1989,40
Latvia,1990,40
Latvia,1991,41
Latvia,1992,42
Latvia,1993,44
Latvia,1994,47
Latvia,1995,52
Latvia,1996,52
Latvia,1997,57
Latvia,1998,61
Latvia,1999,62
Latvia,2000,64
Latvia,2001,67
Latvia,2002,71
Latvia,2003,77
Latvia,2004,81
Latvia,2005,84
Latvia,2006,85
Latvia,2007,88
Latvia,2008,93
Latvia,2009,97
Latvia,2010,98
Latvia,2011,101
Latvia,2012,103
Latvia,2013,104
Latvia,2014,106
Latvia,2015,106
Latvia,2016,110
Latvia,2017,111
Latvia,2018,112
Latvia,2019,113
Latvia,2020,115
Latvia,2021,118
Latvia,2022,123
Latvia,2023,124
Latvia,2024,126
Latvia,2025,127
Latvia,2026,127
Lebanon,1873,0
Lebanon,1874,0
Lebanon,1875,0
Lebanon,1876,0
Lebanon,1877,0
Lebanon,1878,0
Lebanon,1879,0
Lebanon,1880,0
Lebanon,1881,0
Lebanon,1882,0
Lebanon,1883,0
Lebanon,1884,0
Lebanon,1885,0
Lebanon,1886,0
Lebanon,1887,0
Lebanon,1888,0
Lebanon,1889,0
Lebanon,1890,0
Lebanon,1891,0
Lebanon,1892,0
Lebanon,1893,0
Lebanon,1894,0
Lebanon,1895,0
Lebanon,1896,0
Lebanon,1897,0
Lebanon,1898,0
Lebanon,1899,0
Lebanon,1900,0
Lebanon,1901,0
Lebanon,1902,0
Lebanon,1903,0
Lebanon,1904,0
Lebanon,1905,0
Lebanon,1906,0
Lebanon,1907,0
Lebanon,1908,0
Lebanon,1909,0
Lebanon,1910,0
Lebanon,1911,0
Lebanon,1912,0
Lebanon,1913,0
Lebanon,1914,0
Lebanon,1915,0
Lebanon,1916,0
Lebanon,1917,0
Lebanon,1918,0
Lebanon,1919,0
Lebanon,1920,0
Lebanon,1921,0
Lebanon,1922,0
Lebanon,1923,0
Lebanon,1924,0
Lebanon,1925,0
Lebanon,1926,0
Lebanon,1927,0
Lebanon,1928,0
Lebanon,1929,0
Lebanon,1930,0
Lebanon,1931,0
Lebanon,1932,0
Lebanon,1933,0
Lebanon,1934,0
Lebanon,1935,0
Lebanon,1936,0
Lebanon,1937,0
Lebanon,1938,0
Lebanon,1939,0
Lebanon,1940,0
Lebanon,1941,0
Lebanon,1942,0
Lebanon,1943,0
Lebanon,1944,0
Lebanon,1945,0
Lebanon,1946,0
Lebanon,1947,0
Lebanon,1948,0
Lebanon,1949,0
Lebanon,1950,0
Lebanon,1951,0
Lebanon,1952,0
Lebanon,1953,0
Lebanon,1954,0
Lebanon,1955,0
Lebanon,1956,0
Lebanon,1957,0
Lebanon,1958,0
Lebanon,1959,0
Lebanon,1960,0
Lebanon,1961,0
Lebanon,1962,0
Lebanon,1963,2
Lebanon,1964,4
Lebanon,1965,4
Lebanon,1966,7
Lebanon,1967,7
Lebanon,1968,7
Lebanon,1969,7
Lebanon,1970,7
Lebanon,1971,9
Lebanon,1972,9
Lebanon,1973,9
Lebanon,1974,9
Lebanon,1975,9
Lebanon,1976,9
Lebanon,1977,9
Lebanon,1978,9
Lebanon,1979,9
Lebanon,1980,9
Lebanon,1981,9
Lebanon,1982,9
Lebanon,1983,9
Lebanon,1984,9
Lebanon,1985,9
Lebanon,1986,9
Lebanon,1987,9
Lebanon,1988,9
Lebanon,1989,9
Lebanon,1990,9
Lebanon,1991,9
Lebanon,1992,9
Lebanon,1993,12
Lebanon,1994,12
Lebanon,1995,12
Lebanon,1996,19
Lebanon,1997,23
Lebanon,1998,26
Lebanon,1999,26
Lebanon,2000,30
Lebanon,2001,35
Lebanon,2002,36
Lebanon,2003,38
Lebanon,2004,42
Lebanon,2005,42
Lebanon,2006,44
Lebanon,2007,45
Lebanon,2008,47
Lebanon,2009,49
Lebanon,2010,49
Lebanon,2011,53
Lebanon,2012,57
Lebanon,2013,59
Lebanon,2014,61
Lebanon,2015,65
Lebanon,2016,66
Lebanon,2017,71
Lebanon,2018,73
Lebanon,2019,77
Lebanon,2020,77
Lebanon,2021,81
Lebanon,2022,81
Lebanon,2023,86
Lebanon,2024,89
Lebanon,2025,94
Lebanon,2026,95
Lesotho,1873,0
Lesotho,1874,0
Lesotho,1875,0
Lesotho,1876,0
Lesotho,1877,0
Lesotho,1878,0
Lesotho,1879,0
Lesotho,1880,0
Lesotho,1881,0
Lesotho,1882,0
Lesotho,1883,0
Lesotho,1884,0
Lesotho,1885,0
Lesotho,1886,0
Lesotho,1887,0
Lesotho,1888,0
Lesotho,1889,0
Lesotho,1890,0
Lesotho,1891,0
Lesotho,1892,0
Lesotho,1893,0
Lesotho,1894,0
Lesotho,1895,0
Lesotho,1896,0
Lesotho,1897,0
Lesotho,1898,0
Lesotho,1899,0
Lesotho,1900,0
Lesotho,1901,0
Lesotho,1902,0
Lesotho,1903,0
Lesotho,1904,0
Lesotho,1905,0
Lesotho,1906,0
Lesotho,1907,0
Lesotho,1908,0
Lesotho,1909,0
Lesotho,1910,0
Lesotho,1911,0
Lesotho,1912,0
Lesotho,1913,0
Lesotho,1914,0
Lesotho,1915,0
Lesotho,1916,0
Lesotho,1917,0
Lesotho,1918,0
Lesotho,1919,0
Lesotho,1920,0
Lesotho,1921,0
Lesotho,1922,0
Lesotho,1923,0
Lesotho,1924,0
Lesotho,1925,0
Lesotho,1926,0
Lesotho,1927,0
Lesotho,1928,0
Lesotho,1929,0
Lesotho,1930,0
Lesotho,1931,0
Lesotho,1932,0
Lesotho,1933,0
Lesotho,1934,0
Lesotho,1935,0
Lesotho,1936,0
Lesotho,1937,0
Lesotho,1938,0
Lesotho,1939,0
Lesotho,1940,0
Lesotho,1941,0
Lesotho,1942,0
Lesotho,1943,0
Lesotho,1944,0
Lesotho,1945,0
Lesotho,1946,0
Lesotho,1947,0
Lesotho,1948,0
Lesotho,1949,0
Lesotho,1950,0
Lesotho,1951,0
Lesotho,1952,0
Lesotho,1953,0
Lesotho,1954,0
Lesotho,1955,0
Lesotho,1956,0
Lesotho,1957,0
Lesotho,1958,0
Lesotho,1959,0
Lesotho,1960,0
Lesotho,1961,0
Lesotho,1962,0
Lesotho,1963,0
Lesotho,1964,0
Lesotho,1965,0
Lesotho,1966,0
Lesotho,1967,0
Lesotho,1968,0
Lesotho,1969,0
Lesotho,1970,1
Lesotho,1971,1
Lesotho,1972,1
Lesotho,1973,1
Lesotho,1974,1
Lesotho,1975,1
Lesotho,1976,1
Lesotho,1977,1
Lesotho,1978,2
Lesotho,1979,3
Lesotho,1980,4
Lesotho,1981,4
Lesotho,1982,4
Lesotho,1983,4
Lesotho,1984,4
Lesotho,1985,4
Lesotho,1986,4
Lesotho,1987,4
Lesotho,1988,4
Lesotho,1989,4
Lesotho,1990,4
Lesotho,1991,4
Lesotho,1992,7
Lesotho,1993,7
Lesotho,1994,7
Lesotho,1995,7
Lesotho,1996,7
Lesotho,1997,8
Lesotho,1998,8
Lesotho,1999,9
Lesotho,2000,13
Lesotho,2001,16
Lesotho,2002,17
Lesotho,2003,21
Lesotho,2004,21
Lesotho,2005,21
Lesotho,2006,22
Lesotho,2007,25
Lesotho,2008,27
Lesotho,2009,28
Lesotho,2010,28
Lesotho,2011,29
Lesotho,2012,30
Lesotho,2013,32
Lesotho,2014,34
Lesotho,2015,35
Lesotho,2016,39
Lesotho,2017,40
Lesotho,2018,43
Lesotho,2019,43
Lesotho,2020,43
Lesotho,2021,44
Lesotho,2022,47
Lesotho,2023,49
Lesotho,2024,52
Lesotho,2025,54
Lesotho,2026,55
Liberia,1873,0
Liberia,1874,0
Liberia,1875,0
Liberia,1876,0
Liberia,1877,0
Liberia,1878,0
Liberia,1879,0
Liberia,1880,0
Liberia,1881,0
Liberia,1882,0
Liberia,1883,0
Liberia,1884,0
Liberia,1885,0
Liberia,1886,0
Liberia,1887,0
Liberia,1888,0
Liberia,1889,0
Liberia,1890,0
Liberia,1891,0
Liberia,1892,0
Liberia,1893,0
Liberia,1894,0
Liberia,1895,0
Liberia,1896,0
Liberia,1897,0
Liberia,1898,0
Liberia,1899,0
Liberia,1900,0
Liberia,1901,0
Liberia,1902,0
Liberia,1903,0
Liberia,1904,0
Liberia,1905,0
Liberia,1906,0
Liberia,1907,0
Liberia,1908,0
Liberia,1909,0
Liberia,1910,0
Liberia,1911,0
Liberia,1912,0
Liberia,1913,0
Liberia,1914,0
Liberia,1915,0
Liberia,1916,0
Liberia,1917,0
Liberia,1918,0
Liberia,1919,0
Liberia,1920,0
Liberia,1921,0
Liberia,1922,0
Liberia,1923,0
Liberia,1924,0
Liberia,1925,0
Liberia,1926,0
Liberia,1927,0
Liberia,1928,0
Liberia,1929,0
Liberia,1930,0
Liberia,1931,0
Liberia,1932,0
Liberia,1933,0
Liberia,1934,0
Liberia,1935,0
Liberia,1936,0
Liberia,1937,0
Liberia,1938,0
Liberia,1939,0
Liberia,1940,0
Liberia,1941,0
Liberia,1942,0
Liberia,1943,0
Liberia,1944,0
Liberia,1945,0
Liberia,1946,0
Liberia,1947,0
Liberia,1948,0
Liberia,1949,0
Liberia,1950,0
Liberia,1951,0
Liberia,1952,0
Liberia,1953,0
Liberia,1954,0
Liberia,1955,0
Liberia,1956,0
Liberia,1957,0
Liberia,1958,0
Liberia,1959,0
Liberia,1960,0
Liberia,1961,0
Liberia,1962,0
Liberia,1963,1
Liberia,1964,1
Liberia,1965,2
Liberia,1966,3
Liberia,1967,3
Liberia,1968,3
Liberia,1969,3
Liberia,1970,3
Liberia,1971,4
Liberia,1972,4
Liberia,1973,4
Liberia,1974,4
Liberia,1975,5
Liberia,1976,5
Liberia,1977,5
Liberia,1978,5
Liberia,1979,8
Liberia,1980,8
Liberia,1981,10
Liberia,1982,11
Liberia,1983,11
Liberia,1984,13
Liberia,1985,13
Liberia,1986,16
Liberia,1987,19
Liberia,1988,20
Liberia,1989,24
Liberia,1990,24
Liberia,1991,24
Liberia,1992,24
Liberia,1993,24
Liberia,1994,25
Liberia,1995,28
Liberia,1996,30
Liberia,1997,33
Liberia,1998,34
Liberia,1999,36
Liberia,2000,39
Liberia,2001,46
Liberia,2002,47
Liberia,2003,49
Liberia,2004,50
Liberia,2005,50
Liberia,2006,51
Liberia,2007,51
Liberia,2008,53
Liberia,2009,53
Liberia,2010,53
Liberia,2011,55
Liberia,2012,58
Liberia,2013,60
Liberia,2014,61
Liberia,2015,63
Liberia,2016,65
Liberia,2017,65
Liberia,2018,67
Liberia,2019,69
Liberia,2020,69
Liberia,2021,72
Liberia,2022,72
Liberia,2023,73
Liberia,2024,76
Liberia,2025,78
Liberia,2026,79
Libya,1873,0
Libya,1874,0
Libya,1875,0
Libya,1876,0
Libya,1877,0
Libya,1878,0
Libya,1879,0
Libya,1880,0
Libya,1881,0
Libya,1882,0
Libya,1883,0
Libya,1884,0
Libya,1885,0
Libya,1886,0
Libya,1887,0
Libya,1888,0
Libya,1889,0
Libya,1890,0
Libya,1891,0
Libya,1892,0
Libya,1893,0
Libya,1894,0
Libya,1895,0
Libya,1896,0
Libya,1897,0
Libya,1898,0
Libya,1899,0
Libya,1900,0
Libya,1901,0
Libya,1902,0
Libya,1903,0
Libya,1904,0
Libya,1905,0
Libya,1906,0
Libya,1907,0
Libya,1908,0
Libya,1909,0
Libya,1910,0
Libya,1911,0
Libya,1912,0
Libya,1913,0
Libya,1914,0
Libya,1915,0
Libya,1916,0
Libya,1917,0
Libya,1918,0
Libya,1919,0
Libya,1920,0
Libya,1921,0
Libya,1922,0
Libya,1923,0
Libya,1924,0
Libya,1925,0
Libya,1926,0
Libya,1927,0
Libya,1928,0
Libya,1929,0
Libya,1930,0
Libya,1931,0
Libya,1932,0
Libya,1933,0
Libya,1934,0
Libya,1935,0
Libya,1936,0
Libya,1937,0
Libya,1938,0
Libya,1939,0
Libya,1940,0
Libya,1941,0
Libya,1942,0
Libya,1943,0
Libya,1944,0
Libya,1945,0
Libya,1946,0
Libya,1947,0
Libya,1948,0
Libya,1949,0
Libya,1950,0
Libya,1951,0
Libya,1952,0
Libya,1953,0
Libya,1954,0
Libya,1955,0
Libya,1956,0
Libya,1957,0
Libya,1958,0
Libya,1959,0
Libya,1960,0
Libya,1961,0
Libya,1962,1
Libya,1963,1
Libya,1964,3
Libya,1965,5
Libya,1966,9
Libya,1967,9
Libya,1968,9
Libya,1969,10
Libya,1970,11
Libya,1971,14
Libya,1972,14
Libya,1973,15
Libya,1974,21
Libya,1975,22
Libya,1976,24
Libya,1977,27
Libya,1978,31
Libya,1979,34
Libya,1980,38
Libya,1981,38
Libya,1982,42
Libya,1983,46
Libya,1984,46
Libya,1985,52
Libya,1986,52
Libya,1987,52
Libya,1988,54
Libya,1989,54
Libya,1990,54
Libya,1991,54
Libya,1992,54
Libya,1993,54
Libya,1994,54
Libya,1995,54
Libya,1996,54
Libya,1997,55
Libya,1998,55
Libya,1999,60
Libya,2000,63
Libya,2001,64
Libya,2002,67
Libya,2003,71
Libya,2004,80
Libya,2005,81
Libya,2006,84
Libya,2007,86
Libya,2008,93
Libya,2009,93
Libya,2010,95
Libya,2011,98
Libya,2012,106
Libya,2013,115
Libya,2014,115
Libya,2015,118
Libya,2016,120
Libya,2017,123
Libya,2018,124
Libya,2019,126
Libya,2020,126
Libya,2021,128
Libya,2022,133
Libya,2023,135
Libya,2024,141
Libya,2025,144
Libya,2026,144
Liechtenstein,1873,0
Liechtenstein,1874,0
Liechtenstein,1875,0
Liechtenstein,1876,0
Liechtenstein,1877,0
Liechtenstein,1878,0
Liechtenstein,1879,0
Liechtenstein,1880,0
Liechtenstein,1881,0
Liechtenstein,1882,0
Liechtenstein,1883,0
Liechtenstein,1884,0
Liechtenstein,1885,0
Liechtenstein,1886,0
Liechtenstein,1887,0
Liechtenstein,1888,0
Liechtenstein,1889,0
Liechtenstein,1890,0
Liechtenstein,1891,0
Liechtenstein,1892,0
Liechtenstein,1893,0
Liechtenstein,1894,0
Liechtenstein,1895,0
Liechtenstein,1896,0
Liechtenstein,1897,0
Liechtenstein,1898,0
Liechtenstein,1899,0
Liechtenstein,1900,0
Liechtenstein,1901,0
Liechtenstein,1902,0
Liechtenstein,1903,0
Liechtenstein,1904,0
Liechtenstein,1905,0
Liechtenstein,1906,0
Liechtenstein,1907,0
Liechtenstein,1908,0
Liechtenstein,1909,0
Liechtenstein,1910,0
Liechtenstein,1911,0
Liechtenstein,1912,0
Liechtenstein,1913,0
Liechtenstein,1914,0
Liechtenstein,1915,0
Liechtenstein,1916,0
Liechtenstein,1917,0
Liechtenstein,1918,0
Liechtenstein,1919,0
Liechtenstein,1920,0
Liechtenstein,1921,0
Liechtenstein,1922,0
Liechtenstein,1923,0
Liechtenstein,1924,0
Liechtenstein,1925,0
Liechtenstein,1926,0
Liechtenstein,1927,0
Liechtenstein,1928,0
Liechtenstein,1929,0
Liechtenstein,1930,0
Liechtenstein,1931,0
Liechtenstein,1932,0
Liechtenstein,1933,0
Liechtenstein,1934,0
Liechtenstein,1935,0
Liechtenstein,1936,0
Liechtenstein,1937,0
Liechtenstein,1938,0
Liechtenstein,1939,0
Liechtenstein,1940,0
Liechtenstein,1941,0
Liechtenstein,1942,0
Liechtenstein,1943,0
Liechtenstein,1944,0
Liechtenstein,1945,0
Liechtenstein,1946,0
Liechtenstein,1947,0
Liechtenstein,1948,0
Liechtenstein,1949,0
Liechtenstein,1950,0
Liechtenstein,1951,0
Liechtenstein,1952,0
Liechtenstein,1953,0
Liechtenstein,1954,0
Liechtenstein,1955,0
Liechtenstein,1956,0
Liechtenstein,1957,0
Liechtenstein,1958,0
Liechtenstein,1959,0
Liechtenstein,1960,0
Liechtenstein,1961,0
Liechtenstein,1962,0
Liechtenstein,1963,0
Liechtenstein,1964,0
Liechtenstein,1965,0
Liechtenstein,1966,0
Liechtenstein,1967,0
Liechtenstein,1968,0
Liechtenstein,1969,0
Liechtenstein,1970,0
Liechtenstein,1971,0
Liechtenstein,1972,0
Liechtenstein,1973,0
Liechtenstein,1974,0
Liechtenstein,1975,0
Liechtenstein,1976,0
Liechtenstein,1977,0
Liechtenstein,1978,0
Liechtenstein,1979,0
Liechtenstein,1980,0
Liechtenstein,1981,1
Liechtenstein,1982,2
Liechtenstein,1983,2
Liechtenstein,1984,2
Liechtenstein,1985,2
Liechtenstein,1986,2
Liechtenstein,1987,2
Liechtenstein,1988,2
Liechtenstein,1989,2
Liechtenstein,1990,2
Liechtenstein,1991,2
Liechtenstein,1992,2
Liechtenstein,1993,2
Liechtenstein,1994,2
Liechtenstein,1995,2
Liechtenstein,1996,2
Liechtenstein,1997,2
Liechtenstein,1998,3
Liechtenstein,1999,3
Liechtenstein,2000,3
Liechtenstein,2001,3
Liechtenstein,2002,3
Liechtenstein,2003,4
Liechtenstein,2004,5
Liechtenstein,2005,6
Liechtenstein,2006,6
Liechtenstein,2007,8
Liechtenstein,2008,8
Liechtenstein,2009,8
Liechtenstein,2010,8
Liechtenstein,2011,10
Liechtenstein,2012,11
Liechtenstein,2013,11
Liechtenstein,2014,12
Liechtenstein,2015,13
Liechtenstein,2016,13
Liechtenstein,2017,14
Liechtenstein,2018,15
Liechtenstein,2019,15
Liechtenstein,2020,17
Liechtenstein,2021,17
Liechtenstein,2022,17
Liechtenstein,2023,17
Liechtenstein,2024,18
Liechtenstein,2025,18
Liechtenstein,2026,19
Lithuania,1873,0
Lithuania,1874,0
Lithuania,1875,0
Lithuania,1876,0
Lithuania,1877,0
Lithuania,1878,0
Lithuania,1879,0
Lithuania,1880,0
Lithuania,1881,0
Lithuania,1882,0
Lithuania,1883,0
Lithuania,1884,0
Lithuania,1885,0
Lithuania,1886,0
Lithuania,1887,0
Lithuania,1888,0
Lithuania,1889,0
Lithuania,1890,0
Lithuania,1891,0
Lithuania,1892,0
Lithuania,1893,0
Lithuania,1894,0
Lithuania,1895,0
Lithuania,1896,0
Lithuania,1897,0
Lithuania,1898,0
Lithuania,1899,0
Lithuania,1900,0
Lithuania,1901,0
Lithuania,1902,0
Lithuania,1903,0
Lithuania,1904,0
Lithuania,1905,0
Lithuania,1906,0
Lithuania,1907,0
Lithuania,1908,0
Lithuania,1909,0
Lithuania,1910,0
Lithuania,1911,0
Lithuania,1912,0
Lithuania,1913,0
Lithuania,1914,0
Lithuania,1915,0
Lithuania,1916,0
Lithuania,1917,0
Lithuania,1918,0
Lithuania,1919,0
Lithuania,1920,0
Lithuania,1921,0
Lithuania,1922,0
Lithuania,1923,0
Lithuania,1924,1
Lithuania,1925,1
Lithuania,1926,1
Lithuania,1927,1
Lithuania,1928,1
Lithuania,1929,1
Lithuania,1930,3
Lithuania,1931,3
Lithuania,1932,6
Lithuania,1933,6
Lithuania,1934,9
Lithuania,1935,10
Lithuania,1936,11
Lithuania,1937,11
Lithuania,1938,11
Lithuania,1939,12
Lithuania,1940,14
Lithuania,1941,14
Lithuania,1942,14
Lithuania,1943,14
Lithuania,1944,14
Lithuania,1945,16
Lithuania,1946,16
Lithuania,1947,16
Lithuania,1948,18
Lithuania,1949,20
Lithuania,1950,20
Lithuania,1951,20
Lithuania,1952,20
Lithuania,1953,20
Lithuania,1954,20
Lithuania,1955,20
Lithuania,1956,22
Lithuania,1957,22
Lithuania,1958,22
Lithuania,1959,22
Lithuania,1960,22
Lithuania,1961,22
Lithuania,1962,22
Lithuania,1963,22
Lithuania,1964,22
Lithuania,1965,22
Lithuania,1966,23
Lithuania,1967,23
Lithuania,1968,23
Lithuania,1969,23
Lithuania,1970,23
Lithuania,1971,23
Lithuania,1972,23
Lithuania,1973,23
Lithuania,1974,23
Lithuania,1975,23
Lithuania,1976,23
Lithuania,1977,23
Lithuania,1978,23
Lithuania,1979,25
Lithuania,1980,25
Lithuania,1981,25
Lithuania,1982,25
Lithuania,1983,25
Lithuania,1984,25
Lithuania,1985,25
Lithuania,1986,25
Lithuania,1987,25
Lithuania,1988,25
Lithuania,1989,25
Lithuania,1990,25
Lithuania,1991,26
Lithuania,1992,29
Lithuania,1993,31
Lithuania,1994,35
Lithuania,1995,40
Lithuania,1996,44
Lithuania,1997,49
Lithuania,1998,52
Lithuania,1999,54
Lithuania,2000,56
Lithuania,2001,58
Lithuania,2002,60
Lithuania,2003,63
Lithuania,2004,65
Lithuania,2005,67
Lithuania,2006,71
Lithuania,2007,76
Lithuania,2008,82
Lithuania,2009,85
Lithuania,2010,87
Lithuania,2011,89
Lithuania,2012,90
Lithuania,2013,92
Lithuania,2014,95
Lithuania,2015,96
Lithuania,2016,98
Lithuania,2017,98
Lithuania,2018,99
Lithuania,2019,100
Lithuania,2020,104
Lithuania,2021,105
Lithuania,2022,106
Lithuania,2023,107
Lithuania,2024,110
Lithuania,2025,110
Lithuania,2026,113
Luhansk PR,1873,0
Luhansk PR,1874,0
Luhansk PR,1875,0
Luhansk PR,1876,0
Luhansk PR,1877,0
Luhansk PR,1878,0
Luhansk PR,1879,0
Luhansk PR,1880,0
Luhansk PR,1881,0
Luhansk PR,1882,0
Luhansk PR,1883,0
Luhansk PR,1884,0
Luhansk PR,1885,0
Luhansk PR,1886,0
Luhansk PR,1887,0
Luhansk PR,1888,0
Luhansk PR,1889,0
Luhansk PR,1890,0
Luhansk PR,1891,0
Luhansk PR,1892,0
Luhansk PR,1893,0
Luhansk PR,1894,0
Luhansk PR,1895,0
Luhansk PR,1896,0
Luhansk PR,1897,0
Luhansk PR,1898,0
Luhansk PR,1899,0
Luhansk PR,1900,0
Luhansk PR,1901,0
Luhansk PR,1902,0
Luhansk PR,1903,0
Luhansk PR,1904,0
Luhansk PR,1905,0
Luhansk PR,1906,0
Luhansk PR,1907,0
Luhansk PR,1908,0
Luhansk PR,1909,0
Luhansk PR,1910,0
Luhansk PR,1911,0
Luhansk PR,1912,0
Luhansk PR,1913,0
Luhansk PR,1914,0
Luhansk PR,1915,0
Luhansk PR,1916,0
Luhansk PR,1917,0
Luhansk PR,1918,0
Luhansk PR,1919,0
Luhansk PR,1920,0
Luhansk PR,1921,0
Luhansk PR,1922,0
Luhansk PR,1923,0
Luhansk PR,1924,0
Luhansk PR,1925,0
Luhansk PR,1926,0
Luhansk PR,1927,0
Luhansk PR,1928,0
Luhansk PR,1929,0
Luhansk PR,1930,0
Luhansk PR,1931,0
Luhansk PR,1932,0
Luhansk PR,1933,0
Luhansk PR,1934,0
Luhansk PR,1935,0
Luhansk PR,1936,0
Luhansk PR,1937,0
Luhansk PR,1938,0
Luhansk PR,1939,0
Luhansk PR,1940,0
Luhansk PR,1941,0
Luhansk PR,1942,0
Luhansk PR,1943,0
Luhansk PR,1944,0
Luhansk PR,1945,0
Luhansk PR,1946,0
Luhansk PR,1947,0
Luhansk PR,1948,0
Luhansk PR,1949,0
Luhansk PR,1950,0
Luhansk PR,1951,0
Luhansk PR,1952,0
Luhansk PR,1953,0
Luhansk PR,1954,0
Luhansk PR,1955,0
Luhansk PR,1956,0
Luhansk PR,1957,0
Luhansk PR,1958,0
Luhansk PR,1959,0
Luhansk PR,1960,0
Luhansk PR,1961,0
Luhansk PR,1962,0
Luhansk PR,1963,0
Luhansk PR,1964,0
Luhansk PR,1965,0
Luhansk PR,1966,0
Luhansk PR,1967,0
Luhansk PR,1968,0
Luhansk PR,1969,0
Luhansk PR,1970,0
Luhansk PR,1971,0
Luhansk PR,1972,0
Luhansk PR,1973,0
Luhansk PR,1974,0
Luhansk PR,1975,0
Luhansk PR,1976,0
Luhansk PR,1977,0
Luhansk PR,1978,0
Luhansk PR,1979,0
Luhansk PR,1980,0
Luhansk PR,1981,0
Luhansk PR,1982,0
Luhansk PR,1983,0
Luhansk PR,1984,0
Luhansk PR,1985,0
Luhansk PR,1986,0
Luhansk PR,1987,0
Luhansk PR,1988,0
Luhansk PR,1989,0
Luhansk PR,1990,0
Luhansk PR,1991,0
Luhansk PR,1992,0
Luhansk PR,1993,0
Luhansk PR,1994,0
Luhansk PR,1995,0
Luhansk PR,1996,0
Luhansk PR,1997,0
Luhansk PR,1998,0
Luhansk PR,1999,0
Luhansk PR,2000,0
Luhansk PR,2001,0
Luhansk PR,2002,0
Luhansk PR,2003,0
Luhansk PR,2004,0
Luhansk PR,2005,0
Luhansk PR,2006,0
Luhansk PR,2007,0
Luhansk PR,2008,0
Luhansk PR,2009,0
Luhansk PR,2010,0
Luhansk PR,2011,0
Luhansk PR,2012,0
Luhansk PR,2013,0
Luhansk PR,2014,0
Luhansk PR,2015,1
Luhansk PR,2016,1
Luhansk PR,2017,1
Luhansk PR,2018,1
Luhansk PR,2019,2
Luhansk PR,2020,2
Luhansk PR,2021,2
Luhansk PR,2022,2
Luhansk PR,2023,2
Luhansk PR,2024,2
Luhansk PR,2025,2
Luhansk PR,2026,2
Luxembourg,1873,0
Luxembourg,1874,0
Luxembourg,1875,0
Luxembourg,1876,0
Luxembourg,1877,0
Luxembourg,1878,0
Luxembourg,1879,0
Luxembourg,1880,0
Luxembourg,1881,0
Luxembourg,1882,0
Luxembourg,1883,0
Luxembourg,1884,0
Luxembourg,1885,0
Luxembourg,1886,0
Luxembourg,1887,0
Luxembourg,1888,0
Luxembourg,1889,0
Luxembourg,1890,0
Luxembourg,1891,0
Luxembourg,1892,0
Luxembourg,1893,0
Luxembourg,1894,0
Luxembourg,1895,0
Luxembourg,1896,0
Luxembourg,1897,0
Luxembourg,1898,0
Luxembourg,1899,0
Luxembourg,1900,0
Luxembourg,1901,0
Luxembourg,1902,0
Luxembourg,1903,0
Luxembourg,1904,0
Luxembourg,1905,0
Luxembourg,1906,0
Luxembourg,1907,0
Luxembourg,1908,0
Luxembourg,1909,0
Luxembourg,1910,0
Luxembourg,1911,0
Luxembourg,1912,0
Luxembourg,1913,0
Luxembourg,1914,1
Luxembourg,1915,1
Luxembourg,1916,1
Luxembourg,1917,1
Luxembourg,1918,1
Luxembourg,1919,1
Luxembourg,1920,1
Luxembourg,1921,1
Luxembourg,1922,1
Luxembourg,1923,1
Luxembourg,1924,1
Luxembourg,1925,1
Luxembourg,1926,1
Luxembourg,1927,1
Luxembourg,1928,1
Luxembourg,1929,1
Luxembourg,1930,1
Luxembourg,1931,1
Luxembourg,1932,1
Luxembourg,1933,1
Luxembourg,1934,1
Luxembourg,1935,1
Luxembourg,1936,1
Luxembourg,1937,1
Luxembourg,1938,1
Luxembourg,1939,2
Luxembourg,1940,3
Luxembourg,1941,3
Luxembourg,1942,3
Luxembourg,1943,3
Luxembourg,1944,3
Luxembourg,1945,4
Luxembourg,1946,5
Luxembourg,1947,5
Luxembourg,1948,5
Luxembourg,1949,5
Luxembourg,1950,5
Luxembourg,1951,6
Luxembourg,1952,6
Luxembourg,1953,6
Luxembourg,1954,6
Luxembourg,1955,6
Luxembourg,1956,6
Luxembourg,1957,6
Luxembourg,1958,6
Luxembourg,1959,6
Luxembourg,1960,6
Luxembourg,1961,7
Luxembourg,1962,7
Luxembourg,1963,8
Luxembourg,1964,8
Luxembourg,1965,8
Luxembourg,1966,8
Luxembourg,1967,8
Luxembourg,1968,8
Luxembourg,1969,9
Luxembourg,1970,9
Luxembourg,1971,9
Luxembourg,1972,10
Luxembourg,1973,10
Luxembourg,1974,10
Luxembourg,1975,10
Luxembourg,1976,10
Luxembourg,1977,10
Luxembourg,1978,10
Luxembourg,1979,10
Luxembourg,1980,12
Luxembourg,1981,12
Luxembourg,1982,12
Luxembourg,1983,12
Luxembourg,1984,12
Luxembourg,1985,12
Luxembourg,1986,12
Luxembourg,1987,12
Luxembourg,1988,12
Luxembourg,1989,12
Luxembourg,1990,12
Luxembourg,1991,12
Luxembourg,1992,12
Luxembourg,1993,12
Luxembourg,1994,12
Luxembourg,1995,15
Luxembourg,1996,15
Luxembourg,1997,15
Luxembourg,1998,15
Luxembourg,1999,15
Luxembourg,2000,15
Luxembourg,2001,15
Luxembourg,2002,15
Luxembourg,2003,15
Luxembourg,2004,15
Luxembourg,2005,15
Luxembourg,2006,15
Luxembourg,2007,17
Luxembourg,2008,18
Luxembourg,2009,18
Luxembourg,2010,18
Luxembourg,2011,20
Luxembourg,2012,21
Luxembourg,2013,23
Luxembourg,2014,23
Luxembourg,2015,25
Luxembourg,2016,25
Luxembourg,2017,28
Luxembourg,2018,33
Luxembourg,2019,34
Luxembourg,2020,37
Luxembourg,2021,40
Luxembourg,2022,43
Luxembourg,2023,48
Luxembourg,2024,48
Luxembourg,2025,49
Luxembourg,2026,51
Macau,1873,0
Macau,1874,0
Macau,1875,0
Macau,1876,0
Macau,1877,0
Macau,1878,0
Macau,1879,0
Macau,1880,0
Macau,1881,0
Macau,1882,0
Macau,1883,0
Macau,1884,0
Macau,1885,0
Macau,1886,0
Macau,1887,0
Macau,1888,0
Macau,1889,0
Macau,1890,0
Macau,1891,0
Macau,1892,0
Macau,1893,0
Macau,1894,0
Macau,1895,0
Macau,1896,0
Macau,1897,0
Macau,1898,0
Macau,1899,0
Macau,1900,0
Macau,1901,0
Macau,1902,0
Macau,1903,0
Macau,1904,0
Macau,1905,0
Macau,1906,0
Macau,1907,0
Macau,1908,0
Macau,1909,0
Macau,1910,0
Macau,1911,0
Macau,1912,0
Macau,1913,0
Macau,1914,0
Macau,1915,0
Macau,1916,0
Macau,1917,0
Macau,1918,0
Macau,1919,0
Macau,1920,0
Macau,1921,0
Macau,1922,0
Macau,1923,0
Macau,1924,0
Macau,1925,0
Macau,1926,0
Macau,1927,0
Macau,1928,0
Macau,1929,0
Macau,1930,0
Macau,1931,0
Macau,1932,0
Macau,1933,0
Macau,1934,0
Macau,1935,0
Macau,1936,0
Macau,1937,0
Macau,1938,0
Macau,1939,0
Macau,1940,0
Macau,1941,0
Macau,1942,0
Macau,1943,0
Macau,1944,0
Macau,1945,0
Macau,1946,0
Macau,1947,0
Macau,1948,0
Macau,1949,0
Macau,1950,0
Macau,1951,0
Macau,1952,0
Macau,1953,0
Macau,1954,0
Macau,1955,0
Macau,1956,0
Macau,1957,0
Macau,1958,0
Macau,1959,0
Macau,1960,0
Macau,1961,0
Macau,1962,0
Macau,1963,0
Macau,1964,0
Macau,1965,0
Macau,1966,0
Macau,1967,0
Macau,1968,0
Macau,1969,0
Macau,1970,0
Macau,1971,0
Macau,1972,0
Macau,1973,0
Macau,1974,0
Macau,1975,1
Macau,1976,1
Macau,1977,1
Macau,1978,1
Macau,1979,1
Macau,1980,1
Macau,1981,1
Macau,1982,2
Macau,1983,2
Macau,1984,2
Macau,1985,4
Macau,1986,4
Macau,1987,4
Macau,1988,4
Macau,1989,4
Macau,1990,4
Macau,1991,4
Macau,1992,5
Macau,1993,5
Macau,1994,5
Macau,1995,5
Macau,1996,6
Macau,1997,7
Macau,1998,7
Macau,1999,7
Macau,2000,8
Macau,2001,8
Macau,2002,8
Macau,2003,10
Macau,2004,10
Macau,2005,10
Macau,2006,10
Macau,2007,10
Macau,2008,10
Macau,2009,12
Macau,2010,12
Macau,2011,13
Macau,2012,14
Macau,2013,14
Macau,2014,15
Macau,2015,15
Macau,2016,18
Macau,2017,19
Macau,2018,20
Macau,2019,21
Macau,2020,21
Macau,2021,21
Macau,2022,21
Macau,2023,21
Macau,2024,21
Macau,2025,21
Macau,2026,21
Madagascar,1873,0
Madagascar,1874,0
Madagascar,1875,0
Madagascar,1876,0
Madagascar,1877,0
Madagascar,1878,0
Madagascar,1879,0
Madagascar,1880,0
Madagascar,1881,0
Madagascar,1882,0
Madagascar,1883,0
Madagascar,1884,0
Madagascar,1885,0
Madagascar,1886,0
Madagascar,1887,0
Madagascar,1888,0
Madagascar,1889,0
Madagascar,1890,0
Madagascar,1891,0
Madagascar,1892,0
Madagascar,1893,0
Madagascar,1894,0
Madagascar,1895,0
Madagascar,1896,0
Madagascar,1897,0
Madagascar,1898,0
Madagascar,1899,0
Madagascar,1900,0
Madagascar,1901,0
Madagascar,1902,0
Madagascar,1903,0
Madagascar,1904,0
Madagascar,1905,0
Madagascar,1906,0
Madagascar,1907,0
Madagascar,1908,0
Madagascar,1909,0
Madagascar,1910,0
Madagascar,1911,0
Madagascar,1912,0
Madagascar,1913,0
Madagascar,1914,0
Madagascar,1915,0
Madagascar,1916,0
Madagascar,1917,0
Madagascar,1918,0
Madagascar,1919,0
Madagascar,1920,0
Madagascar,1921,0
Madagascar,1922,0
Madagascar,1923,0
Madagascar,1924,0
Madagascar,1925,0
Madagascar,1926,0
Madagascar,1927,0
Madagascar,1928,0
Madagascar,1929,0
Madagascar,1930,0
Madagascar,1931,0
Madagascar,1932,0
Madagascar,1933,0
Madagascar,1934,0
Madagascar,1935,0
Madagascar,1936,0
Madagascar,1937,0
Madagascar,1938,0
Madagascar,1939,0
Madagascar,1940,0
Madagascar,1941,0
Madagascar,1942,0
Madagascar,1943,0
Madagascar,1944,0
Madagascar,1945,0
Madagascar,1946,0
Madagascar,1947,1
Madagascar,1948,2
Madagascar,1949,3
Madagascar,1950,3
Madagascar,1951,4
Madagascar,1952,5
Madagascar,1953,6
Madagascar,1954,6
Madagascar,1955,8
Madagascar,1956,9
Madagascar,1957,9
Madagascar,1958,11
Madagascar,1959,11
Madagascar,1960,13
Madagascar,1961,14
Madagascar,1962,14
Madagascar,1963,18
Madagascar,1964,18
Madagascar,1965,18
Madagascar,1966,19
Madagascar,1967,19
Madagascar,1968,19
Madagascar,1969,20
Madagascar,1970,21
Madagascar,1971,24
Madagascar,1972,25
Madagascar,1973,26
Madagascar,1974,26
Madagascar,1975,26
Madagascar,1976,26
Madagascar,1977,26
Madagascar,1978,27
Madagascar,1979,29
Madagascar,1980,30
Madagascar,1981,33
Madagascar,1982,33
Madagascar,1983,37
Madagascar,1984,37
Madagascar,1985,39
Madagascar,1986,39
Madagascar,1987,43
Madagascar,1988,43
Madagascar,1989,43
Madagascar,1990,47
Madagascar,1991,48
Madagascar,1992,50
Madagascar,1993,55
Madagascar,1994,55
Madagascar,1995,55
Madagascar,1996,55
Madagascar,1997,55
Madagascar,1998,59
Madagascar,1999,60
Madagascar,2000,65
Madagascar,2001,67
Madagascar,2002,70
Madagascar,2003,71
Madagascar,2004,71
Madagascar,2005,72
Madagascar,2006,72
Madagascar,2007,77
Madagascar,2008,80
Madagascar,2009,81
Madagascar,2010,82
Madagascar,2011,83
Madagascar,2012,83
Madagascar,2013,83
Madagascar,2014,84
Madagascar,2015,90
Madagascar,2016,91
Madagascar,2017,96
Madagascar,2018,100
Madagascar,2019,104
Madagascar,2020,104
Madagascar,2021,105
Madagascar,2022,106
Madagascar,2023,111
Madagascar,2024,112
Madagascar,2025,117
Madagascar,2026,118
Malawi,1873,0
Malawi,1874,0
Malawi,1875,0
Malawi,1876,0
Malawi,1877,0
Malawi,1878,0
Malawi,1879,0
Malawi,1880,0
Malawi,1881,0
Malawi,1882,0
Malawi,1883,0
Malawi,1884,0
Malawi,1885,0
Malawi,1886,0
Malawi,1887,0
Malawi,1888,0
Malawi,1889,0
Malawi,1890,0
Malawi,1891,0
Malawi,1892,0
Malawi,1893,0
Malawi,1894,0
Malawi,1895,0
Malawi,1896,0
Malawi,1897,0
Malawi,1898,0
Malawi,1899,0
Malawi,1900,0
Malawi,1901,0
Malawi,1902,0
Malawi,1903,0
Malawi,1904,0
Malawi,1905,0
Malawi,1906,0
Malawi,1907,0
Malawi,1908,0
Malawi,1909,0
Malawi,1910,0
Malawi,1911,0
Malawi,1912,0
Malawi,1913,0
Malawi,1914,0
Malawi,1915,0
Malawi,1916,0
Malawi,1917,0
Malawi,1918,0
Malawi,1919,0
Malawi,1920,0
Malawi,1921,0
Malawi,1922,0
Malawi,1923,0
Malawi,1924,0
Malawi,1925,0
Malawi,1926,0
Malawi,1927,0
Malawi,1928,0
Malawi,1929,0
Malawi,1930,0
Malawi,1931,0
Malawi,1932,0
Malawi,1933,0
Malawi,1934,0
Malawi,1935,0
Malawi,1936,0
Malawi,1937,0
Malawi,1938,0
Malawi,1939,0
Malawi,1940,0
Malawi,1941,0
Malawi,1942,0
Malawi,1943,0
Malawi,1944,0
Malawi,1945,0
Malawi,1946,0
Malawi,1947,0
Malawi,1948,0
Malawi,1949,0
Malawi,1950,0
Malawi,1951,0
Malawi,1952,0
Malawi,1953,0
Malawi,1954,0
Malawi,1955,0
Malawi,1956,0
Malawi,1957,0
Malawi,1958,0
Malawi,1959,0
Malawi,1960,0
Malawi,1961,0
Malawi,1962,0
Malawi,1963,0
Malawi,1964,0
Malawi,1965,0
Malawi,1966,0
Malawi,1967,0
Malawi,1968,1
Malawi,1969,2
Malawi,1970,4
Malawi,1971,7
Malawi,1972,10
Malawi,1973,13
Malawi,1974,15
Malawi,1975,23
Malawi,1976,28
Malawi,1977,35
Malawi,1978,44
Malawi,1979,53
Malawi,1980,56
Malawi,1981,64
Malawi,1982,68
Malawi,1983,74
Malawi,1984,85
Malawi,1985,90
Malawi,1986,91
Malawi,1987,97
Malawi,1988,104
Malawi,1989,109
Malawi,1990,113
Malawi,1991,116
Malawi,1992,121
Malawi,1993,126
Malawi,1994,127
Malawi,1995,127
Malawi,1996,131
Malawi,1997,134
Malawi,1998,137
Malawi,1999,137
Malawi,2000,140
Malawi,2001,142
Malawi,2002,149
Malawi,2003,150
Malawi,2004,151
Malawi,2005,155
Malawi,2006,159
Malawi,2007,160
Malawi,2008,167
Malawi,2009,171
Malawi,2010,175
Malawi,2011,178
Malawi,2012,182
Malawi,2013,184
Malawi,2014,188
Malawi,2015,193
Malawi,2016,196
Malawi,2017,198
Malawi,2018,198
Malawi,2019,203
Malawi,2020,203
Malawi,2021,207
Malawi,2022,210
Malawi,2023,214
Malawi,2024,216
Malawi,2025,219
Malawi,2026,220
Malaysia,1873,0
Malaysia,1874,0
Malaysia,1875,0
Malaysia,1876,0
Malaysia,1877,0
Malaysia,1878,0
Malaysia,1879,0
Malaysia,1880,0
Malaysia,1881,0
Malaysia,1882,0
Malaysia,1883,0
Malaysia,1884,0
Malaysia,1885,0
Malaysia,1886,0
Malaysia,1887,0
Malaysia,1888,0
Malaysia,1889,0
Malaysia,1890,0
Malaysia,1891,0
Malaysia,1892,0
Malaysia,1893,0
Malaysia,1894,0
Malaysia,1895,0
Malaysia,1896,0
Malaysia,1897,0
Malaysia,1898,0
Malaysia,1899,0
Malaysia,1900,0
Malaysia,1901,0
Malaysia,1902,0
Malaysia,1903,0
Malaysia,1904,0
Malaysia,1905,0
Malaysia,1906,0
Malaysia,1907,0
Malaysia,1908,0
Malaysia,1909,0
Malaysia,1910,0
Malaysia,1911,0
Malaysia,1912,0
Malaysia,1913,0
Malaysia,1914,0
Malaysia,1915,0
Malaysia,1916,0
Malaysia,1917,0
Malaysia,1918,0
Malaysia,1919,0
Malaysia,1920,0
Malaysia,1921,0
Malaysia,1922,0
Malaysia,1923,0
Malaysia,1924,0
Malaysia,1925,0
Malaysia,1926,0
Malaysia,1927,0
Malaysia,1928,0
Malaysia,1929,0
Malaysia,1930,0
Malaysia,1931,0
Malaysia,1932,0
Malaysia,1933,0
Malaysia,1934,0
Malaysia,1935,0
Malaysia,1936,0
Malaysia,1937,0
Malaysia,1938,0
Malaysia,1939,0
Malaysia,1940,0
Malaysia,1941,0
Malaysia,1942,0
Malaysia,1943,0
Malaysia,1944,0
Malaysia,1945,0
Malaysia,1946,0
Malaysia,1947,0
Malaysia,1948,0
Malaysia,1949,0
Malaysia,1950,0
Malaysia,1951,0
Malaysia,1952,0
Malaysia,1953,0
Malaysia,1954,0
Malaysia,1955,0
Malaysia,1956,1
Malaysia,1957,4
Malaysia,1958,11
Malaysia,1959,15
Malaysia,1960,18
Malaysia,1961,24
Malaysia,1962,29
Malaysia,1963,31
Malaysia,1964,33
Malaysia,1965,33
Malaysia,1966,35
Malaysia,1967,41
Malaysia,1968,47
Malaysia,1969,52
Malaysia,1970,61
Malaysia,1971,76
Malaysia,1972,87
Malaysia,1973,99
Malaysia,1974,106
Malaysia,1975,117
Malaysia,1976,126
Malaysia,1977,137
Malaysia,1978,145
Malaysia,1979,151
Malaysia,1980,157
Malaysia,1981,160
Malaysia,1982,165
Malaysia,1983,169
Malaysia,1984,174
Malaysia,1985,179
Malaysia,1986,182
Malaysia,1987,183
Malaysia,1988,184
Malaysia,1989,193
Malaysia,1990,193
Malaysia,1991,194
Malaysia,1992,195
Malaysia,1993,200
Malaysia,1994,201
Malaysia,1995,202
Malaysia,1996,206
Malaysia,1997,212
Malaysia,1998,212
Malaysia,1999,216
Malaysia,2000,229
Malaysia,2001,232
Malaysia,2002,235
Malaysia,2003,236
Malaysia,2004,242
Malaysia,2005,243
Malaysia,2006,243
Malaysia,2007,245
Malaysia,2008,250
Malaysia,2009,252
Malaysia,2010,256
Malaysia,2011,259
Malaysia,2012,264
Malaysia,2013,265
Malaysia,2014,270
Malaysia,2015,273
Malaysia,2016,278
Malaysia,2017,278
Malaysia,2018,286
Malaysia,2019,295
Malaysia,2020,295
Malaysia,2021,298
Malaysia,2022,307
Malaysia,2023,315
Malaysia,2024,320
Malaysia,2025,327
Malaysia,2026,333
Maldives,1873,0
Maldives,1874,0
Maldives,1875,0
Maldives,1876,0
Maldives,1877,0
Maldives,1878,0
Maldives,1879,0
Maldives,1880,0
Maldives,1881,0
Maldives,1882,0
Maldives,1883,0
Maldives,1884,0
Maldives,1885,0
Maldives,1886,0
Maldives,1887,0
Maldives,1888,0
Maldives,1889,0
Maldives,1890,0
Maldives,1891,0
Maldives,1892,0
Maldives,1893,0
Maldives,1894,0
Maldives,1895,0
Maldives,1896,0
Maldives,1897,0
Maldives,1898,0
Maldives,1899,0
Maldives,1900,0
Maldives,1901,0
Maldives,1902,0
Maldives,1903,0
Maldives,1904,0
Maldives,1905,0
Maldives,1906,0
Maldives,1907,0
Maldives,1908,0
Maldives,1909,0
Maldives,1910,0
Maldives,1911,0
Maldives,1912,0
Maldives,1913,0
Maldives,1914,0
Maldives,1915,0
Maldives,1916,0
Maldives,1917,0
Maldives,1918,0
Maldives,1919,0
Maldives,1920,0
Maldives,1921,0
Maldives,1922,0
Maldives,1923,0
Maldives,1924,0
Maldives,1925,0
Maldives,1926,0
Maldives,1927,0
Maldives,1928,0
Maldives,1929,0
Maldives,1930,0
Maldives,1931,0
Maldives,1932,0
Maldives,1933,0
Maldives,1934,0
Maldives,1935,0
Maldives,1936,0
Maldives,1937,0
Maldives,1938,0
Maldives,1939,0
Maldives,1940,0
Maldives,1941,0
Maldives,1942,0
Maldives,1943,0
Maldives,1944,0
Maldives,1945,0
Maldives,1946,0
Maldives,1947,0
Maldives,1948,0
Maldives,1949,0
Maldives,1950,0
Maldives,1951,0
Maldives,1952,0
Maldives,1953,0
Maldives,1954,0
Maldives,1955,0
Maldives,1956,0
Maldives,1957,0
Maldives,1958,0
Maldives,1959,0
Maldives,1960,0
Maldives,1961,0
Maldives,1962,0
Maldives,1963,0
Maldives,1964,0
Maldives,1965,0
Maldives,1966,0
Maldives,1967,0
Maldives,1968,0
Maldives,1969,0
Maldives,1970,0
Maldives,1971,0
Maldives,1972,0
Maldives,1973,0
Maldives,1974,0
Maldives,1975,0
Maldives,1976,0
Maldives,1977,0
Maldives,1978,0
Maldives,1979,0
Maldives,1980,0
Maldives,1981,0
Maldives,1982,0
Maldives,1983,0
Maldives,1984,1
Maldives,1985,1
Maldives,1986,1
Maldives,1987,1
Maldives,1988,1
Maldives,1989,1
Maldives,1990,1
Maldives,1991,3
Maldives,1992,3
Maldives,1993,3
Maldives,1994,3
Maldives,1995,3
Maldives,1996,3
Maldives,1997,4
Maldives,1998,4
Maldives,1999,8
Maldives,2000,9
Maldives,2001,10
Maldives,2002,10
Maldives,2003,15
Maldives,2004,16
Maldives,2005,18
Maldives,2006,18
Maldives,2007,19
Maldives,2008,23
Maldives,2009,27
Maldives,2010,27
Maldives,2011,32
Maldives,2012,35
Maldives,2013,38
Maldives,2014,39
Maldives,2015,43
Maldives,2016,47
Maldives,2017,48
Maldives,2018,51
Maldives,2019,53
Maldives,2020,53
Maldives,2021,55
Maldives,2022,59
Maldives,2023,61
Maldives,2024,62
Maldives,2025,63
Maldives,2026,63
Mali,1873,0
Mali,1874,0
Mali,1875,0
Mali,1876,0
Mali,1877,0
Mali,1878,0
Mali,1879,0
Mali,1880,0
Mali,1881,0
Mali,1882,0
Mali,1883,0
Mali,1884,0
Mali,1885,0
Mali,1886,0
Mali,1887,0
Mali,1888,0
Mali,1889,0
Mali,1890,0
Mali,1891,0
Mali,1892,0
Mali,1893,0
Mali,1894,0
Mali,1895,0
Mali,1896,0
Mali,1897,0
Mali,1898,0
Mali,1899,0
Mali,1900,0
Mali,1901,0
Mali,1902,0
Mali,1903,0
Mali,1904,0
Mali,1905,0
Mali,1906,0
Mali,1907,0
Mali,1908,0
Mali,1909,0
Mali,1910,0
Mali,1911,0
Mali,1912,0
Mali,1913,0
Mali,1914,0
Mali,1915,0
Mali,1916,0
Mali,1917,0
Mali,1918,0
Mali,1919,0
Mali,1920,0
Mali,1921,0
Mali,1922,0
Mali,1923,0
Mali,1924,0
Mali,1925,0
Mali,1926,0
Mali,1927,0
Mali,1928,0
Mali,1929,0
Mali,1930,0
Mali,1931,0
Mali,1932,0
Mali,1933,0
Mali,1934,0
Mali,1935,0
Mali,1936,0
Mali,1937,0
Mali,1938,0
Mali,1939,0
Mali,1940,0
Mali,1941,0
Mali,1942,0
Mali,1943,0
Mali,1944,0
Mali,1945,0
Mali,1946,0
Mali,1947,0
Mali,1948,0
Mali,1949,0
Mali,1950,0
Mali,1951,0
Mali,1952,0
Mali,1953,0
Mali,1954,0
Mali,1955,0
Mali,1956,0
Mali,1957,0
Mali,1958,0
Mali,1959,0
Mali,1960,4
Mali,1961,4
Mali,1962,5
Mali,1963,7
Mali,1964,7
Mali,1965,12
Mali,1966,13
Mali,1967,16
Mali,1968,16
Mali,1969,16
Mali,1970,18
Mali,1971,19
Mali,1972,21
Mali,1973,22
Mali,1974,23
Mali,1975,26
Mali,1976,29
Mali,1977,30
Mali,1978,30
Mali,1979,34
Mali,1980,38
Mali,1981,42
Mali,1982,46
Mali,1983,50
Mali,1984,55
Mali,1985,59
Mali,1986,59
Mali,1987,63
Mali,1988,69
Mali,1989,72
Mali,1990,73
Mali,1991,76
Mali,1992,81
Mali,1993,86
Mali,1994,93
Mali,1995,98
Mali,1996,101
Mali,1997,108
Mali,1998,112
Mali,1999,115
Mali,2000,118
Mali,2001,125
Mali,2002,132
Mali,2003,140
Mali,2004,145
Mali,2005,148
Mali,2006,152
Mali,2007,157
Mali,2008,162
Mali,2009,167
Mali,2010,170
Mali,2011,172
Mali,2012,178
Mali,2013,181
Mali,2014,185
Mali,2015,188
Mali,2016,192
Mali,2017,193
Mali,2018,195
Mali,2019,199
Mali,2020,202
Mali,2021,208
Mali,2022,213
Mali,2023,219
Mali,2024,227
Mali,2025,232
Mali,2026,234
Malta,1873,0
Malta,1874,0
Malta,1875,0
Malta,1876,0
Malta,1877,0
Malta,1878,0
Malta,1879,0
Malta,1880,0
Malta,1881,0
Malta,1882,0
Malta,1883,0
Malta,1884,0
Malta,1885,0
Malta,1886,0
Malta,1887,0
Malta,1888,0
Malta,1889,0
Malta,1890,0
Malta,1891,0
Malta,1892,0
Malta,1893,0
Malta,1894,0
Malta,1895,0
Malta,1896,0
Malta,1897,0
Malta,1898,0
Malta,1899,0
Malta,1900,0
Malta,1901,0
Malta,1902,0
Malta,1903,0
Malta,1904,0
Malta,1905,0
Malta,1906,0
Malta,1907,0
Malta,1908,0
Malta,1909,0
Malta,1910,0
Malta,1911,0
Malta,1912,0
Malta,1913,0
Malta,1914,0
Malta,1915,0
Malta,1916,0
Malta,1917,0
Malta,1918,0
Malta,1919,0
Malta,1920,0
Malta,1921,0
Malta,1922,0
Malta,1923,0
Malta,1924,0
Malta,1925,0
Malta,1926,0
Malta,1927,0
Malta,1928,0
Malta,1929,0
Malta,1930,0
Malta,1931,0
Malta,1932,0
Malta,1933,0
Malta,1934,0
Malta,1935,0
Malta,1936,0
Malta,1937,0
Malta,1938,0
Malta,1939,0
Malta,1940,0
Malta,1941,0
Malta,1942,0
Malta,1943,0
Malta,1944,0
Malta,1945,0
Malta,1946,0
Malta,1947,0
Malta,1948,0
Malta,1949,0
Malta,1950,0
Malta,1951,0
Malta,1952,0
Malta,1953,0
Malta,1954,0
Malta,1955,0
Malta,1956,0
Malta,1957,0
Malta,1958,1
Malta,1959,1
Malta,1960,2
Malta,1961,2
Malta,1962,2
Malta,1963,2
Malta,1964,2
Malta,1965,2
Malta,1966,4
Malta,1967,4
Malta,1968,4
Malta,1969,4
Malta,1970,4
Malta,1971,4
Malta,1972,4
Malta,1973,5
Malta,1974,5
Malta,1975,6
Malta,1976,6
Malta,1977,7
Malta,1978,7
Malta,1979,7
Malta,1980,7
Malta,1981,10
Malta,1982,11
Malta,1983,11
Malta,1984,11
Malta,1985,12
Malta,1986,12
Malta,1987,12
Malta,1988,15
Malta,1989,15
Malta,1990,15
Malta,1991,17
Malta,1992,19
Malta,1993,21
Malta,1994,23
Malta,1995,24
Malta,1996,24
Malta,1997,24
Malta,1998,25
Malta,1999,26
Malta,2000,28
Malta,2001,29
Malta,2002,32
Malta,2003,32
Malta,2004,33
Malta,2005,33
Malta,2006,34
Malta,2007,34
Malta,2008,36
Malta,2009,37
Malta,2010,37
Malta,2011,38
Malta,2012,42
Malta,2013,44
Malta,2014,44
Malta,2015,45
Malta,2016,45
Malta,2017,46
Malta,2018,46
Malta,2019,47
Malta,2020,51
Malta,2021,52
Malta,2022,57
Malta,2023,59
Malta,2024,62
Malta,2025,64
Malta,2026,68
Mapuche,1873,0
Mapuche,1874,0
Mapuche,1875,0
Mapuche,1876,0
Mapuche,1877,0
Mapuche,1878,0
Mapuche,1879,0
Mapuche,1880,0
Mapuche,1881,0
Mapuche,1882,0
Mapuche,1883,0
Mapuche,1884,0
Mapuche,1885,0
Mapuche,1886,0
Mapuche,1887,0
Mapuche,1888,0
Mapuche,1889,0
Mapuche,1890,0
Mapuche,1891,0
Mapuche,1892,0
Mapuche,1893,0
Mapuche,1894,0
Mapuche,1895,0
Mapuche,1896,0
Mapuche,1897,0
Mapuche,1898,0
Mapuche,1899,0
Mapuche,1900,0
Mapuche,1901,0
Mapuche,1902,0
Mapuche,1903,0
Mapuche,1904,0
Mapuche,1905,0
Mapuche,1906,0
Mapuche,1907,0
Mapuche,1908,0
Mapuche,1909,0
Mapuche,1910,0
Mapuche,1911,0
Mapuche,1912,0
Mapuche,1913,0
Mapuche,1914,0
Mapuche,1915,0
Mapuche,1916,0
Mapuche,1917,0
Mapuche,1918,0
Mapuche,1919,0
Mapuche,1920,0
Mapuche,1921,0
Mapuche,1922,0
Mapuche,1923,0
Mapuche,1924,0
Mapuche,1925,0
Mapuche,1926,0
Mapuche,1927,0
Mapuche,1928,0
Mapuche,1929,0
Mapuche,1930,0
Mapuche,1931,0
Mapuche,1932,0
Mapuche,1933,0
Mapuche,1934,0
Mapuche,1935,0
Mapuche,1936,0
Mapuche,1937,0
Mapuche,1938,0
Mapuche,1939,0
Mapuche,1940,0
Mapuche,1941,0
Mapuche,1942,0
Mapuche,1943,0
Mapuche,1944,0
Mapuche,1945,0
Mapuche,1946,0
Mapuche,1947,0
Mapuche,1948,0
Mapuche,1949,0
Mapuche,1950,0
Mapuche,1951,0
Mapuche,1952,0
Mapuche,1953,0
Mapuche,1954,0
Mapuche,1955,0
Mapuche,1956,0
Mapuche,1957,0
Mapuche,1958,0
Mapuche,1959,0
Mapuche,1960,0
Mapuche,1961,0
Mapuche,1962,0
Mapuche,1963,0
Mapuche,1964,0
Mapuche,1965,0
Mapuche,1966,0
Mapuche,1967,0
Mapuche,1968,0
Mapuche,1969,0
Mapuche,1970,0
Mapuche,1971,0
Mapuche,1972,0
Mapuche,1973,0
Mapuche,1974,0
Mapuche,1975,0
Mapuche,1976,0
Mapuche,1977,0
Mapuche,1978,0
Mapuche,1979,0
Mapuche,1980,0
Mapuche,1981,0
Mapuche,1982,0
Mapuche,1983,0
Mapuche,1984,0
Mapuche,1985,0
Mapuche,1986,0
Mapuche,1987,0
Mapuche,1988,0
Mapuche,1989,0
Mapuche,1990,0
Mapuche,1991,0
Mapuche,1992,0
Mapuche,1993,0
Mapuche,1994,0
Mapuche,1995,0
Mapuche,1996,0
Mapuche,1997,0
Mapuche,1998,0
Mapuche,1999,0
Mapuche,2000,0
Mapuche,2001,0
Mapuche,2002,0
Mapuche,2003,0
Mapuche,2004,0
Mapuche,2005,0
Mapuche,2006,0
Mapuche,2007,0
Mapuche,2008,0
Mapuche,2009,0
Mapuche,2010,0
Mapuche,2011,0
Mapuche,2012,0
Mapuche,2013,0
Mapuche,2014,0
Mapuche,2015,0
Mapuche,2016,0
Mapuche,2017,0
Mapuche,2018,0
Mapuche,2019,0
Mapuche,2020,0
Mapuche,2021,0
Mapuche,2022,1
Mapuche,2023,1
Mapuche,2024,1
Mapuche,2025,1
Mapuche,2026,1
Martinique,1873,0
Martinique,1874,0
Martinique,1875,0
Martinique,1876,0
Martinique,1877,0
Martinique,1878,0
Martinique,1879,0
Martinique,1880,0
Martinique,1881,0
Martinique,1882,0
Martinique,1883,0
Martinique,1884,0
Martinique,1885,0
Martinique,1886,0
Martinique,1887,0
Martinique,1888,0
Martinique,1889,0
Martinique,1890,0
Martinique,1891,0
Martinique,1892,0
Martinique,1893,0
Martinique,1894,0
Martinique,1895,0
Martinique,1896,0
Martinique,1897,0
Martinique,1898,0
Martinique,1899,0
Martinique,1900,0
Martinique,1901,0
Martinique,1902,0
Martinique,1903,0
Martinique,1904,0
Martinique,1905,0
Martinique,1906,0
Martinique,1907,0
Martinique,1908,0
Martinique,1909,0
Martinique,1910,0
Martinique,1911,0
Martinique,1912,0
Martinique,1913,0
Martinique,1914,0
Martinique,1915,0
Martinique,1916,0
Martinique,1917,0
Martinique,1918,0
Martinique,1919,0
Martinique,1920,0
Martinique,1921,0
Martinique,1922,0
Martinique,1923,0
Martinique,1924,0
Martinique,1925,0
Martinique,1926,0
Martinique,1927,0
Martinique,1928,0
Martinique,1929,0
Martinique,1930,0
Martinique,1931,1
Martinique,1932,1
Martinique,1933,1
Martinique,1934,2
Martinique,1935,2
Martinique,1936,2
Martinique,1937,2
Martinique,1938,2
Martinique,1939,2
Martinique,1940,2
Martinique,1941,4
Martinique,1942,4
Martinique,1943,4
Martinique,1944,4
Martinique,1945,4
Martinique,1946,4
Martinique,1947,4
Martinique,1948,7
Martinique,1949,8
Martinique,1950,8
Martinique,1951,9
Martinique,1952,9
Martinique,1953,11
Martinique,1954,12
Martinique,1955,13
Martinique,1956,14
Martinique,1957,15
Martinique,1958,15
Martinique,1959,18
Martinique,1960,19
Martinique,1961,19
Martinique,1962,20
Martinique,1963,21
Martinique,1964,23
Martinique,1965,23
Martinique,1966,23
Martinique,1967,27
Martinique,1968,29
Martinique,1969,29
Martinique,1970,29
Martinique,1971,30
Martinique,1972,30
Martinique,1973,31
Martinique,1974,31
Martinique,1975,33
Martinique,1976,35
Martinique,1977,38
Martinique,1978,41
Martinique,1979,44
Martinique,1980,45
Martinique,1981,45
Martinique,1982,45
Martinique,1983,50
Martinique,1984,50
Martinique,1985,52
Martinique,1986,52
Martinique,1987,52
Martinique,1988,53
Martinique,1989,54
Martinique,1990,56
Martinique,1991,58
Martinique,1992,60
Martinique,1993,64
Martinique,1994,67
Martinique,1995,68
Martinique,1996,71
Martinique,1997,78
Martinique,1998,81
Martinique,1999,83
Martinique,2000,83
Martinique,2001,89
Martinique,2002,95
Martinique,2003,98
Martinique,2004,99
Martinique,2005,99
Martinique,2006,103
Martinique,2007,105
Martinique,2008,110
Martinique,2009,110
Martinique,2010,113
Martinique,2011,114
Martinique,2012,122
Martinique,2013,123
Martinique,2014,126
Martinique,2015,127
Martinique,2016,131
Martinique,2017,133
Martinique,2018,137
Martinique,2019,139
Martinique,2020,139
Martinique,2021,139
Martinique,2022,139
Martinique,2023,144
Martinique,2024,145
Martinique,2025,145
Martinique,2026,146
Matabeleland,1873,0
Matabeleland,1874,0
Matabeleland,1875,0
Matabeleland,1876,0
Matabeleland,1877,0
Matabeleland,1878,0
Matabeleland,1879,0
Matabeleland,1880,0
Matabeleland,1881,0
Matabeleland,1882,0
Matabeleland,1883,0
Matabeleland,1884,0
Matabeleland,1885,0
Matabeleland,1886,0
Matabeleland,1887,0
Matabeleland,1888,0
Matabeleland,1889,0
Matabeleland,1890,0
Matabeleland,1891,0
Matabeleland,1892,0
Matabeleland,1893,0
Matabeleland,1894,0
Matabeleland,1895,0
Matabeleland,1896,0
Matabeleland,1897,0
Matabeleland,1898,0
Matabeleland,1899,0
Matabeleland,1900,0
Matabeleland,1901,0
Matabeleland,1902,0
Matabeleland,1903,0
Matabeleland,1904,0
Matabeleland,1905,0
Matabeleland,1906,0
Matabeleland,1907,0
Matabeleland,1908,0
Matabeleland,1909,0
Matabeleland,1910,0
Matabeleland,1911,0
Matabeleland,1912,0
Matabeleland,1913,0
Matabeleland,1914,0
Matabeleland,1915,0
Matabeleland,1916,0
Matabeleland,1917,0
Matabeleland,1918,0
Matabeleland,1919,0
Matabeleland,1920,0
Matabeleland,1921,0
Matabeleland,1922,0
Matabeleland,1923,0
Matabeleland,1924,0
Matabeleland,1925,0
Matabeleland,1926,0
Matabeleland,1927,0
Matabeleland,1928,0
Matabeleland,1929,0
Matabeleland,1930,0
Matabeleland,1931,0
Matabeleland,1932,0
Matabeleland,1933,0
Matabeleland,1934,0
Matabeleland,1935,0
Matabeleland,1936,0
Matabeleland,1937,0
Matabeleland,1938,0
Matabeleland,1939,0
Matabeleland,1940,0
Matabeleland,1941,0
Matabeleland,1942,0
Matabeleland,1943,0
Matabeleland,1944,0
Matabeleland,1945,0
Matabeleland,1946,0
Matabeleland,1947,0
Matabeleland,1948,0
Matabeleland,1949,0
Matabeleland,1950,0
Matabeleland,1951,0
Matabeleland,1952,0
Matabeleland,1953,0
Matabeleland,1954,0
Matabeleland,1955,0
Matabeleland,1956,0
Matabeleland,1957,0
Matabeleland,1958,0
Matabeleland,1959,0
Matabeleland,1960,0
Matabeleland,1961,0
Matabeleland,1962,0
Matabeleland,1963,0
Matabeleland,1964,0
Matabeleland,1965,0
Matabeleland,1966,0
Matabeleland,1967,0
Matabeleland,1968,0
Matabeleland,1969,0
Matabeleland,1970,0
Matabeleland,1971,0
Matabeleland,1972,0
Matabeleland,1973,0
Matabeleland,1974,0
Matabeleland,1975,0
Matabeleland,1976,0
Matabeleland,1977,0
Matabeleland,1978,0
Matabeleland,1979,0
Matabeleland,1980,0
Matabeleland,1981,0
Matabeleland,1982,0
Matabeleland,1983,0
Matabeleland,1984,0
Matabeleland,1985,0
Matabeleland,1986,0
Matabeleland,1987,0
Matabeleland,1988,0
Matabeleland,1989,0
Matabeleland,1990,0
Matabeleland,1991,0
Matabeleland,1992,0
Matabeleland,1993,0
Matabeleland,1994,0
Matabeleland,1995,0
Matabeleland,1996,0
Matabeleland,1997,0
Matabeleland,1998,0
Matabeleland,1999,0
Matabeleland,2000,0
Matabeleland,2001,0
Matabeleland,2002,0
Matabeleland,2003,0
Matabeleland,2004,0
Matabeleland,2005,0
Matabeleland,2006,0
Matabeleland,2007,0
Matabeleland,2008,0
Matabeleland,2009,0
Matabeleland,2010,0
Matabeleland,2011,0
Matabeleland,2012,0
Matabeleland,2013,0
Matabeleland,2014,0
Matabeleland,2015,0
Matabeleland,2016,0
Matabeleland,2017,0
Matabeleland,2018,2
Matabeleland,2019,2
Matabeleland,2020,2
Matabeleland,2021,2
Matabeleland,2022,3
Matabeleland,2023,3
Matabeleland,2024,3
Matabeleland,2025,3
Matabeleland,2026,3
Maule Sur,1873,0
Maule Sur,1874,0
Maule Sur,1875,0
Maule Sur,1876,0
Maule Sur,1877,0
Maule Sur,1878,0
Maule Sur,1879,0
Maule Sur,1880,0
Maule Sur,1881,0
Maule Sur,1882,0
Maule Sur,1883,0
Maule Sur,1884,0
Maule Sur,1885,0
Maule Sur,1886,0
Maule Sur,1887,0
Maule Sur,1888,0
Maule Sur,1889,0
Maule Sur,1890,0
Maule Sur,1891,0
Maule Sur,1892,0
Maule Sur,1893,0
Maule Sur,1894,0
Maule Sur,1895,0
Maule Sur,1896,0
Maule Sur,1897,0
Maule Sur,1898,0
Maule Sur,1899,0
Maule Sur,1900,0
Maule Sur,1901,0
Maule Sur,1902,0
Maule Sur,1903,0
Maule Sur,1904,0
Maule Sur,1905,0
Maule Sur,1906,0
Maule Sur,1907,0
Maule Sur,1908,0
Maule Sur,1909,0
Maule Sur,1910,0
Maule Sur,1911,0
Maule Sur,1912,0
Maule Sur,1913,0
Maule Sur,1914,0
Maule Sur,1915,0
Maule Sur,1916,0
Maule Sur,1917,0
Maule Sur,1918,0
Maule Sur,1919,0
Maule Sur,1920,0
Maule Sur,1921,0
Maule Sur,1922,0
Maule Sur,1923,0
Maule Sur,1924,0
Maule Sur,1925,0
Maule Sur,1926,0
Maule Sur,1927,0
Maule Sur,1928,0
Maule Sur,1929,0
Maule Sur,1930,0
Maule Sur,1931,0
Maule Sur,1932,0
Maule Sur,1933,0
Maule Sur,1934,0
Maule Sur,1935,0
Maule Sur,1936,0
Maule Sur,1937,0
Maule Sur,1938,0
Maule Sur,1939,0
Maule Sur,1940,0
Maule Sur,1941,0
Maule Sur,1942,0
Maule Sur,1943,0
Maule Sur,1944,0
Maule Sur,1945,0
Maule Sur,1946,0
Maule Sur,1947,0
Maule Sur,1948,0
Maule Sur,1949,0
Maule Sur,1950,0
Maule Sur,1951,0
Maule Sur,1952,0
Maule Sur,1953,0
Maule Sur,1954,0
Maule Sur,1955,0
Maule Sur,1956,0
Maule Sur,1957,0
Maule Sur,1958,0
Maule Sur,1959,0
Maule Sur,1960,0
Maule Sur,1961,0
Maule Sur,1962,0
Maule Sur,1963,0
Maule Sur,1964,0
Maule Sur,1965,0
Maule Sur,1966,0
Maule Sur,1967,0
Maule Sur,1968,0
Maule Sur,1969,0
Maule Sur,1970,0
Maule Sur,1971,0
Maule Sur,1972,0
Maule Sur,1973,0
Maule Sur,1974,0
Maule Sur,1975,0
Maule Sur,1976,0
Maule Sur,1977,0
Maule Sur,1978,0
Maule Sur,1979,0
Maule Sur,1980,0
Maule Sur,1981,0
Maule Sur,1982,0
Maule Sur,1983,0
Maule Sur,1984,0
Maule Sur,1985,0
Maule Sur,1986,0
Maule Sur,1987,0
Maule Sur,1988,0
Maule Sur,1989,0
Maule Sur,1990,0
Maule Sur,1991,0
Maule Sur,1992,0
Maule Sur,1993,0
Maule Sur,1994,0
Maule Sur,1995,0
Maule Sur,1996,0
Maule Sur,1997,0
Maule Sur,1998,0
Maule Sur,1999,0
Maule Sur,2000,0
Maule Sur,2001,0
Maule Sur,2002,0
Maule Sur,2003,0
Maule Sur,2004,0
Maule Sur,2005,0
Maule Sur,2006,0
Maule Sur,2007,0
Maule Sur,2008,0
Maule Sur,2009,0
Maule Sur,2010,0
Maule Sur,2011,0
Maule Sur,2012,0
Maule Sur,2013,0
Maule Sur,2014,0
Maule Sur,2015,0
Maule Sur,2016,0
Maule Sur,2017,0
Maule Sur,2018,0
Maule Sur,2019,0
Maule Sur,2020,0
Maule Sur,2021,0
Maule Sur,2022,2
Maule Sur,2023,2
Maule Sur,2024,2
Maule Sur,2025,2
Maule Sur,2026,2
Mauritania,1873,0
Mauritania,1874,0
Mauritania,1875,0
Mauritania,1876,0
Mauritania,1877,0
Mauritania,1878,0
Mauritania,1879,0
Mauritania,1880,0
Mauritania,1881,0
Mauritania,1882,0
Mauritania,1883,0
Mauritania,1884,0
Mauritania,1885,0
Mauritania,1886,0
Mauritania,1887,0
Mauritania,1888,0
Mauritania,1889,0
Mauritania,1890,0
Mauritania,1891,0
Mauritania,1892,0
Mauritania,1893,0
Mauritania,1894,0
Mauritania,1895,0
Mauritania,1896,0
Mauritania,1897,0
Mauritania,1898,0
Mauritania,1899,0
Mauritania,1900,0
Mauritania,1901,0
Mauritania,1902,0
Mauritania,1903,0
Mauritania,1904,0
Mauritania,1905,0
Mauritania,1906,0
Mauritania,1907,0
Mauritania,1908,0
Mauritania,1909,0
Mauritania,1910,0
Mauritania,1911,0
Mauritania,1912,0
Mauritania,1913,0
Mauritania,1914,0
Mauritania,1915,0
Mauritania,1916,0
Mauritania,1917,0
Mauritania,1918,0
Mauritania,1919,0
Mauritania,1920,0
Mauritania,1921,0
Mauritania,1922,0
Mauritania,1923,0
Mauritania,1924,0
Mauritania,1925,0
Mauritania,1926,0
Mauritania,1927,0
Mauritania,1928,0
Mauritania,1929,0
Mauritania,1930,0
Mauritania,1931,0
Mauritania,1932,0
Mauritania,1933,0
Mauritania,1934,0
Mauritania,1935,0
Mauritania,1936,0
Mauritania,1937,0
Mauritania,1938,0
Mauritania,1939,0
Mauritania,1940,0
Mauritania,1941,0
Mauritania,1942,0
Mauritania,1943,0
Mauritania,1944,0
Mauritania,1945,0
Mauritania,1946,0
Mauritania,1947,0
Mauritania,1948,0
Mauritania,1949,0
Mauritania,1950,0
Mauritania,1951,0
Mauritania,1952,0
Mauritania,1953,0
Mauritania,1954,0
Mauritania,1955,0
Mauritania,1956,0
Mauritania,1957,0
Mauritania,1958,0
Mauritania,1959,0
Mauritania,1960,0
Mauritania,1961,0
Mauritania,1962,0
Mauritania,1963,0
Mauritania,1964,0
Mauritania,1965,0
Mauritania,1966,0
Mauritania,1967,0
Mauritania,1968,0
Mauritania,1969,0
Mauritania,1970,0
Mauritania,1971,0
Mauritania,1972,0
Mauritania,1973,0
Mauritania,1974,0
Mauritania,1975,0
Mauritania,1976,0
Mauritania,1977,0
Mauritania,1978,0
Mauritania,1979,0
Mauritania,1980,2
Mauritania,1981,2
Mauritania,1982,3
Mauritania,1983,5
Mauritania,1984,6
Mauritania,1985,6
Mauritania,1986,6
Mauritania,1987,6
Mauritania,1988,6
Mauritania,1989,6
Mauritania,1990,7
Mauritania,1991,7
Mauritania,1992,7
Mauritania,1993,8
Mauritania,1994,8
Mauritania,1995,12
Mauritania,1996,12
Mauritania,1997,12
Mauritania,1998,12
Mauritania,1999,12
Mauritania,2000,12
Mauritania,2001,12
Mauritania,2002,12
Mauritania,2003,13
Mauritania,2004,13
Mauritania,2005,13
Mauritania,2006,14
Mauritania,2007,15
Mauritania,2008,15
Mauritania,2009,15
Mauritania,2010,15
Mauritania,2011,15
Mauritania,2012,15
Mauritania,2013,17
Mauritania,2014,20
Mauritania,2015,23
Mauritania,2016,25
Mauritania,2017,28
Mauritania,2018,32
Mauritania,2019,34
Mauritania,2020,35
Mauritania,2021,39
Mauritania,2022,44
Mauritania,2023,47
Mauritania,2024,50
Mauritania,2025,51
Mauritania,2026,53
Mauritius,1873,0
Mauritius,1874,0
Mauritius,1875,0
Mauritius,1876,0
Mauritius,1877,0
Mauritius,1878,0
Mauritius,1879,0
Mauritius,1880,0
Mauritius,1881,0
Mauritius,1882,0
Mauritius,1883,0
Mauritius,1884,0
Mauritius,1885,0
Mauritius,1886,0
Mauritius,1887,0
Mauritius,1888,0
Mauritius,1889,0
Mauritius,1890,0
Mauritius,1891,0
Mauritius,1892,0
Mauritius,1893,0
Mauritius,1894,0
Mauritius,1895,0
Mauritius,1896,0
Mauritius,1897,0
Mauritius,1898,0
Mauritius,1899,0
Mauritius,1900,0
Mauritius,1901,0
Mauritius,1902,0
Mauritius,1903,0
Mauritius,1904,0
Mauritius,1905,0
Mauritius,1906,0
Mauritius,1907,0
Mauritius,1908,0
Mauritius,1909,0
Mauritius,1910,0
Mauritius,1911,0
Mauritius,1912,0
Mauritius,1913,0
Mauritius,1914,0
Mauritius,1915,0
Mauritius,1916,0
Mauritius,1917,0
Mauritius,1918,0
Mauritius,1919,0
Mauritius,1920,0
Mauritius,1921,0
Mauritius,1922,0
Mauritius,1923,0
Mauritius,1924,0
Mauritius,1925,0
Mauritius,1926,0
Mauritius,1927,0
Mauritius,1928,0
Mauritius,1929,0
Mauritius,1930,0
Mauritius,1931,0
Mauritius,1932,0
Mauritius,1933,0
Mauritius,1934,0
Mauritius,1935,0
Mauritius,1936,0
Mauritius,1937,0
Mauritius,1938,0
Mauritius,1939,0
Mauritius,1940,0
Mauritius,1941,0
Mauritius,1942,0
Mauritius,1943,0
Mauritius,1944,0
Mauritius,1945,0
Mauritius,1946,0
Mauritius,1947,2
Mauritius,1948,4
Mauritius,1949,6
Mauritius,1950,8
Mauritius,1951,10
Mauritius,1952,12
Mauritius,1953,14
Mauritius,1954,16
Mauritius,1955,17
Mauritius,1956,18
Mauritius,1957,21
Mauritius,1958,22
Mauritius,1959,22
Mauritius,1960,22
Mauritius,1961,22
Mauritius,1962,22
Mauritius,1963,22
Mauritius,1964,22
Mauritius,1965,22
Mauritius,1966,22
Mauritius,1967,24
Mauritius,1968,24
Mauritius,1969,24
Mauritius,1970,25
Mauritius,1971,25
Mauritius,1972,25
Mauritius,1973,26
Mauritius,1974,28
Mauritius,1975,28
Mauritius,1976,29
Mauritius,1977,32
Mauritius,1978,35
Mauritius,1979,38
Mauritius,1980,38
Mauritius,1981,39
Mauritius,1982,40
Mauritius,1983,42
Mauritius,1984,42
Mauritius,1985,44
Mauritius,1986,44
Mauritius,1987,44
Mauritius,1988,45
Mauritius,1989,45
Mauritius,1990,49
Mauritius,1991,50
Mauritius,1992,50
Mauritius,1993,52
Mauritius,1994,52
Mauritius,1995,52
Mauritius,1996,53
Mauritius,1997,54
Mauritius,1998,55
Mauritius,1999,57
Mauritius,2000,59
Mauritius,2001,60
Mauritius,2002,62
Mauritius,2003,67
Mauritius,2004,68
Mauritius,2005,70
Mauritius,2006,70
Mauritius,2007,71
Mauritius,2008,71
Mauritius,2009,71
Mauritius,2010,71
Mauritius,2011,72
Mauritius,2012,72
Mauritius,2013,73
Mauritius,2014,73
Mauritius,2015,77
Mauritius,2016,79
Mauritius,2017,79
Mauritius,2018,82
Mauritius,2019,84
Mauritius,2020,84
Mauritius,2021,84
Mauritius,2022,85
Mauritius,2023,90
Mauritius,2024,91
Mauritius,2025,91
Mauritius,2026,92
Mayotte,1873,0
Mayotte,1874,0
Mayotte,1875,0
Mayotte,1876,0
Mayotte,1877,0
Mayotte,1878,0
Mayotte,1879,0
Mayotte,1880,0
Mayotte,1881,0
Mayotte,1882,0
Mayotte,1883,0
Mayotte,1884,0
Mayotte,1885,0
Mayotte,1886,0
Mayotte,1887,0
Mayotte,1888,0
Mayotte,1889,0
Mayotte,1890,0
Mayotte,1891,0
Mayotte,1892,0
Mayotte,1893,0
Mayotte,1894,0
Mayotte,1895,0
Mayotte,1896,0
Mayotte,1897,0
Mayotte,1898,0
Mayotte,1899,0
Mayotte,1900,0
Mayotte,1901,0
Mayotte,1902,0
Mayotte,1903,0
Mayotte,1904,0
Mayotte,1905,0
Mayotte,1906,0
Mayotte,1907,0
Mayotte,1908,0
Mayotte,1909,0
Mayotte,1910,0
Mayotte,1911,0
Mayotte,1912,0
Mayotte,1913,0
Mayotte,1914,0
Mayotte,1915,0
Mayotte,1916,0
Mayotte,1917,0
Mayotte,1918,0
Mayotte,1919,0
Mayotte,1920,0
Mayotte,1921,0
Mayotte,1922,0
Mayotte,1923,0
Mayotte,1924,0
Mayotte,1925,0
Mayotte,1926,0
Mayotte,1927,0
Mayotte,1928,0
Mayotte,1929,0
Mayotte,1930,0
Mayotte,1931,0
Mayotte,1932,0
Mayotte,1933,0
Mayotte,1934,0
Mayotte,1935,0
Mayotte,1936,0
Mayotte,1937,0
Mayotte,1938,0
Mayotte,1939,0
Mayotte,1940,0
Mayotte,1941,0
Mayotte,1942,0
Mayotte,1943,0
Mayotte,1944,0
Mayotte,1945,0
Mayotte,1946,0
Mayotte,1947,0
Mayotte,1948,0
Mayotte,1949,0
Mayotte,1950,0
Mayotte,1951,0
Mayotte,1952,0
Mayotte,1953,0
Mayotte,1954,0
Mayotte,1955,0
Mayotte,1956,0
Mayotte,1957,0
Mayotte,1958,0
Mayotte,1959,0
Mayotte,1960,0
Mayotte,1961,0
Mayotte,1962,0
Mayotte,1963,0
Mayotte,1964,0
Mayotte,1965,0
Mayotte,1966,0
Mayotte,1967,0
Mayotte,1968,0
Mayotte,1969,0
Mayotte,1970,0
Mayotte,1971,0
Mayotte,1972,0
Mayotte,1973,0
Mayotte,1974,0
Mayotte,1975,0
Mayotte,1976,0
Mayotte,1977,0
Mayotte,1978,0
Mayotte,1979,0
Mayotte,1980,0
Mayotte,1981,0
Mayotte,1982,0
Mayotte,1983,0
Mayotte,1984,0
Mayotte,1985,0
Mayotte,1986,0
Mayotte,1987,0
Mayotte,1988,0
Mayotte,1989,0
Mayotte,1990,0
Mayotte,1991,0
Mayotte,1992,0
Mayotte,1993,0
Mayotte,1994,0
Mayotte,1995,0
Mayotte,1996,0
Mayotte,1997,0
Mayotte,1998,0
Mayotte,1999,0
Mayotte,2000,0
Mayotte,2001,0
Mayotte,2002,0
Mayotte,2003,0
Mayotte,2004,0
Mayotte,2005,0
Mayotte,2006,0
Mayotte,2007,1
Mayotte,2008,1
Mayotte,2009,1
Mayotte,2010,2
Mayotte,2011,3
Mayotte,2012,5
Mayotte,2013,5
Mayotte,2014,5
Mayotte,2015,8
Mayotte,2016,8
Mayotte,2017,8
Mayotte,2018,8
Mayotte,2019,11
Mayotte,2020,11
Mayotte,2021,11
Mayotte,2022,11
Mayotte,2023,11
Mayotte,2024,11
Mayotte,2025,11
Mayotte,2026,11
Menorca,1873,0
Menorca,1874,0
Menorca,1875,0
Menorca,1876,0
Menorca,1877,0
Menorca,1878,0
Menorca,1879,0
Menorca,1880,0
Menorca,1881,0
Menorca,1882,0
Menorca,1883,0
Menorca,1884,0
Menorca,1885,0
Menorca,1886,0
Menorca,1887,0
Menorca,1888,0
Menorca,1889,0
Menorca,1890,0
Menorca,1891,0
Menorca,1892,0
Menorca,1893,0
Menorca,1894,0
Menorca,1895,0
Menorca,1896,0
Menorca,1897,0
Menorca,1898,0
Menorca,1899,0
Menorca,1900,0
Menorca,1901,0
Menorca,1902,0
Menorca,1903,0
Menorca,1904,0
Menorca,1905,0
Menorca,1906,0
Menorca,1907,0
Menorca,1908,0
Menorca,1909,0
Menorca,1910,0
Menorca,1911,0
Menorca,1912,0
Menorca,1913,0
Menorca,1914,0
Menorca,1915,0
Menorca,1916,0
Menorca,1917,0
Menorca,1918,0
Menorca,1919,0
Menorca,1920,0
Menorca,1921,0
Menorca,1922,0
Menorca,1923,0
Menorca,1924,0
Menorca,1925,0
Menorca,1926,0
Menorca,1927,0
Menorca,1928,0
Menorca,1929,0
Menorca,1930,0
Menorca,1931,0
Menorca,1932,0
Menorca,1933,0
Menorca,1934,0
Menorca,1935,0
Menorca,1936,0
Menorca,1937,0
Menorca,1938,0
Menorca,1939,0
Menorca,1940,0
Menorca,1941,0
Menorca,1942,0
Menorca,1943,0
Menorca,1944,0
Menorca,1945,0
Menorca,1946,0
Menorca,1947,0
Menorca,1948,0
Menorca,1949,0
Menorca,1950,0
Menorca,1951,0
Menorca,1952,0
Menorca,1953,0
Menorca,1954,0
Menorca,1955,0
Menorca,1956,0
Menorca,1957,0
Menorca,1958,0
Menorca,1959,0
Menorca,1960,0
Menorca,1961,0
Menorca,1962,0
Menorca,1963,0
Menorca,1964,0
Menorca,1965,0
Menorca,1966,0
Menorca,1967,0
Menorca,1968,0
Menorca,1969,0
Menorca,1970,0
Menorca,1971,0
Menorca,1972,0
Menorca,1973,0
Menorca,1974,0
Menorca,1975,0
Menorca,1976,0
Menorca,1977,0
Menorca,1978,0
Menorca,1979,0
Menorca,1980,0
Menorca,1981,0
Menorca,1982,0
Menorca,1983,0
Menorca,1984,0
Menorca,1985,0
Menorca,1986,0
Menorca,1987,0
Menorca,1988,0
Menorca,1989,0
Menorca,1990,0
Menorca,1991,0
Menorca,1992,0
Menorca,1993,0
Menorca,1994,0
Menorca,1995,0
Menorca,1996,0
Menorca,1997,0
Menorca,1998,0
Menorca,1999,0
Menorca,2000,0
Menorca,2001,0
Menorca,2002,0
Menorca,2003,0
Menorca,2004,0
Menorca,2005,0
Menorca,2006,0
Menorca,2007,2
Menorca,2008,2
Menorca,2009,4
Menorca,2010,4
Menorca,2011,5
Menorca,2012,5
Menorca,2013,5
Menorca,2014,5
Menorca,2015,8
Menorca,2016,8
Menorca,2017,10
Menorca,2018,10
Menorca,2019,10
Menorca,2020,10
Menorca,2021,10
Menorca,2022,10
Menorca,2023,11
Menorca,2024,11
Menorca,2025,11
Menorca,2026,11
Mexico,1873,0
Mexico,1874,0
Mexico,1875,0
Mexico,1876,0
Mexico,1877,0
Mexico,1878,0
Mexico,1879,0
Mexico,1880,0
Mexico,1881,0
Mexico,1882,0
Mexico,1883,0
Mexico,1884,0
Mexico,1885,0
Mexico,1886,0
Mexico,1887,0
Mexico,1888,0
Mexico,1889,0
Mexico,1890,0
Mexico,1891,0
Mexico,1892,0
Mexico,1893,0
Mexico,1894,0
Mexico,1895,0
Mexico,1896,0
Mexico,1897,0
Mexico,1898,0
Mexico,1899,0
Mexico,1900,0
Mexico,1901,0
Mexico,1902,0
Mexico,1903,0
Mexico,1904,0
Mexico,1905,0
Mexico,1906,0
Mexico,1907,0
Mexico,1908,0
Mexico,1909,0
Mexico,1910,0
Mexico,1911,0
Mexico,1912,0
Mexico,1913,0
Mexico,1914,0
Mexico,1915,0
Mexico,1916,0
Mexico,1917,0
Mexico,1918,0
Mexico,1919,0
Mexico,1920,0
Mexico,1921,0
Mexico,1922,0
Mexico,1923,4
Mexico,1924,4
Mexico,1925,4
Mexico,1926,4
Mexico,1927,4
Mexico,1928,4
Mexico,1929,4
Mexico,1930,4
Mexico,1931,4
Mexico,1932,4
Mexico,1933,4
Mexico,1934,7
Mexico,1935,12
Mexico,1936,12
Mexico,1937,14
Mexico,1938,20
Mexico,1939,20
Mexico,1940,20
Mexico,1941,20
Mexico,1942,20
Mexico,1943,20
Mexico,1944,20
Mexico,1945,20
Mexico,1946,20
Mexico,1947,22
Mexico,1948,22
Mexico,1949,26
Mexico,1950,26
Mexico,1951,26
Mexico,1952,27
Mexico,1953,29
Mexico,1954,31
Mexico,1955,31
Mexico,1956,31
Mexico,1957,36
Mexico,1958,36
Mexico,1959,39
Mexico,1960,41
Mexico,1961,45
Mexico,1962,49
Mexico,1963,50
Mexico,1964,50
Mexico,1965,60
Mexico,1966,63
Mexico,1967,70
Mexico,1968,76
Mexico,1969,84
Mexico,1970,90
Mexico,1971,97
Mexico,1972,105
Mexico,1973,109
Mexico,1974,111
Mexico,1975,113
Mexico,1976,114
Mexico,1977,122
Mexico,1978,125
Mexico,1979,127
Mexico,1980,133
Mexico,1981,135
Mexico,1982,135
Mexico,1983,141
Mexico,1984,148
Mexico,1985,158
Mexico,1986,164
Mexico,1987,167
Mexico,1988,170
Mexico,1989,174
Mexico,1990,177
Mexico,1991,183
Mexico,1992,190
Mexico,1993,207
Mexico,1994,211
Mexico,1995,216
Mexico,1996,227
Mexico,1997,236
Mexico,1998,245
Mexico,1999,256
Mexico,2000,268
Mexico,2001,279
Mexico,2002,287
Mexico,2003,292
Mexico,2004,306
Mexico,2005,319
Mexico,2006,325
Mexico,2007,338
Mexico,2008,347
Mexico,2009,359
Mexico,2010,369
Mexico,2011,381
Mexico,2012,391
Mexico,2013,400
Mexico,2014,407
Mexico,2015,415
Mexico,2016,424
Mexico,2017,438
Mexico,2018,444
Mexico,2019,459
Mexico,2020,462
Mexico,2021,474
Mexico,2022,483
Mexico,2023,493
Mexico,2024,499
Mexico,2025,507
Mexico,2026,517
Micronesia,1873,0
Micronesia,1874,0
Micronesia,1875,0
Micronesia,1876,0
Micronesia,1877,0
Micronesia,1878,0
Micronesia,1879,0
Micronesia,1880,0
Micronesia,1881,0
Micronesia,1882,0
Micronesia,1883,0
Micronesia,1884,0
Micronesia,1885,0
Micronesia,1886,0
Micronesia,1887,0
Micronesia,1888,0
Micronesia,1889,0
Micronesia,1890,0
Micronesia,1891,0
Micronesia,1892,0
Micronesia,1893,0
Micronesia,1894,0
Micronesia,1895,0
Micronesia,1896,0
Micronesia,1897,0
Micronesia,1898,0
Micronesia,1899,0
Micronesia,1900,0
Micronesia,1901,0
Micronesia,1902,0
Micronesia,1903,0
Micronesia,1904,0
Micronesia,1905,0
Micronesia,1906,0
Micronesia,1907,0
Micronesia,1908,0
Micronesia,1909,0
Micronesia,1910,0
Micronesia,1911,0
Micronesia,1912,0
Micronesia,1913,0
Micronesia,1914,0
Micronesia,1915,0
Micronesia,1916,0
Micronesia,1917,0
Micronesia,1918,0
Micronesia,1919,0
Micronesia,1920,0
Micronesia,1921,0
Micronesia,1922,0
Micronesia,1923,0
Micronesia,1924,0
Micronesia,1925,0
Micronesia,1926,0
Micronesia,1927,0
Micronesia,1928,0
Micronesia,1929,0
Micronesia,1930,0
Micronesia,1931,0
Micronesia,1932,0
Micronesia,1933,0
Micronesia,1934,0
Micronesia,1935,0
Micronesia,1936,0
Micronesia,1937,0
Micronesia,1938,0
Micronesia,1939,0
Micronesia,1940,0
Micronesia,1941,0
Micronesia,1942,0
Micronesia,1943,0
Micronesia,1944,0
Micronesia,1945,0
Micronesia,1946,0
Micronesia,1947,0
Micronesia,1948,0
Micronesia,1949,0
Micronesia,1950,0
Micronesia,1951,0
Micronesia,1952,0
Micronesia,1953,0
Micronesia,1954,0
Micronesia,1955,0
Micronesia,1956,0
Micronesia,1957,0
Micronesia,1958,0
Micronesia,1959,0
Micronesia,1960,0
Micronesia,1961,0
Micronesia,1962,0
Micronesia,1963,0
Micronesia,1964,0
Micronesia,1965,0
Micronesia,1966,0
Micronesia,1967,0
Micronesia,1968,0
Micronesia,1969,0
Micronesia,1970,0
Micronesia,1971,0
Micronesia,1972,0
Micronesia,1973,0
Micronesia,1974,0
Micronesia,1975,0
Micronesia,1976,0
Micronesia,1977,0
Micronesia,1978,0
Micronesia,1979,0
Micronesia,1980,0
Micronesia,1981,0
Micronesia,1982,0
Micronesia,1983,0
Micronesia,1984,0
Micronesia,1985,0
Micronesia,1986,0
Micronesia,1987,0
Micronesia,1988,0
Micronesia,1989,0
Micronesia,1990,0
Micronesia,1991,0
Micronesia,1992,0
Micronesia,1993,0
Micronesia,1994,0
Micronesia,1995,0
Micronesia,1996,0
Micronesia,1997,0
Micronesia,1998,0
Micronesia,1999,1
Micronesia,2000,1
Micronesia,2001,1
Micronesia,2002,1
Micronesia,2003,1
Micronesia,2004,1
Micronesia,2005,1
Micronesia,2006,1
Micronesia,2007,1
Micronesia,2008,1
Micronesia,2009,1
Micronesia,2010,1
Micronesia,2011,1
Micronesia,2012,1
Micronesia,2013,1
Micronesia,2014,1
Micronesia,2015,1
Micronesia,2016,1
Micronesia,2017,1
Micronesia,2018,1
Micronesia,2019,1
Micronesia,2020,1
Micronesia,2021,1
Micronesia,2022,1
Micronesia,2023,1
Micronesia,2024,1
Micronesia,2025,1
Micronesia,2026,1
Moldova,1873,0
Moldova,1874,0
Moldova,1875,0
Moldova,1876,0
Moldova,1877,0
Moldova,1878,0
Moldova,1879,0
Moldova,1880,0
Moldova,1881,0
Moldova,1882,0
Moldova,1883,0
Moldova,1884,0
Moldova,1885,0
Moldova,1886,0
Moldova,1887,0
Moldova,1888,0
Moldova,1889,0
Moldova,1890,0
Moldova,1891,0
Moldova,1892,0
Moldova,1893,0
Moldova,1894,0
Moldova,1895,0
Moldova,1896,0
Moldova,1897,0
Moldova,1898,0
Moldova,1899,0
Moldova,1900,0
Moldova,1901,0
Moldova,1902,0
Moldova,1903,0
Moldova,1904,0
Moldova,1905,0
Moldova,1906,0
Moldova,1907,0
Moldova,1908,0
Moldova,1909,0
Moldova,1910,0
Moldova,1911,0
Moldova,1912,0
Moldova,1913,0
Moldova,1914,0
Moldova,1915,0
Moldova,1916,0
Moldova,1917,0
Moldova,1918,0
Moldova,1919,0
Moldova,1920,0
Moldova,1921,0
Moldova,1922,0
Moldova,1923,0
Moldova,1924,0
Moldova,1925,0
Moldova,1926,0
Moldova,1927,0
Moldova,1928,0
Moldova,1929,0
Moldova,1930,0
Moldova,1931,0
Moldova,1932,0
Moldova,1933,0
Moldova,1934,0
Moldova,1935,0
Moldova,1936,0
Moldova,1937,0
Moldova,1938,0
Moldova,1939,0
Moldova,1940,0
Moldova,1941,0
Moldova,1942,0
Moldova,1943,0
Moldova,1944,0
Moldova,1945,0
Moldova,1946,0
Moldova,1947,0
Moldova,1948,0
Moldova,1949,0
Moldova,1950,0
Moldova,1951,0
Moldova,1952,0
Moldova,1953,0
Moldova,1954,0
Moldova,1955,0
Moldova,1956,1
Moldova,1957,1
Moldova,1958,1
Moldova,1959,1
Moldova,1960,1
Moldova,1961,1
Moldova,1962,1
Moldova,1963,1
Moldova,1964,1
Moldova,1965,1
Moldova,1966,1
Moldova,1967,1
Moldova,1968,1
Moldova,1969,1
Moldova,1970,1
Moldova,1971,1
Moldova,1972,1
Moldova,1973,1
Moldova,1974,1
Moldova,1975,1
Moldova,1976,1
Moldova,1977,1
Moldova,1978,1
Moldova,1979,1
Moldova,1980,1
Moldova,1981,1
Moldova,1982,1
Moldova,1983,1
Moldova,1984,1
Moldova,1985,1
Moldova,1986,1
Moldova,1987,1
Moldova,1988,1
Moldova,1989,1
Moldova,1990,1
Moldova,1991,1
Moldova,1992,4
Moldova,1993,4
Moldova,1994,6
Moldova,1995,7
Moldova,1996,8
Moldova,1997,8
Moldova,1998,9
Moldova,1999,10
Moldova,2000,14
Moldova,2001,15
Moldova,2002,16
Moldova,2003,19
Moldova,2004,21
Moldova,2005,22
Moldova,2006,23
Moldova,2007,27
Moldova,2008,28
Moldova,2009,30
Moldova,2010,33
Moldova,2011,35
Moldova,2012,36
Moldova,2013,39
Moldova,2014,41
Moldova,2015,41
Moldova,2016,42
Moldova,2017,43
Moldova,2018,45
Moldova,2019,46
Moldova,2020,46
Moldova,2021,47
Moldova,2022,52
Moldova,2023,54
Moldova,2024,59
Moldova,2025,59
Moldova,2026,60
Monaco,1873,0
Monaco,1874,0
Monaco,1875,0
Monaco,1876,0
Monaco,1877,0
Monaco,1878,0
Monaco,1879,0
Monaco,1880,0
Monaco,1881,0
Monaco,1882,0
Monaco,1883,0
Monaco,1884,0
Monaco,1885,0
Monaco,1886,0
Monaco,1887,0
Monaco,1888,0
Monaco,1889,0
Monaco,1890,0
Monaco,1891,0
Monaco,1892,0
Monaco,1893,0
Monaco,1894,0
Monaco,1895,0
Monaco,1896,0
Monaco,1897,0
Monaco,1898,0
Monaco,1899,0
Monaco,1900,0
Monaco,1901,0
Monaco,1902,0
Monaco,1903,0
Monaco,1904,0
Monaco,1905,0
Monaco,1906,0
Monaco,1907,0
Monaco,1908,0
Monaco,1909,0
Monaco,1910,0
Monaco,1911,0
Monaco,1912,0
Monaco,1913,0
Monaco,1914,0
Monaco,1915,0
Monaco,1916,0
Monaco,1917,0
Monaco,1918,0
Monaco,1919,0
Monaco,1920,0
Monaco,1921,0
Monaco,1922,0
Monaco,1923,0
Monaco,1924,0
Monaco,1925,0
Monaco,1926,0
Monaco,1927,0
Monaco,1928,0
Monaco,1929,0
Monaco,1930,0
Monaco,1931,0
Monaco,1932,0
Monaco,1933,0
Monaco,1934,0
Monaco,1935,0
Monaco,1936,0
Monaco,1937,0
Monaco,1938,0
Monaco,1939,0
Monaco,1940,0
Monaco,1941,0
Monaco,1942,0
Monaco,1943,0
Monaco,1944,0
Monaco,1945,0
Monaco,1946,0
Monaco,1947,0
Monaco,1948,0
Monaco,1949,0
Monaco,1950,0
Monaco,1951,0
Monaco,1952,0
Monaco,1953,0
Monaco,1954,0
Monaco,1955,0
Monaco,1956,0
Monaco,1957,0
Monaco,1958,0
Monaco,1959,0
Monaco,1960,0
Monaco,1961,0
Monaco,1962,0
Monaco,1963,0
Monaco,1964,0
Monaco,1965,0
Monaco,1966,0
Monaco,1967,0
Monaco,1968,0
Monaco,1969,0
Monaco,1970,0
Monaco,1971,0
Monaco,1972,0
Monaco,1973,0
Monaco,1974,0
Monaco,1975,0
Monaco,1976,0
Monaco,1977,0
Monaco,1978,0
Monaco,1979,0
Monaco,1980,0
Monaco,1981,0
Monaco,1982,0
Monaco,1983,0
Monaco,1984,0
Monaco,1985,0
Monaco,1986,0
Monaco,1987,0
Monaco,1988,0
Monaco,1989,0
Monaco,1990,0
Monaco,1991,0
Monaco,1992,0
Monaco,1993,0
Monaco,1994,0
Monaco,1995,0
Monaco,1996,0
Monaco,1997,0
Monaco,1998,0
Monaco,1999,0
Monaco,2000,0
Monaco,2001,1
Monaco,2002,1
Monaco,2003,1
Monaco,2004,1
Monaco,2005,2
Monaco,2006,5
Monaco,2007,5
Monaco,2008,5
Monaco,2009,5
Monaco,2010,5
Monaco,2011,6
Monaco,2012,6
Monaco,2013,7
Monaco,2014,8
Monaco,2015,8
Monaco,2016,8
Monaco,2017,8
Monaco,2018,8
Monaco,2019,8
Monaco,2020,8
Monaco,2021,8
Monaco,2022,8
Monaco,2023,8
Monaco,2024,8
Monaco,2025,8
Monaco,2026,8
Mongolia,1873,0
Mongolia,1874,0
Mongolia,1875,0
Mongolia,1876,0
Mongolia,1877,0
Mongolia,1878,0
Mongolia,1879,0
Mongolia,1880,0
Mongolia,1881,0
Mongolia,1882,0
Mongolia,1883,0
Mongolia,1884,0
Mongolia,1885,0
Mongolia,1886,0
Mongolia,1887,0
Mongolia,1888,0
Mongolia,1889,0
Mongolia,1890,0
Mongolia,1891,0
Mongolia,1892,0
Mongolia,1893,0
Mongolia,1894,0
Mongolia,1895,0
Mongolia,1896,0
Mongolia,1897,0
Mongolia,1898,0
Mongolia,1899,0
Mongolia,1900,0
Mongolia,1901,0
Mongolia,1902,0
Mongolia,1903,0
Mongolia,1904,0
Mongolia,1905,0
Mongolia,1906,0
Mongolia,1907,0
Mongolia,1908,0
Mongolia,1909,0
Mongolia,1910,0
Mongolia,1911,0
Mongolia,1912,0
Mongolia,1913,0
Mongolia,1914,0
Mongolia,1915,0
Mongolia,1916,0
Mongolia,1917,0
Mongolia,1918,0
Mongolia,1919,0
Mongolia,1920,0
Mongolia,1921,0
Mongolia,1922,0
Mongolia,1923,0
Mongolia,1924,0
Mongolia,1925,0
Mongolia,1926,0
Mongolia,1927,0
Mongolia,1928,0
Mongolia,1929,0
Mongolia,1930,0
Mongolia,1931,0
Mongolia,1932,0
Mongolia,1933,0
Mongolia,1934,0
Mongolia,1935,0
Mongolia,1936,0
Mongolia,1937,0
Mongolia,1938,0
Mongolia,1939,0
Mongolia,1940,0
Mongolia,1941,0
Mongolia,1942,0
Mongolia,1943,0
Mongolia,1944,0
Mongolia,1945,0
Mongolia,1946,0
Mongolia,1947,0
Mongolia,1948,0
Mongolia,1949,0
Mongolia,1950,0
Mongolia,1951,0
Mongolia,1952,0
Mongolia,1953,0
Mongolia,1954,0
Mongolia,1955,0
Mongolia,1956,0
Mongolia,1957,0
Mongolia,1958,0
Mongolia,1959,0
Mongolia,1960,0
Mongolia,1961,0
Mongolia,1962,0
Mongolia,1963,0
Mongolia,1964,0
Mongolia,1965,0
Mongolia,1966,0
Mongolia,1967,0
Mongolia,1968,0
Mongolia,1969,0
Mongolia,1970,0
Mongolia,1971,0
Mongolia,1972,0
Mongolia,1973,0
Mongolia,1974,0
Mongolia,1975,0
Mongolia,1976,0
Mongolia,1977,0
Mongolia,1978,0
Mongolia,1979,0
Mongolia,1980,0
Mongolia,1981,0
Mongolia,1982,0
Mongolia,1983,0
Mongolia,1984,0
Mongolia,1985,0
Mongolia,1986,0
Mongolia,1987,0
Mongolia,1988,0
Mongolia,1989,0
Mongolia,1990,0
Mongolia,1991,0
Mongolia,1992,0
Mongolia,1993,1
Mongolia,1994,1
Mongolia,1995,1
Mongolia,1996,1
Mongolia,1997,2
Mongolia,1998,2
Mongolia,1999,2
Mongolia,2000,2
Mongolia,2001,2
Mongolia,2002,2
Mongolia,2003,4
Mongolia,2004,4
Mongolia,2005,5
Mongolia,2006,5
Mongolia,2007,6
Mongolia,2008,6
Mongolia,2009,9
Mongolia,2010,9
Mongolia,2011,11
Mongolia,2012,11
Mongolia,2013,11
Mongolia,2014,12
Mongolia,2015,14
Mongolia,2016,16
Mongolia,2017,16
Mongolia,2018,19
Mongolia,2019,21
Mongolia,2020,21
Mongolia,2021,22
Mongolia,2022,23
Mongolia,2023,23
Mongolia,2024,25
Mongolia,2025,25
Mongolia,2026,25
Montenegro,1873,0
Montenegro,1874,0
Montenegro,1875,0
Montenegro,1876,0
Montenegro,1877,0
Montenegro,1878,0
Montenegro,1879,0
Montenegro,1880,0
Montenegro,1881,0
Montenegro,1882,0
Montenegro,1883,0
Montenegro,1884,0
Montenegro,1885,0
Montenegro,1886,0
Montenegro,1887,0
Montenegro,1888,0
Montenegro,1889,0
Montenegro,1890,0
Montenegro,1891,0
Montenegro,1892,0
Montenegro,1893,0
Montenegro,1894,0
Montenegro,1895,0
Montenegro,1896,0
Montenegro,1897,0
Montenegro,1898,0
Montenegro,1899,0
Montenegro,1900,0
Montenegro,1901,0
Montenegro,1902,0
Montenegro,1903,0
Montenegro,1904,0
Montenegro,1905,0
Montenegro,1906,0
Montenegro,1907,0
Montenegro,1908,0
Montenegro,1909,0
Montenegro,1910,0
Montenegro,1911,0
Montenegro,1912,0
Montenegro,1913,0
Montenegro,1914,0
Montenegro,1915,0
Montenegro,1916,0
Montenegro,1917,0
Montenegro,1918,0
Montenegro,1919,0
Montenegro,1920,0
Montenegro,1921,0
Montenegro,1922,0
Montenegro,1923,0
Montenegro,1924,0
Montenegro,1925,0
Montenegro,1926,0
Montenegro,1927,0
Montenegro,1928,0
Montenegro,1929,0
Montenegro,1930,0
Montenegro,1931,0
Montenegro,1932,0
Montenegro,1933,0
Montenegro,1934,0
Montenegro,1935,0
Montenegro,1936,0
Montenegro,1937,0
Montenegro,1938,0
Montenegro,1939,0
Montenegro,1940,0
Montenegro,1941,0
Montenegro,1942,0
Montenegro,1943,0
Montenegro,1944,0
Montenegro,1945,0
Montenegro,1946,0
Montenegro,1947,0
Montenegro,1948,0
Montenegro,1949,0
Montenegro,1950,0
Montenegro,1951,0
Montenegro,1952,0
Montenegro,1953,0
Montenegro,1954,0
Montenegro,1955,0
Montenegro,1956,0
Montenegro,1957,0
Montenegro,1958,0
Montenegro,1959,0
Montenegro,1960,0
Montenegro,1961,0
Montenegro,1962,0
Montenegro,1963,0
Montenegro,1964,0
Montenegro,1965,0
Montenegro,1966,0
Montenegro,1967,0
Montenegro,1968,0
Montenegro,1969,0
Montenegro,1970,0
Montenegro,1971,0
Montenegro,1972,0
Montenegro,1973,0
Montenegro,1974,0
Montenegro,1975,0
Montenegro,1976,1
Montenegro,1977,1
Montenegro,1978,1
Montenegro,1979,1
Montenegro,1980,1
Montenegro,1981,1
Montenegro,1982,1
Montenegro,1983,1
Montenegro,1984,1
Montenegro,1985,1
Montenegro,1986,1
Montenegro,1987,1
Montenegro,1988,1
Montenegro,1989,1
Montenegro,1990,1
Montenegro,1991,1
Montenegro,1992,1
Montenegro,1993,1
Montenegro,1994,1
Montenegro,1995,1
Montenegro,1996,1
Montenegro,1997,1
Montenegro,1998,1
Montenegro,1999,1
Montenegro,2000,1
Montenegro,2001,1
Montenegro,2002,1
Montenegro,2003,1
Montenegro,2004,1
Montenegro,2005,1
Montenegro,2006,1
Montenegro,2007,3
Montenegro,2008,6
Montenegro,2009,9
Montenegro,2010,14
Montenegro,2011,15
Montenegro,2012,20
Montenegro,2013,22
Montenegro,2014,24
Montenegro,2015,26
Montenegro,2016,28
Montenegro,2017,31
Montenegro,2018,33
Montenegro,2019,35
Montenegro,2020,39
Montenegro,2021,42
Montenegro,2022,45
Montenegro,2023,49
Montenegro,2024,52
Montenegro,2025,56
Montenegro,2026,61
Montserrat,1873,0
Montserrat,1874,0
Montserrat,1875,0
Montserrat,1876,0
Montserrat,1877,0
Montserrat,1878,0
Montserrat,1879,0
Montserrat,1880,0
Montserrat,1881,0
Montserrat,1882,0
Montserrat,1883,0
Montserrat,1884,0
Montserrat,1885,0
Montserrat,1886,0
Montserrat,1887,0
Montserrat,1888,0
Montserrat,1889,0
Montserrat,1890,0
Montserrat,1891,0
Montserrat,1892,0
Montserrat,1893,0
Montserrat,1894,0
Montserrat,1895,0
Montserrat,1896,0
Montserrat,1897,0
Montserrat,1898,0
Montserrat,1899,0
Montserrat,1900,0
Montserrat,1901,0
Montserrat,1902,0
Montserrat,1903,0
Montserrat,1904,0
Montserrat,1905,0
Montserrat,1906,0
Montserrat,1907,0
Montserrat,1908,0
Montserrat,1909,0
Montserrat,1910,0
Montserrat,1911,0
Montserrat,1912,0
Montserrat,1913,0
Montserrat,1914,0
Montserrat,1915,0
Montserrat,1916,0
Montserrat,1917,0
Montserrat,1918,0
Montserrat,1919,0
Montserrat,1920,0
Montserrat,1921,0
Montserrat,1922,0
Montserrat,1923,0
Montserrat,1924,0
Montserrat,1925,0
Montserrat,1926,0
Montserrat,1927,0
Montserrat,1928,0
Montserrat,1929,0
Montserrat,1930,0
Montserrat,1931,0
Montserrat,1932,0
Montserrat,1933,0
Montserrat,1934,0
Montserrat,1935,0
Montserrat,1936,0
Montserrat,1937,0
Montserrat,1938,0
Montserrat,1939,0
Montserrat,1940,0
Montserrat,1941,0
Montserrat,1942,0
Montserrat,1943,0
Montserrat,1944,0
Montserrat,1945,0
Montserrat,1946,0
Montserrat,1947,0
Montserrat,1948,0
Montserrat,1949,0
Montserrat,1950,0
Montserrat,1951,0
Montserrat,1952,0
Montserrat,1953,0
Montserrat,1954,0
Montserrat,1955,0
Montserrat,1956,0
Montserrat,1957,0
Montserrat,1958,0
Montserrat,1959,0
Montserrat,1960,0
Montserrat,1961,0
Montserrat,1962,0
Montserrat,1963,0
Montserrat,1964,0
Montserrat,1965,0
Montserrat,1966,0
Montserrat,1967,0
Montserrat,1968,0
Montserrat,1969,0
Montserrat,1970,0
Montserrat,1971,0
Montserrat,1972,0
Montserrat,1973,0
Montserrat,1974,0
Montserrat,1975,0
Montserrat,1976,0
Montserrat,1977,0
Montserrat,1978,0
Montserrat,1979,0
Montserrat,1980,0
Montserrat,1981,0
Montserrat,1982,0
Montserrat,1983,0
Montserrat,1984,0
Montserrat,1985,0
Montserrat,1986,0
Montserrat,1987,0
Montserrat,1988,0
Montserrat,1989,0
Montserrat,1990,0
Montserrat,1991,0
Montserrat,1992,0
Montserrat,1993,0
Montserrat,1994,0
Montserrat,1995,2
Montserrat,1996,2
Montserrat,1997,2
Montserrat,1998,2
Montserrat,1999,2
Montserrat,2000,2
Montserrat,2001,2
Montserrat,2002,2
Montserrat,2003,2
Montserrat,2004,2
Montserrat,2005,2
Montserrat,2006,2
Montserrat,2007,2
Montserrat,2008,2
Montserrat,2009,2
Montserrat,2010,2
Montserrat,2011,2
Montserrat,2012,3
Montserrat,2013,3
Montserrat,2014,4
Montserrat,2015,4
Montserrat,2016,4
Montserrat,2017,4
Montserrat,2018,6
Montserrat,2019,9
Montserrat,2020,9
Montserrat,2021,11
Montserrat,2022,12
Montserrat,2023,15
Montserrat,2024,16
Montserrat,2025,17
Montserrat,2026,21
Morocco,1873,0
Morocco,1874,0
Morocco,1875,0
Morocco,1876,0
Morocco,1877,0
Morocco,1878,0
Morocco,1879,0
Morocco,1880,0
Morocco,1881,0
Morocco,1882,0
Morocco,1883,0
Morocco,1884,0
Morocco,1885,0
Morocco,1886,0
Morocco,1887,0
Morocco,1888,0
Morocco,1889,0
Morocco,1890,0
Morocco,1891,0
Morocco,1892,0
Morocco,1893,0
Morocco,1894,0
Morocco,1895,0
Morocco,1896,0
Morocco,1897,0
Morocco,1898,0
Morocco,1899,0
Morocco,1900,0
Morocco,1901,0
Morocco,1902,0
Morocco,1903,0
Morocco,1904,0
Morocco,1905,0
Morocco,1906,0
Morocco,1907,0
Morocco,1908,0
Morocco,1909,0
Morocco,1910,0
Morocco,1911,0
Morocco,1912,0
Morocco,1913,0
Morocco,1914,0
Morocco,1915,0
Morocco,1916,0
Morocco,1917,0
Morocco,1918,0
Morocco,1919,0
Morocco,1920,0
Morocco,1921,0
Morocco,1922,0
Morocco,1923,0
Morocco,1924,0
Morocco,1925,0
Morocco,1926,0
Morocco,1927,0
Morocco,1928,0
Morocco,1929,0
Morocco,1930,0
Morocco,1931,0
Morocco,1932,0
Morocco,1933,0
Morocco,1934,0
Morocco,1935,0
Morocco,1936,0
Morocco,1937,0
Morocco,1938,0
Morocco,1939,0
Morocco,1940,0
Morocco,1941,0
Morocco,1942,0
Morocco,1943,0
Morocco,1944,0
Morocco,1945,0
Morocco,1946,0
Morocco,1947,0
Morocco,1948,0
Morocco,1949,0
Morocco,1950,0
Morocco,1951,0
Morocco,1952,0
Morocco,1953,0
Morocco,1954,0
Morocco,1955,0
Morocco,1956,0
Morocco,1957,0
Morocco,1958,1
Morocco,1959,1
Morocco,1960,2
Morocco,1961,5
Morocco,1962,6
Morocco,1963,8
Morocco,1964,8
Morocco,1965,9
Morocco,1966,12
Morocco,1967,12
Morocco,1968,13
Morocco,1969,18
Morocco,1970,19
Morocco,1971,20
Morocco,1972,22
Morocco,1973,26
Morocco,1974,34
Morocco,1975,36
Morocco,1976,42
Morocco,1977,45
Morocco,1978,47
Morocco,1979,49
Morocco,1980,61
Morocco,1981,66
Morocco,1982,67
Morocco,1983,68
Morocco,1984,72
Morocco,1985,77
Morocco,1986,79
Morocco,1987,79
Morocco,1988,84
Morocco,1989,86
Morocco,1990,89
Morocco,1991,92
Morocco,1992,95
Morocco,1993,104
Morocco,1994,107
Morocco,1995,110
Morocco,1996,117
Morocco,1997,126
Morocco,1998,132
Morocco,1999,136
Morocco,2000,143
Morocco,2001,150
Morocco,2002,157
Morocco,2003,163
Morocco,2004,171
Morocco,2005,175
Morocco,2006,180
Morocco,2007,184
Morocco,2008,193
Morocco,2009,194
Morocco,2010,196
Morocco,2011,200
Morocco,2012,203
Morocco,2013,206
Morocco,2014,211
Morocco,2015,214
Morocco,2016,220
Morocco,2017,228
Morocco,2018,236
Morocco,2019,241
Morocco,2020,244
Morocco,2021,256
Morocco,2022,267
Morocco,2023,271
Morocco,2024,283
Morocco,2025,300
Morocco,2026,311
Mozambique,1873,0
Mozambique,1874,0
Mozambique,1875,0
Mozambique,1876,0
Mozambique,1877,0
Mozambique,1878,0
Mozambique,1879,0
Mozambique,1880,0
Mozambique,1881,0
Mozambique,1882,0
Mozambique,1883,0
Mozambique,1884,0
Mozambique,1885,0
Mozambique,1886,0
Mozambique,1887,0
Mozambique,1888,0
Mozambique,1889,0
Mozambique,1890,0
Mozambique,1891,0
Mozambique,1892,0
Mozambique,1893,0
Mozambique,1894,0
Mozambique,1895,0
Mozambique,1896,0
Mozambique,1897,0
Mozambique,1898,0
Mozambique,1899,0
Mozambique,1900,0
Mozambique,1901,0
Mozambique,1902,0
Mozambique,1903,0
Mozambique,1904,0
Mozambique,1905,0
Mozambique,1906,0
Mozambique,1907,0
Mozambique,1908,0
Mozambique,1909,0
Mozambique,1910,0
Mozambique,1911,0
Mozambique,1912,0
Mozambique,1913,0
Mozambique,1914,0
Mozambique,1915,0
Mozambique,1916,0
Mozambique,1917,0
Mozambique,1918,0
Mozambique,1919,0
Mozambique,1920,0
Mozambique,1921,0
Mozambique,1922,0
Mozambique,1923,0
Mozambique,1924,0
Mozambique,1925,0
Mozambique,1926,0
Mozambique,1927,0
Mozambique,1928,0
Mozambique,1929,0
Mozambique,1930,0
Mozambique,1931,0
Mozambique,1932,0
Mozambique,1933,0
Mozambique,1934,0
Mozambique,1935,0
Mozambique,1936,0
Mozambique,1937,0
Mozambique,1938,0
Mozambique,1939,0
Mozambique,1940,0
Mozambique,1941,0
Mozambique,1942,0
Mozambique,1943,0
Mozambique,1944,0
Mozambique,1945,0
Mozambique,1946,0
Mozambique,1947,0
Mozambique,1948,0
Mozambique,1949,0
Mozambique,1950,0
Mozambique,1951,0
Mozambique,1952,0
Mozambique,1953,0
Mozambique,1954,0
Mozambique,1955,0
Mozambique,1956,0
Mozambique,1957,0
Mozambique,1958,0
Mozambique,1959,0
Mozambique,1960,0
Mozambique,1961,0
Mozambique,1962,0
Mozambique,1963,0
Mozambique,1964,0
Mozambique,1965,0
Mozambique,1966,0
Mozambique,1967,0
Mozambique,1968,0
Mozambique,1969,0
Mozambique,1970,0
Mozambique,1971,0
Mozambique,1972,0
Mozambique,1973,0
Mozambique,1974,0
Mozambique,1975,2
Mozambique,1976,2
Mozambique,1977,2
Mozambique,1978,4
Mozambique,1979,4
Mozambique,1980,5
Mozambique,1981,6
Mozambique,1982,6
Mozambique,1983,7
Mozambique,1984,8
Mozambique,1985,9
Mozambique,1986,9
Mozambique,1987,9
Mozambique,1988,9
Mozambique,1989,11
Mozambique,1990,15
Mozambique,1991,18
Mozambique,1992,20
Mozambique,1993,20
Mozambique,1994,23
Mozambique,1995,28
Mozambique,1996,31
Mozambique,1997,36
Mozambique,1998,40
Mozambique,1999,41
Mozambique,2000,43
Mozambique,2001,45
Mozambique,2002,47
Mozambique,2003,50
Mozambique,2004,53
Mozambique,2005,55
Mozambique,2006,56
Mozambique,2007,59
Mozambique,2008,65
Mozambique,2009,71
Mozambique,2010,73
Mozambique,2011,77
Mozambique,2012,78
Mozambique,2013,80
Mozambique,2014,83
Mozambique,2015,86
Mozambique,2016,88
Mozambique,2017,92
Mozambique,2018,95
Mozambique,2019,99
Mozambique,2020,99
Mozambique,2021,103
Mozambique,2022,104
Mozambique,2023,108
Mozambique,2024,114
Mozambique,2025,118
Mozambique,2026,119
Myanmar,1873,0
Myanmar,1874,0
Myanmar,1875,0
Myanmar,1876,0
Myanmar,1877,0
Myanmar,1878,0
Myanmar,1879,0
Myanmar,1880,0
Myanmar,1881,0
Myanmar,1882,0
Myanmar,1883,0
Myanmar,1884,0
Myanmar,1885,0
Myanmar,1886,0
Myanmar,1887,0
Myanmar,1888,0
Myanmar,1889,0
Myanmar,1890,0
Myanmar,1891,0
Myanmar,1892,0
Myanmar,1893,0
Myanmar,1894,0
Myanmar,1895,0
Myanmar,1896,0
Myanmar,1897,0
Myanmar,1898,0
Myanmar,1899,0
Myanmar,1900,0
Myanmar,1901,0
Myanmar,1902,0
Myanmar,1903,0
Myanmar,1904,0
Myanmar,1905,0
Myanmar,1906,0
Myanmar,1907,0
Myanmar,1908,0
Myanmar,1909,0
Myanmar,1910,0
Myanmar,1911,0
Myanmar,1912,0
Myanmar,1913,0
Myanmar,1914,0
Myanmar,1915,0
Myanmar,1916,0
Myanmar,1917,0
Myanmar,1918,0
Myanmar,1919,0
Myanmar,1920,0
Myanmar,1921,0
Myanmar,1922,0
Myanmar,1923,0
Myanmar,1924,0
Myanmar,1925,0
Myanmar,1926,0
Myanmar,1927,0
Myanmar,1928,0
Myanmar,1929,0
Myanmar,1930,0
Myanmar,1931,0
Myanmar,1932,0
Myanmar,1933,0
Myanmar,1934,0
Myanmar,1935,0
Myanmar,1936,0
Myanmar,1937,0
Myanmar,1938,0
Myanmar,1939,0
Myanmar,1940,0
Myanmar,1941,0
Myanmar,1942,0
Myanmar,1943,0
Myanmar,1944,0
Myanmar,1945,0
Myanmar,1946,0
Myanmar,1947,0
Myanmar,1948,0
Myanmar,1949,0
Myanmar,1950,0
Myanmar,1951,0
Myanmar,1952,0
Myanmar,1953,1
Myanmar,1954,3
Myanmar,1955,4
Myanmar,1956,4
Myanmar,1957,7
Myanmar,1958,7
Myanmar,1959,7
Myanmar,1960,7
Myanmar,1961,10
Myanmar,1962,11
Myanmar,1963,12
Myanmar,1964,15
Myanmar,1965,19
Myanmar,1966,26
Myanmar,1967,36
Myanmar,1968,44
Myanmar,1969,50
Myanmar,1970,59
Myanmar,1971,74
Myanmar,1972,80
Myanmar,1973,92
Myanmar,1974,98
Myanmar,1975,108
Myanmar,1976,112
Myanmar,1977,116
Myanmar,1978,116
Myanmar,1979,119
Myanmar,1980,121
Myanmar,1981,121
Myanmar,1982,122
Myanmar,1983,123
Myanmar,1984,123
Myanmar,1985,124
Myanmar,1986,125
Myanmar,1987,125
Myanmar,1988,125
Myanmar,1989,125
Myanmar,1990,125
Myanmar,1991,125
Myanmar,1992,125
Myanmar,1993,128
Myanmar,1994,128
Myanmar,1995,133
Myanmar,1996,137
Myanmar,1997,138
Myanmar,1998,141
Myanmar,1999,142
Myanmar,2000,146
Myanmar,2001,146
Myanmar,2002,148
Myanmar,2003,151
Myanmar,2004,154
Myanmar,2005,154
Myanmar,2006,156
Myanmar,2007,159
Myanmar,2008,168
Myanmar,2009,171
Myanmar,2010,173
Myanmar,2011,174
Myanmar,2012,177
Myanmar,2013,179
Myanmar,2014,185
Myanmar,2015,187
Myanmar,2016,190
Myanmar,2017,194
Myanmar,2018,197
Myanmar,2019,200
Myanmar,2020,200
Myanmar,2021,201
Myanmar,2022,201
Myanmar,2023,204
Myanmar,2024,206
Myanmar,2025,208
Myanmar,2026,212
Namibia,1873,0
Namibia,1874,0
Namibia,1875,0
Namibia,1876,0
Namibia,1877,0
Namibia,1878,0
Namibia,1879,0
Namibia,1880,0
Namibia,1881,0
Namibia,1882,0
Namibia,1883,0
Namibia,1884,0
Namibia,1885,0
Namibia,1886,0
Namibia,1887,0
Namibia,1888,0
Namibia,1889,0
Namibia,1890,0
Namibia,1891,0
Namibia,1892,0
Namibia,1893,0
Namibia,1894,0
Namibia,1895,0
Namibia,1896,0
Namibia,1897,0
Namibia,1898,0
Namibia,1899,0
Namibia,1900,0
Namibia,1901,0
Namibia,1902,0
Namibia,1903,0
Namibia,1904,0
Namibia,1905,0
Namibia,1906,0
Namibia,1907,0
Namibia,1908,0
Namibia,1909,0
Namibia,1910,0
Namibia,1911,0
Namibia,1912,0
Namibia,1913,0
Namibia,1914,0
Namibia,1915,0
Namibia,1916,0
Namibia,1917,0
Namibia,1918,0
Namibia,1919,0
Namibia,1920,0
Namibia,1921,0
Namibia,1922,0
Namibia,1923,0
Namibia,1924,0
Namibia,1925,0
Namibia,1926,0
Namibia,1927,0
Namibia,1928,0
Namibia,1929,0
Namibia,1930,0
Namibia,1931,0
Namibia,1932,0
Namibia,1933,0
Namibia,1934,0
Namibia,1935,0
Namibia,1936,0
Namibia,1937,0
Namibia,1938,0
Namibia,1939,0
Namibia,1940,0
Namibia,1941,0
Namibia,1942,0
Namibia,1943,0
Namibia,1944,0
Namibia,1945,0
Namibia,1946,0
Namibia,1947,0
Namibia,1948,0
Namibia,1949,0
Namibia,1950,0
Namibia,1951,0
Namibia,1952,0
Namibia,1953,0
Namibia,1954,0
Namibia,1955,0
Namibia,1956,0
Namibia,1957,0
Namibia,1958,0
Namibia,1959,0
Namibia,1960,0
Namibia,1961,0
Namibia,1962,0
Namibia,1963,0
Namibia,1964,0
Namibia,1965,0
Namibia,1966,0
Namibia,1967,0
Namibia,1968,0
Namibia,1969,0
Namibia,1970,0
Namibia,1971,0
Namibia,1972,0
Namibia,1973,0
Namibia,1974,0
Namibia,1975,0
Namibia,1976,0
Namibia,1977,0
Namibia,1978,0
Namibia,1979,0
Namibia,1980,0
Namibia,1981,0
Namibia,1982,0
Namibia,1983,0
Namibia,1984,0
Namibia,1985,0
Namibia,1986,0
Namibia,1987,0
Namibia,1988,0
Namibia,1989,0
Namibia,1990,0
Namibia,1991,0
Namibia,1992,0
Namibia,1993,0
Namibia,1994,3
Namibia,1995,3
Namibia,1996,5
Namibia,1997,8
Namibia,1998,12
Namibia,1999,12
Namibia,2000,16
Namibia,2001,17
Namibia,2002,17
Namibia,2003,18
Namibia,2004,18
Namibia,2005,19
Namibia,2006,21
Namibia,2007,25
Namibia,2008,29
Namibia,2009,30
Namibia,2010,30
Namibia,2011,34
Namibia,2012,35
Namibia,2013,37
Namibia,2014,38
Namibia,2015,43
Namibia,2016,47
Namibia,2017,49
Namibia,2018,52
Namibia,2019,57
Namibia,2020,57
Namibia,2021,62
Namibia,2022,64
Namibia,2023,67
Namibia,2024,68
Namibia,2025,70
Namibia,2026,71
Nepal,1873,0
Nepal,1874,0
Nepal,1875,0
Nepal,1876,0
Nepal,1877,0
Nepal,1878,0
Nepal,1879,0
Nepal,1880,0
Nepal,1881,0
Nepal,1882,0
Nepal,1883,0
Nepal,1884,0
Nepal,1885,0
Nepal,1886,0
Nepal,1887,0
Nepal,1888,0
Nepal,1889,0
Nepal,1890,0
Nepal,1891,0
Nepal,1892,0
Nepal,1893,0
Nepal,1894,0
Nepal,1895,0
Nepal,1896,0
Nepal,1897,0
Nepal,1898,0
Nepal,1899,0
Nepal,1900,0
Nepal,1901,0
Nepal,1902,0
Nepal,1903,0
Nepal,1904,0
Nepal,1905,0
Nepal,1906,0
Nepal,1907,0
Nepal,1908,0
Nepal,1909,0
Nepal,1910,0
Nepal,1911,0
Nepal,1912,0
Nepal,1913,0
Nepal,1914,0
Nepal,1915,0
Nepal,1916,0
Nepal,1917,0
Nepal,1918,0
Nepal,1919,0
Nepal,1920,0
Nepal,1921,0
Nepal,1922,0
Nepal,1923,0
Nepal,1924,0
Nepal,1925,0
Nepal,1926,0
Nepal,1927,0
Nepal,1928,0
Nepal,1929,0
Nepal,1930,0
Nepal,1931,0
Nepal,1932,0
Nepal,1933,0
Nepal,1934,0
Nepal,1935,0
Nepal,1936,0
Nepal,1937,0
Nepal,1938,0
Nepal,1939,0
Nepal,1940,0
Nepal,1941,0
Nepal,1942,0
Nepal,1943,0
Nepal,1944,0
Nepal,1945,0
Nepal,1946,0
Nepal,1947,0
Nepal,1948,0
Nepal,1949,0
Nepal,1950,0
Nepal,1951,0
Nepal,1952,0
Nepal,1953,0
Nepal,1954,0
Nepal,1955,0
Nepal,1956,0
Nepal,1957,0
Nepal,1958,0
Nepal,1959,0
Nepal,1960,0
Nepal,1961,0
Nepal,1962,0
Nepal,1963,0
Nepal,1964,0
Nepal,1965,0
Nepal,1966,0
Nepal,1967,0
Nepal,1968,0
Nepal,1969,0
Nepal,1970,0
Nepal,1971,0
Nepal,1972,0
Nepal,1973,0
Nepal,1974,0
Nepal,1975,0
Nepal,1976,0
Nepal,1977,0
Nepal,1978,0
Nepal,1979,0
Nepal,1980,0
Nepal,1981,0
Nepal,1982,2
Nepal,1983,2
Nepal,1984,5
Nepal,1985,6
Nepal,1986,9
Nepal,1987,11
Nepal,1988,11
Nepal,1989,11
Nepal,1990,11
Nepal,1991,11
Nepal,1992,11
Nepal,1993,12
Nepal,1994,12
Nepal,1995,14
Nepal,1996,14
Nepal,1997,14
Nepal,1998,14
Nepal,1999,18
Nepal,2000,19
Nepal,2001,21
Nepal,2002,21
Nepal,2003,23
Nepal,2004,23
Nepal,2005,24
Nepal,2006,25
Nepal,2007,25
Nepal,2008,30
Nepal,2009,33
Nepal,2010,33
Nepal,2011,39
Nepal,2012,39
Nepal,2013,42
Nepal,2014,42
Nepal,2015,42
Nepal,2016,46
Nepal,2017,46
Nepal,2018,48
Nepal,2019,49
Nepal,2020,49
Nepal,2021,53
Nepal,2022,57
Nepal,2023,61
Nepal,2024,62
Nepal,2025,63
Nepal,2026,63
Netherlands,1873,0
Netherlands,1874,0
Netherlands,1875,0
Netherlands,1876,0
Netherlands,1877,0
Netherlands,1878,0
Netherlands,1879,0
Netherlands,1880,0
Netherlands,1881,0
Netherlands,1882,0
Netherlands,1883,0
Netherlands,1884,0
Netherlands,1885,0
Netherlands,1886,0
Netherlands,1887,0
Netherlands,1888,0
Netherlands,1889,0
Netherlands,1890,0
Netherlands,1891,0
Netherlands,1892,0
Netherlands,1893,0
Netherlands,1894,0
Netherlands,1895,0
Netherlands,1896,0
Netherlands,1897,0
Netherlands,1898,0
Netherlands,1899,0
Netherlands,1900,0
Netherlands,1901,0
Netherlands,1902,0
Netherlands,1903,0
Netherlands,1904,0
Netherlands,1905,2
Netherlands,1906,2
Netherlands,1907,3
Netherlands,1908,8
Netherlands,1909,10
Netherlands,1910,13
Netherlands,1911,15
Netherlands,1912,21
Netherlands,1913,21
Netherlands,1914,23
Netherlands,1915,23
Netherlands,1916,23
Netherlands,1917,23
Netherlands,1918,23
Netherlands,1919,24
Netherlands,1920,27
Netherlands,1921,28
Netherlands,1922,29
Netherlands,1923,31
Netherlands,1924,34
Netherlands,1925,38
Netherlands,1926,39
Netherlands,1927,41
Netherlands,1928,43
Netherlands,1929,44
Netherlands,1930,44
Netherlands,1931,47
Netherlands,1932,50
Netherlands,1933,51
Netherlands,1934,55
Netherlands,1935,59
Netherlands,1936,61
Netherlands,1937,64
Netherlands,1938,66
Netherlands,1939,68
Netherlands,1940,69
Netherlands,1941,69
Netherlands,1942,69
Netherlands,1943,69
Netherlands,1944,69
Netherlands,1945,69
Netherlands,1946,71
Netherlands,1947,74
Netherlands,1948,76
Netherlands,1949,79
Netherlands,1950,79
Netherlands,1951,80
Netherlands,1952,80
Netherlands,1953,81
Netherlands,1954,83
Netherlands,1955,87
Netherlands,1956,92
Netherlands,1957,95
Netherlands,1958,101
Netherlands,1959,103
Netherlands,1960,106
Netherlands,1961,107
Netherlands,1962,110
Netherlands,1963,112
Netherlands,1964,114
Netherlands,1965,115
Netherlands,1966,118
Netherlands,1967,120
Netherlands,1968,121
Netherlands,1969,124
Netherlands,1970,126
Netherlands,1971,130
Netherlands,1972,134
Netherlands,1973,138
Netherlands,1974,148
Netherlands,1975,150
Netherlands,1976,154
Netherlands,1977,159
Netherlands,1978,168
Netherlands,1979,172
Netherlands,1980,173
Netherlands,1981,177
Netherlands,1982,180
Netherlands,1983,184
Netherlands,1984,186
Netherlands,1985,190
Netherlands,1986,193
Netherlands,1987,199
Netherlands,1988,205
Netherlands,1989,210
Netherlands,1990,213
Netherlands,1991,217
Netherlands,1992,223
Netherlands,1993,228
Netherlands,1994,237
Netherlands,1995,242
Netherlands,1996,248
Netherlands,1997,252
Netherlands,1998,260
Netherlands,1999,260
Netherlands,2000,269
Netherlands,2001,275
Netherlands,2002,281
Netherlands,2003,287
Netherlands,2004,295
Netherlands,2005,302
Netherlands,2006,311
Netherlands,2007,319
Netherlands,2008,330
Netherlands,2009,336
Netherlands,2010,351
Netherlands,2011,357
Netherlands,2012,364
Netherlands,2013,371
Netherlands,2014,380
Netherlands,2015,384
Netherlands,2016,389
Netherlands,2017,397
Netherlands,2018,401
Netherlands,2019,408
Netherlands,2020,411
Netherlands,2021,422
Netherlands,2022,431
Netherlands,2023,437
Netherlands,2024,445
Netherlands,2025,451
Netherlands,2026,457
New Caledonia,1873,0
New Caledonia,1874,0
New Caledonia,1875,0
New Caledonia,1876,0
New Caledonia,1877,0
New Caledonia,1878,0
New Caledonia,1879,0
New Caledonia,1880,0
New Caledonia,1881,0
New Caledonia,1882,0
New Caledonia,1883,0
New Caledonia,1884,0
New Caledonia,1885,0
New Caledonia,1886,0
New Caledonia,1887,0
New Caledonia,1888,0
New Caledonia,1889,0
New Caledonia,1890,0
New Caledonia,1891,0
New Caledonia,1892,0
New Caledonia,1893,0
New Caledonia,1894,0
New Caledonia,1895,0
New Caledonia,1896,0
New Caledonia,1897,0
New Caledonia,1898,0
New Caledonia,1899,0
New Caledonia,1900,0
New Caledonia,1901,0
New Caledonia,1902,0
New Caledonia,1903,0
New Caledonia,1904,0
New Caledonia,1905,0
New Caledonia,1906,0
New Caledonia,1907,0
New Caledonia,1908,0
New Caledonia,1909,0
New Caledonia,1910,0
New Caledonia,1911,0
New Caledonia,1912,0
New Caledonia,1913,0
New Caledonia,1914,0
New Caledonia,1915,0
New Caledonia,1916,0
New Caledonia,1917,0
New Caledonia,1918,0
New Caledonia,1919,0
New Caledonia,1920,0
New Caledonia,1921,0
New Caledonia,1922,0
New Caledonia,1923,0
New Caledonia,1924,0
New Caledonia,1925,0
New Caledonia,1926,0
New Caledonia,1927,0
New Caledonia,1928,0
New Caledonia,1929,0
New Caledonia,1930,0
New Caledonia,1931,0
New Caledonia,1932,0
New Caledonia,1933,0
New Caledonia,1934,0
New Caledonia,1935,0
New Caledonia,1936,0
New Caledonia,1937,0
New Caledonia,1938,0
New Caledonia,1939,0
New Caledonia,1940,0
New Caledonia,1941,0
New Caledonia,1942,0
New Caledonia,1943,0
New Caledonia,1944,0
New Caledonia,1945,0
New Caledonia,1946,0
New Caledonia,1947,0
New Caledonia,1948,0
New Caledonia,1949,0
New Caledonia,1950,0
New Caledonia,1951,2
New Caledonia,1952,2
New Caledonia,1953,5
New Caledonia,1954,5
New Caledonia,1955,5
New Caledonia,1956,5
New Caledonia,1957,7
New Caledonia,1958,7
New Caledonia,1959,8
New Caledonia,1960,8
New Caledonia,1961,10
New Caledonia,1962,10
New Caledonia,1963,12
New Caledonia,1964,13
New Caledonia,1965,15
New Caledonia,1966,18
New Caledonia,1967,19
New Caledonia,1968,21
New Caledonia,1969,27
New Caledonia,1970,28
New Caledonia,1971,33
New Caledonia,1972,34
New Caledonia,1973,37
New Caledonia,1974,38
New Caledonia,1975,42
New Caledonia,1976,43
New Caledonia,1977,43
New Caledonia,1978,44
New Caledonia,1979,47
New Caledonia,1980,50
New Caledonia,1981,53
New Caledonia,1982,53
New Caledonia,1983,57
New Caledonia,1984,57
New Caledonia,1985,57
New Caledonia,1986,57
New Caledonia,1987,62
New Caledonia,1988,63
New Caledonia,1989,66
New Caledonia,1990,68
New Caledonia,1991,70
New Caledonia,1992,72
New Caledonia,1993,74
New Caledonia,1994,75
New Caledonia,1995,77
New Caledonia,1996,77
New Caledonia,1997,77
New Caledonia,1998,77
New Caledonia,1999,77
New Caledonia,2000,81
New Caledonia,2001,81
New Caledonia,2002,84
New Caledonia,2003,88
New Caledonia,2004,90
New Caledonia,2005,90
New Caledonia,2006,90
New Caledonia,2007,97
New Caledonia,2008,100
New Caledonia,2009,100
New Caledonia,2010,100
New Caledonia,2011,107
New Caledonia,2012,114
New Caledonia,2013,115
New Caledonia,2014,115
New Caledonia,2015,115
New Caledonia,2016,118
New Caledonia,2017,120
New Caledonia,2018,121
New Caledonia,2019,126
New Caledonia,2020,126
New Caledonia,2021,126
New Caledonia,2022,126
New Caledonia,2023,132
New Caledonia,2024,134
New Caledonia,2025,136
New Caledonia,2026,137
New Zealand,1873,0
New Zealand,1874,0
New Zealand,1875,0
New Zealand,1876,0
New Zealand,1877,0
New Zealand,1878,0
New Zealand,1879,0
New Zealand,1880,0
New Zealand,1881,0
New Zealand,1882,0
New Zealand,1883,0
New Zealand,1884,0
New Zealand,1885,0
New Zealand,1886,0
New Zealand,1887,0
New Zealand,1888,0
New Zealand,1889,0
New Zealand,1890,0
New Zealand,1891,0
New Zealand,1892,0
New Zealand,1893,0
New Zealand,1894,0
New Zealand,1895,0
New Zealand,1896,0
New Zealand,1897,0
New Zealand,1898,0
New Zealand,1899,0
New Zealand,1900,0
New Zealand,1901,0
New Zealand,1902,0
New Zealand,1903,0
New Zealand,1904,0
New Zealand,1905,0
New Zealand,1906,0
New Zealand,1907,0
New Zealand,1908,0
New Zealand,1909,0
New Zealand,1910,0
New Zealand,1911,0
New Zealand,1912,0
New Zealand,1913,0
New Zealand,1914,0
New Zealand,1915,0
New Zealand,1916,0
New Zealand,1917,0
New Zealand,1918,0
New Zealand,1919,0
New Zealand,1920,0
New Zealand,1921,0
New Zealand,1922,2
New Zealand,1923,4
New Zealand,1924,4
New Zealand,1925,4
New Zealand,1926,4
New Zealand,1927,5
New Zealand,1928,5
New Zealand,1929,5
New Zealand,1930,5
New Zealand,1931,5
New Zealand,1932,5
New Zealand,1933,5
New Zealand,1934,5
New Zealand,1935,5
New Zealand,1936,5
New Zealand,1937,5
New Zealand,1938,5
New Zealand,1939,5
New Zealand,1940,5
New Zealand,1941,5
New Zealand,1942,5
New Zealand,1943,5
New Zealand,1944,5
New Zealand,1945,5
New Zealand,1946,5
New Zealand,1947,5
New Zealand,1948,5
New Zealand,1949,5
New Zealand,1950,5
New Zealand,1951,9
New Zealand,1952,13
New Zealand,1953,13
New Zealand,1954,14
New Zealand,1955,14
New Zealand,1956,14
New Zealand,1957,14
New Zealand,1958,17
New Zealand,1959,17
New Zealand,1960,19
New Zealand,1961,19
New Zealand,1962,21
New Zealand,1963,21
New Zealand,1964,21
New Zealand,1965,21
New Zealand,1966,21
New Zealand,1967,23
New Zealand,1968,24
New Zealand,1969,25
New Zealand,1970,25
New Zealand,1971,25
New Zealand,1972,27
New Zealand,1973,31
New Zealand,1974,31
New Zealand,1975,33
New Zealand,1976,35
New Zealand,1977,39
New Zealand,1978,40
New Zealand,1979,45
New Zealand,1980,50
New Zealand,1981,60
New Zealand,1982,61
New Zealand,1983,65
New Zealand,1984,68
New Zealand,1985,74
New Zealand,1986,76
New Zealand,1987,77
New Zealand,1988,81
New Zealand,1989,82
New Zealand,1990,84
New Zealand,1991,84
New Zealand,1992,87
New Zealand,1993,89
New Zealand,1994,89
New Zealand,1995,90
New Zealand,1996,92
New Zealand,1997,95
New Zealand,1998,99
New Zealand,1999,101
New Zealand,2000,106
New Zealand,2001,110
New Zealand,2002,115
New Zealand,2003,115
New Zealand,2004,118
New Zealand,2005,118
New Zealand,2006,121
New Zealand,2007,124
New Zealand,2008,126
New Zealand,2009,128
New Zealand,2010,129
New Zealand,2011,129
New Zealand,2012,137
New Zealand,2013,140
New Zealand,2014,140
New Zealand,2015,141
New Zealand,2016,146
New Zealand,2017,149
New Zealand,2018,151
New Zealand,2019,151
New Zealand,2020,151
New Zealand,2021,154
New Zealand,2022,159
New Zealand,2023,160
New Zealand,2024,168
New Zealand,2025,171
New Zealand,2026,173
Nicaragua,1873,0
Nicaragua,1874,0
Nicaragua,1875,0
Nicaragua,1876,0
Nicaragua,1877,0
Nicaragua,1878,0
Nicaragua,1879,0
Nicaragua,1880,0
Nicaragua,1881,0
Nicaragua,1882,0
Nicaragua,1883,0
Nicaragua,1884,0
Nicaragua,1885,0
Nicaragua,1886,0
Nicaragua,1887,0
Nicaragua,1888,0
Nicaragua,1889,0
Nicaragua,1890,0
Nicaragua,1891,0
Nicaragua,1892,0
Nicaragua,1893,0
Nicaragua,1894,0
Nicaragua,1895,0
Nicaragua,1896,0
Nicaragua,1897,0
Nicaragua,1898,0
Nicaragua,1899,0
Nicaragua,1900,0
Nicaragua,1901,0
Nicaragua,1902,0
Nicaragua,1903,0
Nicaragua,1904,0
Nicaragua,1905,0
Nicaragua,1906,0
Nicaragua,1907,0
Nicaragua,1908,0
Nicaragua,1909,0
Nicaragua,1910,0
Nicaragua,1911,0
Nicaragua,1912,0
Nicaragua,1913,0
Nicaragua,1914,0
Nicaragua,1915,0
Nicaragua,1916,0
Nicaragua,1917,0
Nicaragua,1918,0
Nicaragua,1919,0
Nicaragua,1920,0
Nicaragua,1921,0
Nicaragua,1922,0
Nicaragua,1923,0
Nicaragua,1924,0
Nicaragua,1925,0
Nicaragua,1926,0
Nicaragua,1927,0
Nicaragua,1928,0
Nicaragua,1929,0
Nicaragua,1930,0
Nicaragua,1931,0
Nicaragua,1932,0
Nicaragua,1933,0
Nicaragua,1934,0
Nicaragua,1935,0
Nicaragua,1936,0
Nicaragua,1937,0
Nicaragua,1938,0
Nicaragua,1939,0
Nicaragua,1940,0
Nicaragua,1941,0
Nicaragua,1942,0
Nicaragua,1943,0
Nicaragua,1944,0
Nicaragua,1945,0
Nicaragua,1946,1
Nicaragua,1947,1
Nicaragua,1948,1
Nicaragua,1949,1
Nicaragua,1950,1
Nicaragua,1951,1
Nicaragua,1952,1
Nicaragua,1953,2
Nicaragua,1954,2
Nicaragua,1955,2
Nicaragua,1956,2
Nicaragua,1957,2
Nicaragua,1958,2
Nicaragua,1959,2
Nicaragua,1960,2
Nicaragua,1961,2
Nicaragua,1962,2
Nicaragua,1963,2
Nicaragua,1964,2
Nicaragua,1965,3
Nicaragua,1966,3
Nicaragua,1967,4
Nicaragua,1968,4
Nicaragua,1969,4
Nicaragua,1970,4
Nicaragua,1971,4
Nicaragua,1972,4
Nicaragua,1973,4
Nicaragua,1974,4
Nicaragua,1975,4
Nicaragua,1976,4
Nicaragua,1977,4
Nicaragua,1978,4
Nicaragua,1979,4
Nicaragua,1980,4
Nicaragua,1981,4
Nicaragua,1982,4
Nicaragua,1983,4
Nicaragua,1984,4
Nicaragua,1985,4
Nicaragua,1986,4
Nicaragua,1987,4
Nicaragua,1988,4
Nicaragua,1989,4
Nicaragua,1990,4
Nicaragua,1991,4
Nicaragua,1992,4
Nicaragua,1993,4
Nicaragua,1994,4
Nicaragua,1995,4
Nicaragua,1996,4
Nicaragua,1997,4
Nicaragua,1998,4
Nicaragua,1999,4
Nicaragua,2000,4
Nicaragua,2001,4
Nicaragua,2002,5
Nicaragua,2003,6
Nicaragua,2004,8
Nicaragua,2005,9
Nicaragua,2006,9
Nicaragua,2007,10
Nicaragua,2008,10
Nicaragua,2009,11
Nicaragua,2010,11
Nicaragua,2011,13
Nicaragua,2012,15
Nicaragua,2013,15
Nicaragua,2014,15
Nicaragua,2015,22
Nicaragua,2016,23
Nicaragua,2017,24
Nicaragua,2018,27
Nicaragua,2019,30
Nicaragua,2020,30
Nicaragua,2021,34
Nicaragua,2022,39
Nicaragua,2023,45
Nicaragua,2024,49
Nicaragua,2025,51
Nicaragua,2026,51
Niger,1873,0
Niger,1874,0
Niger,1875,0
Niger,1876,0
Niger,1877,0
Niger,1878,0
Niger,1879,0
Niger,1880,0
Niger,1881,0
Niger,1882,0
Niger,1883,0
Niger,1884,0
Niger,1885,0
Niger,1886,0
Niger,1887,0
Niger,1888,0
Niger,1889,0
Niger,1890,0
Niger,1891,0
Niger,1892,0
Niger,1893,0
Niger,1894,0
Niger,1895,0
Niger,1896,0
Niger,1897,0
Niger,1898,0
Niger,1899,0
Niger,1900,0
Niger,1901,0
Niger,1902,0
Niger,1903,0
Niger,1904,0
Niger,1905,0
Niger,1906,0
Niger,1907,0
Niger,1908,0
Niger,1909,0
Niger,1910,0
Niger,1911,0
Niger,1912,0
Niger,1913,0
Niger,1914,0
Niger,1915,0
Niger,1916,0
Niger,1917,0
Niger,1918,0
Niger,1919,0
Niger,1920,0
Niger,1921,0
Niger,1922,0
Niger,1923,0
Niger,1924,0
Niger,1925,0
Niger,1926,0
Niger,1927,0
Niger,1928,0
Niger,1929,0
Niger,1930,0
Niger,1931,0
Niger,1932,0
Niger,1933,0
Niger,1934,0
Niger,1935,0
Niger,1936,0
Niger,1937,0
Niger,1938,0
Niger,1939,0
Niger,1940,0
Niger,1941,0
Niger,1942,0
Niger,1943,0
Niger,1944,0
Niger,1945,0
Niger,1946,0
Niger,1947,0
Niger,1948,0
Niger,1949,0
Niger,1950,0
Niger,1951,0
Niger,1952,0
Niger,1953,0
Niger,1954,0
Niger,1955,0
Niger,1956,0
Niger,1957,0
Niger,1958,0
Niger,1959,0
Niger,1960,0
Niger,1961,0
Niger,1962,0
Niger,1963,0
Niger,1964,0
Niger,1965,0
Niger,1966,1
Niger,1967,1
Niger,1968,1
Niger,1969,1
Niger,1970,1
Niger,1971,1
Niger,1972,1
Niger,1973,1
Niger,1974,1
Niger,1975,1
Niger,1976,2
Niger,1977,2
Niger,1978,2
Niger,1979,3
Niger,1980,4
Niger,1981,6
Niger,1982,6
Niger,1983,8
Niger,1984,8
Niger,1985,8
Niger,1986,10
Niger,1987,11
Niger,1988,13
Niger,1989,13
Niger,1990,14
Niger,1991,16
Niger,1992,18
Niger,1993,20
Niger,1994,22
Niger,1995,22
Niger,1996,22
Niger,1997,22
Niger,1998,25
Niger,1999,25
Niger,2000,25
Niger,2001,25
Niger,2002,26
Niger,2003,28
Niger,2004,28
Niger,2005,28
Niger,2006,28
Niger,2007,29
Niger,2008,30
Niger,2009,30
Niger,2010,32
Niger,2011,34
Niger,2012,36
Niger,2013,37
Niger,2014,38
Niger,2015,42
Niger,2016,43
Niger,2017,44
Niger,2018,46
Niger,2019,46
Niger,2020,49
Niger,2021,52
Niger,2022,52
Niger,2023,54
Niger,2024,56
Niger,2025,61
Niger,2026,62
Nigeria,1873,0
Nigeria,1874,0
Nigeria,1875,0
Nigeria,1876,0
Nigeria,1877,0
Nigeria,1878,0
Nigeria,1879,0
Nigeria,1880,0
Nigeria,1881,0
Nigeria,1882,0
Nigeria,1883,0
Nigeria,1884,0
Nigeria,1885,0
Nigeria,1886,0
Nigeria,1887,0
Nigeria,1888,0
Nigeria,1889,0
Nigeria,1890,0
Nigeria,1891,0
Nigeria,1892,0
Nigeria,1893,0
Nigeria,1894,0
Nigeria,1895,0
Nigeria,1896,0
Nigeria,1897,0
Nigeria,1898,0
Nigeria,1899,0
Nigeria,1900,0
Nigeria,1901,0
Nigeria,1902,0
Nigeria,1903,0
Nigeria,1904,0
Nigeria,1905,0
Nigeria,1906,0
Nigeria,1907,0
Nigeria,1908,0
Nigeria,1909,0
Nigeria,1910,0
Nigeria,1911,0
Nigeria,1912,0
Nigeria,1913,0
Nigeria,1914,0
Nigeria,1915,0
Nigeria,1916,0
Nigeria,1917,0
Nigeria,1918,0
Nigeria,1919,0
Nigeria,1920,0
Nigeria,1921,0
Nigeria,1922,0
Nigeria,1923,0
Nigeria,1924,0
Nigeria,1925,0
Nigeria,1926,0
Nigeria,1927,0
Nigeria,1928,0
Nigeria,1929,0
Nigeria,1930,0
Nigeria,1931,0
Nigeria,1932,0
Nigeria,1933,0
Nigeria,1934,0
Nigeria,1935,0
Nigeria,1936,0
Nigeria,1937,0
Nigeria,1938,0
Nigeria,1939,0
Nigeria,1940,0
Nigeria,1941,0
Nigeria,1942,0
Nigeria,1943,0
Nigeria,1944,0
Nigeria,1945,0
Nigeria,1946,0
Nigeria,1947,0
Nigeria,1948,0
Nigeria,1949,1
Nigeria,1950,1
Nigeria,1951,2
Nigeria,1952,2
Nigeria,1953,2
Nigeria,1954,3
Nigeria,1955,3
Nigeria,1956,4
Nigeria,1957,4
Nigeria,1958,5
Nigeria,1959,7
Nigeria,1960,8
Nigeria,1961,10
Nigeria,1962,11
Nigeria,1963,16
Nigeria,1964,16
Nigeria,1965,17
Nigeria,1966,19
Nigeria,1967,20
Nigeria,1968,24
Nigeria,1969,26
Nigeria,1970,26
Nigeria,1971,29
Nigeria,1972,40
Nigeria,1973,46
Nigeria,1974,47
Nigeria,1975,54
Nigeria,1976,59
Nigeria,1977,65
Nigeria,1978,69
Nigeria,1979,71
Nigeria,1980,79
Nigeria,1981,83
Nigeria,1982,84
Nigeria,1983,89
Nigeria,1984,92
Nigeria,1985,96
Nigeria,1986,96
Nigeria,1987,99
Nigeria,1988,100
Nigeria,1989,105
Nigeria,1990,111
Nigeria,1991,117
Nigeria,1992,124
Nigeria,1993,129
Nigeria,1994,136
Nigeria,1995,139
Nigeria,1996,140
Nigeria,1997,144
Nigeria,1998,147
Nigeria,1999,149
Nigeria,2000,158
Nigeria,2001,165
Nigeria,2002,174
Nigeria,2003,179
Nigeria,2004,188
Nigeria,2005,192
Nigeria,2006,198
Nigeria,2007,203
Nigeria,2008,211
Nigeria,2009,215
Nigeria,2010,221
Nigeria,2011,227
Nigeria,2012,232
Nigeria,2013,243
Nigeria,2014,247
Nigeria,2015,251
Nigeria,2016,256
Nigeria,2017,260
Nigeria,2018,266
Nigeria,2019,275
Nigeria,2020,275
Nigeria,2021,281
Nigeria,2022,286
Nigeria,2023,290
Nigeria,2024,297
Nigeria,2025,306
Nigeria,2026,312
North Korea,1873,0
North Korea,1874,0
North Korea,1875,0
North Korea,1876,0
North Korea,1877,0
North Korea,1878,0
North Korea,1879,0
North Korea,1880,0
North Korea,1881,0
North Korea,1882,0
North Korea,1883,0
North Korea,1884,0
North Korea,1885,0
North Korea,1886,0
North Korea,1887,0
North Korea,1888,0
North Korea,1889,0
North Korea,1890,0
North Korea,1891,0
North Korea,1892,0
North Korea,1893,0
North Korea,1894,0
North Korea,1895,0
North Korea,1896,0
North Korea,1897,0
North Korea,1898,0
North Korea,1899,0
North Korea,1900,0
North Korea,1901,0
North Korea,1902,0
North Korea,1903,0
North Korea,1904,0
North Korea,1905,0
North Korea,1906,0
North Korea,1907,0
North Korea,1908,0
North Korea,1909,0
North Korea,1910,0
North Korea,1911,0
North Korea,1912,0
North Korea,1913,0
North Korea,1914,0
North Korea,1915,0
North Korea,1916,0
North Korea,1917,0
North Korea,1918,0
North Korea,1919,0
North Korea,1920,0
North Korea,1921,0
North Korea,1922,0
North Korea,1923,0
North Korea,1924,0
North Korea,1925,0
North Korea,1926,0
North Korea,1927,0
North Korea,1928,0
North Korea,1929,0
North Korea,1930,0
North Korea,1931,0
North Korea,1932,0
North Korea,1933,0
North Korea,1934,0
North Korea,1935,0
North Korea,1936,0
North Korea,1937,0
North Korea,1938,0
North Korea,1939,0
North Korea,1940,0
North Korea,1941,0
North Korea,1942,0
North Korea,1943,0
North Korea,1944,0
North Korea,1945,0
North Korea,1946,0
North Korea,1947,0
North Korea,1948,0
North Korea,1949,0
North Korea,1950,0
North Korea,1951,0
North Korea,1952,0
North Korea,1953,0
North Korea,1954,0
North Korea,1955,0
North Korea,1956,2
North Korea,1957,2
North Korea,1958,2
North Korea,1959,4
North Korea,1960,6
North Korea,1961,6
North Korea,1962,6
North Korea,1963,9
North Korea,1964,9
North Korea,1965,16
North Korea,1966,22
North Korea,1967,22
North Korea,1968,22
North Korea,1969,23
North Korea,1970,23
North Korea,1971,23
North Korea,1972,23
North Korea,1973,24
North Korea,1974,27
North Korea,1975,30
North Korea,1976,30
North Korea,1977,30
North Korea,1978,34
North Korea,1979,38
North Korea,1980,44
North Korea,1981,44
North Korea,1982,46
North Korea,1983,46
North Korea,1984,46
North Korea,1985,48
North Korea,1986,50
North Korea,1987,51
North Korea,1988,53
North Korea,1989,59
North Korea,1990,62
North Korea,1991,63
North Korea,1992,65
North Korea,1993,77
North Korea,1994,77
North Korea,1995,77
North Korea,1996,77
North Korea,1997,77
North Korea,1998,78
North Korea,1999,78
North Korea,2000,79
North Korea,2001,80
North Korea,2002,82
North Korea,2003,83
North Korea,2004,86
North Korea,2005,92
North Korea,2006,92
North Korea,2007,97
North Korea,2008,105
North Korea,2009,111
North Korea,2010,116
North Korea,2011,123
North Korea,2012,132
North Korea,2013,133
North Korea,2014,135
North Korea,2015,142
North Korea,2016,147
North Korea,2017,149
North Korea,2018,152
North Korea,2019,157
North Korea,2020,157
North Korea,2021,157
North Korea,2022,157
North Korea,2023,158
North Korea,2024,160
North Korea,2025,160
North Korea,2026,160
North Macedonia,1873,0
North Macedonia,1874,0
North Macedonia,1875,0
North Macedonia,1876,0
North Macedonia,1877,0
North Macedonia,1878,0
North Macedonia,1879,0
North Macedonia,1880,0
North Macedonia,1881,0
North Macedonia,1882,0
North Macedonia,1883,0
North Macedonia,1884,0
North Macedonia,1885,0
North Macedonia,1886,0
North Macedonia,1887,0
North Macedonia,1888,0
North Macedonia,1889,0
North Macedonia,1890,0
North Macedonia,1891,0
North Macedonia,1892,0
North Macedonia,1893,0
North Macedonia,1894,0
North Macedonia,1895,0
North Macedonia,1896,0
North Macedonia,1897,0
North Macedonia,1898,0
North Macedonia,1899,0
North Macedonia,1900,0
North Macedonia,1901,0
North Macedonia,1902,0
North Macedonia,1903,0
North Macedonia,1904,0
North Macedonia,1905,0
North Macedonia,1906,0
North Macedonia,1907,0
North Macedonia,1908,0
North Macedonia,1909,0
North Macedonia,1910,0
North Macedonia,1911,0
North Macedonia,1912,0
North Macedonia,1913,0
North Macedonia,1914,0
North Macedonia,1915,0
North Macedonia,1916,0
North Macedonia,1917,0
North Macedonia,1918,0
North Macedonia,1919,0
North Macedonia,1920,0
North Macedonia,1921,0
North Macedonia,1922,0
North Macedonia,1923,0
North Macedonia,1924,0
North Macedonia,1925,0
North Macedonia,1926,0
North Macedonia,1927,0
North Macedonia,1928,0
North Macedonia,1929,0
North Macedonia,1930,0
North Macedonia,1931,0
North Macedonia,1932,0
North Macedonia,1933,0
North Macedonia,1934,0
North Macedonia,1935,0
North Macedonia,1936,0
North Macedonia,1937,0
North Macedonia,1938,0
North Macedonia,1939,0
North Macedonia,1940,0
North Macedonia,1941,0
North Macedonia,1942,0
North Macedonia,1943,0
North Macedonia,1944,0
North Macedonia,1945,0
North Macedonia,1946,0
North Macedonia,1947,0
North Macedonia,1948,0
North Macedonia,1949,0
North Macedonia,1950,0
North Macedonia,1951,0
North Macedonia,1952,0
North Macedonia,1953,0
North Macedonia,1954,0
North Macedonia,1955,0
North Macedonia,1956,0
North Macedonia,1957,0
North Macedonia,1958,0
North Macedonia,1959,0
North Macedonia,1960,0
North Macedonia,1961,0
North Macedonia,1962,0
North Macedonia,1963,0
North Macedonia,1964,0
North Macedonia,1965,0
North Macedonia,1966,0
North Macedonia,1967,0
North Macedonia,1968,0
North Macedonia,1969,0
North Macedonia,1970,0
North Macedonia,1971,0
North Macedonia,1972,0
North Macedonia,1973,0
North Macedonia,1974,0
North Macedonia,1975,0
North Macedonia,1976,0
North Macedonia,1977,0
North Macedonia,1978,0
North Macedonia,1979,0
North Macedonia,1980,0
North Macedonia,1981,0
North Macedonia,1982,0
North Macedonia,1983,0
North Macedonia,1984,0
North Macedonia,1985,0
North Macedonia,1986,0
North Macedonia,1987,0
North Macedonia,1988,0
North Macedonia,1989,0
North Macedonia,1990,0
North Macedonia,1991,0
North Macedonia,1992,0
North Macedonia,1993,1
North Macedonia,1994,5
North Macedonia,1995,5
North Macedonia,1996,9
North Macedonia,1997,11
North Macedonia,1998,15
North Macedonia,1999,15
North Macedonia,2000,18
North Macedonia,2001,18
North Macedonia,2002,20
North Macedonia,2003,22
North Macedonia,2004,26
North Macedonia,2005,28
North Macedonia,2006,32
North Macedonia,2007,35
North Macedonia,2008,37
North Macedonia,2009,40
North Macedonia,2010,44
North Macedonia,2011,46
North Macedonia,2012,49
North Macedonia,2013,52
North Macedonia,2014,54
North Macedonia,2015,55
North Macedonia,2016,56
North Macedonia,2017,61
North Macedonia,2018,66
North Macedonia,2019,70
North Macedonia,2020,74
North Macedonia,2021,80
North Macedonia,2022,83
North Macedonia,2023,87
North Macedonia,2024,92
North Macedonia,2025,95
North Macedonia,2026,95
North Vietnam,1873,0
North Vietnam,1874,0
North Vietnam,1875,0
North Vietnam,1876,0
North Vietnam,1877,0
North Vietnam,1878,0
North Vietnam,1879,0
North Vietnam,1880,0
North Vietnam,1881,0
North Vietnam,1882,0
North Vietnam,1883,0
North Vietnam,1884,0
North Vietnam,1885,0
North Vietnam,1886,0
North Vietnam,1887,0
North Vietnam,1888,0
North Vietnam,1889,0
North Vietnam,1890,0
North Vietnam,1891,0
North Vietnam,1892,0
North Vietnam,1893,0
North Vietnam,1894,0
North Vietnam,1895,0
North Vietnam,1896,0
North Vietnam,1897,0
North Vietnam,1898,0
North Vietnam,1899,0
North Vietnam,1900,0
North Vietnam,1901,0
North Vietnam,1902,0
North Vietnam,1903,0
North Vietnam,1904,0
North Vietnam,1905,0
North Vietnam,1906,0
North Vietnam,1907,0
North Vietnam,1908,0
North Vietnam,1909,0
North Vietnam,1910,0
North Vietnam,1911,0
North Vietnam,1912,0
North Vietnam,1913,0
North Vietnam,1914,0
North Vietnam,1915,0
North Vietnam,1916,0
North Vietnam,1917,0
North Vietnam,1918,0
North Vietnam,1919,0
North Vietnam,1920,0
North Vietnam,1921,0
North Vietnam,1922,0
North Vietnam,1923,0
North Vietnam,1924,0
North Vietnam,1925,0
North Vietnam,1926,0
North Vietnam,1927,0
North Vietnam,1928,0
North Vietnam,1929,0
North Vietnam,1930,0
North Vietnam,1931,0
North Vietnam,1932,0
North Vietnam,1933,0
North Vietnam,1934,0
North Vietnam,1935,0
North Vietnam,1936,0
North Vietnam,1937,0
North Vietnam,1938,0
North Vietnam,1939,0
North Vietnam,1940,0
North Vietnam,1941,0
North Vietnam,1942,0
North Vietnam,1943,0
North Vietnam,1944,0
North Vietnam,1945,0
North Vietnam,1946,0
North Vietnam,1947,0
North Vietnam,1948,0
North Vietnam,1949,0
North Vietnam,1950,0
North Vietnam,1951,0
North Vietnam,1952,0
North Vietnam,1953,0
North Vietnam,1954,0
North Vietnam,1955,0
North Vietnam,1956,0
North Vietnam,1957,0
North Vietnam,1958,0
North Vietnam,1959,0
North Vietnam,1960,1
North Vietnam,1961,1
North Vietnam,1962,1
North Vietnam,1963,3
North Vietnam,1964,3
North Vietnam,1965,4
North Vietnam,1966,6
North Vietnam,1967,6
North Vietnam,1968,6
North Vietnam,1969,6
North Vietnam,1970,7
North Vietnam,1971,7
North Vietnam,1972,7
North Vietnam,1973,7
North Vietnam,1974,7
North Vietnam,1975,7
North Vietnam,1976,7
North Vietnam,1977,7
North Vietnam,1978,7
North Vietnam,1979,7
North Vietnam,1980,7
North Vietnam,1981,7
North Vietnam,1982,7
North Vietnam,1983,7
North Vietnam,1984,7
North Vietnam,1985,7
North Vietnam,1986,7
North Vietnam,1987,7
North Vietnam,1988,7
North Vietnam,1989,7
North Vietnam,1990,7
North Vietnam,1991,7
North Vietnam,1992,7
North Vietnam,1993,7
North Vietnam,1994,7
North Vietnam,1995,7
North Vietnam,1996,7
North Vietnam,1997,7
North Vietnam,1998,7
North Vietnam,1999,7
North Vietnam,2000,7
North Vietnam,2001,7
North Vietnam,2002,7
North Vietnam,2003,7
North Vietnam,2004,7
North Vietnam,2005,7
North Vietnam,2006,7
North Vietnam,2007,7
North Vietnam,2008,7
North Vietnam,2009,7
North Vietnam,2010,7
North Vietnam,2011,7
North Vietnam,2012,7
North Vietnam,2013,7
North Vietnam,2014,7
North Vietnam,2015,7
North Vietnam,2016,7
North Vietnam,2017,7
North Vietnam,2018,7
North Vietnam,2019,7
North Vietnam,2020,7
North Vietnam,2021,7
North Vietnam,2022,7
North Vietnam,2023,7
North Vietnam,2024,7
North Vietnam,2025,7
North Vietnam,2026,7
Northern Cyprus,1873,0
Northern Cyprus,1874,0
Northern Cyprus,1875,0
Northern Cyprus,1876,0
Northern Cyprus,1877,0
Northern Cyprus,1878,0
Northern Cyprus,1879,0
Northern Cyprus,1880,0
Northern Cyprus,1881,0
Northern Cyprus,1882,0
Northern Cyprus,1883,0
Northern Cyprus,1884,0
Northern Cyprus,1885,0
Northern Cyprus,1886,0
Northern Cyprus,1887,0
Northern Cyprus,1888,0
Northern Cyprus,1889,0
Northern Cyprus,1890,0
Northern Cyprus,1891,0
Northern Cyprus,1892,0
Northern Cyprus,1893,0
Northern Cyprus,1894,0
Northern Cyprus,1895,0
Northern Cyprus,1896,0
Northern Cyprus,1897,0
Northern Cyprus,1898,0
Northern Cyprus,1899,0
Northern Cyprus,1900,0
Northern Cyprus,1901,0
Northern Cyprus,1902,0
Northern Cyprus,1903,0
Northern Cyprus,1904,0
Northern Cyprus,1905,0
Northern Cyprus,1906,0
Northern Cyprus,1907,0
Northern Cyprus,1908,0
Northern Cyprus,1909,0
Northern Cyprus,1910,0
Northern Cyprus,1911,0
Northern Cyprus,1912,0
Northern Cyprus,1913,0
Northern Cyprus,1914,0
Northern Cyprus,1915,0
Northern Cyprus,1916,0
Northern Cyprus,1917,0
Northern Cyprus,1918,0
Northern Cyprus,1919,0
Northern Cyprus,1920,0
Northern Cyprus,1921,0
Northern Cyprus,1922,0
Northern Cyprus,1923,0
Northern Cyprus,1924,0
Northern Cyprus,1925,0
Northern Cyprus,1926,0
Northern Cyprus,1927,0
Northern Cyprus,1928,0
Northern Cyprus,1929,0
Northern Cyprus,1930,0
Northern Cyprus,1931,0
Northern Cyprus,1932,0
Northern Cyprus,1933,0
Northern Cyprus,1934,0
Northern Cyprus,1935,0
Northern Cyprus,1936,0
Northern Cyprus,1937,0
Northern Cyprus,1938,0
Northern Cyprus,1939,0
Northern Cyprus,1940,0
Northern Cyprus,1941,0
Northern Cyprus,1942,0
Northern Cyprus,1943,0
Northern Cyprus,1944,0
Northern Cyprus,1945,0
Northern Cyprus,1946,0
Northern Cyprus,1947,0
Northern Cyprus,1948,0
Northern Cyprus,1949,0
Northern Cyprus,1950,0
Northern Cyprus,1951,0
Northern Cyprus,1952,0
Northern Cyprus,1953,0
Northern Cyprus,1954,0
Northern Cyprus,1955,0
Northern Cyprus,1956,0
Northern Cyprus,1957,0
Northern Cyprus,1958,0
Northern Cyprus,1959,0
Northern Cyprus,1960,0
Northern Cyprus,1961,0
Northern Cyprus,1962,0
Northern Cyprus,1963,0
Northern Cyprus,1964,0
Northern Cyprus,1965,0
Northern Cyprus,1966,0
Northern Cyprus,1967,0
Northern Cyprus,1968,0
Northern Cyprus,1969,0
Northern Cyprus,1970,0
Northern Cyprus,1971,0
Northern Cyprus,1972,0
Northern Cyprus,1973,0
Northern Cyprus,1974,0
Northern Cyprus,1975,0
Northern Cyprus,1976,0
Northern Cyprus,1977,0
Northern Cyprus,1978,0
Northern Cyprus,1979,0
Northern Cyprus,1980,0
Northern Cyprus,1981,0
Northern Cyprus,1982,0
Northern Cyprus,1983,0
Northern Cyprus,1984,0
Northern Cyprus,1985,0
Northern Cyprus,1986,0
Northern Cyprus,1987,0
Northern Cyprus,1988,0
Northern Cyprus,1989,0
Northern Cyprus,1990,0
Northern Cyprus,1991,0
Northern Cyprus,1992,0
Northern Cyprus,1993,0
Northern Cyprus,1994,0
Northern Cyprus,1995,0
Northern Cyprus,1996,0
Northern Cyprus,1997,0
Northern Cyprus,1998,0
Northern Cyprus,1999,0
Northern Cyprus,2000,0
Northern Cyprus,2001,0
Northern Cyprus,2002,0
Northern Cyprus,2003,0
Northern Cyprus,2004,0
Northern Cyprus,2005,2
Northern Cyprus,2006,11
Northern Cyprus,2007,11
Northern Cyprus,2008,11
Northern Cyprus,2009,11
Northern Cyprus,2010,11
Northern Cyprus,2011,11
Northern Cyprus,2012,13
Northern Cyprus,2013,13
Northern Cyprus,2014,13
Northern Cyprus,2015,13
Northern Cyprus,2016,16
Northern Cyprus,2017,19
Northern Cyprus,2018,22
Northern Cyprus,2019,22
Northern Cyprus,2020,22
Northern Cyprus,2021,22
Northern Cyprus,2022,22
Northern Cyprus,2023,22
Northern Cyprus,2024,22
Northern Cyprus,2025,22
Northern Cyprus,2026,25
Northern Ireland,1873,0
Northern Ireland,1874,0
Northern Ireland,1875,0
Northern Ireland,1876,0
Northern Ireland,1877,0
Northern Ireland,1878,0
Northern Ireland,1879,0
Northern Ireland,1880,0
Northern Ireland,1881,0
Northern Ireland,1882,0
Northern Ireland,1883,0
Northern Ireland,1884,0
Northern Ireland,1885,0
Northern Ireland,1886,0
Northern Ireland,1887,1
Northern Ireland,1888,1
Northern Ireland,1889,1
Northern Ireland,1890,1
Northern Ireland,1891,2
Northern Ireland,1892,2
Northern Ireland,1893,2
Northern Ireland,1894,2
Northern Ireland,1895,2
Northern Ireland,1896,2
Northern Ireland,1897,3
Northern Ireland,1898,4
Northern Ireland,1899,5
Northern Ireland,1900,5
Northern Ireland,1901,5
Northern Ireland,1902,6
Northern Ireland,1903,8
Northern Ireland,1904,9
Northern Ireland,1905,9
Northern Ireland,1906,9
Northern Ireland,1907,9
Northern Ireland,1908,10
Northern Ireland,1909,10
Northern Ireland,1910,11
Northern Ireland,1911,11
Northern Ireland,1912,12
Northern Ireland,1913,13
Northern Ireland,1914,15
Northern Ireland,1915,15
Northern Ireland,1916,15
Northern Ireland,1917,15
Northern Ireland,1918,15
Northern Ireland,1919,15
Northern Ireland,1920,15
Northern Ireland,1921,15
Northern Ireland,1922,15
Northern Ireland,1923,17
Northern Ireland,1924,17
Northern Ireland,1925,17
Northern Ireland,1926,18
Northern Ireland,1927,19
Northern Ireland,1928,20
Northern Ireland,1929,20
Northern Ireland,1930,21
Northern Ireland,1931,22
Northern Ireland,1932,22
Northern Ireland,1933,23
Northern Ireland,1934,24
Northern Ireland,1935,24
Northern Ireland,1936,25
Northern Ireland,1937,25
Northern Ireland,1938,26
Northern Ireland,1939,26
Northern Ireland,1940,26
Northern Ireland,1941,26
Northern Ireland,1942,26
Northern Ireland,1943,26
Northern Ireland,1944,26
Northern Ireland,1945,26
Northern Ireland,1946,26
Northern Ireland,1947,28
Northern Ireland,1948,29
Northern Ireland,1949,29
Northern Ireland,1950,29
Northern Ireland,1951,29
Northern Ireland,1952,29
Northern Ireland,1953,29
Northern Ireland,1954,30
Northern Ireland,1955,31
Northern Ireland,1956,31
Northern Ireland,1957,33
Northern Ireland,1958,36
Northern Ireland,1959,37
Northern Ireland,1960,37
Northern Ireland,1961,38
Northern Ireland,1962,40
Northern Ireland,1963,41
Northern Ireland,1964,44
Northern Ireland,1965,47
Northern Ireland,1966,49
Northern Ireland,1967,50
Northern Ireland,1968,53
Northern Ireland,1969,53
Northern Ireland,1970,53
Northern Ireland,1971,57
Northern Ireland,1972,58
Northern Ireland,1973,61
Northern Ireland,1974,63
Northern Ireland,1975,66
Northern Ireland,1976,66
Northern Ireland,1977,68
Northern Ireland,1978,70
Northern Ireland,1979,72
Northern Ireland,1980,76
Northern Ireland,1981,78
Northern Ireland,1982,80
Northern Ireland,1983,85
Northern Ireland,1984,88
Northern Ireland,1985,90
Northern Ireland,1986,91
Northern Ireland,1987,92
Northern Ireland,1988,93
Northern Ireland,1989,94
Northern Ireland,1990,95
Northern Ireland,1991,98
Northern Ireland,1992,99
Northern Ireland,1993,103
Northern Ireland,1994,106
Northern Ireland,1995,109
Northern Ireland,1996,110
Northern Ireland,1997,111
Northern Ireland,1998,114
Northern Ireland,1999,115
Northern Ireland,2000,118
Northern Ireland,2001,120
Northern Ireland,2002,120
Northern Ireland,2003,120
Northern Ireland,2004,123
Northern Ireland,2005,125
Northern Ireland,2006,129
Northern Ireland,2007,133
Northern Ireland,2008,135
Northern Ireland,2009,138
Northern Ireland,2010,139
Northern Ireland,2011,140
Northern Ireland,2012,140
Northern Ireland,2013,141
Northern Ireland,2014,144
Northern Ireland,2015,148
Northern Ireland,2016,153
Northern Ireland,2017,158
Northern Ireland,2018,160
Northern Ireland,2019,166
Northern Ireland,2020,166
Northern Ireland,2021,170
Northern Ireland,2022,172
Northern Ireland,2023,175
Northern Ireland,2024,180
Northern Ireland,2025,184
Northern Ireland,2026,187
Northern Mariana Islands,1873,0
Northern Mariana Islands,1874,0
Northern Mariana Islands,1875,0
Northern Mariana Islands,1876,0
Northern Mariana Islands,1877,0
Northern Mariana Islands,1878,0
Northern Mariana Islands,1879,0
Northern Mariana Islands,1880,0
Northern Mariana Islands,1881,0
Northern Mariana Islands,1882,0
Northern Mariana Islands,1883,0
Northern Mariana Islands,1884,0
Northern Mariana Islands,1885,0
Northern Mariana Islands,1886,0
Northern Mariana Islands,1887,0
Northern Mariana Islands,1888,0
Northern Mariana Islands,1889,0
Northern Mariana Islands,1890,0
Northern Mariana Islands,1891,0
Northern Mariana Islands,1892,0
Northern Mariana Islands,1893,0
Northern Mariana Islands,1894,0
Northern Mariana Islands,1895,0
Northern Mariana Islands,1896,0
Northern Mariana Islands,1897,0
Northern Mariana Islands,1898,0
Northern Mariana Islands,1899,0
Northern Mariana Islands,1900,0
Northern Mariana Islands,1901,0
Northern Mariana Islands,1902,0
Northern Mariana Islands,1903,0
Northern Mariana Islands,1904,0
Northern Mariana Islands,1905,0
Northern Mariana Islands,1906,0
Northern Mariana Islands,1907,0
Northern Mariana Islands,1908,0
Northern Mariana Islands,1909,0
Northern Mariana Islands,1910,0
Northern Mariana Islands,1911,0
Northern Mariana Islands,1912,0
Northern Mariana Islands,1913,0
Northern Mariana Islands,1914,0
Northern Mariana Islands,1915,0
Northern Mariana Islands,1916,0
Northern Mariana Islands,1917,0
Northern Mariana Islands,1918,0
Northern Mariana Islands,1919,0
Northern Mariana Islands,1920,0
Northern Mariana Islands,1921,0
Northern Mariana Islands,1922,0
Northern Mariana Islands,1923,0
Northern Mariana Islands,1924,0
Northern Mariana Islands,1925,0
Northern Mariana Islands,1926,0
Northern Mariana Islands,1927,0
Northern Mariana Islands,1928,0
Northern Mariana Islands,1929,0
Northern Mariana Islands,1930,0
Northern Mariana Islands,1931,0
Northern Mariana Islands,1932,0
Northern Mariana Islands,1933,0
Northern Mariana Islands,1934,0
Northern Mariana Islands,1935,0
Northern Mariana Islands,1936,0
Northern Mariana Islands,1937,0
Northern Mariana Islands,1938,0
Northern Mariana Islands,1939,0
Northern Mariana Islands,1940,0
Northern Mariana Islands,1941,0
Northern Mariana Islands,1942,0
Northern Mariana Islands,1943,0
Northern Mariana Islands,1944,0
Northern Mariana Islands,1945,0
Northern Mariana Islands,1946,0
Northern Mariana Islands,1947,0
Northern Mariana Islands,1948,0
Northern Mariana Islands,1949,0
Northern Mariana Islands,1950,0
Northern Mariana Islands,1951,0
Northern Mariana Islands,1952,0
Northern Mariana Islands,1953,0
Northern Mariana Islands,1954,0
Northern Mariana Islands,1955,0
Northern Mariana Islands,1956,0
Northern Mariana Islands,1957,0
Northern Mariana Islands,1958,0
Northern Mariana Islands,1959,0
Northern Mariana Islands,1960,0
Northern Mariana Islands,1961,0
Northern Mariana Islands,1962,0
Northern Mariana Islands,1963,0
Northern Mariana Islands,1964,0
Northern Mariana Islands,1965,0
Northern Mariana Islands,1966,0
Northern Mariana Islands,1967,0
Northern Mariana Islands,1968,0
Northern Mariana Islands,1969,0
Northern Mariana Islands,1970,0
Northern Mariana Islands,1971,0
Northern Mariana Islands,1972,0
Northern Mariana Islands,1973,0
Northern Mariana Islands,1974,0
Northern Mariana Islands,1975,0
Northern Mariana Islands,1976,0
Northern Mariana Islands,1977,0
Northern Mariana Islands,1978,0
Northern Mariana Islands,1979,0
Northern Mariana Islands,1980,0
Northern Mariana Islands,1981,0
Northern Mariana Islands,1982,0
Northern Mariana Islands,1983,0
Northern Mariana Islands,1984,0
Northern Mariana Islands,1985,0
Northern Mariana Islands,1986,0
Northern Mariana Islands,1987,0
Northern Mariana Islands,1988,0
Northern Mariana Islands,1989,0
Northern Mariana Islands,1990,0
Northern Mariana Islands,1991,0
Northern Mariana Islands,1992,0
Northern Mariana Islands,1993,0
Northern Mariana Islands,1994,0
Northern Mariana Islands,1995,0
Northern Mariana Islands,1996,0
Northern Mariana Islands,1997,0
Northern Mariana Islands,1998,1
Northern Mariana Islands,1999,1
Northern Mariana Islands,2000,1
Northern Mariana Islands,2001,1
Northern Mariana Islands,2002,1
Northern Mariana Islands,2003,1
Northern Mariana Islands,2004,1
Northern Mariana Islands,2005,1
Northern Mariana Islands,2006,1
Northern Mariana Islands,2007,1
Northern Mariana Islands,2008,1
Northern Mariana Islands,2009,1
Northern Mariana Islands,2010,1
Northern Mariana Islands,2011,1
Northern Mariana Islands,2012,1
Northern Mariana Islands,2013,1
Northern Mariana Islands,2014,2
Northern Mariana Islands,2015,2
Northern Mariana Islands,2016,2
Northern Mariana Islands,2017,2
Northern Mariana Islands,2018,2
Northern Mariana Islands,2019,2
Northern Mariana Islands,2020,2
Northern Mariana Islands,2021,2
Northern Mariana Islands,2022,2
Northern Mariana Islands,2023,3
Northern Mariana Islands,2024,4
Northern Mariana Islands,2025,4
Northern Mariana Islands,2026,4
Norway,1873,0
Norway,1874,0
Norway,1875,0
Norway,1876,0
Norway,1877,0
Norway,1878,0
Norway,1879,0
Norway,1880,0
Norway,1881,0
Norway,1882,0
Norway,1883,0
Norway,1884,0
Norway,1885,0
Norway,1886,0
Norway,1887,0
Norway,1888,0
Norway,1889,0
Norway,1890,0
Norway,1891,0
Norway,1892,0
Norway,1893,0
Norway,1894,0
Norway,1895,0
Norway,1896,0
Norway,1897,0
Norway,1898,0
Norway,1899,0
Norway,1900,0
Norway,1901,0
Norway,1902,0
Norway,1903,0
Norway,1904,0
Norway,1905,0
Norway,1906,0
Norway,1907,0
Norway,1908,0
Norway,1909,0
Norway,1910,0
Norway,1911,0
Norway,1912,1
Norway,1913,1
Norway,1914,1
Norway,1915,1
Norway,1916,1
Norway,1917,1
Norway,1918,3
Norway,1919,6
Norway,1920,6
Norway,1921,9
Norway,1922,12
Norway,1923,15
Norway,1924,15
Norway,1925,16
Norway,1926,17
Norway,1927,18
Norway,1928,19
Norway,1929,23
Norway,1930,26
Norway,1931,27
Norway,1932,30
Norway,1933,31
Norway,1934,33
Norway,1935,34
Norway,1936,35
Norway,1937,38
Norway,1938,42
Norway,1939,44
Norway,1940,44
Norway,1941,44
Norway,1942,44
Norway,1943,44
Norway,1944,44
Norway,1945,44
Norway,1946,46
Norway,1947,49
Norway,1948,52
Norway,1949,52
Norway,1950,54
Norway,1951,58
Norway,1952,60
Norway,1953,63
Norway,1954,66
Norway,1955,67
Norway,1956,69
Norway,1957,73
Norway,1958,76
Norway,1959,78
Norway,1960,81
Norway,1961,81
Norway,1962,86
Norway,1963,88
Norway,1964,91
Norway,1965,94
Norway,1966,95
Norway,1967,97
Norway,1968,100
Norway,1969,104
Norway,1970,106
Norway,1971,107
Norway,1972,108
Norway,1973,110
Norway,1974,111
Norway,1975,112
Norway,1976,114
Norway,1977,115
Norway,1978,115
Norway,1979,116
Norway,1980,120
Norway,1981,121
Norway,1982,124
Norway,1983,124
Norway,1984,130
Norway,1985,133
Norway,1986,139
Norway,1987,140
Norway,1988,141
Norway,1989,143
Norway,1990,148
Norway,1991,151
Norway,1992,156
Norway,1993,163
Norway,1994,169
Norway,1995,175
Norway,1996,180
Norway,1997,187
Norway,1998,192
Norway,1999,202
Norway,2000,206
Norway,2001,211
Norway,2002,215
Norway,2003,219
Norway,2004,227
Norway,2005,235
Norway,2006,237
Norway,2007,243
Norway,2008,243
Norway,2009,249
Norway,2010,256
Norway,2011,260
Norway,2012,265
Norway,2013,268
Norway,2014,272
Norway,2015,275
Norway,2016,278
Norway,2017,281
Norway,2018,289
Norway,2019,293
Norway,2020,296
Norway,2021,302
Norway,2022,308
Norway,2023,313
Norway,2024,318
Norway,2025,327
Norway,2026,333
Occitania,1873,0
Occitania,1874,0
Occitania,1875,0
Occitania,1876,0
Occitania,1877,0
Occitania,1878,0
Occitania,1879,0
Occitania,1880,0
Occitania,1881,0
Occitania,1882,0
Occitania,1883,0
Occitania,1884,0
Occitania,1885,0
Occitania,1886,0
Occitania,1887,0
Occitania,1888,0
Occitania,1889,0
Occitania,1890,0
Occitania,1891,0
Occitania,1892,0
Occitania,1893,0
Occitania,1894,0
Occitania,1895,0
Occitania,1896,0
Occitania,1897,0
Occitania,1898,0
Occitania,1899,0
Occitania,1900,0
Occitania,1901,0
Occitania,1902,0
Occitania,1903,0
Occitania,1904,0
Occitania,1905,0
Occitania,1906,0
Occitania,1907,0
Occitania,1908,0
Occitania,1909,0
Occitania,1910,0
Occitania,1911,0
Occitania,1912,0
Occitania,1913,0
Occitania,1914,0
Occitania,1915,0
Occitania,1916,0
Occitania,1917,0
Occitania,1918,0
Occitania,1919,0
Occitania,1920,0
Occitania,1921,0
Occitania,1922,0
Occitania,1923,0
Occitania,1924,0
Occitania,1925,0
Occitania,1926,0
Occitania,1927,0
Occitania,1928,0
Occitania,1929,0
Occitania,1930,0
Occitania,1931,0
Occitania,1932,0
Occitania,1933,0
Occitania,1934,0
Occitania,1935,0
Occitania,1936,0
Occitania,1937,0
Occitania,1938,0
Occitania,1939,0
Occitania,1940,0
Occitania,1941,0
Occitania,1942,0
Occitania,1943,0
Occitania,1944,0
Occitania,1945,0
Occitania,1946,0
Occitania,1947,0
Occitania,1948,0
Occitania,1949,0
Occitania,1950,0
Occitania,1951,0
Occitania,1952,0
Occitania,1953,0
Occitania,1954,0
Occitania,1955,0
Occitania,1956,0
Occitania,1957,0
Occitania,1958,0
Occitania,1959,0
Occitania,1960,0
Occitania,1961,0
Occitania,1962,0
Occitania,1963,0
Occitania,1964,0
Occitania,1965,0
Occitania,1966,0
Occitania,1967,0
Occitania,1968,0
Occitania,1969,0
Occitania,1970,0
Occitania,1971,0
Occitania,1972,0
Occitania,1973,0
Occitania,1974,0
Occitania,1975,0
Occitania,1976,0
Occitania,1977,0
Occitania,1978,0
Occitania,1979,0
Occitania,1980,0
Occitania,1981,0
Occitania,1982,0
Occitania,1983,0
Occitania,1984,0
Occitania,1985,0
Occitania,1986,0
Occitania,1987,0
Occitania,1988,0
Occitania,1989,0
Occitania,1990,0
Occitania,1991,0
Occitania,1992,0
Occitania,1993,0
Occitania,1994,0
Occitania,1995,0
Occitania,1996,0
Occitania,1997,0
Occitania,1998,0
Occitania,1999,0
Occitania,2000,0
Occitania,2001,0
Occitania,2002,0
Occitania,2003,0
Occitania,2004,0
Occitania,2005,1
Occitania,2006,3
Occitania,2007,3
Occitania,2008,3
Occitania,2009,4
Occitania,2010,7
Occitania,2011,9
Occitania,2012,13
Occitania,2013,16
Occitania,2014,19
Occitania,2015,19
Occitania,2016,19
Occitania,2017,19
Occitania,2018,19
Occitania,2019,19
Occitania,2020,19
Occitania,2021,19
Occitania,2022,19
Occitania,2023,19
Occitania,2024,19
Occitania,2025,19
Occitania,2026,19
Oman,1873,0
Oman,1874,0
Oman,1875,0
Oman,1876,0
Oman,1877,0
Oman,1878,0
Oman,1879,0
Oman,1880,0
Oman,1881,0
Oman,1882,0
Oman,1883,0
Oman,1884,0
Oman,1885,0
Oman,1886,0
Oman,1887,0
Oman,1888,0
Oman,1889,0
Oman,1890,0
Oman,1891,0
Oman,1892,0
Oman,1893,0
Oman,1894,0
Oman,1895,0
Oman,1896,0
Oman,1897,0
Oman,1898,0
Oman,1899,0
Oman,1900,0
Oman,1901,0
Oman,1902,0
Oman,1903,0
Oman,1904,0
Oman,1905,0
Oman,1906,0
Oman,1907,0
Oman,1908,0
Oman,1909,0
Oman,1910,0
Oman,1911,0
Oman,1912,0
Oman,1913,0
Oman,1914,0
Oman,1915,0
Oman,1916,0
Oman,1917,0
Oman,1918,0
Oman,1919,0
Oman,1920,0
Oman,1921,0
Oman,1922,0
Oman,1923,0
Oman,1924,0
Oman,1925,0
Oman,1926,0
Oman,1927,0
Oman,1928,0
Oman,1929,0
Oman,1930,0
Oman,1931,0
Oman,1932,0
Oman,1933,0
Oman,1934,0
Oman,1935,0
Oman,1936,0
Oman,1937,0
Oman,1938,0
Oman,1939,0
Oman,1940,0
Oman,1941,0
Oman,1942,0
Oman,1943,0
Oman,1944,0
Oman,1945,0
Oman,1946,0
Oman,1947,0
Oman,1948,0
Oman,1949,0
Oman,1950,0
Oman,1951,0
Oman,1952,0
Oman,1953,0
Oman,1954,0
Oman,1955,0
Oman,1956,0
Oman,1957,0
Oman,1958,0
Oman,1959,0
Oman,1960,0
Oman,1961,0
Oman,1962,0
Oman,1963,0
Oman,1964,0
Oman,1965,0
Oman,1966,0
Oman,1967,0
Oman,1968,0
Oman,1969,0
Oman,1970,0
Oman,1971,0
Oman,1972,0
Oman,1973,0
Oman,1974,0
Oman,1975,0
Oman,1976,0
Oman,1977,0
Oman,1978,0
Oman,1979,0
Oman,1980,0
Oman,1981,0
Oman,1982,4
Oman,1983,4
Oman,1984,5
Oman,1985,5
Oman,1986,8
Oman,1987,8
Oman,1988,9
Oman,1989,9
Oman,1990,9
Oman,1991,9
Oman,1992,9
Oman,1993,12
Oman,1994,18
Oman,1995,18
Oman,1996,26
Oman,1997,30
Oman,1998,35
Oman,1999,37
Oman,2000,41
Oman,2001,55
Oman,2002,57
Oman,2003,67
Oman,2004,81
Oman,2005,81
Oman,2006,88
Oman,2007,97
Oman,2008,107
Oman,2009,114
Oman,2010,118
Oman,2011,124
Oman,2012,132
Oman,2013,139
Oman,2014,144
Oman,2015,151
Oman,2016,154
Oman,2017,161
Oman,2018,166
Oman,2019,174
Oman,2020,174
Oman,2021,182
Oman,2022,188
Oman,2023,196
Oman,2024,204
Oman,2025,208
Oman,2026,209
Orkney,1873,0
Orkney,1874,0
Orkney,1875,0
Orkney,1876,0
Orkney,1877,0
Orkney,1878,0
Orkney,1879,0
Orkney,1880,0
Orkney,1881,0
Orkney,1882,0
Orkney,1883,0
Orkney,1884,0
Orkney,1885,0
Orkney,1886,0
Orkney,1887,0
Orkney,1888,0
Orkney,1889,0
Orkney,1890,0
Orkney,1891,0
Orkney,1892,0
Orkney,1893,0
Orkney,1894,0
Orkney,1895,0
Orkney,1896,0
Orkney,1897,0
Orkney,1898,0
Orkney,1899,0
Orkney,1900,0
Orkney,1901,0
Orkney,1902,0
Orkney,1903,0
Orkney,1904,0
Orkney,1905,0
Orkney,1906,0
Orkney,1907,0
Orkney,1908,0
Orkney,1909,0
Orkney,1910,0
Orkney,1911,0
Orkney,1912,0
Orkney,1913,0
Orkney,1914,0
Orkney,1915,0
Orkney,1916,0
Orkney,1917,0
Orkney,1918,0
Orkney,1919,0
Orkney,1920,0
Orkney,1921,0
Orkney,1922,0
Orkney,1923,0
Orkney,1924,0
Orkney,1925,0
Orkney,1926,0
Orkney,1927,0
Orkney,1928,0
Orkney,1929,0
Orkney,1930,0
Orkney,1931,0
Orkney,1932,0
Orkney,1933,0
Orkney,1934,0
Orkney,1935,0
Orkney,1936,0
Orkney,1937,0
Orkney,1938,0
Orkney,1939,0
Orkney,1940,0
Orkney,1941,0
Orkney,1942,0
Orkney,1943,0
Orkney,1944,0
Orkney,1945,0
Orkney,1946,0
Orkney,1947,0
Orkney,1948,0
Orkney,1949,0
Orkney,1950,0
Orkney,1951,0
Orkney,1952,0
Orkney,1953,0
Orkney,1954,0
Orkney,1955,0
Orkney,1956,0
Orkney,1957,0
Orkney,1958,0
Orkney,1959,0
Orkney,1960,0
Orkney,1961,0
Orkney,1962,0
Orkney,1963,0
Orkney,1964,0
Orkney,1965,0
Orkney,1966,0
Orkney,1967,0
Orkney,1968,0
Orkney,1969,0
Orkney,1970,0
Orkney,1971,0
Orkney,1972,0
Orkney,1973,0
Orkney,1974,0
Orkney,1975,0
Orkney,1976,0
Orkney,1977,0
Orkney,1978,0
Orkney,1979,0
Orkney,1980,0
Orkney,1981,0
Orkney,1982,0
Orkney,1983,0
Orkney,1984,0
Orkney,1985,0
Orkney,1986,0
Orkney,1987,0
Orkney,1988,0
Orkney,1989,0
Orkney,1990,0
Orkney,1991,0
Orkney,1992,0
Orkney,1993,0
Orkney,1994,0
Orkney,1995,0
Orkney,1996,0
Orkney,1997,0
Orkney,1998,0
Orkney,1999,0
Orkney,2000,0
Orkney,2001,0
Orkney,2002,0
Orkney,2003,1
Orkney,2004,1
Orkney,2005,2
Orkney,2006,2
Orkney,2007,2
Orkney,2008,2
Orkney,2009,2
Orkney,2010,2
Orkney,2011,2
Orkney,2012,2
Orkney,2013,2
Orkney,2014,2
Orkney,2015,2
Orkney,2016,2
Orkney,2017,4
Orkney,2018,4
Orkney,2019,5
Orkney,2020,5
Orkney,2021,5
Orkney,2022,5
Orkney,2023,6
Orkney,2024,6
Orkney,2025,9
Orkney,2026,9
Padania,1873,0
Padania,1874,0
Padania,1875,0
Padania,1876,0
Padania,1877,0
Padania,1878,0
Padania,1879,0
Padania,1880,0
Padania,1881,0
Padania,1882,0
Padania,1883,0
Padania,1884,0
Padania,1885,0
Padania,1886,0
Padania,1887,0
Padania,1888,0
Padania,1889,0
Padania,1890,0
Padania,1891,0
Padania,1892,0
Padania,1893,0
Padania,1894,0
Padania,1895,0
Padania,1896,0
Padania,1897,0
Padania,1898,0
Padania,1899,0
Padania,1900,0
Padania,1901,0
Padania,1902,0
Padania,1903,0
Padania,1904,0
Padania,1905,0
Padania,1906,0
Padania,1907,0
Padania,1908,0
Padania,1909,0
Padania,1910,0
Padania,1911,0
Padania,1912,0
Padania,1913,0
Padania,1914,0
Padania,1915,0
Padania,1916,0
Padania,1917,0
Padania,1918,0
Padania,1919,0
Padania,1920,0
Padania,1921,0
Padania,1922,0
Padania,1923,0
Padania,1924,0
Padania,1925,0
Padania,1926,0
Padania,1927,0
Padania,1928,0
Padania,1929,0
Padania,1930,0
Padania,1931,0
Padania,1932,0
Padania,1933,0
Padania,1934,0
Padania,1935,0
Padania,1936,0
Padania,1937,0
Padania,1938,0
Padania,1939,0
Padania,1940,0
Padania,1941,0
Padania,1942,0
Padania,1943,0
Padania,1944,0
Padania,1945,0
Padania,1946,0
Padania,1947,0
Padania,1948,0
Padania,1949,0
Padania,1950,0
Padania,1951,0
Padania,1952,0
Padania,1953,0
Padania,1954,0
Padania,1955,0
Padania,1956,0
Padania,1957,0
Padania,1958,0
Padania,1959,0
Padania,1960,0
Padania,1961,0
Padania,1962,0
Padania,1963,0
Padania,1964,0
Padania,1965,0
Padania,1966,0
Padania,1967,0
Padania,1968,0
Padania,1969,0
Padania,1970,0
Padania,1971,0
Padania,1972,0
Padania,1973,0
Padania,1974,0
Padania,1975,0
Padania,1976,0
Padania,1977,0
Padania,1978,0
Padania,1979,0
Padania,1980,0
Padania,1981,0
Padania,1982,0
Padania,1983,0
Padania,1984,0
Padania,1985,0
Padania,1986,0
Padania,1987,0
Padania,1988,0
Padania,1989,0
Padania,1990,0
Padania,1991,0
Padania,1992,0
Padania,1993,0
Padania,1994,0
Padania,1995,0
Padania,1996,0
Padania,1997,0
Padania,1998,0
Padania,1999,0
Padania,2000,0
Padania,2001,0
Padania,2002,0
Padania,2003,0
Padania,2004,0
Padania,2005,0
Padania,2006,0
Padania,2007,0
Padania,2008,5
Padania,2009,9
Padania,2010,13
Padania,2011,13
Padania,2012,13
Padania,2013,13
Padania,2014,15
Padania,2015,19
Padania,2016,22
Padania,2017,24
Padania,2018,28
Padania,2019,30
Padania,2020,30
Padania,2021,30
Padania,2022,30
Padania,2023,30
Padania,2024,30
Padania,2025,30
Padania,2026,32
Pakistan,1873,0
Pakistan,1874,0
Pakistan,1875,0
Pakistan,1876,0
Pakistan,1877,0
Pakistan,1878,0
Pakistan,1879,0
Pakistan,1880,0
Pakistan,1881,0
Pakistan,1882,0
Pakistan,1883,0
Pakistan,1884,0
Pakistan,1885,0
Pakistan,1886,0
Pakistan,1887,0
Pakistan,1888,0
Pakistan,1889,0
Pakistan,1890,0
Pakistan,1891,0
Pakistan,1892,0
Pakistan,1893,0
Pakistan,1894,0
Pakistan,1895,0
Pakistan,1896,0
Pakistan,1897,0
Pakistan,1898,0
Pakistan,1899,0
Pakistan,1900,0
Pakistan,1901,0
Pakistan,1902,0
Pakistan,1903,0
Pakistan,1904,0
Pakistan,1905,0
Pakistan,1906,0
Pakistan,1907,0
Pakistan,1908,0
Pakistan,1909,0
Pakistan,1910,0
Pakistan,1911,0
Pakistan,1912,0
Pakistan,1913,0
Pakistan,1914,0
Pakistan,1915,0
Pakistan,1916,0
Pakistan,1917,0
Pakistan,1918,0
Pakistan,1919,0
Pakistan,1920,0
Pakistan,1921,0
Pakistan,1922,0
Pakistan,1923,0
Pakistan,1924,0
Pakistan,1925,0
Pakistan,1926,0
Pakistan,1927,0
Pakistan,1928,0
Pakistan,1929,0
Pakistan,1930,0
Pakistan,1931,0
Pakistan,1932,0
Pakistan,1933,0
Pakistan,1934,0
Pakistan,1935,0
Pakistan,1936,0
Pakistan,1937,0
Pakistan,1938,0
Pakistan,1939,0
Pakistan,1940,0
Pakistan,1941,0
Pakistan,1942,0
Pakistan,1943,0
Pakistan,1944,0
Pakistan,1945,0
Pakistan,1946,0
Pakistan,1947,0
Pakistan,1948,0
Pakistan,1949,0
Pakistan,1950,0
Pakistan,1951,0
Pakistan,1952,2
Pakistan,1953,2
Pakistan,1954,4
Pakistan,1955,5
Pakistan,1956,5
Pakistan,1957,5
Pakistan,1958,5
Pakistan,1959,5
Pakistan,1960,7
Pakistan,1961,7
Pakistan,1962,8
Pakistan,1963,9
Pakistan,1964,9
Pakistan,1965,9
Pakistan,1966,9
Pakistan,1967,9
Pakistan,1968,9
Pakistan,1969,10
Pakistan,1970,10
Pakistan,1971,10
Pakistan,1972,10
Pakistan,1973,10
Pakistan,1974,11
Pakistan,1975,11
Pakistan,1976,12
Pakistan,1977,12
Pakistan,1978,12
Pakistan,1979,12
Pakistan,1980,12
Pakistan,1981,14
Pakistan,1982,16
Pakistan,1983,16
Pakistan,1984,17
Pakistan,1985,19
Pakistan,1986,21
Pakistan,1987,23
Pakistan,1988,23
Pakistan,1989,25
Pakistan,1990,25
Pakistan,1991,27
Pakistan,1992,27
Pakistan,1993,27
Pakistan,1994,27
Pakistan,1995,28
Pakistan,1996,28
Pakistan,1997,30
Pakistan,1998,30
Pakistan,1999,31
Pakistan,2000,31
Pakistan,2001,31
Pakistan,2002,31
Pakistan,2003,35
Pakistan,2004,35
Pakistan,2005,38
Pakistan,2006,39
Pakistan,2007,39
Pakistan,2008,41
Pakistan,2009,43
Pakistan,2010,43
Pakistan,2011,43
Pakistan,2012,43
Pakistan,2013,48
Pakistan,2014,49
Pakistan,2015,50
Pakistan,2016,50
Pakistan,2017,50
Pakistan,2018,52
Pakistan,2019,52
Pakistan,2020,52
Pakistan,2021,52
Pakistan,2022,52
Pakistan,2023,53
Pakistan,2024,53
Pakistan,2025,53
Pakistan,2026,56
Palestine,1873,0
Palestine,1874,0
Palestine,1875,0
Palestine,1876,0
Palestine,1877,0
Palestine,1878,0
Palestine,1879,0
Palestine,1880,0
Palestine,1881,0
Palestine,1882,0
Palestine,1883,0
Palestine,1884,0
Palestine,1885,0
Palestine,1886,0
Palestine,1887,0
Palestine,1888,0
Palestine,1889,0
Palestine,1890,0
Palestine,1891,0
Palestine,1892,0
Palestine,1893,0
Palestine,1894,0
Palestine,1895,0
Palestine,1896,0
Palestine,1897,0
Palestine,1898,0
Palestine,1899,0
Palestine,1900,0
Palestine,1901,0
Palestine,1902,0
Palestine,1903,0
Palestine,1904,0
Palestine,1905,0
Palestine,1906,0
Palestine,1907,0
Palestine,1908,0
Palestine,1909,0
Palestine,1910,0
Palestine,1911,0
Palestine,1912,0
Palestine,1913,0
Palestine,1914,0
Palestine,1915,0
Palestine,1916,0
Palestine,1917,0
Palestine,1918,0
Palestine,1919,0
Palestine,1920,0
Palestine,1921,0
Palestine,1922,0
Palestine,1923,0
Palestine,1924,0
Palestine,1925,0
Palestine,1926,0
Palestine,1927,0
Palestine,1928,0
Palestine,1929,0
Palestine,1930,0
Palestine,1931,0
Palestine,1932,0
Palestine,1933,0
Palestine,1934,0
Palestine,1935,0
Palestine,1936,0
Palestine,1937,0
Palestine,1938,0
Palestine,1939,0
Palestine,1940,0
Palestine,1941,0
Palestine,1942,0
Palestine,1943,0
Palestine,1944,0
Palestine,1945,0
Palestine,1946,0
Palestine,1947,0
Palestine,1948,0
Palestine,1949,0
Palestine,1950,0
Palestine,1951,0
Palestine,1952,0
Palestine,1953,0
Palestine,1954,0
Palestine,1955,0
Palestine,1956,0
Palestine,1957,0
Palestine,1958,0
Palestine,1959,0
Palestine,1960,0
Palestine,1961,0
Palestine,1962,0
Palestine,1963,0
Palestine,1964,0
Palestine,1965,0
Palestine,1966,2
Palestine,1967,2
Palestine,1968,2
Palestine,1969,2
Palestine,1970,2
Palestine,1971,2
Palestine,1972,3
Palestine,1973,4
Palestine,1974,5
Palestine,1975,5
Palestine,1976,5
Palestine,1977,5
Palestine,1978,5
Palestine,1979,5
Palestine,1980,5
Palestine,1981,5
Palestine,1982,5
Palestine,1983,5
Palestine,1984,5
Palestine,1985,5
Palestine,1986,5
Palestine,1987,5
Palestine,1988,5
Palestine,1989,5
Palestine,1990,5
Palestine,1991,5
Palestine,1992,5
Palestine,1993,5
Palestine,1994,5
Palestine,1995,5
Palestine,1996,5
Palestine,1997,5
Palestine,1998,5
Palestine,1999,5
Palestine,2000,6
Palestine,2001,8
Palestine,2002,8
Palestine,2003,8
Palestine,2004,10
Palestine,2005,10
Palestine,2006,15
Palestine,2007,15
Palestine,2008,15
Palestine,2009,15
Palestine,2010,15
Palestine,2011,20
Palestine,2012,27
Palestine,2013,31
Palestine,2014,43
Palestine,2015,46
Palestine,2016,47
Palestine,2017,54
Palestine,2018,59
Palestine,2019,62
Palestine,2020,66
Palestine,2021,71
Palestine,2022,74
Palestine,2023,75
Palestine,2024,78
Palestine,2025,81
Palestine,2026,83
Panama,1873,0
Panama,1874,0
Panama,1875,0
Panama,1876,0
Panama,1877,0
Panama,1878,0
Panama,1879,0
Panama,1880,0
Panama,1881,0
Panama,1882,0
Panama,1883,0
Panama,1884,0
Panama,1885,0
Panama,1886,0
Panama,1887,0
Panama,1888,0
Panama,1889,0
Panama,1890,0
Panama,1891,0
Panama,1892,0
Panama,1893,0
Panama,1894,0
Panama,1895,0
Panama,1896,0
Panama,1897,0
Panama,1898,0
Panama,1899,0
Panama,1900,0
Panama,1901,0
Panama,1902,0
Panama,1903,0
Panama,1904,0
Panama,1905,0
Panama,1906,0
Panama,1907,0
Panama,1908,0
Panama,1909,0
Panama,1910,0
Panama,1911,0
Panama,1912,0
Panama,1913,0
Panama,1914,0
Panama,1915,0
Panama,1916,0
Panama,1917,0
Panama,1918,0
Panama,1919,0
Panama,1920,0
Panama,1921,0
Panama,1922,0
Panama,1923,0
Panama,1924,0
Panama,1925,0
Panama,1926,0
Panama,1927,0
Panama,1928,0
Panama,1929,0
Panama,1930,0
Panama,1931,0
Panama,1932,0
Panama,1933,0
Panama,1934,0
Panama,1935,0
Panama,1936,0
Panama,1937,0
Panama,1938,1
Panama,1939,1
Panama,1940,1
Panama,1941,2
Panama,1942,2
Panama,1943,2
Panama,1944,2
Panama,1945,2
Panama,1946,8
Panama,1947,8
Panama,1948,12
Panama,1949,13
Panama,1950,13
Panama,1951,16
Panama,1952,16
Panama,1953,16
Panama,1954,16
Panama,1955,16
Panama,1956,16
Panama,1957,17
Panama,1958,17
Panama,1959,17
Panama,1960,17
Panama,1961,18
Panama,1962,18
Panama,1963,19
Panama,1964,19
Panama,1965,19
Panama,1966,21
Panama,1967,21
Panama,1968,21
Panama,1969,21
Panama,1970,21
Panama,1971,21
Panama,1972,22
Panama,1973,23
Panama,1974,25
Panama,1975,27
Panama,1976,28
Panama,1977,28
Panama,1978,28
Panama,1979,28
Panama,1980,28
Panama,1981,28
Panama,1982,28
Panama,1983,29
Panama,1984,30
Panama,1985,30
Panama,1986,31
Panama,1987,35
Panama,1988,35
Panama,1989,35
Panama,1990,35
Panama,1991,36
Panama,1992,37
Panama,1993,37
Panama,1994,37
Panama,1995,39
Panama,1996,46
Panama,1997,47
Panama,1998,47
Panama,1999,48
Panama,2000,54
Panama,2001,58
Panama,2002,58
Panama,2003,61
Panama,2004,67
Panama,2005,70
Panama,2006,73
Panama,2007,78
Panama,2008,80
Panama,2009,84
Panama,2010,90
Panama,2011,104
Panama,2012,110
Panama,2013,118
Panama,2014,119
Panama,2015,122
Panama,2016,128
Panama,2017,134
Panama,2018,135
Panama,2019,138
Panama,2020,140
Panama,2021,150
Panama,2022,155
Panama,2023,166
Panama,2024,172
Panama,2025,181
Panama,2026,183
Panjab,1873,0
Panjab,1874,0
Panjab,1875,0
Panjab,1876,0
Panjab,1877,0
Panjab,1878,0
Panjab,1879,0
Panjab,1880,0
Panjab,1881,0
Panjab,1882,0
Panjab,1883,0
Panjab,1884,0
Panjab,1885,0
Panjab,1886,0
Panjab,1887,0
Panjab,1888,0
Panjab,1889,0
Panjab,1890,0
Panjab,1891,0
Panjab,1892,0
Panjab,1893,0
Panjab,1894,0
Panjab,1895,0
Panjab,1896,0
Panjab,1897,0
Panjab,1898,0
Panjab,1899,0
Panjab,1900,0
Panjab,1901,0
Panjab,1902,0
Panjab,1903,0
Panjab,1904,0
Panjab,1905,0
Panjab,1906,0
Panjab,1907,0
Panjab,1908,0
Panjab,1909,0
Panjab,1910,0
Panjab,1911,0
Panjab,1912,0
Panjab,1913,0
Panjab,1914,0
Panjab,1915,0
Panjab,1916,0
Panjab,1917,0
Panjab,1918,0
Panjab,1919,0
Panjab,1920,0
Panjab,1921,0
Panjab,1922,0
Panjab,1923,0
Panjab,1924,0
Panjab,1925,0
Panjab,1926,0
Panjab,1927,0
Panjab,1928,0
Panjab,1929,0
Panjab,1930,0
Panjab,1931,0
Panjab,1932,0
Panjab,1933,0
Panjab,1934,0
Panjab,1935,0
Panjab,1936,0
Panjab,1937,0
Panjab,1938,0
Panjab,1939,0
Panjab,1940,0
Panjab,1941,0
Panjab,1942,0
Panjab,1943,0
Panjab,1944,0
Panjab,1945,0
Panjab,1946,0
Panjab,1947,0
Panjab,1948,0
Panjab,1949,0
Panjab,1950,0
Panjab,1951,0
Panjab,1952,0
Panjab,1953,0
Panjab,1954,0
Panjab,1955,0
Panjab,1956,0
Panjab,1957,0
Panjab,1958,0
Panjab,1959,0
Panjab,1960,0
Panjab,1961,0
Panjab,1962,0
Panjab,1963,0
Panjab,1964,0
Panjab,1965,0
Panjab,1966,0
Panjab,1967,0
Panjab,1968,0
Panjab,1969,0
Panjab,1970,0
Panjab,1971,0
Panjab,1972,0
Panjab,1973,0
Panjab,1974,0
Panjab,1975,0
Panjab,1976,0
Panjab,1977,0
Panjab,1978,0
Panjab,1979,0
Panjab,1980,0
Panjab,1981,0
Panjab,1982,0
Panjab,1983,0
Panjab,1984,0
Panjab,1985,0
Panjab,1986,0
Panjab,1987,0
Panjab,1988,0
Panjab,1989,0
Panjab,1990,0
Panjab,1991,0
Panjab,1992,0
Panjab,1993,0
Panjab,1994,0
Panjab,1995,0
Panjab,1996,0
Panjab,1997,0
Panjab,1998,0
Panjab,1999,0
Panjab,2000,0
Panjab,2001,0
Panjab,2002,0
Panjab,2003,0
Panjab,2004,0
Panjab,2005,0
Panjab,2006,0
Panjab,2007,0
Panjab,2008,0
Panjab,2009,0
Panjab,2010,0
Panjab,2011,0
Panjab,2012,0
Panjab,2013,0
Panjab,2014,0
Panjab,2015,2
Panjab,2016,5
Panjab,2017,6
Panjab,2018,8
Panjab,2019,9
Panjab,2020,9
Panjab,2021,9
Panjab,2022,9
Panjab,2023,9
Panjab,2024,9
Panjab,2025,9
Panjab,2026,9
Papua New Guinea,1873,0
Papua New Guinea,1874,0
Papua New Guinea,1875,0
Papua New Guinea,1876,0
Papua New Guinea,1877,0
Papua New Guinea,1878,0
Papua New Guinea,1879,0
Papua New Guinea,1880,0
Papua New Guinea,1881,0
Papua New Guinea,1882,0
Papua New Guinea,1883,0
Papua New Guinea,1884,0
Papua New Guinea,1885,0
Papua New Guinea,1886,0
Papua New Guinea,1887,0
Papua New Guinea,1888,0
Papua New Guinea,1889,0
Papua New Guinea,1890,0
Papua New Guinea,1891,0
Papua New Guinea,1892,0
Papua New Guinea,1893,0
Papua New Guinea,1894,0
Papua New Guinea,1895,0
Papua New Guinea,1896,0
Papua New Guinea,1897,0
Papua New Guinea,1898,0
Papua New Guinea,1899,0
Papua New Guinea,1900,0
Papua New Guinea,1901,0
Papua New Guinea,1902,0
Papua New Guinea,1903,0
Papua New Guinea,1904,0
Papua New Guinea,1905,0
Papua New Guinea,1906,0
Papua New Guinea,1907,0
Papua New Guinea,1908,0
Papua New Guinea,1909,0
Papua New Guinea,1910,0
Papua New Guinea,1911,0
Papua New Guinea,1912,0
Papua New Guinea,1913,0
Papua New Guinea,1914,0
Papua New Guinea,1915,0
Papua New Guinea,1916,0
Papua New Guinea,1917,0
Papua New Guinea,1918,0
Papua New Guinea,1919,0
Papua New Guinea,1920,0
Papua New Guinea,1921,0
Papua New Guinea,1922,0
Papua New Guinea,1923,0
Papua New Guinea,1924,0
Papua New Guinea,1925,0
Papua New Guinea,1926,0
Papua New Guinea,1927,0
Papua New Guinea,1928,0
Papua New Guinea,1929,0
Papua New Guinea,1930,0
Papua New Guinea,1931,0
Papua New Guinea,1932,0
Papua New Guinea,1933,0
Papua New Guinea,1934,0
Papua New Guinea,1935,0
Papua New Guinea,1936,0
Papua New Guinea,1937,0
Papua New Guinea,1938,0
Papua New Guinea,1939,0
Papua New Guinea,1940,0
Papua New Guinea,1941,0
Papua New Guinea,1942,0
Papua New Guinea,1943,0
Papua New Guinea,1944,0
Papua New Guinea,1945,0
Papua New Guinea,1946,0
Papua New Guinea,1947,0
Papua New Guinea,1948,0
Papua New Guinea,1949,0
Papua New Guinea,1950,0
Papua New Guinea,1951,0
Papua New Guinea,1952,0
Papua New Guinea,1953,0
Papua New Guinea,1954,0
Papua New Guinea,1955,0
Papua New Guinea,1956,0
Papua New Guinea,1957,0
Papua New Guinea,1958,0
Papua New Guinea,1959,0
Papua New Guinea,1960,0
Papua New Guinea,1961,0
Papua New Guinea,1962,0
Papua New Guinea,1963,0
Papua New Guinea,1964,0
Papua New Guinea,1965,0
Papua New Guinea,1966,1
Papua New Guinea,1967,1
Papua New Guinea,1968,1
Papua New Guinea,1969,4
Papua New Guinea,1970,4
Papua New Guinea,1971,5
Papua New Guinea,1972,5
Papua New Guinea,1973,5
Papua New Guinea,1974,5
Papua New Guinea,1975,5
Papua New Guinea,1976,5
Papua New Guinea,1977,5
Papua New Guinea,1978,5
Papua New Guinea,1979,6
Papua New Guinea,1980,7
Papua New Guinea,1981,12
Papua New Guinea,1982,12
Papua New Guinea,1983,13
Papua New Guinea,1984,15
Papua New Guinea,1985,15
Papua New Guinea,1986,15
Papua New Guinea,1987,18
Papua New Guinea,1988,18
Papua New Guinea,1989,19
Papua New Guinea,1990,19
Papua New Guinea,1991,20
Papua New Guinea,1992,20
Papua New Guinea,1993,21
Papua New Guinea,1994,22
Papua New Guinea,1995,23
Papua New Guinea,1996,24
Papua New Guinea,1997,25
Papua New Guinea,1998,26
Papua New Guinea,1999,26
Papua New Guinea,2000,26
Papua New Guinea,2001,26
Papua New Guinea,2002,30
Papua New Guinea,2003,31
Papua New Guinea,2004,33
Papua New Guinea,2005,33
Papua New Guinea,2006,33
Papua New Guinea,2007,33
Papua New Guinea,2008,33
Papua New Guinea,2009,33
Papua New Guinea,2010,33
Papua New Guinea,2011,35
Papua New Guinea,2012,35
Papua New Guinea,2013,35
Papua New Guinea,2014,35
Papua New Guinea,2015,35
Papua New Guinea,2016,37
Papua New Guinea,2017,38
Papua New Guinea,2018,38
Papua New Guinea,2019,41
Papua New Guinea,2020,41
Papua New Guinea,2021,41
Papua New Guinea,2022,45
Papua New Guinea,2023,47
Papua New Guinea,2024,50
Papua New Guinea,2025,52
Papua New Guinea,2026,53
Paraguay,1873,0
Paraguay,1874,0
Paraguay,1875,0
Paraguay,1876,0
Paraguay,1877,0
Paraguay,1878,0
Paraguay,1879,0
Paraguay,1880,0
Paraguay,1881,0
Paraguay,1882,0
Paraguay,1883,0
Paraguay,1884,0
Paraguay,1885,0
Paraguay,1886,0
Paraguay,1887,0
Paraguay,1888,0
Paraguay,1889,0
Paraguay,1890,0
Paraguay,1891,0
Paraguay,1892,0
Paraguay,1893,0
Paraguay,1894,0
Paraguay,1895,0
Paraguay,1896,0
Paraguay,1897,0
Paraguay,1898,0
Paraguay,1899,0
Paraguay,1900,0
Paraguay,1901,0
Paraguay,1902,0
Paraguay,1903,0
Paraguay,1904,0
Paraguay,1905,0
Paraguay,1906,0
Paraguay,1907,0
Paraguay,1908,0
Paraguay,1909,0
Paraguay,1910,0
Paraguay,1911,0
Paraguay,1912,0
Paraguay,1913,0
Paraguay,1914,0
Paraguay,1915,0
Paraguay,1916,0
Paraguay,1917,0
Paraguay,1918,0
Paraguay,1919,0
Paraguay,1920,0
Paraguay,1921,2
Paraguay,1922,4
Paraguay,1923,6
Paraguay,1924,8
Paraguay,1925,11
Paraguay,1926,12
Paraguay,1927,12
Paraguay,1928,13
Paraguay,1929,15
Paraguay,1930,16
Paraguay,1931,16
Paraguay,1932,16
Paraguay,1933,16
Paraguay,1934,16
Paraguay,1935,16
Paraguay,1936,16
Paraguay,1937,18
Paraguay,1938,18
Paraguay,1939,20
Paraguay,1940,20
Paraguay,1941,20
Paraguay,1942,22
Paraguay,1943,23
Paraguay,1944,23
Paraguay,1945,24
Paraguay,1946,26
Paraguay,1947,31
Paraguay,1948,31
Paraguay,1949,37
Paraguay,1950,38
Paraguay,1951,38
Paraguay,1952,38
Paraguay,1953,42
Paraguay,1954,45
Paraguay,1955,46
Paraguay,1956,46
Paraguay,1957,51
Paraguay,1958,53
Paraguay,1959,57
Paraguay,1960,57
Paraguay,1961,57
Paraguay,1962,57
Paraguay,1963,64
Paraguay,1964,65
Paraguay,1965,70
Paraguay,1966,71
Paraguay,1967,73
Paraguay,1968,75
Paraguay,1969,79
Paraguay,1970,79
Paraguay,1971,81
Paraguay,1972,84
Paraguay,1973,86
Paraguay,1974,86
Paraguay,1975,89
Paraguay,1976,90
Paraguay,1977,96
Paraguay,1978,96
Paraguay,1979,102
Paraguay,1980,104
Paraguay,1981,105
Paraguay,1982,105
Paraguay,1983,110
Paraguay,1984,110
Paraguay,1985,115
Paraguay,1986,121
Paraguay,1987,123
Paraguay,1988,128
Paraguay,1989,140
Paraguay,1990,140
Paraguay,1991,143
Paraguay,1992,143
Paraguay,1993,146
Paraguay,1994,146
Paraguay,1995,152
Paraguay,1996,158
Paraguay,1997,166
Paraguay,1998,168
Paraguay,1999,177
Paraguay,2000,184
Paraguay,2001,188
Paraguay,2002,192
Paraguay,2003,198
Paraguay,2004,201
Paraguay,2005,208
Paraguay,2006,210
Paraguay,2007,216
Paraguay,2008,221
Paraguay,2009,225
Paraguay,2010,231
Paraguay,2011,237
Paraguay,2012,243
Paraguay,2013,244
Paraguay,2014,246
Paraguay,2015,249
Paraguay,2016,251
Paraguay,2017,254
Paraguay,2018,254
Paraguay,2019,257
Paraguay,2020,258
Paraguay,2021,261
Paraguay,2022,264
Paraguay,2023,266
Paraguay,2024,270
Paraguay,2025,274
Paraguay,2026,279
Parishes of Jersey,1873,0
Parishes of Jersey,1874,0
Parishes of Jersey,1875,0
Parishes of Jersey,1876,0
Parishes of Jersey,1877,0
Parishes of Jersey,1878,0
Parishes of Jersey,1879,0
Parishes of Jersey,1880,0
Parishes of Jersey,1881,0
Parishes of Jersey,1882,0
Parishes of Jersey,1883,0
Parishes of Jersey,1884,0
Parishes of Jersey,1885,0
Parishes of Jersey,1886,0
Parishes of Jersey,1887,0
Parishes of Jersey,1888,0
Parishes of Jersey,1889,0
Parishes of Jersey,1890,0
Parishes of Jersey,1891,0
Parishes of Jersey,1892,0
Parishes of Jersey,1893,0
Parishes of Jersey,1894,0
Parishes of Jersey,1895,0
Parishes of Jersey,1896,0
Parishes of Jersey,1897,0
Parishes of Jersey,1898,0
Parishes of Jersey,1899,0
Parishes of Jersey,1900,0
Parishes of Jersey,1901,0
Parishes of Jersey,1902,0
Parishes of Jersey,1903,0
Parishes of Jersey,1904,0
Parishes of Jersey,1905,0
Parishes of Jersey,1906,0
Parishes of Jersey,1907,0
Parishes of Jersey,1908,0
Parishes of Jersey,1909,0
Parishes of Jersey,1910,0
Parishes of Jersey,1911,0
Parishes of Jersey,1912,0
Parishes of Jersey,1913,0
Parishes of Jersey,1914,0
Parishes of Jersey,1915,0
Parishes of Jersey,1916,0
Parishes of Jersey,1917,0
Parishes of Jersey,1918,0
Parishes of Jersey,1919,0
Parishes of Jersey,1920,0
Parishes of Jersey,1921,0
Parishes of Jersey,1922,0
Parishes of Jersey,1923,0
Parishes of Jersey,1924,0
Parishes of Jersey,1925,0
Parishes of Jersey,1926,0
Parishes of Jersey,1927,0
Parishes of Jersey,1928,0
Parishes of Jersey,1929,0
Parishes of Jersey,1930,0
Parishes of Jersey,1931,0
Parishes of Jersey,1932,0
Parishes of Jersey,1933,0
Parishes of Jersey,1934,0
Parishes of Jersey,1935,0
Parishes of Jersey,1936,0
Parishes of Jersey,1937,0
Parishes of Jersey,1938,0
Parishes of Jersey,1939,0
Parishes of Jersey,1940,0
Parishes of Jersey,1941,0
Parishes of Jersey,1942,0
Parishes of Jersey,1943,0
Parishes of Jersey,1944,0
Parishes of Jersey,1945,0
Parishes of Jersey,1946,0
Parishes of Jersey,1947,0
Parishes of Jersey,1948,0
Parishes of Jersey,1949,0
Parishes of Jersey,1950,0
Parishes of Jersey,1951,0
Parishes of Jersey,1952,0
Parishes of Jersey,1953,0
Parishes of Jersey,1954,0
Parishes of Jersey,1955,0
Parishes of Jersey,1956,0
Parishes of Jersey,1957,0
Parishes of Jersey,1958,0
Parishes of Jersey,1959,0
Parishes of Jersey,1960,0
Parishes of Jersey,1961,0
Parishes of Jersey,1962,0
Parishes of Jersey,1963,0
Parishes of Jersey,1964,0
Parishes of Jersey,1965,0
Parishes of Jersey,1966,0
Parishes of Jersey,1967,0
Parishes of Jersey,1968,0
Parishes of Jersey,1969,0
Parishes of Jersey,1970,0
Parishes of Jersey,1971,0
Parishes of Jersey,1972,0
Parishes of Jersey,1973,0
Parishes of Jersey,1974,0
Parishes of Jersey,1975,0
Parishes of Jersey,1976,0
Parishes of Jersey,1977,0
Parishes of Jersey,1978,0
Parishes of Jersey,1979,0
Parishes of Jersey,1980,0
Parishes of Jersey,1981,0
Parishes of Jersey,1982,0
Parishes of Jersey,1983,0
Parishes of Jersey,1984,0
Parishes of Jersey,1985,0
Parishes of Jersey,1986,0
Parishes of Jersey,1987,0
Parishes of Jersey,1988,0
Parishes of Jersey,1989,0
Parishes of Jersey,1990,0
Parishes of Jersey,1991,0
Parishes of Jersey,1992,0
Parishes of Jersey,1993,0
Parishes of Jersey,1994,0
Parishes of Jersey,1995,0
Parishes of Jersey,1996,0
Parishes of Jersey,1997,0
Parishes of Jersey,1998,0
Parishes of Jersey,1999,0
Parishes of Jersey,2000,0
Parishes of Jersey,2001,0
Parishes of Jersey,2002,0
Parishes of Jersey,2003,0
Parishes of Jersey,2004,0
Parishes of Jersey,2005,0
Parishes of Jersey,2006,0
Parishes of Jersey,2007,0
Parishes of Jersey,2008,0
Parishes of Jersey,2009,0
Parishes of Jersey,2010,0
Parishes of Jersey,2011,0
Parishes of Jersey,2012,0
Parishes of Jersey,2013,0
Parishes of Jersey,2014,0
Parishes of Jersey,2015,0
Parishes of Jersey,2016,0
Parishes of Jersey,2017,0
Parishes of Jersey,2018,1
Parishes of Jersey,2019,2
Parishes of Jersey,2020,2
Parishes of Jersey,2021,2
Parishes of Jersey,2022,2
Parishes of Jersey,2023,2
Parishes of Jersey,2024,2
Parishes of Jersey,2025,2
Parishes of Jersey,2026,2
Peru,1873,0
Peru,1874,0
Peru,1875,0
Peru,1876,0
Peru,1877,0
Peru,1878,0
Peru,1879,0
Peru,1880,0
Peru,1881,0
Peru,1882,0
Peru,1883,0
Peru,1884,0
Peru,1885,0
Peru,1886,0
Peru,1887,0
Peru,1888,0
Peru,1889,0
Peru,1890,0
Peru,1891,0
Peru,1892,0
Peru,1893,0
Peru,1894,0
Peru,1895,0
Peru,1896,0
Peru,1897,0
Peru,1898,0
Peru,1899,0
Peru,1900,0
Peru,1901,0
Peru,1902,0
Peru,1903,0
Peru,1904,0
Peru,1905,0
Peru,1906,0
Peru,1907,0
Peru,1908,0
Peru,1909,0
Peru,1910,0
Peru,1911,0
Peru,1912,0
Peru,1913,0
Peru,1914,0
Peru,1915,0
Peru,1916,0
Peru,1917,0
Peru,1918,0
Peru,1919,0
Peru,1920,0
Peru,1921,0
Peru,1922,0
Peru,1923,0
Peru,1924,0
Peru,1925,0
Peru,1926,0
Peru,1927,1
Peru,1928,1
Peru,1929,1
Peru,1930,1
Peru,1931,1
Peru,1932,1
Peru,1933,1
Peru,1934,1
Peru,1935,2
Peru,1936,2
Peru,1937,3
Peru,1938,7
Peru,1939,11
Peru,1940,11
Peru,1941,12
Peru,1942,13
Peru,1943,13
Peru,1944,13
Peru,1945,13
Peru,1946,13
Peru,1947,15
Peru,1948,15
Peru,1949,20
Peru,1950,20
Peru,1951,20
Peru,1952,22
Peru,1953,25
Peru,1954,26
Peru,1955,28
Peru,1956,29
Peru,1957,33
Peru,1958,33
Peru,1959,35
Peru,1960,35
Peru,1961,35
Peru,1962,35
Peru,1963,37
Peru,1964,37
Peru,1965,39
Peru,1966,39
Peru,1967,40
Peru,1968,40
Peru,1969,48
Peru,1970,54
Peru,1971,55
Peru,1972,58
Peru,1973,64
Peru,1974,64
Peru,1975,72
Peru,1976,72
Peru,1977,77
Peru,1978,81
Peru,1979,84
Peru,1980,84
Peru,1981,86
Peru,1982,90
Peru,1983,92
Peru,1984,92
Peru,1985,100
Peru,1986,101
Peru,1987,102
Peru,1988,102
Peru,1989,104
Peru,1990,104
Peru,1991,106
Peru,1992,106
Peru,1993,109
Peru,1994,110
Peru,1995,113
Peru,1996,117
Peru,1997,128
Peru,1998,128
Peru,1999,133
Peru,2000,136
Peru,2001,139
Peru,2002,139
Peru,2003,145
Peru,2004,148
Peru,2005,151
Peru,2006,152
Peru,2007,155
Peru,2008,157
Peru,2009,160
Peru,2010,163
Peru,2011,169
Peru,2012,172
Peru,2013,177
Peru,2014,182
Peru,2015,186
Peru,2016,193
Peru,2017,199
Peru,2018,205
Peru,2019,210
Peru,2020,210
Peru,2021,217
Peru,2022,224
Peru,2023,225
Peru,2024,229
Peru,2025,230
Peru,2026,231
Philippines,1873,0
Philippines,1874,0
Philippines,1875,0
Philippines,1876,0
Philippines,1877,0
Philippines,1878,0
Philippines,1879,0
Philippines,1880,0
Philippines,1881,0
Philippines,1882,0
Philippines,1883,0
Philippines,1884,0
Philippines,1885,0
Philippines,1886,0
Philippines,1887,0
Philippines,1888,0
Philippines,1889,0
Philippines,1890,0
Philippines,1891,0
Philippines,1892,0
Philippines,1893,0
Philippines,1894,0
Philippines,1895,0
Philippines,1896,0
Philippines,1897,0
Philippines,1898,0
Philippines,1899,0
Philippines,1900,0
Philippines,1901,0
Philippines,1902,0
Philippines,1903,0
Philippines,1904,0
Philippines,1905,0
Philippines,1906,0
Philippines,1907,0
Philippines,1908,0
Philippines,1909,0
Philippines,1910,0
Philippines,1911,0
Philippines,1912,0
Philippines,1913,1
Philippines,1914,1
Philippines,1915,1
Philippines,1916,1
Philippines,1917,3
Philippines,1918,3
Philippines,1919,4
Philippines,1920,4
Philippines,1921,6
Philippines,1922,6
Philippines,1923,7
Philippines,1924,7
Philippines,1925,8
Philippines,1926,8
Philippines,1927,8
Philippines,1928,8
Philippines,1929,8
Philippines,1930,8
Philippines,1931,8
Philippines,1932,8
Philippines,1933,8
Philippines,1934,9
Philippines,1935,9
Philippines,1936,9
Philippines,1937,9
Philippines,1938,9
Philippines,1939,9
Philippines,1940,9
Philippines,1941,9
Philippines,1942,9
Philippines,1943,9
Philippines,1944,9
Philippines,1945,9
Philippines,1946,9
Philippines,1947,9
Philippines,1948,9
Philippines,1949,9
Philippines,1950,9
Philippines,1951,9
Philippines,1952,9
Philippines,1953,9
Philippines,1954,9
Philippines,1955,9
Philippines,1956,9
Philippines,1957,9
Philippines,1958,10
Philippines,1959,10
Philippines,1960,10
Philippines,1961,10
Philippines,1962,10
Philippines,1963,10
Philippines,1964,10
Philippines,1965,10
Philippines,1966,10
Philippines,1967,10
Philippines,1968,10
Philippines,1969,10
Philippines,1970,10
Philippines,1971,11
Philippines,1972,14
Philippines,1973,14
Philippines,1974,14
Philippines,1975,14
Philippines,1976,14
Philippines,1977,15
Philippines,1978,15
Philippines,1979,15
Philippines,1980,15
Philippines,1981,15
Philippines,1982,15
Philippines,1983,15
Philippines,1984,15
Philippines,1985,15
Philippines,1986,15
Philippines,1987,15
Philippines,1988,15
Philippines,1989,15
Philippines,1990,15
Philippines,1991,17
Philippines,1992,17
Philippines,1993,17
Philippines,1994,17
Philippines,1995,18
Philippines,1996,18
Philippines,1997,18
Philippines,1998,18
Philippines,1999,18
Philippines,2000,19
Philippines,2001,19
Philippines,2002,19
Philippines,2003,19
Philippines,2004,20
Philippines,2005,20
Philippines,2006,23
Philippines,2007,23
Philippines,2008,27
Philippines,2009,28
Philippines,2010,31
Philippines,2011,36
Philippines,2012,47
Philippines,2013,52
Philippines,2014,61
Philippines,2015,64
Philippines,2016,67
Philippines,2017,70
Philippines,2018,74
Philippines,2019,76
Philippines,2020,76
Philippines,2021,79
Philippines,2022,81
Philippines,2023,84
Philippines,2024,87
Philippines,2025,91
Philippines,2026,95
Poland,1873,0
Poland,1874,0
Poland,1875,0
Poland,1876,0
Poland,1877,0
Poland,1878,0
Poland,1879,0
Poland,1880,0
Poland,1881,0
Poland,1882,0
Poland,1883,0
Poland,1884,0
Poland,1885,0
Poland,1886,0
Poland,1887,0
Poland,1888,0
Poland,1889,0
Poland,1890,0
Poland,1891,0
Poland,1892,0
Poland,1893,0
Poland,1894,0
Poland,1895,0
Poland,1896,0
Poland,1897,0
Poland,1898,0
Poland,1899,0
Poland,1900,0
Poland,1901,0
Poland,1902,0
Poland,1903,0
Poland,1904,0
Poland,1905,0
Poland,1906,0
Poland,1907,0
Poland,1908,0
Poland,1909,0
Poland,1910,0
Poland,1911,0
Poland,1912,0
Poland,1913,0
Poland,1914,0
Poland,1915,0
Poland,1916,0
Poland,1917,0
Poland,1918,0
Poland,1919,0
Poland,1920,0
Poland,1921,0
Poland,1922,2
Poland,1923,3
Poland,1924,5
Poland,1925,6
Poland,1926,10
Poland,1927,10
Poland,1928,11
Poland,1929,11
Poland,1930,13
Poland,1931,15
Poland,1932,19
Poland,1933,21
Poland,1934,22
Poland,1935,23
Poland,1936,24
Poland,1937,28
Poland,1938,29
Poland,1939,30
Poland,1940,30
Poland,1941,30
Poland,1942,30
Poland,1943,30
Poland,1944,30
Poland,1945,30
Poland,1946,30
Poland,1947,31
Poland,1948,33
Poland,1949,35
Poland,1950,36
Poland,1951,36
Poland,1952,37
Poland,1953,38
Poland,1954,39
Poland,1955,40
Poland,1956,42
Poland,1957,45
Poland,1958,45
Poland,1959,46
Poland,1960,48
Poland,1961,51
Poland,1962,54
Poland,1963,57
Poland,1964,60
Poland,1965,62
Poland,1966,63
Poland,1967,65
Poland,1968,68
Poland,1969,74
Poland,1970,80
Poland,1971,82
Poland,1972,84
Poland,1973,94
Poland,1974,105
Poland,1975,112
Poland,1976,114
Poland,1977,120
Poland,1978,130
Poland,1979,137
Poland,1980,144
Poland,1981,149
Poland,1982,154
Poland,1983,155
Poland,1984,161
Poland,1985,166
Poland,1986,169
Poland,1987,175
Poland,1988,181
Poland,1989,187
Poland,1990,193
Poland,1991,196
Poland,1992,201
Poland,1993,204
Poland,1994,209
Poland,1995,212
Poland,1996,214
Poland,1997,220
Poland,1998,227
Poland,1999,232
Poland,2000,235
Poland,2001,240
Poland,2002,246
Poland,2003,256
Poland,2004,262
Poland,2005,273
Poland,2006,281
Poland,2007,287
Poland,2008,294
Poland,2009,298
Poland,2010,302
Poland,2011,308
Poland,2012,314
Poland,2013,318
Poland,2014,324
Poland,2015,329
Poland,2016,336
Poland,2017,341
Poland,2018,344
Poland,2019,352
Poland,2020,356
Poland,2021,362
Poland,2022,367
Poland,2023,372
Poland,2024,376
Poland,2025,383
Poland,2026,385
Portugal,1873,0
Portugal,1874,0
Portugal,1875,0
Portugal,1876,0
Portugal,1877,0
Portugal,1878,0
Portugal,1879,0
Portugal,1880,0
Portugal,1881,0
Portugal,1882,0
Portugal,1883,0
Portugal,1884,0
Portugal,1885,0
Portugal,1886,0
Portugal,1887,0
Portugal,1888,0
Portugal,1889,0
Portugal,1890,0
Portugal,1891,0
Portugal,1892,0
Portugal,1893,0
Portugal,1894,0
Portugal,1895,0
Portugal,1896,0
Portugal,1897,0
Portugal,1898,0
Portugal,1899,0
Portugal,1900,0
Portugal,1901,0
Portugal,1902,0
Portugal,1903,0
Portugal,1904,0
Portugal,1905,0
Portugal,1906,0
Portugal,1907,0
Portugal,1908,0
Portugal,1909,0
Portugal,1910,0
Portugal,1911,0
Portugal,1912,0
Portugal,1913,0
Portugal,1914,0
Portugal,1915,0
Portugal,1916,0
Portugal,1917,0
Portugal,1918,0
Portugal,1919,0
Portugal,1920,0
Portugal,1921,0
Portugal,1922,0
Portugal,1923,0
Portugal,1924,0
Portugal,1925,1
Portugal,1926,1
Portugal,1927,2
Portugal,1928,5
Portugal,1929,5
Portugal,1930,7
Portugal,1931,8
Portugal,1932,9
Portugal,1933,10
Portugal,1934,10
Portugal,1935,10
Portugal,1936,10
Portugal,1937,11
Portugal,1938,13
Portugal,1939,13
Portugal,1940,13
Portugal,1941,13
Portugal,1942,14
Portugal,1943,14
Portugal,1944,14
Portugal,1945,14
Portugal,1946,16
Portugal,1947,18
Portugal,1948,19
Portugal,1949,20
Portugal,1950,20
Portugal,1951,20
Portugal,1952,20
Portugal,1953,21
Portugal,1954,21
Portugal,1955,23
Portugal,1956,25
Portugal,1957,26
Portugal,1958,26
Portugal,1959,29
Portugal,1960,30
Portugal,1961,31
Portugal,1962,32
Portugal,1963,33
Portugal,1964,36
Portugal,1965,40
Portugal,1966,50
Portugal,1967,52
Portugal,1968,53
Portugal,1969,53
Portugal,1970,54
Portugal,1971,56
Portugal,1972,64
Portugal,1973,65
Portugal,1974,65
Portugal,1975,68
Portugal,1976,71
Portugal,1977,74
Portugal,1978,77
Portugal,1979,79
Portugal,1980,81
Portugal,1981,84
Portugal,1982,87
Portugal,1983,91
Portugal,1984,95
Portugal,1985,98
Portugal,1986,100
Portugal,1987,103
Portugal,1988,104
Portugal,1989,109
Portugal,1990,111
Portugal,1991,115
Portugal,1992,117
Portugal,1993,123
Portugal,1994,127
Portugal,1995,131
Portugal,1996,137
Portugal,1997,140
Portugal,1998,144
Portugal,1999,150
Portugal,2000,160
Portugal,2001,167
Portugal,2002,171
Portugal,2003,178
Portugal,2004,187
Portugal,2005,195
Portugal,2006,204
Portugal,2007,210
Portugal,2008,215
Portugal,2009,224
Portugal,2010,231
Portugal,2011,237
Portugal,2012,243
Portugal,2013,250
Portugal,2014,257
Portugal,2015,264
Portugal,2016,274
Portugal,2017,285
Portugal,2018,291
Portugal,2019,298
Portugal,2020,303
Portugal,2021,312
Portugal,2022,321
Portugal,2023,331
Portugal,2024,340
Portugal,2025,346
Portugal,2026,355
Provence,1873,0
Provence,1874,0
Provence,1875,0
Provence,1876,0
Provence,1877,0
Provence,1878,0
Provence,1879,0
Provence,1880,0
Provence,1881,0
Provence,1882,0
Provence,1883,0
Provence,1884,0
Provence,1885,0
Provence,1886,0
Provence,1887,0
Provence,1888,0
Provence,1889,0
Provence,1890,0
Provence,1891,0
Provence,1892,0
Provence,1893,0
Provence,1894,0
Provence,1895,0
Provence,1896,0
Provence,1897,0
Provence,1898,0
Provence,1899,0
Provence,1900,0
Provence,1901,0
Provence,1902,0
Provence,1903,0
Provence,1904,0
Provence,1905,0
Provence,1906,0
Provence,1907,0
Provence,1908,0
Provence,1909,0
Provence,1910,0
Provence,1911,0
Provence,1912,0
Provence,1913,0
Provence,1914,0
Provence,1915,0
Provence,1916,0
Provence,1917,0
Provence,1918,0
Provence,1919,0
Provence,1920,0
Provence,1921,0
Provence,1922,0
Provence,1923,0
Provence,1924,0
Provence,1925,0
Provence,1926,0
Provence,1927,0
Provence,1928,0
Provence,1929,0
Provence,1930,0
Provence,1931,0
Provence,1932,0
Provence,1933,0
Provence,1934,0
Provence,1935,0
Provence,1936,0
Provence,1937,0
Provence,1938,0
Provence,1939,0
Provence,1940,0
Provence,1941,0
Provence,1942,0
Provence,1943,0
Provence,1944,0
Provence,1945,0
Provence,1946,0
Provence,1947,0
Provence,1948,0
Provence,1949,0
Provence,1950,0
Provence,1951,0
Provence,1952,0
Provence,1953,0
Provence,1954,0
Provence,1955,0
Provence,1956,0
Provence,1957,0
Provence,1958,0
Provence,1959,0
Provence,1960,0
Provence,1961,0
Provence,1962,0
Provence,1963,0
Provence,1964,0
Provence,1965,0
Provence,1966,0
Provence,1967,0
Provence,1968,0
Provence,1969,0
Provence,1970,0
Provence,1971,0
Provence,1972,0
Provence,1973,0
Provence,1974,0
Provence,1975,0
Provence,1976,0
Provence,1977,0
Provence,1978,0
Provence,1979,0
Provence,1980,0
Provence,1981,0
Provence,1982,0
Provence,1983,0
Provence,1984,0
Provence,1985,0
Provence,1986,0
Provence,1987,0
Provence,1988,0
Provence,1989,0
Provence,1990,0
Provence,1991,0
Provence,1992,0
Provence,1993,0
Provence,1994,0
Provence,1995,0
Provence,1996,0
Provence,1997,0
Provence,1998,0
Provence,1999,0
Provence,2000,0
Provence,2001,0
Provence,2002,0
Provence,2003,0
Provence,2004,0
Provence,2005,0
Provence,2006,0
Provence,2007,0
Provence,2008,1
Provence,2009,3
Provence,2010,4
Provence,2011,4
Provence,2012,6
Provence,2013,8
Provence,2014,8
Provence,2015,8
Provence,2016,8
Provence,2017,8
Provence,2018,8
Provence,2019,8
Provence,2020,8
Provence,2021,8
Provence,2022,8
Provence,2023,8
Provence,2024,8
Provence,2025,8
Provence,2026,8
Puerto Rico,1873,0
Puerto Rico,1874,0
Puerto Rico,1875,0
Puerto Rico,1876,0
Puerto Rico,1877,0
Puerto Rico,1878,0
Puerto Rico,1879,0
Puerto Rico,1880,0
Puerto Rico,1881,0
Puerto Rico,1882,0
Puerto Rico,1883,0
Puerto Rico,1884,0
Puerto Rico,1885,0
Puerto Rico,1886,0
Puerto Rico,1887,0
Puerto Rico,1888,0
Puerto Rico,1889,0
Puerto Rico,1890,0
Puerto Rico,1891,0
Puerto Rico,1892,0
Puerto Rico,1893,0
Puerto Rico,1894,0
Puerto Rico,1895,0
Puerto Rico,1896,0
Puerto Rico,1897,0
Puerto Rico,1898,0
Puerto Rico,1899,0
Puerto Rico,1900,0
Puerto Rico,1901,0
Puerto Rico,1902,0
Puerto Rico,1903,0
Puerto Rico,1904,0
Puerto Rico,1905,0
Puerto Rico,1906,0
Puerto Rico,1907,0
Puerto Rico,1908,0
Puerto Rico,1909,0
Puerto Rico,1910,0
Puerto Rico,1911,0
Puerto Rico,1912,0
Puerto Rico,1913,0
Puerto Rico,1914,0
Puerto Rico,1915,0
Puerto Rico,1916,0
Puerto Rico,1917,0
Puerto Rico,1918,0
Puerto Rico,1919,0
Puerto Rico,1920,0
Puerto Rico,1921,0
Puerto Rico,1922,0
Puerto Rico,1923,0
Puerto Rico,1924,0
Puerto Rico,1925,0
Puerto Rico,1926,0
Puerto Rico,1927,0
Puerto Rico,1928,0
Puerto Rico,1929,0
Puerto Rico,1930,0
Puerto Rico,1931,0
Puerto Rico,1932,0
Puerto Rico,1933,0
Puerto Rico,1934,0
Puerto Rico,1935,0
Puerto Rico,1936,0
Puerto Rico,1937,0
Puerto Rico,1938,0
Puerto Rico,1939,0
Puerto Rico,1940,0
Puerto Rico,1941,0
Puerto Rico,1942,0
Puerto Rico,1943,0
Puerto Rico,1944,0
Puerto Rico,1945,0
Puerto Rico,1946,0
Puerto Rico,1947,0
Puerto Rico,1948,0
Puerto Rico,1949,0
Puerto Rico,1950,0
Puerto Rico,1951,0
Puerto Rico,1952,0
Puerto Rico,1953,0
Puerto Rico,1954,0
Puerto Rico,1955,0
Puerto Rico,1956,0
Puerto Rico,1957,0
Puerto Rico,1958,0
Puerto Rico,1959,0
Puerto Rico,1960,0
Puerto Rico,1961,0
Puerto Rico,1962,0
Puerto Rico,1963,0
Puerto Rico,1964,0
Puerto Rico,1965,0
Puerto Rico,1966,0
Puerto Rico,1967,0
Puerto Rico,1968,0
Puerto Rico,1969,0
Puerto Rico,1970,0
Puerto Rico,1971,0
Puerto Rico,1972,1
Puerto Rico,1973,1
Puerto Rico,1974,1
Puerto Rico,1975,1
Puerto Rico,1976,1
Puerto Rico,1977,1
Puerto Rico,1978,2
Puerto Rico,1979,2
Puerto Rico,1980,2
Puerto Rico,1981,2
Puerto Rico,1982,2
Puerto Rico,1983,2
Puerto Rico,1984,2
Puerto Rico,1985,2
Puerto Rico,1986,2
Puerto Rico,1987,2
Puerto Rico,1988,2
Puerto Rico,1989,2
Puerto Rico,1990,2
Puerto Rico,1991,2
Puerto Rico,1992,3
Puerto Rico,1993,7
Puerto Rico,1994,8
Puerto Rico,1995,8
Puerto Rico,1996,8
Puerto Rico,1997,8
Puerto Rico,1998,8
Puerto Rico,1999,8
Puerto Rico,2000,8
Puerto Rico,2001,8
Puerto Rico,2002,8
Puerto Rico,2003,8
Puerto Rico,2004,8
Puerto Rico,2005,8
Puerto Rico,2006,8
Puerto Rico,2007,8
Puerto Rico,2008,11
Puerto Rico,2009,11
Puerto Rico,2010,14
Puerto Rico,2011,16
Puerto Rico,2012,19
Puerto Rico,2013,19
Puerto Rico,2014,19
Puerto Rico,2015,20
Puerto Rico,2016,21
Puerto Rico,2017,21
Puerto Rico,2018,21
Puerto Rico,2019,23
Puerto Rico,2020,23
Puerto Rico,2021,26
Puerto Rico,2022,28
Puerto Rico,2023,34
Puerto Rico,2024,38
Puerto Rico,2025,39
Puerto Rico,2026,44
Qatar,1873,0
Qatar,1874,0
Qatar,1875,0
Qatar,1876,0
Qatar,1877,0
Qatar,1878,0
Qatar,1879,0
Qatar,1880,0
Qatar,1881,0
Qatar,1882,0
Qatar,1883,0
Qatar,1884,0
Qatar,1885,0
Qatar,1886,0
Qatar,1887,0
Qatar,1888,0
Qatar,1889,0
Qatar,1890,0
Qatar,1891,0
Qatar,1892,0
Qatar,1893,0
Qatar,1894,0
Qatar,1895,0
Qatar,1896,0
Qatar,1897,0
Qatar,1898,0
Qatar,1899,0
Qatar,1900,0
Qatar,1901,0
Qatar,1902,0
Qatar,1903,0
Qatar,1904,0
Qatar,1905,0
Qatar,1906,0
Qatar,1907,0
Qatar,1908,0
Qatar,1909,0
Qatar,1910,0
Qatar,1911,0
Qatar,1912,0
Qatar,1913,0
Qatar,1914,0
Qatar,1915,0
Qatar,1916,0
Qatar,1917,0
Qatar,1918,0
Qatar,1919,0
Qatar,1920,0
Qatar,1921,0
Qatar,1922,0
Qatar,1923,0
Qatar,1924,0
Qatar,1925,0
Qatar,1926,0
Qatar,1927,0
Qatar,1928,0
Qatar,1929,0
Qatar,1930,0
Qatar,1931,0
Qatar,1932,0
Qatar,1933,0
Qatar,1934,0
Qatar,1935,0
Qatar,1936,0
Qatar,1937,0
Qatar,1938,0
Qatar,1939,0
Qatar,1940,0
Qatar,1941,0
Qatar,1942,0
Qatar,1943,0
Qatar,1944,0
Qatar,1945,0
Qatar,1946,0
Qatar,1947,0
Qatar,1948,0
Qatar,1949,0
Qatar,1950,0
Qatar,1951,0
Qatar,1952,0
Qatar,1953,0
Qatar,1954,0
Qatar,1955,0
Qatar,1956,0
Qatar,1957,0
Qatar,1958,0
Qatar,1959,0
Qatar,1960,0
Qatar,1961,0
Qatar,1962,0
Qatar,1963,0
Qatar,1964,0
Qatar,1965,0
Qatar,1966,0
Qatar,1967,0
Qatar,1968,0
Qatar,1969,0
Qatar,1970,0
Qatar,1971,0
Qatar,1972,0
Qatar,1973,0
Qatar,1974,1
Qatar,1975,3
Qatar,1976,7
Qatar,1977,9
Qatar,1978,9
Qatar,1979,12
Qatar,1980,13
Qatar,1981,15
Qatar,1982,17
Qatar,1983,19
Qatar,1984,28
Qatar,1985,31
Qatar,1986,34
Qatar,1987,34
Qatar,1988,41
Qatar,1989,46
Qatar,1990,47
Qatar,1991,47
Qatar,1992,53
Qatar,1993,58
Qatar,1994,61
Qatar,1995,61
Qatar,1996,71
Qatar,1997,74
Qatar,1998,81
Qatar,1999,81
Qatar,2000,89
Qatar,2001,102
Qatar,2002,109
Qatar,2003,112
Qatar,2004,123
Qatar,2005,123
Qatar,2006,130
Qatar,2007,134
Qatar,2008,143
Qatar,2009,150
Qatar,2010,153
Qatar,2011,158
Qatar,2012,160
Qatar,2013,173
Qatar,2014,182
Qatar,2015,191
Qatar,2016,197
Qatar,2017,202
Qatar,2018,209
Qatar,2019,223
Qatar,2020,224
Qatar,2021,236
Qatar,2022,241
Qatar,2023,246
Qatar,2024,257
Qatar,2025,260
Qatar,2026,262
Quebec,1873,0
Quebec,1874,0
Quebec,1875,0
Quebec,1876,0
Quebec,1877,0
Quebec,1878,0
Quebec,1879,0
Quebec,1880,0
Quebec,1881,0
Quebec,1882,0
Quebec,1883,0
Quebec,1884,0
Quebec,1885,0
Quebec,1886,0
Quebec,1887,0
Quebec,1888,0
Quebec,1889,0
Quebec,1890,0
Quebec,1891,0
Quebec,1892,0
Quebec,1893,0
Quebec,1894,0
Quebec,1895,0
Quebec,1896,0
Quebec,1897,0
Quebec,1898,0
Quebec,1899,0
Quebec,1900,0
Quebec,1901,0
Quebec,1902,0
Quebec,1903,0
Quebec,1904,0
Quebec,1905,0
Quebec,1906,0
Quebec,1907,0
Quebec,1908,0
Quebec,1909,0
Quebec,1910,0
Quebec,1911,0
Quebec,1912,0
Quebec,1913,0
Quebec,1914,0
Quebec,1915,0
Quebec,1916,0
Quebec,1917,0
Quebec,1918,0
Quebec,1919,0
Quebec,1920,0
Quebec,1921,0
Quebec,1922,0
Quebec,1923,0
Quebec,1924,0
Quebec,1925,0
Quebec,1926,0
Quebec,1927,0
Quebec,1928,0
Quebec,1929,0
Quebec,1930,0
Quebec,1931,0
Quebec,1932,0
Quebec,1933,0
Quebec,1934,0
Quebec,1935,0
Quebec,1936,0
Quebec,1937,0
Quebec,1938,0
Quebec,1939,0
Quebec,1940,0
Quebec,1941,0
Quebec,1942,0
Quebec,1943,0
Quebec,1944,0
Quebec,1945,0
Quebec,1946,0
Quebec,1947,0
Quebec,1948,0
Quebec,1949,0
Quebec,1950,0
Quebec,1951,0
Quebec,1952,0
Quebec,1953,0
Quebec,1954,0
Quebec,1955,0
Quebec,1956,0
Quebec,1957,0
Quebec,1958,0
Quebec,1959,0
Quebec,1960,0
Quebec,1961,0
Quebec,1962,0
Quebec,1963,0
Quebec,1964,0
Quebec,1965,0
Quebec,1966,0
Quebec,1967,0
Quebec,1968,0
Quebec,1969,0
Quebec,1970,0
Quebec,1971,0
Quebec,1972,0
Quebec,1973,0
Quebec,1974,0
Quebec,1975,0
Quebec,1976,0
Quebec,1977,0
Quebec,1978,0
Quebec,1979,0
Quebec,1980,0
Quebec,1981,0
Quebec,1982,0
Quebec,1983,0
Quebec,1984,0
Quebec,1985,0
Quebec,1986,0
Quebec,1987,0
Quebec,1988,0
Quebec,1989,0
Quebec,1990,0
Quebec,1991,0
Quebec,1992,0
Quebec,1993,0
Quebec,1994,0
Quebec,1995,0
Quebec,1996,0
Quebec,1997,0
Quebec,1998,0
Quebec,1999,0
Quebec,2000,0
Quebec,2001,0
Quebec,2002,0
Quebec,2003,0
Quebec,2004,0
Quebec,2005,0
Quebec,2006,0
Quebec,2007,0
Quebec,2008,0
Quebec,2009,0
Quebec,2010,0
Quebec,2011,0
Quebec,2012,0
Quebec,2013,2
Quebec,2014,2
Quebec,2015,2
Quebec,2016,2
Quebec,2017,2
Quebec,2018,2
Quebec,2019,2
Quebec,2020,2
Quebec,2021,2
Quebec,2022,2
Quebec,2023,2
Quebec,2024,2
Quebec,2025,2
Quebec,2026,2
Raetia,1873,0
Raetia,1874,0
Raetia,1875,0
Raetia,1876,0
Raetia,1877,0
Raetia,1878,0
Raetia,1879,0
Raetia,1880,0
Raetia,1881,0
Raetia,1882,0
Raetia,1883,0
Raetia,1884,0
Raetia,1885,0
Raetia,1886,0
Raetia,1887,0
Raetia,1888,0
Raetia,1889,0
Raetia,1890,0
Raetia,1891,0
Raetia,1892,0
Raetia,1893,0
Raetia,1894,0
Raetia,1895,0
Raetia,1896,0
Raetia,1897,0
Raetia,1898,0
Raetia,1899,0
Raetia,1900,0
Raetia,1901,0
Raetia,1902,0
Raetia,1903,0
Raetia,1904,0
Raetia,1905,0
Raetia,1906,0
Raetia,1907,0
Raetia,1908,0
Raetia,1909,0
Raetia,1910,0
Raetia,1911,0
Raetia,1912,0
Raetia,1913,0
Raetia,1914,0
Raetia,1915,0
Raetia,1916,0
Raetia,1917,0
Raetia,1918,0
Raetia,1919,0
Raetia,1920,0
Raetia,1921,0
Raetia,1922,0
Raetia,1923,0
Raetia,1924,0
Raetia,1925,0
Raetia,1926,0
Raetia,1927,0
Raetia,1928,0
Raetia,1929,0
Raetia,1930,0
Raetia,1931,0
Raetia,1932,0
Raetia,1933,0
Raetia,1934,0
Raetia,1935,0
Raetia,1936,0
Raetia,1937,0
Raetia,1938,0
Raetia,1939,0
Raetia,1940,0
Raetia,1941,0
Raetia,1942,0
Raetia,1943,0
Raetia,1944,0
Raetia,1945,0
Raetia,1946,0
Raetia,1947,0
Raetia,1948,0
Raetia,1949,0
Raetia,1950,0
Raetia,1951,0
Raetia,1952,0
Raetia,1953,0
Raetia,1954,0
Raetia,1955,0
Raetia,1956,0
Raetia,1957,0
Raetia,1958,0
Raetia,1959,0
Raetia,1960,0
Raetia,1961,0
Raetia,1962,0
Raetia,1963,0
Raetia,1964,0
Raetia,1965,0
Raetia,1966,0
Raetia,1967,0
Raetia,1968,0
Raetia,1969,0
Raetia,1970,0
Raetia,1971,0
Raetia,1972,0
Raetia,1973,0
Raetia,1974,0
Raetia,1975,0
Raetia,1976,0
Raetia,1977,0
Raetia,1978,0
Raetia,1979,0
Raetia,1980,0
Raetia,1981,0
Raetia,1982,0
Raetia,1983,0
Raetia,1984,0
Raetia,1985,0
Raetia,1986,0
Raetia,1987,0
Raetia,1988,0
Raetia,1989,0
Raetia,1990,0
Raetia,1991,0
Raetia,1992,0
Raetia,1993,0
Raetia,1994,0
Raetia,1995,0
Raetia,1996,0
Raetia,1997,0
Raetia,1998,0
Raetia,1999,0
Raetia,2000,0
Raetia,2001,0
Raetia,2002,0
Raetia,2003,0
Raetia,2004,0
Raetia,2005,0
Raetia,2006,0
Raetia,2007,0
Raetia,2008,0
Raetia,2009,0
Raetia,2010,0
Raetia,2011,0
Raetia,2012,2
Raetia,2013,3
Raetia,2014,3
Raetia,2015,4
Raetia,2016,4
Raetia,2017,4
Raetia,2018,4
Raetia,2019,4
Raetia,2020,4
Raetia,2021,4
Raetia,2022,4
Raetia,2023,6
Raetia,2024,6
Raetia,2025,6
Raetia,2026,6
Republic of Ireland,1873,0
Republic of Ireland,1874,0
Republic of Ireland,1875,0
Republic of Ireland,1876,0
Republic of Ireland,1877,0
Republic of Ireland,1878,0
Republic of Ireland,1879,0
Republic of Ireland,1880,0
Republic of Ireland,1881,0
Republic of Ireland,1882,0
Republic of Ireland,1883,0
Republic of Ireland,1884,0
Republic of Ireland,1885,0
Republic of Ireland,1886,0
Republic of Ireland,1887,0
Republic of Ireland,1888,0
Republic of Ireland,1889,0
Republic of Ireland,1890,0
Republic of Ireland,1891,0
Republic of Ireland,1892,0
Republic of Ireland,1893,0
Republic of Ireland,1894,0
Republic of Ireland,1895,0
Republic of Ireland,1896,0
Republic of Ireland,1897,0
Republic of Ireland,1898,0
Republic of Ireland,1899,0
Republic of Ireland,1900,0
Republic of Ireland,1901,0
Republic of Ireland,1902,0
Republic of Ireland,1903,0
Republic of Ireland,1904,0
Republic of Ireland,1905,0
Republic of Ireland,1906,0
Republic of Ireland,1907,0
Republic of Ireland,1908,0
Republic of Ireland,1909,0
Republic of Ireland,1910,0
Republic of Ireland,1911,0
Republic of Ireland,1912,0
Republic of Ireland,1913,0
Republic of Ireland,1914,0
Republic of Ireland,1915,0
Republic of Ireland,1916,0
Republic of Ireland,1917,0
Republic of Ireland,1918,0
Republic of Ireland,1919,0
Republic of Ireland,1920,0
Republic of Ireland,1921,0
Republic of Ireland,1922,0
Republic of Ireland,1923,0
Republic of Ireland,1924,1
Republic of Ireland,1925,1
Republic of Ireland,1926,1
Republic of Ireland,1927,1
Republic of Ireland,1928,2
Republic of Ireland,1929,3
Republic of Ireland,1930,4
Republic of Ireland,1931,4
Republic of Ireland,1932,5
Republic of Ireland,1933,5
Republic of Ireland,1934,5
Republic of Ireland,1935,5
Republic of Ireland,1936,8
Republic of Ireland,1937,10
Republic of Ireland,1938,12
Republic of Ireland,1939,12
Republic of Ireland,1940,12
Republic of Ireland,1941,12
Republic of Ireland,1942,12
Republic of Ireland,1943,12
Republic of Ireland,1944,12
Republic of Ireland,1945,12
Republic of Ireland,1946,13
Republic of Ireland,1947,14
Republic of Ireland,1948,14
Republic of Ireland,1949,17
Republic of Ireland,1950,17
Republic of Ireland,1951,19
Republic of Ireland,1952,19
Republic of Ireland,1953,21
Republic of Ireland,1954,23
Republic of Ireland,1955,25
Republic of Ireland,1956,28
Republic of Ireland,1957,29
Republic of Ireland,1958,29
Republic of Ireland,1959,31
Republic of Ireland,1960,34
Republic of Ireland,1961,34
Republic of Ireland,1962,35
Republic of Ireland,1963,37
Republic of Ireland,1964,39
Republic of Ireland,1965,40
Republic of Ireland,1966,42
Republic of Ireland,1967,43
Republic of Ireland,1968,43
Republic of Ireland,1969,43
Republic of Ireland,1970,43
Republic of Ireland,1971,43
Republic of Ireland,1972,46
Republic of Ireland,1973,47
Republic of Ireland,1974,49
Republic of Ireland,1975,51
Republic of Ireland,1976,53
Republic of Ireland,1977,54
Republic of Ireland,1978,55
Republic of Ireland,1979,58
Republic of Ireland,1980,62
Republic of Ireland,1981,64
Republic of Ireland,1982,65
Republic of Ireland,1983,68
Republic of Ireland,1984,70
Republic of Ireland,1985,71
Republic of Ireland,1986,73
Republic of Ireland,1987,79
Republic of Ireland,1988,84
Republic of Ireland,1989,89
Republic of Ireland,1990,94
Republic of Ireland,1991,97
Republic of Ireland,1992,102
Republic of Ireland,1993,108
Republic of Ireland,1994,115
Republic of Ireland,1995,118
Republic of Ireland,1996,121
Republic of Ireland,1997,124
Republic of Ireland,1998,126
Republic of Ireland,1999,131
Republic of Ireland,2000,135
Republic of Ireland,2001,142
Republic of Ireland,2002,147
Republic of Ireland,2003,154
Republic of Ireland,2004,161
Republic of Ireland,2005,165
Republic of Ireland,2006,167
Republic of Ireland,2007,171
Republic of Ireland,2008,174
Republic of Ireland,2009,177
Republic of Ireland,2010,181
Republic of Ireland,2011,190
Republic of Ireland,2012,194
Republic of Ireland,2013,199
Republic of Ireland,2014,203
Republic of Ireland,2015,207
Republic of Ireland,2016,213
Republic of Ireland,2017,216
Republic of Ireland,2018,217
Republic of Ireland,2019,222
Republic of Ireland,2020,222
Republic of Ireland,2021,226
Republic of Ireland,2022,230
Republic of Ireland,2023,233
Republic of Ireland,2024,236
Republic of Ireland,2025,241
Republic of Ireland,2026,244
Republic of St. Pauli,1873,0
Republic of St. Pauli,1874,0
Republic of St. Pauli,1875,0
Republic of St. Pauli,1876,0
Republic of St. Pauli,1877,0
Republic of St. Pauli,1878,0
Republic of St. Pauli,1879,0
Republic of St. Pauli,1880,0
Republic of St. Pauli,1881,0
Republic of St. Pauli,1882,0
Republic of St. Pauli,1883,0
Republic of St. Pauli,1884,0
Republic of St. Pauli,1885,0
Republic of St. Pauli,1886,0
Republic of St. Pauli,1887,0
Republic of St. Pauli,1888,0
Republic of St. Pauli,1889,0
Republic of St. Pauli,1890,0
Republic of St. Pauli,1891,0
Republic of St. Pauli,1892,0
Republic of St. Pauli,1893,0
Republic of St. Pauli,1894,0
Republic of St. Pauli,1895,0
Republic of St. Pauli,1896,0
Republic of St. Pauli,1897,0
Republic of St. Pauli,1898,0
Republic of St. Pauli,1899,0
Republic of St. Pauli,1900,0
Republic of St. Pauli,1901,0
Republic of St. Pauli,1902,0
Republic of St. Pauli,1903,0
Republic of St. Pauli,1904,0
Republic of St. Pauli,1905,0
Republic of St. Pauli,1906,0
Republic of St. Pauli,1907,0
Republic of St. Pauli,1908,0
Republic of St. Pauli,1909,0
Republic of St. Pauli,1910,0
Republic of St. Pauli,1911,0
Republic of St. Pauli,1912,0
Republic of St. Pauli,1913,0
Republic of St. Pauli,1914,0
Republic of St. Pauli,1915,0
Republic of St. Pauli,1916,0
Republic of St. Pauli,1917,0
Republic of St. Pauli,1918,0
Republic of St. Pauli,1919,0
Republic of St. Pauli,1920,0
Republic of St. Pauli,1921,0
Republic of St. Pauli,1922,0
Republic of St. Pauli,1923,0
Republic of St. Pauli,1924,0
Republic of St. Pauli,1925,0
Republic of St. Pauli,1926,0
Republic of St. Pauli,1927,0
Republic of St. Pauli,1928,0
Republic of St. Pauli,1929,0
Republic of St. Pauli,1930,0
Republic of St. Pauli,1931,0
Republic of St. Pauli,1932,0
Republic of St. Pauli,1933,0
Republic of St. Pauli,1934,0
Republic of St. Pauli,1935,0
Republic of St. Pauli,1936,0
Republic of St. Pauli,1937,0
Republic of St. Pauli,1938,0
Republic of St. Pauli,1939,0
Republic of St. Pauli,1940,0
Republic of St. Pauli,1941,0
Republic of St. Pauli,1942,0
Republic of St. Pauli,1943,0
Republic of St. Pauli,1944,0
Republic of St. Pauli,1945,0
Republic of St. Pauli,1946,0
Republic of St. Pauli,1947,0
Republic of St. Pauli,1948,0
Republic of St. Pauli,1949,0
Republic of St. Pauli,1950,0
Republic of St. Pauli,1951,0
Republic of St. Pauli,1952,0
Republic of St. Pauli,1953,0
Republic of St. Pauli,1954,0
Republic of St. Pauli,1955,0
Republic of St. Pauli,1956,0
Republic of St. Pauli,1957,0
Republic of St. Pauli,1958,0
Republic of St. Pauli,1959,0
Republic of St. Pauli,1960,0
Republic of St. Pauli,1961,0
Republic of St. Pauli,1962,0
Republic of St. Pauli,1963,0
Republic of St. Pauli,1964,0
Republic of St. Pauli,1965,0
Republic of St. Pauli,1966,0
Republic of St. Pauli,1967,0
Republic of St. Pauli,1968,0
Republic of St. Pauli,1969,0
Republic of St. Pauli,1970,0
Republic of St. Pauli,1971,0
Republic of St. Pauli,1972,0
Republic of St. Pauli,1973,0
Republic of St. Pauli,1974,0
Republic of St. Pauli,1975,0
Republic of St. Pauli,1976,0
Republic of St. Pauli,1977,0
Republic of St. Pauli,1978,0
Republic of St. Pauli,1979,0
Republic of St. Pauli,1980,0
Republic of St. Pauli,1981,0
Republic of St. Pauli,1982,0
Republic of St. Pauli,1983,0
Republic of St. Pauli,1984,0
Republic of St. Pauli,1985,0
Republic of St. Pauli,1986,0
Republic of St. Pauli,1987,0
Republic of St. Pauli,1988,0
Republic of St. Pauli,1989,0
Republic of St. Pauli,1990,0
Republic of St. Pauli,1991,0
Republic of St. Pauli,1992,0
Republic of St. Pauli,1993,0
Republic of St. Pauli,1994,0
Republic of St. Pauli,1995,0
Republic of St. Pauli,1996,0
Republic of St. Pauli,1997,0
Republic of St. Pauli,1998,0
Republic of St. Pauli,1999,0
Republic of St. Pauli,2000,0
Republic of St. Pauli,2001,0
Republic of St. Pauli,2002,0
Republic of St. Pauli,2003,0
Republic of St. Pauli,2004,0
Republic of St. Pauli,2005,0
Republic of St. Pauli,2006,1
Republic of St. Pauli,2007,1
Republic of St. Pauli,2008,1
Republic of St. Pauli,2009,1
Republic of St. Pauli,2010,1
Republic of St. Pauli,2011,1
Republic of St. Pauli,2012,1
Republic of St. Pauli,2013,1
Republic of St. Pauli,2014,1
Republic of St. Pauli,2015,1
Republic of St. Pauli,2016,1
Republic of St. Pauli,2017,1
Republic of St. Pauli,2018,1
Republic of St. Pauli,2019,1
Republic of St. Pauli,2020,1
Republic of St. Pauli,2021,1
Republic of St. Pauli,2022,1
Republic of St. Pauli,2023,1
Republic of St. Pauli,2024,1
Republic of St. Pauli,2025,1
Republic of St. Pauli,2026,1
Rhodes,1873,0
Rhodes,1874,0
Rhodes,1875,0
Rhodes,1876,0
Rhodes,1877,0
Rhodes,1878,0
Rhodes,1879,0
Rhodes,1880,0
Rhodes,1881,0
Rhodes,1882,0
Rhodes,1883,0
Rhodes,1884,0
Rhodes,1885,0
Rhodes,1886,0
Rhodes,1887,0
Rhodes,1888,0
Rhodes,1889,0
Rhodes,1890,0
Rhodes,1891,0
Rhodes,1892,0
Rhodes,1893,0
Rhodes,1894,0
Rhodes,1895,0
Rhodes,1896,0
Rhodes,1897,0
Rhodes,1898,0
Rhodes,1899,0
Rhodes,1900,0
Rhodes,1901,0
Rhodes,1902,0
Rhodes,1903,0
Rhodes,1904,0
Rhodes,1905,0
Rhodes,1906,0
Rhodes,1907,0
Rhodes,1908,0
Rhodes,1909,0
Rhodes,1910,0
Rhodes,1911,0
Rhodes,1912,0
Rhodes,1913,0
Rhodes,1914,0
Rhodes,1915,0
Rhodes,1916,0
Rhodes,1917,0
Rhodes,1918,0
Rhodes,1919,0
Rhodes,1920,0
Rhodes,1921,0
Rhodes,1922,0
Rhodes,1923,0
Rhodes,1924,0
Rhodes,1925,0
Rhodes,1926,0
Rhodes,1927,0
Rhodes,1928,0
Rhodes,1929,0
Rhodes,1930,0
Rhodes,1931,0
Rhodes,1932,0
Rhodes,1933,0
Rhodes,1934,0
Rhodes,1935,0
Rhodes,1936,0
Rhodes,1937,0
Rhodes,1938,0
Rhodes,1939,0
Rhodes,1940,0
Rhodes,1941,0
Rhodes,1942,0
Rhodes,1943,0
Rhodes,1944,0
Rhodes,1945,0
Rhodes,1946,0
Rhodes,1947,0
Rhodes,1948,0
Rhodes,1949,0
Rhodes,1950,0
Rhodes,1951,0
Rhodes,1952,0
Rhodes,1953,0
Rhodes,1954,0
Rhodes,1955,0
Rhodes,1956,0
Rhodes,1957,0
Rhodes,1958,0
Rhodes,1959,0
Rhodes,1960,0
Rhodes,1961,0
Rhodes,1962,0
Rhodes,1963,0
Rhodes,1964,0
Rhodes,1965,0
Rhodes,1966,0
Rhodes,1967,0
Rhodes,1968,0
Rhodes,1969,0
Rhodes,1970,0
Rhodes,1971,0
Rhodes,1972,0
Rhodes,1973,0
Rhodes,1974,0
Rhodes,1975,0
Rhodes,1976,0
Rhodes,1977,0
Rhodes,1978,0
Rhodes,1979,0
Rhodes,1980,0
Rhodes,1981,0
Rhodes,1982,0
Rhodes,1983,0
Rhodes,1984,0
Rhodes,1985,0
Rhodes,1986,0
Rhodes,1987,0
Rhodes,1988,0
Rhodes,1989,0
Rhodes,1990,0
Rhodes,1991,0
Rhodes,1992,0
Rhodes,1993,0
Rhodes,1994,0
Rhodes,1995,0
Rhodes,1996,0
Rhodes,1997,0
Rhodes,1998,0
Rhodes,1999,2
Rhodes,2000,2
Rhodes,2001,4
Rhodes,2002,4
Rhodes,2003,4
Rhodes,2004,4
Rhodes,2005,4
Rhodes,2006,4
Rhodes,2007,7
Rhodes,2008,7
Rhodes,2009,10
Rhodes,2010,10
Rhodes,2011,11
Rhodes,2012,11
Rhodes,2013,11
Rhodes,2014,11
Rhodes,2015,11
Rhodes,2016,11
Rhodes,2017,11
Rhodes,2018,11
Rhodes,2019,11
Rhodes,2020,11
Rhodes,2021,11
Rhodes,2022,11
Rhodes,2023,11
Rhodes,2024,11
Rhodes,2025,11
Rhodes,2026,11
Romani people,1873,0
Romani people,1874,0
Romani people,1875,0
Romani people,1876,0
Romani people,1877,0
Romani people,1878,0
Romani people,1879,0
Romani people,1880,0
Romani people,1881,0
Romani people,1882,0
Romani people,1883,0
Romani people,1884,0
Romani people,1885,0
Romani people,1886,0
Romani people,1887,0
Romani people,1888,0
Romani people,1889,0
Romani people,1890,0
Romani people,1891,0
Romani people,1892,0
Romani people,1893,0
Romani people,1894,0
Romani people,1895,0
Romani people,1896,0
Romani people,1897,0
Romani people,1898,0
Romani people,1899,0
Romani people,1900,0
Romani people,1901,0
Romani people,1902,0
Romani people,1903,0
Romani people,1904,0
Romani people,1905,0
Romani people,1906,0
Romani people,1907,0
Romani people,1908,0
Romani people,1909,0
Romani people,1910,0
Romani people,1911,0
Romani people,1912,0
Romani people,1913,0
Romani people,1914,0
Romani people,1915,0
Romani people,1916,0
Romani people,1917,0
Romani people,1918,0
Romani people,1919,0
Romani people,1920,0
Romani people,1921,0
Romani people,1922,0
Romani people,1923,0
Romani people,1924,0
Romani people,1925,0
Romani people,1926,0
Romani people,1927,0
Romani people,1928,0
Romani people,1929,0
Romani people,1930,0
Romani people,1931,0
Romani people,1932,0
Romani people,1933,0
Romani people,1934,0
Romani people,1935,0
Romani people,1936,0
Romani people,1937,0
Romani people,1938,0
Romani people,1939,0
Romani people,1940,0
Romani people,1941,0
Romani people,1942,0
Romani people,1943,0
Romani people,1944,0
Romani people,1945,0
Romani people,1946,0
Romani people,1947,0
Romani people,1948,0
Romani people,1949,0
Romani people,1950,0
Romani people,1951,0
Romani people,1952,0
Romani people,1953,0
Romani people,1954,0
Romani people,1955,0
Romani people,1956,0
Romani people,1957,0
Romani people,1958,0
Romani people,1959,0
Romani people,1960,0
Romani people,1961,0
Romani people,1962,0
Romani people,1963,0
Romani people,1964,0
Romani people,1965,0
Romani people,1966,0
Romani people,1967,0
Romani people,1968,0
Romani people,1969,0
Romani people,1970,0
Romani people,1971,0
Romani people,1972,0
Romani people,1973,0
Romani people,1974,0
Romani people,1975,0
Romani people,1976,0
Romani people,1977,0
Romani people,1978,0
Romani people,1979,0
Romani people,1980,0
Romani people,1981,0
Romani people,1982,0
Romani people,1983,0
Romani people,1984,0
Romani people,1985,0
Romani people,1986,0
Romani people,1987,0
Romani people,1988,0
Romani people,1989,0
Romani people,1990,0
Romani people,1991,0
Romani people,1992,0
Romani people,1993,0
Romani people,1994,0
Romani people,1995,0
Romani people,1996,0
Romani people,1997,0
Romani people,1998,0
Romani people,1999,0
Romani people,2000,0
Romani people,2001,0
Romani people,2002,0
Romani people,2003,0
Romani people,2004,0
Romani people,2005,0
Romani people,2006,0
Romani people,2007,1
Romani people,2008,1
Romani people,2009,1
Romani people,2010,1
Romani people,2011,1
Romani people,2012,1
Romani people,2013,1
Romani people,2014,1
Romani people,2015,2
Romani people,2016,2
Romani people,2017,2
Romani people,2018,2
Romani people,2019,2
Romani people,2020,2
Romani people,2021,2
Romani people,2022,2
Romani people,2023,2
Romani people,2024,2
Romani people,2025,2
Romani people,2026,2
Romania,1873,0
Romania,1874,0
Romania,1875,0
Romania,1876,0
Romania,1877,0
Romania,1878,0
Romania,1879,0
Romania,1880,0
Romania,1881,0
Romania,1882,0
Romania,1883,0
Romania,1884,0
Romania,1885,0
Romania,1886,0
Romania,1887,0
Romania,1888,0
Romania,1889,0
Romania,1890,0
Romania,1891,0
Romania,1892,0
Romania,1893,0
Romania,1894,0
Romania,1895,0
Romania,1896,0
Romania,1897,0
Romania,1898,0
Romania,1899,0
Romania,1900,0
Romania,1901,0
Romania,1902,0
Romania,1903,0
Romania,1904,0
Romania,1905,0
Romania,1906,0
Romania,1907,0
Romania,1908,0
Romania,1909,0
Romania,1910,0
Romania,1911,0
Romania,1912,0
Romania,1913,0
Romania,1914,0
Romania,1915,0
Romania,1916,0
Romania,1917,0
Romania,1918,0
Romania,1919,0
Romania,1920,0
Romania,1921,0
Romania,1922,1
Romania,1923,1
Romania,1924,1
Romania,1925,2
Romania,1926,5
Romania,1927,5
Romania,1928,6
Romania,1929,9
Romania,1930,11
Romania,1931,16
Romania,1932,18
Romania,1933,20
Romania,1934,22
Romania,1935,23
Romania,1936,26
Romania,1937,28
Romania,1938,28
Romania,1939,30
Romania,1940,31
Romania,1941,32
Romania,1942,32
Romania,1943,32
Romania,1944,32
Romania,1945,32
Romania,1946,33
Romania,1947,36
Romania,1948,38
Romania,1949,40
Romania,1950,41
Romania,1951,41
Romania,1952,44
Romania,1953,46
Romania,1954,47
Romania,1955,49
Romania,1956,51
Romania,1957,53
Romania,1958,54
Romania,1959,55
Romania,1960,55
Romania,1961,57
Romania,1962,59
Romania,1963,61
Romania,1964,62
Romania,1965,65
Romania,1966,70
Romania,1967,74
Romania,1968,75
Romania,1969,77
Romania,1970,79
Romania,1971,83
Romania,1972,85
Romania,1973,88
Romania,1974,90
Romania,1975,91
Romania,1976,92
Romania,1977,97
Romania,1978,100
Romania,1979,102
Romania,1980,105
Romania,1981,107
Romania,1982,111
Romania,1983,117
Romania,1984,120
Romania,1985,124
Romania,1986,129
Romania,1987,134
Romania,1988,139
Romania,1989,142
Romania,1990,149
Romania,1991,153
Romania,1992,158
Romania,1993,165
Romania,1994,174
Romania,1995,178
Romania,1996,184
Romania,1997,190
Romania,1998,197
Romania,1999,204
Romania,2000,211
Romania,2001,218
Romania,2002,222
Romania,2003,227
Romania,2004,234
Romania,2005,240
Romania,2006,247
Romania,2007,256
Romania,2008,261
Romania,2009,265
Romania,2010,266
Romania,2011,271
Romania,2012,277
Romania,2013,282
Romania,2014,287
Romania,2015,289
Romania,2016,292
Romania,2017,296
Romania,2018,303
Romania,2019,307
Romania,2020,310
Romania,2021,315
Romania,2022,318
Romania,2023,324
Romania,2024,330
Romania,2025,335
Romania,2026,336
Russia,1873,0
Russia,1874,0
Russia,1875,0
Russia,1876,0
Russia,1877,0
Russia,1878,0
Russia,1879,0
Russia,1880,0
Russia,1881,0
Russia,1882,0
Russia,1883,0
Russia,1884,0
Russia,1885,0
Russia,1886,0
Russia,1887,0
Russia,1888,0
Russia,1889,0
Russia,1890,0
Russia,1891,0
Russia,1892,0
Russia,1893,0
Russia,1894,0
Russia,1895,0
Russia,1896,0
Russia,1897,0
Russia,1898,0
Russia,1899,0
Russia,1900,0
Russia,1901,0
Russia,1902,0
Russia,1903,0
Russia,1904,0
Russia,1905,0
Russia,1906,0
Russia,1907,0
Russia,1908,0
Russia,1909,0
Russia,1910,2
Russia,1911,2
Russia,1912,2
Russia,1913,2
Russia,1914,2
Russia,1915,2
Russia,1916,2
Russia,1917,2
Russia,1918,2
Russia,1919,2
Russia,1920,2
Russia,1921,2
Russia,1922,2
Russia,1923,3
Russia,1924,4
Russia,1925,5
Russia,1926,5
Russia,1927,5
Russia,1928,5
Russia,1929,5
Russia,1930,5
Russia,1931,5
Russia,1932,5
Russia,1933,5
Russia,1934,5
Russia,1935,5
Russia,1936,5
Russia,1937,5
Russia,1938,5
Russia,1939,5
Russia,1940,5
Russia,1941,5
Russia,1942,5
Russia,1943,5
Russia,1944,5
Russia,1945,5
Russia,1946,5
Russia,1947,5
Russia,1948,5
Russia,1949,5
Russia,1950,5
Russia,1951,5
Russia,1952,6
Russia,1953,6
Russia,1954,7
Russia,1955,10
Russia,1956,16
Russia,1957,22
Russia,1958,26
Russia,1959,29
Russia,1960,33
Russia,1961,40
Russia,1962,46
Russia,1963,47
Russia,1964,50
Russia,1965,56
Russia,1966,66
Russia,1967,76
Russia,1968,79
Russia,1969,84
Russia,1970,90
Russia,1971,96
Russia,1972,102
Russia,1973,105
Russia,1974,106
Russia,1975,111
Russia,1976,113
Russia,1977,118
Russia,1978,127
Russia,1979,136
Russia,1980,144
Russia,1981,148
Russia,1982,153
Russia,1983,158
Russia,1984,161
Russia,1985,172
Russia,1986,176
Russia,1987,181
Russia,1988,191
Russia,1989,195
Russia,1990,202
Russia,1991,210
Russia,1992,215
Russia,1993,221
Russia,1994,227
Russia,1995,235
Russia,1996,244
Russia,1997,248
Russia,1998,250
Russia,1999,257
Russia,2000,262
Russia,2001,268
Russia,2002,271
Russia,2003,276
Russia,2004,280
Russia,2005,284
Russia,2006,287
Russia,2007,292
Russia,2008,300
Russia,2009,306
Russia,2010,310
Russia,2011,315
Russia,2012,322
Russia,2013,327
Russia,2014,333
Russia,2015,339
Russia,2016,342
Russia,2017,345
Russia,2018,350
Russia,2019,358
Russia,2020,360
Russia,2021,369
Russia,2022,370
Russia,2023,373
Russia,2024,377
Russia,2025,383
Russia,2026,388
Rwanda,1873,0
Rwanda,1874,0
Rwanda,1875,0
Rwanda,1876,0
Rwanda,1877,0
Rwanda,1878,0
Rwanda,1879,0
Rwanda,1880,0
Rwanda,1881,0
Rwanda,1882,0
Rwanda,1883,0
Rwanda,1884,0
Rwanda,1885,0
Rwanda,1886,0
Rwanda,1887,0
Rwanda,1888,0
Rwanda,1889,0
Rwanda,1890,0
Rwanda,1891,0
Rwanda,1892,0
Rwanda,1893,0
Rwanda,1894,0
Rwanda,1895,0
Rwanda,1896,0
Rwanda,1897,0
Rwanda,1898,0
Rwanda,1899,0
Rwanda,1900,0
Rwanda,1901,0
Rwanda,1902,0
Rwanda,1903,0
Rwanda,1904,0
Rwanda,1905,0
Rwanda,1906,0
Rwanda,1907,0
Rwanda,1908,0
Rwanda,1909,0
Rwanda,1910,0
Rwanda,1911,0
Rwanda,1912,0
Rwanda,1913,0
Rwanda,1914,0
Rwanda,1915,0
Rwanda,1916,0
Rwanda,1917,0
Rwanda,1918,0
Rwanda,1919,0
Rwanda,1920,0
Rwanda,1921,0
Rwanda,1922,0
Rwanda,1923,0
Rwanda,1924,0
Rwanda,1925,0
Rwanda,1926,0
Rwanda,1927,0
Rwanda,1928,0
Rwanda,1929,0
Rwanda,1930,0
Rwanda,1931,0
Rwanda,1932,0
Rwanda,1933,0
Rwanda,1934,0
Rwanda,1935,0
Rwanda,1936,0
Rwanda,1937,0
Rwanda,1938,0
Rwanda,1939,0
Rwanda,1940,0
Rwanda,1941,0
Rwanda,1942,0
Rwanda,1943,0
Rwanda,1944,0
Rwanda,1945,0
Rwanda,1946,0
Rwanda,1947,0
Rwanda,1948,0
Rwanda,1949,0
Rwanda,1950,0
Rwanda,1951,0
Rwanda,1952,0
Rwanda,1953,0
Rwanda,1954,0
Rwanda,1955,0
Rwanda,1956,0
Rwanda,1957,0
Rwanda,1958,0
Rwanda,1959,0
Rwanda,1960,0
Rwanda,1961,0
Rwanda,1962,0
Rwanda,1963,0
Rwanda,1964,0
Rwanda,1965,0
Rwanda,1966,0
Rwanda,1967,0
Rwanda,1968,0
Rwanda,1969,0
Rwanda,1970,0
Rwanda,1971,0
Rwanda,1972,0
Rwanda,1973,0
Rwanda,1974,0
Rwanda,1975,0
Rwanda,1976,0
Rwanda,1977,0
Rwanda,1978,0
Rwanda,1979,0
Rwanda,1980,0
Rwanda,1981,1
Rwanda,1982,2
Rwanda,1983,2
Rwanda,1984,2
Rwanda,1985,2
Rwanda,1986,3
Rwanda,1987,3
Rwanda,1988,3
Rwanda,1989,3
Rwanda,1990,3
Rwanda,1991,3
Rwanda,1992,3
Rwanda,1993,3
Rwanda,1994,3
Rwanda,1995,3
Rwanda,1996,3
Rwanda,1997,3
Rwanda,1998,4
Rwanda,1999,7
Rwanda,2000,13
Rwanda,2001,16
Rwanda,2002,20
Rwanda,2003,24
Rwanda,2004,29
Rwanda,2005,33
Rwanda,2006,35
Rwanda,2007,41
Rwanda,2008,44
Rwanda,2009,49
Rwanda,2010,49
Rwanda,2011,57
Rwanda,2012,59
Rwanda,2013,60
Rwanda,2014,64
Rwanda,2015,69
Rwanda,2016,71
Rwanda,2017,73
Rwanda,2018,73
Rwanda,2019,76
Rwanda,2020,76
Rwanda,2021,79
Rwanda,2022,81
Rwanda,2023,82
Rwanda,2024,85
Rwanda,2025,86
Rwanda,2026,90
Réunion,1873,0
Réunion,1874,0
Réunion,1875,0
Réunion,1876,0
Réunion,1877,0
Réunion,1878,0
Réunion,1879,0
Réunion,1880,0
Réunion,1881,0
Réunion,1882,0
Réunion,1883,0
Réunion,1884,0
Réunion,1885,0
Réunion,1886,0
Réunion,1887,0
Réunion,1888,0
Réunion,1889,0
Réunion,1890,0
Réunion,1891,0
Réunion,1892,0
Réunion,1893,0
Réunion,1894,0
Réunion,1895,0
Réunion,1896,0
Réunion,1897,0
Réunion,1898,0
Réunion,1899,0
Réunion,1900,0
Réunion,1901,0
Réunion,1902,0
Réunion,1903,0
Réunion,1904,0
Réunion,1905,0
Réunion,1906,0
Réunion,1907,0
Réunion,1908,0
Réunion,1909,0
Réunion,1910,0
Réunion,1911,0
Réunion,1912,0
Réunion,1913,0
Réunion,1914,0
Réunion,1915,0
Réunion,1916,0
Réunion,1917,0
Réunion,1918,0
Réunion,1919,0
Réunion,1920,0
Réunion,1921,0
Réunion,1922,0
Réunion,1923,0
Réunion,1924,0
Réunion,1925,0
Réunion,1926,0
Réunion,1927,0
Réunion,1928,0
Réunion,1929,0
Réunion,1930,0
Réunion,1931,0
Réunion,1932,0
Réunion,1933,0
Réunion,1934,0
Réunion,1935,0
Réunion,1936,0
Réunion,1937,0
Réunion,1938,0
Réunion,1939,0
Réunion,1940,0
Réunion,1941,0
Réunion,1942,0
Réunion,1943,0
Réunion,1944,0
Réunion,1945,0
Réunion,1946,0
Réunion,1947,0
Réunion,1948,0
Réunion,1949,0
Réunion,1950,1
Réunion,1951,1
Réunion,1952,1
Réunion,1953,1
Réunion,1954,2
Réunion,1955,2
Réunion,1956,2
Réunion,1957,3
Réunion,1958,3
Réunion,1959,3
Réunion,1960,3
Réunion,1961,3
Réunion,1962,3
Réunion,1963,4
Réunion,1964,4
Réunion,1965,4
Réunion,1966,4
Réunion,1967,4
Réunion,1968,4
Réunion,1969,4
Réunion,1970,4
Réunion,1971,4
Réunion,1972,4
Réunion,1973,4
Réunion,1974,5
Réunion,1975,5
Réunion,1976,6
Réunion,1977,7
Réunion,1978,9
Réunion,1979,13
Réunion,1980,13
Réunion,1981,13
Réunion,1982,14
Réunion,1983,15
Réunion,1984,15
Réunion,1985,17
Réunion,1986,18
Réunion,1987,18
Réunion,1988,19
Réunion,1989,19
Réunion,1990,20
Réunion,1991,20
Réunion,1992,20
Réunion,1993,24
Réunion,1994,24
Réunion,1995,24
Réunion,1996,24
Réunion,1997,24
Réunion,1998,27
Réunion,1999,27
Réunion,2000,27
Réunion,2001,27
Réunion,2002,27
Réunion,2003,30
Réunion,2004,30
Réunion,2005,30
Réunion,2006,31
Réunion,2007,32
Réunion,2008,35
Réunion,2009,35
Réunion,2010,38
Réunion,2011,42
Réunion,2012,45
Réunion,2013,45
Réunion,2014,45
Réunion,2015,49
Réunion,2016,49
Réunion,2017,49
Réunion,2018,49
Réunion,2019,52
Réunion,2020,52
Réunion,2021,52
Réunion,2022,52
Réunion,2023,53
Réunion,2024,53
Réunion,2025,53
Réunion,2026,53
Saare County,1873,0
Saare County,1874,0
Saare County,1875,0
Saare County,1876,0
Saare County,1877,0
Saare County,1878,0
Saare County,1879,0
Saare County,1880,0
Saare County,1881,0
Saare County,1882,0
Saare County,1883,0
Saare County,1884,0
Saare County,1885,0
Saare County,1886,0
Saare County,1887,0
Saare County,1888,0
Saare County,1889,0
Saare County,1890,0
Saare County,1891,0
Saare County,1892,0
Saare County,1893,0
Saare County,1894,0
Saare County,1895,0
Saare County,1896,0
Saare County,1897,0
Saare County,1898,0
Saare County,1899,0
Saare County,1900,0
Saare County,1901,0
Saare County,1902,0
Saare County,1903,0
Saare County,1904,0
Saare County,1905,0
Saare County,1906,0
Saare County,1907,0
Saare County,1908,0
Saare County,1909,0
Saare County,1910,0
Saare County,1911,0
Saare County,1912,0
Saare County,1913,0
Saare County,1914,0
Saare County,1915,0
Saare County,1916,0
Saare County,1917,0
Saare County,1918,0
Saare County,1919,0
Saare County,1920,0
Saare County,1921,0
Saare County,1922,0
Saare County,1923,0
Saare County,1924,0
Saare County,1925,0
Saare County,1926,0
Saare County,1927,0
Saare County,1928,0
Saare County,1929,0
Saare County,1930,0
Saare County,1931,0
Saare County,1932,0
Saare County,1933,0
Saare County,1934,0
Saare County,1935,0
Saare County,1936,0
Saare County,1937,0
Saare County,1938,0
Saare County,1939,0
Saare County,1940,0
Saare County,1941,0
Saare County,1942,0
Saare County,1943,0
Saare County,1944,0
Saare County,1945,0
Saare County,1946,0
Saare County,1947,0
Saare County,1948,0
Saare County,1949,0
Saare County,1950,0
Saare County,1951,0
Saare County,1952,0
Saare County,1953,0
Saare County,1954,0
Saare County,1955,0
Saare County,1956,0
Saare County,1957,0
Saare County,1958,0
Saare County,1959,0
Saare County,1960,0
Saare County,1961,0
Saare County,1962,0
Saare County,1963,0
Saare County,1964,0
Saare County,1965,0
Saare County,1966,0
Saare County,1967,0
Saare County,1968,0
Saare County,1969,0
Saare County,1970,0
Saare County,1971,0
Saare County,1972,0
Saare County,1973,0
Saare County,1974,0
Saare County,1975,0
Saare County,1976,0
Saare County,1977,0
Saare County,1978,0
Saare County,1979,0
Saare County,1980,0
Saare County,1981,0
Saare County,1982,0
Saare County,1983,0
Saare County,1984,0
Saare County,1985,0
Saare County,1986,0
Saare County,1987,0
Saare County,1988,0
Saare County,1989,0
Saare County,1990,0
Saare County,1991,0
Saare County,1992,0
Saare County,1993,0
Saare County,1994,0
Saare County,1995,0
Saare County,1996,0
Saare County,1997,0
Saare County,1998,0
Saare County,1999,0
Saare County,2000,0
Saare County,2001,1
Saare County,2002,1
Saare County,2003,1
Saare County,2004,1
Saare County,2005,2
Saare County,2006,2
Saare County,2007,2
Saare County,2008,2
Saare County,2009,2
Saare County,2010,2
Saare County,2011,3
Saare County,2012,3
Saare County,2013,3
Saare County,2014,3
Saare County,2015,4
Saare County,2016,4
Saare County,2017,5
Saare County,2018,5
Saare County,2019,5
Saare County,2020,5
Saare County,2021,5
Saare County,2022,5
Saare County,2023,5
Saare County,2024,5
Saare County,2025,5
Saare County,2026,5
Saarland,1873,0
Saarland,1874,0
Saarland,1875,0
Saarland,1876,0
Saarland,1877,0
Saarland,1878,0
Saarland,1879,0
Saarland,1880,0
Saarland,1881,0
Saarland,1882,0
Saarland,1883,0
Saarland,1884,0
Saarland,1885,0
Saarland,1886,0
Saarland,1887,0
Saarland,1888,0
Saarland,1889,0
Saarland,1890,0
Saarland,1891,0
Saarland,1892,0
Saarland,1893,0
Saarland,1894,0
Saarland,1895,0
Saarland,1896,0
Saarland,1897,0
Saarland,1898,0
Saarland,1899,0
Saarland,1900,0
Saarland,1901,0
Saarland,1902,0
Saarland,1903,0
Saarland,1904,0
Saarland,1905,0
Saarland,1906,0
Saarland,1907,0
Saarland,1908,0
Saarland,1909,0
Saarland,1910,0
Saarland,1911,0
Saarland,1912,0
Saarland,1913,0
Saarland,1914,0
Saarland,1915,0
Saarland,1916,0
Saarland,1917,0
Saarland,1918,0
Saarland,1919,0
Saarland,1920,0
Saarland,1921,0
Saarland,1922,0
Saarland,1923,0
Saarland,1924,0
Saarland,1925,0
Saarland,1926,0
Saarland,1927,0
Saarland,1928,0
Saarland,1929,0
Saarland,1930,0
Saarland,1931,0
Saarland,1932,0
Saarland,1933,0
Saarland,1934,0
Saarland,1935,0
Saarland,1936,0
Saarland,1937,0
Saarland,1938,0
Saarland,1939,0
Saarland,1940,0
Saarland,1941,0
Saarland,1942,0
Saarland,1943,0
Saarland,1944,0
Saarland,1945,0
Saarland,1946,0
Saarland,1947,0
Saarland,1948,0
Saarland,1949,0
Saarland,1950,0
Saarland,1951,0
Saarland,1952,0
Saarland,1953,1
Saarland,1954,1
Saarland,1955,1
Saarland,1956,1
Saarland,1957,1
Saarland,1958,1
Saarland,1959,1
Saarland,1960,1
Saarland,1961,1
Saarland,1962,1
Saarland,1963,1
Saarland,1964,1
Saarland,1965,1
Saarland,1966,1
Saarland,1967,1
Saarland,1968,1
Saarland,1969,1
Saarland,1970,1
Saarland,1971,1
Saarland,1972,1
Saarland,1973,1
Saarland,1974,1
Saarland,1975,1
Saarland,1976,1
Saarland,1977,1
Saarland,1978,1
Saarland,1979,1
Saarland,1980,1
Saarland,1981,1
Saarland,1982,1
Saarland,1983,1
Saarland,1984,1
Saarland,1985,1
Saarland,1986,1
Saarland,1987,1
Saarland,1988,1
Saarland,1989,1
Saarland,1990,1
Saarland,1991,1
Saarland,1992,1
Saarland,1993,1
Saarland,1994,1
Saarland,1995,1
Saarland,1996,1
Saarland,1997,1
Saarland,1998,1
Saarland,1999,1
Saarland,2000,1
Saarland,2001,1
Saarland,2002,1
Saarland,2003,1
Saarland,2004,1
Saarland,2005,1
Saarland,2006,1
Saarland,2007,1
Saarland,2008,1
Saarland,2009,1
Saarland,2010,1
Saarland,2011,1
Saarland,2012,1
Saarland,2013,1
Saarland,2014,1
Saarland,2015,1
Saarland,2016,1
Saarland,2017,1
Saarland,2018,1
Saarland,2019,1
Saarland,2020,1
Saarland,2021,1
Saarland,2022,1
Saarland,2023,1
Saarland,2024,1
Saarland,2025,1
Saarland,2026,1
Saint Barthélemy,1873,0
Saint Barthélemy,1874,0
Saint Barthélemy,1875,0
Saint Barthélemy,1876,0
Saint Barthélemy,1877,0
Saint Barthélemy,1878,0
Saint Barthélemy,1879,0
Saint Barthélemy,1880,0
Saint Barthélemy,1881,0
Saint Barthélemy,1882,0
Saint Barthélemy,1883,0
Saint Barthélemy,1884,0
Saint Barthélemy,1885,0
Saint Barthélemy,1886,0
Saint Barthélemy,1887,0
Saint Barthélemy,1888,0
Saint Barthélemy,1889,0
Saint Barthélemy,1890,0
Saint Barthélemy,1891,0
Saint Barthélemy,1892,0
Saint Barthélemy,1893,0
Saint Barthélemy,1894,0
Saint Barthélemy,1895,0
Saint Barthélemy,1896,0
Saint Barthélemy,1897,0
Saint Barthélemy,1898,0
Saint Barthélemy,1899,0
Saint Barthélemy,1900,0
Saint Barthélemy,1901,0
Saint Barthélemy,1902,0
Saint Barthélemy,1903,0
Saint Barthélemy,1904,0
Saint Barthélemy,1905,0
Saint Barthélemy,1906,0
Saint Barthélemy,1907,0
Saint Barthélemy,1908,0
Saint Barthélemy,1909,0
Saint Barthélemy,1910,0
Saint Barthélemy,1911,0
Saint Barthélemy,1912,0
Saint Barthélemy,1913,0
Saint Barthélemy,1914,0
Saint Barthélemy,1915,0
Saint Barthélemy,1916,0
Saint Barthélemy,1917,0
Saint Barthélemy,1918,0
Saint Barthélemy,1919,0
Saint Barthélemy,1920,0
Saint Barthélemy,1921,0
Saint Barthélemy,1922,0
Saint Barthélemy,1923,0
Saint Barthélemy,1924,0
Saint Barthélemy,1925,0
Saint Barthélemy,1926,0
Saint Barthélemy,1927,0
Saint Barthélemy,1928,0
Saint Barthélemy,1929,0
Saint Barthélemy,1930,0
Saint Barthélemy,1931,0
Saint Barthélemy,1932,0
Saint Barthélemy,1933,0
Saint Barthélemy,1934,0
Saint Barthélemy,1935,0
Saint Barthélemy,1936,0
Saint Barthélemy,1937,0
Saint Barthélemy,1938,0
Saint Barthélemy,1939,0
Saint Barthélemy,1940,0
Saint Barthélemy,1941,0
Saint Barthélemy,1942,0
Saint Barthélemy,1943,0
Saint Barthélemy,1944,0
Saint Barthélemy,1945,0
Saint Barthélemy,1946,0
Saint Barthélemy,1947,0
Saint Barthélemy,1948,0
Saint Barthélemy,1949,0
Saint Barthélemy,1950,0
Saint Barthélemy,1951,0
Saint Barthélemy,1952,0
Saint Barthélemy,1953,0
Saint Barthélemy,1954,0
Saint Barthélemy,1955,0
Saint Barthélemy,1956,0
Saint Barthélemy,1957,0
Saint Barthélemy,1958,0
Saint Barthélemy,1959,0
Saint Barthélemy,1960,0
Saint Barthélemy,1961,0
Saint Barthélemy,1962,0
Saint Barthélemy,1963,0
Saint Barthélemy,1964,0
Saint Barthélemy,1965,0
Saint Barthélemy,1966,0
Saint Barthélemy,1967,0
Saint Barthélemy,1968,0
Saint Barthélemy,1969,0
Saint Barthélemy,1970,0
Saint Barthélemy,1971,0
Saint Barthélemy,1972,0
Saint Barthélemy,1973,0
Saint Barthélemy,1974,0
Saint Barthélemy,1975,0
Saint Barthélemy,1976,0
Saint Barthélemy,1977,0
Saint Barthélemy,1978,0
Saint Barthélemy,1979,0
Saint Barthélemy,1980,0
Saint Barthélemy,1981,0
Saint Barthélemy,1982,0
Saint Barthélemy,1983,0
Saint Barthélemy,1984,0
Saint Barthélemy,1985,0
Saint Barthélemy,1986,0
Saint Barthélemy,1987,0
Saint Barthélemy,1988,0
Saint Barthélemy,1989,0
Saint Barthélemy,1990,0
Saint Barthélemy,1991,0
Saint Barthélemy,1992,0
Saint Barthélemy,1993,0
Saint Barthélemy,1994,0
Saint Barthélemy,1995,0
Saint Barthélemy,1996,0
Saint Barthélemy,1997,0
Saint Barthélemy,1998,0
Saint Barthélemy,1999,0
Saint Barthélemy,2000,0
Saint Barthélemy,2001,0
Saint Barthélemy,2002,0
Saint Barthélemy,2003,0
Saint Barthélemy,2004,0
Saint Barthélemy,2005,0
Saint Barthélemy,2006,0
Saint Barthélemy,2007,0
Saint Barthélemy,2008,0
Saint Barthélemy,2009,0
Saint Barthélemy,2010,0
Saint Barthélemy,2011,0
Saint Barthélemy,2012,0
Saint Barthélemy,2013,0
Saint Barthélemy,2014,0
Saint Barthélemy,2015,0
Saint Barthélemy,2016,0
Saint Barthélemy,2017,0
Saint Barthélemy,2018,2
Saint Barthélemy,2019,3
Saint Barthélemy,2020,3
Saint Barthélemy,2021,3
Saint Barthélemy,2022,3
Saint Barthélemy,2023,4
Saint Barthélemy,2024,4
Saint Barthélemy,2025,4
Saint Barthélemy,2026,4
Saint Kitts and Nevis,1873,0
Saint Kitts and Nevis,1874,0
Saint Kitts and Nevis,1875,0
Saint Kitts and Nevis,1876,0
Saint Kitts and Nevis,1877,0
Saint Kitts and Nevis,1878,0
Saint Kitts and Nevis,1879,0
Saint Kitts and Nevis,1880,0
Saint Kitts and Nevis,1881,0
Saint Kitts and Nevis,1882,0
Saint Kitts and Nevis,1883,0
Saint Kitts and Nevis,1884,0
Saint Kitts and Nevis,1885,0
Saint Kitts and Nevis,1886,0
Saint Kitts and Nevis,1887,0
Saint Kitts and Nevis,1888,0
Saint Kitts and Nevis,1889,0
Saint Kitts and Nevis,1890,0
Saint Kitts and Nevis,1891,0
Saint Kitts and Nevis,1892,0
Saint Kitts and Nevis,1893,0
Saint Kitts and Nevis,1894,0
Saint Kitts and Nevis,1895,0
Saint Kitts and Nevis,1896,0
Saint Kitts and Nevis,1897,0
Saint Kitts and Nevis,1898,0
Saint Kitts and Nevis,1899,0
Saint Kitts and Nevis,1900,0
Saint Kitts and Nevis,1901,0
Saint Kitts and Nevis,1902,0
Saint Kitts and Nevis,1903,0
Saint Kitts and Nevis,1904,0
Saint Kitts and Nevis,1905,0
Saint Kitts and Nevis,1906,0
Saint Kitts and Nevis,1907,0
Saint Kitts and Nevis,1908,0
Saint Kitts and Nevis,1909,0
Saint Kitts and Nevis,1910,0
Saint Kitts and Nevis,1911,0
Saint Kitts and Nevis,1912,0
Saint Kitts and Nevis,1913,0
Saint Kitts and Nevis,1914,0
Saint Kitts and Nevis,1915,0
Saint Kitts and Nevis,1916,0
Saint Kitts and Nevis,1917,0
Saint Kitts and Nevis,1918,0
Saint Kitts and Nevis,1919,0
Saint Kitts and Nevis,1920,0
Saint Kitts and Nevis,1921,0
Saint Kitts and Nevis,1922,0
Saint Kitts and Nevis,1923,0
Saint Kitts and Nevis,1924,0
Saint Kitts and Nevis,1925,0
Saint Kitts and Nevis,1926,0
Saint Kitts and Nevis,1927,0
Saint Kitts and Nevis,1928,0
Saint Kitts and Nevis,1929,0
Saint Kitts and Nevis,1930,0
Saint Kitts and Nevis,1931,0
Saint Kitts and Nevis,1932,0
Saint Kitts and Nevis,1933,0
Saint Kitts and Nevis,1934,0
Saint Kitts and Nevis,1935,0
Saint Kitts and Nevis,1936,0
Saint Kitts and Nevis,1937,0
Saint Kitts and Nevis,1938,0
Saint Kitts and Nevis,1939,0
Saint Kitts and Nevis,1940,0
Saint Kitts and Nevis,1941,0
Saint Kitts and Nevis,1942,0
Saint Kitts and Nevis,1943,0
Saint Kitts and Nevis,1944,0
Saint Kitts and Nevis,1945,0
Saint Kitts and Nevis,1946,0
Saint Kitts and Nevis,1947,0
Saint Kitts and Nevis,1948,0
Saint Kitts and Nevis,1949,0
Saint Kitts and Nevis,1950,0
Saint Kitts and Nevis,1951,0
Saint Kitts and Nevis,1952,0
Saint Kitts and Nevis,1953,0
Saint Kitts and Nevis,1954,0
Saint Kitts and Nevis,1955,0
Saint Kitts and Nevis,1956,0
Saint Kitts and Nevis,1957,0
Saint Kitts and Nevis,1958,0
Saint Kitts and Nevis,1959,0
Saint Kitts and Nevis,1960,0
Saint Kitts and Nevis,1961,0
Saint Kitts and Nevis,1962,0
Saint Kitts and Nevis,1963,0
Saint Kitts and Nevis,1964,0
Saint Kitts and Nevis,1965,0
Saint Kitts and Nevis,1966,0
Saint Kitts and Nevis,1967,0
Saint Kitts and Nevis,1968,0
Saint Kitts and Nevis,1969,0
Saint Kitts and Nevis,1970,0
Saint Kitts and Nevis,1971,0
Saint Kitts and Nevis,1972,0
Saint Kitts and Nevis,1973,0
Saint Kitts and Nevis,1974,0
Saint Kitts and Nevis,1975,0
Saint Kitts and Nevis,1976,0
Saint Kitts and Nevis,1977,0
Saint Kitts and Nevis,1978,0
Saint Kitts and Nevis,1979,0
Saint Kitts and Nevis,1980,0
Saint Kitts and Nevis,1981,0
Saint Kitts and Nevis,1982,0
Saint Kitts and Nevis,1983,0
Saint Kitts and Nevis,1984,0
Saint Kitts and Nevis,1985,2
Saint Kitts and Nevis,1986,2
Saint Kitts and Nevis,1987,2
Saint Kitts and Nevis,1988,2
Saint Kitts and Nevis,1989,4
Saint Kitts and Nevis,1990,6
Saint Kitts and Nevis,1991,6
Saint Kitts and Nevis,1992,8
Saint Kitts and Nevis,1993,10
Saint Kitts and Nevis,1994,11
Saint Kitts and Nevis,1995,13
Saint Kitts and Nevis,1996,17
Saint Kitts and Nevis,1997,19
Saint Kitts and Nevis,1998,22
Saint Kitts and Nevis,1999,25
Saint Kitts and Nevis,2000,27
Saint Kitts and Nevis,2001,32
Saint Kitts and Nevis,2002,36
Saint Kitts and Nevis,2003,37
Saint Kitts and Nevis,2004,45
Saint Kitts and Nevis,2005,45
Saint Kitts and Nevis,2006,47
Saint Kitts and Nevis,2007,49
Saint Kitts and Nevis,2008,50
Saint Kitts and Nevis,2009,51
Saint Kitts and Nevis,2010,54
Saint Kitts and Nevis,2011,56
Saint Kitts and Nevis,2012,57
Saint Kitts and Nevis,2013,57
Saint Kitts and Nevis,2014,59
Saint Kitts and Nevis,2015,63
Saint Kitts and Nevis,2016,67
Saint Kitts and Nevis,2017,69
Saint Kitts and Nevis,2018,71
Saint Kitts and Nevis,2019,73
Saint Kitts and Nevis,2020,73
Saint Kitts and Nevis,2021,76
Saint Kitts and Nevis,2022,77
Saint Kitts and Nevis,2023,80
Saint Kitts and Nevis,2024,86
Saint Kitts and Nevis,2025,89
Saint Kitts and Nevis,2026,92
Saint Lucia,1873,0
Saint Lucia,1874,0
Saint Lucia,1875,0
Saint Lucia,1876,0
Saint Lucia,1877,0
Saint Lucia,1878,0
Saint Lucia,1879,0
Saint Lucia,1880,0
Saint Lucia,1881,0
Saint Lucia,1882,0
Saint Lucia,1883,0
Saint Lucia,1884,0
Saint Lucia,1885,0
Saint Lucia,1886,0
Saint Lucia,1887,0
Saint Lucia,1888,0
Saint Lucia,1889,0
Saint Lucia,1890,0
Saint Lucia,1891,0
Saint Lucia,1892,0
Saint Lucia,1893,0
Saint Lucia,1894,0
Saint Lucia,1895,0
Saint Lucia,1896,0
Saint Lucia,1897,0
Saint Lucia,1898,0
Saint Lucia,1899,0
Saint Lucia,1900,0
Saint Lucia,1901,0
Saint Lucia,1902,0
Saint Lucia,1903,0
Saint Lucia,1904,0
Saint Lucia,1905,0
Saint Lucia,1906,0
Saint Lucia,1907,0
Saint Lucia,1908,0
Saint Lucia,1909,0
Saint Lucia,1910,0
Saint Lucia,1911,0
Saint Lucia,1912,0
Saint Lucia,1913,0
Saint Lucia,1914,0
Saint Lucia,1915,0
Saint Lucia,1916,0
Saint Lucia,1917,0
Saint Lucia,1918,0
Saint Lucia,1919,0
Saint Lucia,1920,0
Saint Lucia,1921,0
Saint Lucia,1922,0
Saint Lucia,1923,0
Saint Lucia,1924,0
Saint Lucia,1925,0
Saint Lucia,1926,0
Saint Lucia,1927,0
Saint Lucia,1928,0
Saint Lucia,1929,0
Saint Lucia,1930,0
Saint Lucia,1931,0
Saint Lucia,1932,0
Saint Lucia,1933,0
Saint Lucia,1934,0
Saint Lucia,1935,0
Saint Lucia,1936,0
Saint Lucia,1937,0
Saint Lucia,1938,1
Saint Lucia,1939,1
Saint Lucia,1940,1
Saint Lucia,1941,1
Saint Lucia,1942,1
Saint Lucia,1943,1
Saint Lucia,1944,1
Saint Lucia,1945,1
Saint Lucia,1946,1
Saint Lucia,1947,1
Saint Lucia,1948,1
Saint Lucia,1949,1
Saint Lucia,1950,1
Saint Lucia,1951,1
Saint Lucia,1952,1
Saint Lucia,1953,1
Saint Lucia,1954,1
Saint Lucia,1955,1
Saint Lucia,1956,1
Saint Lucia,1957,1
Saint Lucia,1958,1
Saint Lucia,1959,1
Saint Lucia,1960,1
Saint Lucia,1961,2
Saint Lucia,1962,2
Saint Lucia,1963,2
Saint Lucia,1964,4
Saint Lucia,1965,5
Saint Lucia,1966,5
Saint Lucia,1967,7
Saint Lucia,1968,8
Saint Lucia,1969,9
Saint Lucia,1970,9
Saint Lucia,1971,9
Saint Lucia,1972,12
Saint Lucia,1973,13
Saint Lucia,1974,13
Saint Lucia,1975,13
Saint Lucia,1976,13
Saint Lucia,1977,13
Saint Lucia,1978,13
Saint Lucia,1979,13
Saint Lucia,1980,13
Saint Lucia,1981,13
Saint Lucia,1982,13
Saint Lucia,1983,13
Saint Lucia,1984,14
Saint Lucia,1985,14
Saint Lucia,1986,15
Saint Lucia,1987,15
Saint Lucia,1988,15
Saint Lucia,1989,15
Saint Lucia,1990,16
Saint Lucia,1991,20
Saint Lucia,1992,21
Saint Lucia,1993,24
Saint Lucia,1994,24
Saint Lucia,1995,27
Saint Lucia,1996,28
Saint Lucia,1997,29
Saint Lucia,1998,32
Saint Lucia,1999,36
Saint Lucia,2000,41
Saint Lucia,2001,45
Saint Lucia,2002,49
Saint Lucia,2003,50
Saint Lucia,2004,54
Saint Lucia,2005,54
Saint Lucia,2006,54
Saint Lucia,2007,54
Saint Lucia,2008,55
Saint Lucia,2009,55
Saint Lucia,2010,55
Saint Lucia,2011,56
Saint Lucia,2012,57
Saint Lucia,2013,59
Saint Lucia,2014,62
Saint Lucia,2015,63
Saint Lucia,2016,63
Saint Lucia,2017,64
Saint Lucia,2018,65
Saint Lucia,2019,67
Saint Lucia,2020,67
Saint Lucia,2021,67
Saint Lucia,2022,70
Saint Lucia,2023,76
Saint Lucia,2024,79
Saint Lucia,2025,80
Saint Lucia,2026,83
Saint Martin,1873,0
Saint Martin,1874,0
Saint Martin,1875,0
Saint Martin,1876,0
Saint Martin,1877,0
Saint Martin,1878,0
Saint Martin,1879,0
Saint Martin,1880,0
Saint Martin,1881,0
Saint Martin,1882,0
Saint Martin,1883,0
Saint Martin,1884,0
Saint Martin,1885,0
Saint Martin,1886,0
Saint Martin,1887,0
Saint Martin,1888,0
Saint Martin,1889,0
Saint Martin,1890,0
Saint Martin,1891,0
Saint Martin,1892,0
Saint Martin,1893,0
Saint Martin,1894,0
Saint Martin,1895,0
Saint Martin,1896,0
Saint Martin,1897,0
Saint Martin,1898,0
Saint Martin,1899,0
Saint Martin,1900,0
Saint Martin,1901,0
Saint Martin,1902,0
Saint Martin,1903,0
Saint Martin,1904,0
Saint Martin,1905,0
Saint Martin,1906,0
Saint Martin,1907,0
Saint Martin,1908,0
Saint Martin,1909,0
Saint Martin,1910,0
Saint Martin,1911,0
Saint Martin,1912,0
Saint Martin,1913,0
Saint Martin,1914,0
Saint Martin,1915,0
Saint Martin,1916,0
Saint Martin,1917,0
Saint Martin,1918,0
Saint Martin,1919,0
Saint Martin,1920,0
Saint Martin,1921,0
Saint Martin,1922,0
Saint Martin,1923,0
Saint Martin,1924,0
Saint Martin,1925,0
Saint Martin,1926,0
Saint Martin,1927,0
Saint Martin,1928,0
Saint Martin,1929,0
Saint Martin,1930,0
Saint Martin,1931,0
Saint Martin,1932,0
Saint Martin,1933,0
Saint Martin,1934,0
Saint Martin,1935,0
Saint Martin,1936,0
Saint Martin,1937,0
Saint Martin,1938,0
Saint Martin,1939,0
Saint Martin,1940,0
Saint Martin,1941,0
Saint Martin,1942,0
Saint Martin,1943,0
Saint Martin,1944,0
Saint Martin,1945,0
Saint Martin,1946,0
Saint Martin,1947,0
Saint Martin,1948,0
Saint Martin,1949,0
Saint Martin,1950,0
Saint Martin,1951,0
Saint Martin,1952,0
Saint Martin,1953,0
Saint Martin,1954,0
Saint Martin,1955,0
Saint Martin,1956,0
Saint Martin,1957,0
Saint Martin,1958,0
Saint Martin,1959,0
Saint Martin,1960,0
Saint Martin,1961,0
Saint Martin,1962,0
Saint Martin,1963,0
Saint Martin,1964,0
Saint Martin,1965,0
Saint Martin,1966,0
Saint Martin,1967,0
Saint Martin,1968,0
Saint Martin,1969,0
Saint Martin,1970,0
Saint Martin,1971,0
Saint Martin,1972,0
Saint Martin,1973,0
Saint Martin,1974,0
Saint Martin,1975,0
Saint Martin,1976,0
Saint Martin,1977,0
Saint Martin,1978,0
Saint Martin,1979,0
Saint Martin,1980,0
Saint Martin,1981,0
Saint Martin,1982,0
Saint Martin,1983,0
Saint Martin,1984,0
Saint Martin,1985,0
Saint Martin,1986,0
Saint Martin,1987,0
Saint Martin,1988,0
Saint Martin,1989,0
Saint Martin,1990,2
Saint Martin,1991,2
Saint Martin,1992,2
Saint Martin,1993,2
Saint Martin,1994,2
Saint Martin,1995,2
Saint Martin,1996,2
Saint Martin,1997,2
Saint Martin,1998,2
Saint Martin,1999,2
Saint Martin,2000,2
Saint Martin,2001,5
Saint Martin,2002,7
Saint Martin,2003,7
Saint Martin,2004,7
Saint Martin,2005,7
Saint Martin,2006,7
Saint Martin,2007,7
Saint Martin,2008,7
Saint Martin,2009,7
Saint Martin,2010,10
Saint Martin,2011,10
Saint Martin,2012,10
Saint Martin,2013,10
Saint Martin,2014,11
Saint Martin,2015,11
Saint Martin,2016,11
Saint Martin,2017,11
Saint Martin,2018,12
Saint Martin,2019,15
Saint Martin,2020,15
Saint Martin,2021,15
Saint Martin,2022,15
Saint Martin,2023,20
Saint Martin,2024,22
Saint Martin,2025,23
Saint Martin,2026,28
Saint Vincent and the Grenadines,1873,0
Saint Vincent and the Grenadines,1874,0
Saint Vincent and the Grenadines,1875,0
Saint Vincent and the Grenadines,1876,0
Saint Vincent and the Grenadines,1877,0
Saint Vincent and the Grenadines,1878,0
Saint Vincent and the Grenadines,1879,0
Saint Vincent and the Grenadines,1880,0
Saint Vincent and the Grenadines,1881,0
Saint Vincent and the Grenadines,1882,0
Saint Vincent and the Grenadines,1883,0
Saint Vincent and the Grenadines,1884,0
Saint Vincent and the Grenadines,1885,0
Saint Vincent and the Grenadines,1886,0
Saint Vincent and the Grenadines,1887,0
Saint Vincent and the Grenadines,1888,0
Saint Vincent and the Grenadines,1889,0
Saint Vincent and the Grenadines,1890,0
Saint Vincent and the Grenadines,1891,0
Saint Vincent and the Grenadines,1892,0
Saint Vincent and the Grenadines,1893,0
Saint Vincent and the Grenadines,1894,0
Saint Vincent and the Grenadines,1895,0
Saint Vincent and the Grenadines,1896,0
Saint Vincent and the Grenadines,1897,0
Saint Vincent and the Grenadines,1898,0
Saint Vincent and the Grenadines,1899,0
Saint Vincent and the Grenadines,1900,0
Saint Vincent and the Grenadines,1901,0
Saint Vincent and the Grenadines,1902,0
Saint Vincent and the Grenadines,1903,0
Saint Vincent and the Grenadines,1904,0
Saint Vincent and the Grenadines,1905,0
Saint Vincent and the Grenadines,1906,0
Saint Vincent and the Grenadines,1907,0
Saint Vincent and the Grenadines,1908,0
Saint Vincent and the Grenadines,1909,0
Saint Vincent and the Grenadines,1910,0
Saint Vincent and the Grenadines,1911,0
Saint Vincent and the Grenadines,1912,0
Saint Vincent and the Grenadines,1913,0
Saint Vincent and the Grenadines,1914,0
Saint Vincent and the Grenadines,1915,0
Saint Vincent and the Grenadines,1916,0
Saint Vincent and the Grenadines,1917,0
Saint Vincent and the Grenadines,1918,0
Saint Vincent and the Grenadines,1919,0
Saint Vincent and the Grenadines,1920,0
Saint Vincent and the Grenadines,1921,0
Saint Vincent and the Grenadines,1922,0
Saint Vincent and the Grenadines,1923,0
Saint Vincent and the Grenadines,1924,0
Saint Vincent and the Grenadines,1925,0
Saint Vincent and the Grenadines,1926,0
Saint Vincent and the Grenadines,1927,0
Saint Vincent and the Grenadines,1928,0
Saint Vincent and the Grenadines,1929,0
Saint Vincent and the Grenadines,1930,0
Saint Vincent and the Grenadines,1931,0
Saint Vincent and the Grenadines,1932,0
Saint Vincent and the Grenadines,1933,0
Saint Vincent and the Grenadines,1934,0
Saint Vincent and the Grenadines,1935,0
Saint Vincent and the Grenadines,1936,0
Saint Vincent and the Grenadines,1937,0
Saint Vincent and the Grenadines,1938,0
Saint Vincent and the Grenadines,1939,0
Saint Vincent and the Grenadines,1940,0
Saint Vincent and the Grenadines,1941,0
Saint Vincent and the Grenadines,1942,0
Saint Vincent and the Grenadines,1943,0
Saint Vincent and the Grenadines,1944,0
Saint Vincent and the Grenadines,1945,0
Saint Vincent and the Grenadines,1946,0
Saint Vincent and the Grenadines,1947,0
Saint Vincent and the Grenadines,1948,0
Saint Vincent and the Grenadines,1949,0
Saint Vincent and the Grenadines,1950,0
Saint Vincent and the Grenadines,1951,0
Saint Vincent and the Grenadines,1952,0
Saint Vincent and the Grenadines,1953,0
Saint Vincent and the Grenadines,1954,0
Saint Vincent and the Grenadines,1955,0
Saint Vincent and the Grenadines,1956,0
Saint Vincent and the Grenadines,1957,0
Saint Vincent and the Grenadines,1958,0
Saint Vincent and the Grenadines,1959,0
Saint Vincent and the Grenadines,1960,0
Saint Vincent and the Grenadines,1961,1
Saint Vincent and the Grenadines,1962,1
Saint Vincent and the Grenadines,1963,1
Saint Vincent and the Grenadines,1964,1
Saint Vincent and the Grenadines,1965,2
Saint Vincent and the Grenadines,1966,5
Saint Vincent and the Grenadines,1967,6
Saint Vincent and the Grenadines,1968,6
Saint Vincent and the Grenadines,1969,8
Saint Vincent and the Grenadines,1970,9
Saint Vincent and the Grenadines,1971,10
Saint Vincent and the Grenadines,1972,11
Saint Vincent and the Grenadines,1973,14
Saint Vincent and the Grenadines,1974,16
Saint Vincent and the Grenadines,1975,16
Saint Vincent and the Grenadines,1976,16
Saint Vincent and the Grenadines,1977,16
Saint Vincent and the Grenadines,1978,16
Saint Vincent and the Grenadines,1979,19
Saint Vincent and the Grenadines,1980,19
Saint Vincent and the Grenadines,1981,25
Saint Vincent and the Grenadines,1982,25
Saint Vincent and the Grenadines,1983,25
Saint Vincent and the Grenadines,1984,25
Saint Vincent and the Grenadines,1985,26
Saint Vincent and the Grenadines,1986,26
Saint Vincent and the Grenadines,1987,26
Saint Vincent and the Grenadines,1988,26
Saint Vincent and the Grenadines,1989,27
Saint Vincent and the Grenadines,1990,28
Saint Vincent and the Grenadines,1991,28
Saint Vincent and the Grenadines,1992,30
Saint Vincent and the Grenadines,1993,32
Saint Vincent and the Grenadines,1994,33
Saint Vincent and the Grenadines,1995,36
Saint Vincent and the Grenadines,1996,38
Saint Vincent and the Grenadines,1997,38
Saint Vincent and the Grenadines,1998,40
Saint Vincent and the Grenadines,1999,41
Saint Vincent and the Grenadines,2000,48
Saint Vincent and the Grenadines,2001,50
Saint Vincent and the Grenadines,2002,50
Saint Vincent and the Grenadines,2003,50
Saint Vincent and the Grenadines,2004,55
Saint Vincent and the Grenadines,2005,55
Saint Vincent and the Grenadines,2006,56
Saint Vincent and the Grenadines,2007,56
Saint Vincent and the Grenadines,2008,56
Saint Vincent and the Grenadines,2009,56
Saint Vincent and the Grenadines,2010,57
Saint Vincent and the Grenadines,2011,59
Saint Vincent and the Grenadines,2012,60
Saint Vincent and the Grenadines,2013,60
Saint Vincent and the Grenadines,2014,62
Saint Vincent and the Grenadines,2015,64
Saint Vincent and the Grenadines,2016,64
Saint Vincent and the Grenadines,2017,65
Saint Vincent and the Grenadines,2018,66
Saint Vincent and the Grenadines,2019,71
Saint Vincent and the Grenadines,2020,71
Saint Vincent and the Grenadines,2021,72
Saint Vincent and the Grenadines,2022,73
Saint Vincent and the Grenadines,2023,76
Saint Vincent and the Grenadines,2024,81
Saint Vincent and the Grenadines,2025,87
Saint Vincent and the Grenadines,2026,92
Samoa,1873,0
Samoa,1874,0
Samoa,1875,0
Samoa,1876,0
Samoa,1877,0
Samoa,1878,0
Samoa,1879,0
Samoa,1880,0
Samoa,1881,0
Samoa,1882,0
Samoa,1883,0
Samoa,1884,0
Samoa,1885,0
Samoa,1886,0
Samoa,1887,0
Samoa,1888,0
Samoa,1889,0
Samoa,1890,0
Samoa,1891,0
Samoa,1892,0
Samoa,1893,0
Samoa,1894,0
Samoa,1895,0
Samoa,1896,0
Samoa,1897,0
Samoa,1898,0
Samoa,1899,0
Samoa,1900,0
Samoa,1901,0
Samoa,1902,0
Samoa,1903,0
Samoa,1904,0
Samoa,1905,0
Samoa,1906,0
Samoa,1907,0
Samoa,1908,0
Samoa,1909,0
Samoa,1910,0
Samoa,1911,0
Samoa,1912,0
Samoa,1913,0
Samoa,1914,0
Samoa,1915,0
Samoa,1916,0
Samoa,1917,0
Samoa,1918,0
Samoa,1919,0
Samoa,1920,0
Samoa,1921,0
Samoa,1922,0
Samoa,1923,0
Samoa,1924,0
Samoa,1925,0
Samoa,1926,0
Samoa,1927,0
Samoa,1928,0
Samoa,1929,0
Samoa,1930,0
Samoa,1931,0
Samoa,1932,0
Samoa,1933,0
Samoa,1934,0
Samoa,1935,0
Samoa,1936,0
Samoa,1937,0
Samoa,1938,0
Samoa,1939,0
Samoa,1940,0
Samoa,1941,0
Samoa,1942,0
Samoa,1943,0
Samoa,1944,0
Samoa,1945,0
Samoa,1946,0
Samoa,1947,0
Samoa,1948,0
Samoa,1949,0
Samoa,1950,0
Samoa,1951,0
Samoa,1952,0
Samoa,1953,0
Samoa,1954,0
Samoa,1955,0
Samoa,1956,0
Samoa,1957,0
Samoa,1958,0
Samoa,1959,0
Samoa,1960,0
Samoa,1961,0
Samoa,1962,0
Samoa,1963,0
Samoa,1964,0
Samoa,1965,0
Samoa,1966,0
Samoa,1967,0
Samoa,1968,0
Samoa,1969,0
Samoa,1970,0
Samoa,1971,0
Samoa,1972,0
Samoa,1973,0
Samoa,1974,0
Samoa,1975,0
Samoa,1976,0
Samoa,1977,0
Samoa,1978,0
Samoa,1979,0
Samoa,1980,0
Samoa,1981,0
Samoa,1982,0
Samoa,1983,1
Samoa,1984,1
Samoa,1985,1
Samoa,1986,1
Samoa,1987,1
Samoa,1988,1
Samoa,1989,1
Samoa,1990,1
Samoa,1991,1
Samoa,1992,1
Samoa,1993,1
Samoa,1994,2
Samoa,1995,2
Samoa,1996,3
Samoa,1997,3
Samoa,1998,5
Samoa,1999,5
Samoa,2000,5
Samoa,2001,6
Samoa,2002,8
Samoa,2003,8
Samoa,2004,9
Samoa,2005,9
Samoa,2006,9
Samoa,2007,11
Samoa,2008,11
Samoa,2009,11
Samoa,2010,11
Samoa,2011,13
Samoa,2012,13
Samoa,2013,13
Samoa,2014,13
Samoa,2015,15
Samoa,2016,15
Samoa,2017,15
Samoa,2018,15
Samoa,2019,16
Samoa,2020,16
Samoa,2021,16
Samoa,2022,16
Samoa,2023,18
Samoa,2024,22
Samoa,2025,22
Samoa,2026,22
San Marino,1873,0
San Marino,1874,0
San Marino,1875,0
San Marino,1876,0
San Marino,1877,0
San Marino,1878,0
San Marino,1879,0
San Marino,1880,0
San Marino,1881,0
San Marino,1882,0
San Marino,1883,0
San Marino,1884,0
San Marino,1885,0
San Marino,1886,0
San Marino,1887,0
San Marino,1888,0
San Marino,1889,0
San Marino,1890,0
San Marino,1891,0
San Marino,1892,0
San Marino,1893,0
San Marino,1894,0
San Marino,1895,0
San Marino,1896,0
San Marino,1897,0
San Marino,1898,0
San Marino,1899,0
San Marino,1900,0
San Marino,1901,0
San Marino,1902,0
San Marino,1903,0
San Marino,1904,0
San Marino,1905,0
San Marino,1906,0
San Marino,1907,0
San Marino,1908,0
San Marino,1909,0
San Marino,1910,0
San Marino,1911,0
San Marino,1912,0
San Marino,1913,0
San Marino,1914,0
San Marino,1915,0
San Marino,1916,0
San Marino,1917,0
San Marino,1918,0
San Marino,1919,0
San Marino,1920,0
San Marino,1921,0
San Marino,1922,0
San Marino,1923,0
San Marino,1924,0
San Marino,1925,0
San Marino,1926,0
San Marino,1927,0
San Marino,1928,0
San Marino,1929,0
San Marino,1930,0
San Marino,1931,0
San Marino,1932,0
San Marino,1933,0
San Marino,1934,0
San Marino,1935,0
San Marino,1936,0
San Marino,1937,0
San Marino,1938,0
San Marino,1939,0
San Marino,1940,0
San Marino,1941,0
San Marino,1942,0
San Marino,1943,0
San Marino,1944,0
San Marino,1945,0
San Marino,1946,0
San Marino,1947,0
San Marino,1948,0
San Marino,1949,0
San Marino,1950,0
San Marino,1951,0
San Marino,1952,0
San Marino,1953,0
San Marino,1954,0
San Marino,1955,0
San Marino,1956,0
San Marino,1957,0
San Marino,1958,0
San Marino,1959,0
San Marino,1960,0
San Marino,1961,0
San Marino,1962,0
San Marino,1963,0
San Marino,1964,0
San Marino,1965,0
San Marino,1966,0
San Marino,1967,0
San Marino,1968,0
San Marino,1969,0
San Marino,1970,0
San Marino,1971,0
San Marino,1972,0
San Marino,1973,0
San Marino,1974,0
San Marino,1975,0
San Marino,1976,0
San Marino,1977,0
San Marino,1978,0
San Marino,1979,0
San Marino,1980,0
San Marino,1981,0
San Marino,1982,0
San Marino,1983,0
San Marino,1984,0
San Marino,1985,0
San Marino,1986,0
San Marino,1987,0
San Marino,1988,0
San Marino,1989,0
San Marino,1990,0
San Marino,1991,0
San Marino,1992,0
San Marino,1993,0
San Marino,1994,0
San Marino,1995,0
San Marino,1996,0
San Marino,1997,0
San Marino,1998,0
San Marino,1999,0
San Marino,2000,0
San Marino,2001,0
San Marino,2002,0
San Marino,2003,0
San Marino,2004,1
San Marino,2005,1
San Marino,2006,1
San Marino,2007,1
San Marino,2008,1
San Marino,2009,1
San Marino,2010,1
San Marino,2011,1
San Marino,2012,1
San Marino,2013,1
San Marino,2014,1
San Marino,2015,1
San Marino,2016,1
San Marino,2017,1
San Marino,2018,1
San Marino,2019,1
San Marino,2020,1
San Marino,2021,1
San Marino,2022,1
San Marino,2023,1
San Marino,2024,3
San Marino,2025,3
San Marino,2026,3
Saudi Arabia,1873,0
Saudi Arabia,1874,0
Saudi Arabia,1875,0
Saudi Arabia,1876,0
Saudi Arabia,1877,0
Saudi Arabia,1878,0
Saudi Arabia,1879,0
Saudi Arabia,1880,0
Saudi Arabia,1881,0
Saudi Arabia,1882,0
Saudi Arabia,1883,0
Saudi Arabia,1884,0
Saudi Arabia,1885,0
Saudi Arabia,1886,0
Saudi Arabia,1887,0
Saudi Arabia,1888,0
Saudi Arabia,1889,0
Saudi Arabia,1890,0
Saudi Arabia,1891,0
Saudi Arabia,1892,0
Saudi Arabia,1893,0
Saudi Arabia,1894,0
Saudi Arabia,1895,0
Saudi Arabia,1896,0
Saudi Arabia,1897,0
Saudi Arabia,1898,0
Saudi Arabia,1899,0
Saudi Arabia,1900,0
Saudi Arabia,1901,0
Saudi Arabia,1902,0
Saudi Arabia,1903,0
Saudi Arabia,1904,0
Saudi Arabia,1905,0
Saudi Arabia,1906,0
Saudi Arabia,1907,0
Saudi Arabia,1908,0
Saudi Arabia,1909,0
Saudi Arabia,1910,0
Saudi Arabia,1911,0
Saudi Arabia,1912,0
Saudi Arabia,1913,0
Saudi Arabia,1914,0
Saudi Arabia,1915,0
Saudi Arabia,1916,0
Saudi Arabia,1917,0
Saudi Arabia,1918,0
Saudi Arabia,1919,0
Saudi Arabia,1920,0
Saudi Arabia,1921,0
Saudi Arabia,1922,0
Saudi Arabia,1923,0
Saudi Arabia,1924,0
Saudi Arabia,1925,0
Saudi Arabia,1926,0
Saudi Arabia,1927,0
Saudi Arabia,1928,0
Saudi Arabia,1929,0
Saudi Arabia,1930,0
Saudi Arabia,1931,0
Saudi Arabia,1932,0
Saudi Arabia,1933,0
Saudi Arabia,1934,0
Saudi Arabia,1935,0
Saudi Arabia,1936,0
Saudi Arabia,1937,0
Saudi Arabia,1938,0
Saudi Arabia,1939,0
Saudi Arabia,1940,0
Saudi Arabia,1941,0
Saudi Arabia,1942,0
Saudi Arabia,1943,0
Saudi Arabia,1944,0
Saudi Arabia,1945,0
Saudi Arabia,1946,0
Saudi Arabia,1947,0
Saudi Arabia,1948,0
Saudi Arabia,1949,0
Saudi Arabia,1950,0
Saudi Arabia,1951,0
Saudi Arabia,1952,0
Saudi Arabia,1953,0
Saudi Arabia,1954,0
Saudi Arabia,1955,0
Saudi Arabia,1956,0
Saudi Arabia,1957,0
Saudi Arabia,1958,0
Saudi Arabia,1959,0
Saudi Arabia,1960,0
Saudi Arabia,1961,0
Saudi Arabia,1962,0
Saudi Arabia,1963,0
Saudi Arabia,1964,0
Saudi Arabia,1965,0
Saudi Arabia,1966,0
Saudi Arabia,1967,1
Saudi Arabia,1968,1
Saudi Arabia,1969,1
Saudi Arabia,1970,1
Saudi Arabia,1971,1
Saudi Arabia,1972,4
Saudi Arabia,1973,4
Saudi Arabia,1974,8
Saudi Arabia,1975,11
Saudi Arabia,1976,14
Saudi Arabia,1977,14
Saudi Arabia,1978,14
Saudi Arabia,1979,17
Saudi Arabia,1980,20
Saudi Arabia,1981,26
Saudi Arabia,1982,32
Saudi Arabia,1983,32
Saudi Arabia,1984,45
Saudi Arabia,1985,48
Saudi Arabia,1986,55
Saudi Arabia,1987,55
Saudi Arabia,1988,63
Saudi Arabia,1989,67
Saudi Arabia,1990,69
Saudi Arabia,1991,69
Saudi Arabia,1992,78
Saudi Arabia,1993,91
Saudi Arabia,1994,106
Saudi Arabia,1995,107
Saudi Arabia,1996,121
Saudi Arabia,1997,135
Saudi Arabia,1998,146
Saudi Arabia,1999,152
Saudi Arabia,2000,160
Saudi Arabia,2001,177
Saudi Arabia,2002,189
Saudi Arabia,2003,197
Saudi Arabia,2004,207
Saudi Arabia,2005,214
Saudi Arabia,2006,223
Saudi Arabia,2007,236
Saudi Arabia,2008,248
Saudi Arabia,2009,257
Saudi Arabia,2010,263
Saudi Arabia,2011,266
Saudi Arabia,2012,270
Saudi Arabia,2013,276
Saudi Arabia,2014,281
Saudi Arabia,2015,288
Saudi Arabia,2016,293
Saudi Arabia,2017,299
Saudi Arabia,2018,304
Saudi Arabia,2019,312
Saudi Arabia,2020,313
Saudi Arabia,2021,323
Saudi Arabia,2022,328
Saudi Arabia,2023,331
Saudi Arabia,2024,340
Saudi Arabia,2025,350
Saudi Arabia,2026,355
Scotland,1873,0
Scotland,1874,1
Scotland,1875,1
Scotland,1876,3
Scotland,1877,5
Scotland,1878,7
Scotland,1879,8
Scotland,1880,10
Scotland,1881,12
Scotland,1882,14
Scotland,1883,16
Scotland,1884,19
Scotland,1885,21
Scotland,1886,23
Scotland,1887,26
Scotland,1888,29
Scotland,1889,31
Scotland,1890,33
Scotland,1891,35
Scotland,1892,37
Scotland,1893,39
Scotland,1894,41
Scotland,1895,42
Scotland,1896,44
Scotland,1897,46
Scotland,1898,48
Scotland,1899,50
Scotland,1900,53
Scotland,1901,54
Scotland,1902,56
Scotland,1903,58
Scotland,1904,58
Scotland,1905,59
Scotland,1906,61
Scotland,1907,62
Scotland,1908,64
Scotland,1909,65
Scotland,1910,67
Scotland,1911,68
Scotland,1912,70
Scotland,1913,71
Scotland,1914,72
Scotland,1915,72
Scotland,1916,72
Scotland,1917,72
Scotland,1918,72
Scotland,1919,72
Scotland,1920,73
Scotland,1921,77
Scotland,1922,79
Scotland,1923,81
Scotland,1924,82
Scotland,1925,86
Scotland,1926,89
Scotland,1927,90
Scotland,1928,92
Scotland,1929,97
Scotland,1930,99
Scotland,1931,103
Scotland,1932,105
Scotland,1933,106
Scotland,1934,107
Scotland,1935,111
Scotland,1936,113
Scotland,1937,115
Scotland,1938,120
Scotland,1939,120
Scotland,1940,120
Scotland,1941,120
Scotland,1942,120
Scotland,1943,120
Scotland,1944,120
Scotland,1945,120
Scotland,1946,122
Scotland,1947,123
Scotland,1948,126
Scotland,1949,131
Scotland,1950,135
Scotland,1951,140
Scotland,1952,143
Scotland,1953,144
Scotland,1954,147
Scotland,1955,150
Scotland,1956,152
Scotland,1957,156
Scotland,1958,158
Scotland,1959,161
Scotland,1960,162
Scotland,1961,167
Scotland,1962,170
Scotland,1963,175
Scotland,1964,178
Scotland,1965,181
Scotland,1966,182
Scotland,1967,185
Scotland,1968,188
Scotland,1969,190
Scotland,1970,192
Scotland,1971,194
Scotland,1972,199
Scotland,1973,201
Scotland,1974,206
Scotland,1975,210
Scotland,1976,216
Scotland,1977,222
Scotland,1978,225
Scotland,1979,227
Scotland,1980,230
Scotland,1981,235
Scotland,1982,239
Scotland,1983,243
Scotland,1984,247
Scotland,1985,250
Scotland,1986,253
Scotland,1987,256
Scotland,1988,257
Scotland,1989,261
Scotland,1990,266
Scotland,1991,268
Scotland,1992,272
Scotland,1993,276
Scotland,1994,279
Scotland,1995,285
Scotland,1996,289
Scotland,1997,295
Scotland,1998,297
Scotland,1999,302
Scotland,2000,305
Scotland,2001,307
Scotland,2002,309
Scotland,2003,313
Scotland,2004,315
Scotland,2005,318
Scotland,2006,322
Scotland,2007,329
Scotland,2008,330
Scotland,2009,332
Scotland,2010,335
Scotland,2011,341
Scotland,2012,343
Scotland,2013,348
Scotland,2014,351
Scotland,2015,355
Scotland,2016,358
Scotland,2017,362
Scotland,2018,366
Scotland,2019,371
Scotland,2020,374
Scotland,2021,382
Scotland,2022,386
Scotland,2023,391
Scotland,2024,394
Scotland,2025,400
Scotland,2026,404
Sealand,1873,0
Sealand,1874,0
Sealand,1875,0
Sealand,1876,0
Sealand,1877,0
Sealand,1878,0
Sealand,1879,0
Sealand,1880,0
Sealand,1881,0
Sealand,1882,0
Sealand,1883,0
Sealand,1884,0
Sealand,1885,0
Sealand,1886,0
Sealand,1887,0
Sealand,1888,0
Sealand,1889,0
Sealand,1890,0
Sealand,1891,0
Sealand,1892,0
Sealand,1893,0
Sealand,1894,0
Sealand,1895,0
Sealand,1896,0
Sealand,1897,0
Sealand,1898,0
Sealand,1899,0
Sealand,1900,0
Sealand,1901,0
Sealand,1902,0
Sealand,1903,0
Sealand,1904,0
Sealand,1905,0
Sealand,1906,0
Sealand,1907,0
Sealand,1908,0
Sealand,1909,0
Sealand,1910,0
Sealand,1911,0
Sealand,1912,0
Sealand,1913,0
Sealand,1914,0
Sealand,1915,0
Sealand,1916,0
Sealand,1917,0
Sealand,1918,0
Sealand,1919,0
Sealand,1920,0
Sealand,1921,0
Sealand,1922,0
Sealand,1923,0
Sealand,1924,0
Sealand,1925,0
Sealand,1926,0
Sealand,1927,0
Sealand,1928,0
Sealand,1929,0
Sealand,1930,0
Sealand,1931,0
Sealand,1932,0
Sealand,1933,0
Sealand,1934,0
Sealand,1935,0
Sealand,1936,0
Sealand,1937,0
Sealand,1938,0
Sealand,1939,0
Sealand,1940,0
Sealand,1941,0
Sealand,1942,0
Sealand,1943,0
Sealand,1944,0
Sealand,1945,0
Sealand,1946,0
Sealand,1947,0
Sealand,1948,0
Sealand,1949,0
Sealand,1950,0
Sealand,1951,0
Sealand,1952,0
Sealand,1953,0
Sealand,1954,0
Sealand,1955,0
Sealand,1956,0
Sealand,1957,0
Sealand,1958,0
Sealand,1959,0
Sealand,1960,0
Sealand,1961,0
Sealand,1962,0
Sealand,1963,0
Sealand,1964,0
Sealand,1965,0
Sealand,1966,0
Sealand,1967,0
Sealand,1968,0
Sealand,1969,0
Sealand,1970,0
Sealand,1971,0
Sealand,1972,0
Sealand,1973,0
Sealand,1974,0
Sealand,1975,0
Sealand,1976,0
Sealand,1977,0
Sealand,1978,0
Sealand,1979,0
Sealand,1980,0
Sealand,1981,0
Sealand,1982,0
Sealand,1983,0
Sealand,1984,0
Sealand,1985,0
Sealand,1986,0
Sealand,1987,0
Sealand,1988,0
Sealand,1989,0
Sealand,1990,0
Sealand,1991,0
Sealand,1992,0
Sealand,1993,0
Sealand,1994,0
Sealand,1995,0
Sealand,1996,0
Sealand,1997,0
Sealand,1998,0
Sealand,1999,0
Sealand,2000,0
Sealand,2001,0
Sealand,2002,0
Sealand,2003,0
Sealand,2004,0
Sealand,2005,0
Sealand,2006,0
Sealand,2007,0
Sealand,2008,0
Sealand,2009,0
Sealand,2010,0
Sealand,2011,0
Sealand,2012,0
Sealand,2013,1
Sealand,2014,4
Sealand,2015,4
Sealand,2016,4
Sealand,2017,4
Sealand,2018,4
Sealand,2019,4
Sealand,2020,4
Sealand,2021,4
Sealand,2022,4
Sealand,2023,4
Sealand,2024,4
Sealand,2025,4
Sealand,2026,4
Senegal,1873,0
Senegal,1874,0
Senegal,1875,0
Senegal,1876,0
Senegal,1877,0
Senegal,1878,0
Senegal,1879,0
Senegal,1880,0
Senegal,1881,0
Senegal,1882,0
Senegal,1883,0
Senegal,1884,0
Senegal,1885,0
Senegal,1886,0
Senegal,1887,0
Senegal,1888,0
Senegal,1889,0
Senegal,1890,0
Senegal,1891,0
Senegal,1892,0
Senegal,1893,0
Senegal,1894,0
Senegal,1895,0
Senegal,1896,0
Senegal,1897,0
Senegal,1898,0
Senegal,1899,0
Senegal,1900,0
Senegal,1901,0
Senegal,1902,0
Senegal,1903,0
Senegal,1904,0
Senegal,1905,0
Senegal,1906,0
Senegal,1907,0
Senegal,1908,0
Senegal,1909,0
Senegal,1910,0
Senegal,1911,0
Senegal,1912,0
Senegal,1913,0
Senegal,1914,0
Senegal,1915,0
Senegal,1916,0
Senegal,1917,0
Senegal,1918,0
Senegal,1919,0
Senegal,1920,0
Senegal,1921,0
Senegal,1922,0
Senegal,1923,0
Senegal,1924,0
Senegal,1925,0
Senegal,1926,0
Senegal,1927,0
Senegal,1928,0
Senegal,1929,0
Senegal,1930,0
Senegal,1931,0
Senegal,1932,0
Senegal,1933,0
Senegal,1934,0
Senegal,1935,0
Senegal,1936,0
Senegal,1937,0
Senegal,1938,0
Senegal,1939,0
Senegal,1940,0
Senegal,1941,0
Senegal,1942,0
Senegal,1943,0
Senegal,1944,0
Senegal,1945,0
Senegal,1946,0
Senegal,1947,0
Senegal,1948,0
Senegal,1949,0
Senegal,1950,0
Senegal,1951,0
Senegal,1952,0
Senegal,1953,0
Senegal,1954,0
Senegal,1955,0
Senegal,1956,0
Senegal,1957,0
Senegal,1958,0
Senegal,1959,0
Senegal,1960,0
Senegal,1961,2
Senegal,1962,2
Senegal,1963,6
Senegal,1964,6
Senegal,1965,10
Senegal,1966,10
Senegal,1967,13
Senegal,1968,14
Senegal,1969,16
Senegal,1970,18
Senegal,1971,22
Senegal,1972,22
Senegal,1973,23
Senegal,1974,23
Senegal,1975,26
Senegal,1976,27
Senegal,1977,33
Senegal,1978,33
Senegal,1979,38
Senegal,1980,46
Senegal,1981,50
Senegal,1982,57
Senegal,1983,64
Senegal,1984,70
Senegal,1985,78
Senegal,1986,86
Senegal,1987,90
Senegal,1988,94
Senegal,1989,99
Senegal,1990,101
Senegal,1991,105
Senegal,1992,108
Senegal,1993,114
Senegal,1994,117
Senegal,1995,121
Senegal,1996,124
Senegal,1997,127
Senegal,1998,129
Senegal,1999,136
Senegal,2000,138
Senegal,2001,147
Senegal,2002,156
Senegal,2003,161
Senegal,2004,168
Senegal,2005,173
Senegal,2006,178
Senegal,2007,184
Senegal,2008,188
Senegal,2009,189
Senegal,2010,194
Senegal,2011,198
Senegal,2012,201
Senegal,2013,203
Senegal,2014,208
Senegal,2015,215
Senegal,2016,221
Senegal,2017,230
Senegal,2018,235
Senegal,2019,245
Senegal,2020,247
Senegal,2021,257
Senegal,2022,267
Senegal,2023,272
Senegal,2024,284
Senegal,2025,293
Senegal,2026,301
Serbia,1873,0
Serbia,1874,0
Serbia,1875,0
Serbia,1876,0
Serbia,1877,0
Serbia,1878,0
Serbia,1879,0
Serbia,1880,0
Serbia,1881,0
Serbia,1882,0
Serbia,1883,0
Serbia,1884,0
Serbia,1885,0
Serbia,1886,0
Serbia,1887,0
Serbia,1888,0
Serbia,1889,0
Serbia,1890,0
Serbia,1891,0
Serbia,1892,0
Serbia,1893,0
Serbia,1894,0
Serbia,1895,0
Serbia,1896,0
Serbia,1897,0
Serbia,1898,0
Serbia,1899,0
Serbia,1900,0
Serbia,1901,0
Serbia,1902,0
Serbia,1903,0
Serbia,1904,0
Serbia,1905,0
Serbia,1906,0
Serbia,1907,0
Serbia,1908,0
Serbia,1909,0
Serbia,1910,0
Serbia,1911,0
Serbia,1912,0
Serbia,1913,0
Serbia,1914,0
Serbia,1915,0
Serbia,1916,0
Serbia,1917,0
Serbia,1918,0
Serbia,1919,0
Serbia,1920,0
Serbia,1921,0
Serbia,1922,0
Serbia,1923,0
Serbia,1924,0
Serbia,1925,0
Serbia,1926,0
Serbia,1927,0
Serbia,1928,0
Serbia,1929,0
Serbia,1930,0
Serbia,1931,0
Serbia,1932,0
Serbia,1933,0
Serbia,1934,0
Serbia,1935,0
Serbia,1936,0
Serbia,1937,0
Serbia,1938,0
Serbia,1939,0
Serbia,1940,0
Serbia,1941,0
Serbia,1942,0
Serbia,1943,0
Serbia,1944,0
Serbia,1945,0
Serbia,1946,0
Serbia,1947,0
Serbia,1948,0
Serbia,1949,0
Serbia,1950,0
Serbia,1951,0
Serbia,1952,0
Serbia,1953,0
Serbia,1954,0
Serbia,1955,0
Serbia,1956,0
Serbia,1957,0
Serbia,1958,0
Serbia,1959,0
Serbia,1960,0
Serbia,1961,0
Serbia,1962,0
Serbia,1963,0
Serbia,1964,0
Serbia,1965,0
Serbia,1966,0
Serbia,1967,0
Serbia,1968,0
Serbia,1969,0
Serbia,1970,0
Serbia,1971,0
Serbia,1972,0
Serbia,1973,0
Serbia,1974,0
Serbia,1975,0
Serbia,1976,0
Serbia,1977,0
Serbia,1978,0
Serbia,1979,0
Serbia,1980,0
Serbia,1981,0
Serbia,1982,0
Serbia,1983,0
Serbia,1984,0
Serbia,1985,0
Serbia,1986,0
Serbia,1987,0
Serbia,1988,0
Serbia,1989,0
Serbia,1990,0
Serbia,1991,0
Serbia,1992,0
Serbia,1993,0
Serbia,1994,0
Serbia,1995,5
Serbia,1996,11
Serbia,1997,18
Serbia,1998,25
Serbia,1999,29
Serbia,2000,35
Serbia,2001,43
Serbia,2002,47
Serbia,2003,49
Serbia,2004,53
Serbia,2005,57
Serbia,2006,62
Serbia,2007,65
Serbia,2008,69
Serbia,2009,78
Serbia,2010,84
Serbia,2011,88
Serbia,2012,91
Serbia,2013,96
Serbia,2014,99
Serbia,2015,102
Serbia,2016,107
Serbia,2017,112
Serbia,2018,119
Serbia,2019,124
Serbia,2020,126
Serbia,2021,134
Serbia,2022,140
Serbia,2023,146
Serbia,2024,149
Serbia,2025,154
Serbia,2026,155
Seychelles,1873,0
Seychelles,1874,0
Seychelles,1875,0
Seychelles,1876,0
Seychelles,1877,0
Seychelles,1878,0
Seychelles,1879,0
Seychelles,1880,0
Seychelles,1881,0
Seychelles,1882,0
Seychelles,1883,0
Seychelles,1884,0
Seychelles,1885,0
Seychelles,1886,0
Seychelles,1887,0
Seychelles,1888,0
Seychelles,1889,0
Seychelles,1890,0
Seychelles,1891,0
Seychelles,1892,0
Seychelles,1893,0
Seychelles,1894,0
Seychelles,1895,0
Seychelles,1896,0
Seychelles,1897,0
Seychelles,1898,0
Seychelles,1899,0
Seychelles,1900,0
Seychelles,1901,0
Seychelles,1902,0
Seychelles,1903,0
Seychelles,1904,0
Seychelles,1905,0
Seychelles,1906,0
Seychelles,1907,0
Seychelles,1908,0
Seychelles,1909,0
Seychelles,1910,0
Seychelles,1911,0
Seychelles,1912,0
Seychelles,1913,0
Seychelles,1914,0
Seychelles,1915,0
Seychelles,1916,0
Seychelles,1917,0
Seychelles,1918,0
Seychelles,1919,0
Seychelles,1920,0
Seychelles,1921,0
Seychelles,1922,0
Seychelles,1923,0
Seychelles,1924,0
Seychelles,1925,0
Seychelles,1926,0
Seychelles,1927,0
Seychelles,1928,0
Seychelles,1929,0
Seychelles,1930,0
Seychelles,1931,0
Seychelles,1932,0
Seychelles,1933,0
Seychelles,1934,0
Seychelles,1935,0
Seychelles,1936,0
Seychelles,1937,0
Seychelles,1938,0
Seychelles,1939,0
Seychelles,1940,0
Seychelles,1941,0
Seychelles,1942,0
Seychelles,1943,0
Seychelles,1944,0
Seychelles,1945,0
Seychelles,1946,0
Seychelles,1947,0
Seychelles,1948,0
Seychelles,1949,0
Seychelles,1950,0
Seychelles,1951,0
Seychelles,1952,0
Seychelles,1953,0
Seychelles,1954,0
Seychelles,1955,0
Seychelles,1956,0
Seychelles,1957,0
Seychelles,1958,0
Seychelles,1959,0
Seychelles,1960,0
Seychelles,1961,0
Seychelles,1962,0
Seychelles,1963,0
Seychelles,1964,0
Seychelles,1965,0
Seychelles,1966,0
Seychelles,1967,0
Seychelles,1968,0
Seychelles,1969,0
Seychelles,1970,0
Seychelles,1971,0
Seychelles,1972,0
Seychelles,1973,0
Seychelles,1974,1
Seychelles,1975,1
Seychelles,1976,1
Seychelles,1977,1
Seychelles,1978,2
Seychelles,1979,3
Seychelles,1980,3
Seychelles,1981,3
Seychelles,1982,3
Seychelles,1983,3
Seychelles,1984,3
Seychelles,1985,3
Seychelles,1986,3
Seychelles,1987,3
Seychelles,1988,4
Seychelles,1989,4
Seychelles,1990,5
Seychelles,1991,5
Seychelles,1992,5
Seychelles,1993,5
Seychelles,1994,5
Seychelles,1995,5
Seychelles,1996,5
Seychelles,1997,5
Seychelles,1998,7
Seychelles,1999,7
Seychelles,2000,7
Seychelles,2001,7
Seychelles,2002,8
Seychelles,2003,10
Seychelles,2004,10
Seychelles,2005,10
Seychelles,2006,13
Seychelles,2007,15
Seychelles,2008,16
Seychelles,2009,16
Seychelles,2010,16
Seychelles,2011,19
Seychelles,2012,19
Seychelles,2013,21
Seychelles,2014,22
Seychelles,2015,23
Seychelles,2016,24
Seychelles,2017,24
Seychelles,2018,24
Seychelles,2019,24
Seychelles,2020,24
Seychelles,2021,25
Seychelles,2022,25
Seychelles,2023,26
Seychelles,2024,26
Seychelles,2025,26
Seychelles,2026,26
Shetland,1873,0
Shetland,1874,0
Shetland,1875,0
Shetland,1876,0
Shetland,1877,0
Shetland,1878,0
Shetland,1879,0
Shetland,1880,0
Shetland,1881,0
Shetland,1882,0
Shetland,1883,0
Shetland,1884,0
Shetland,1885,0
Shetland,1886,0
Shetland,1887,0
Shetland,1888,0
Shetland,1889,0
Shetland,1890,0
Shetland,1891,0
Shetland,1892,0
Shetland,1893,0
Shetland,1894,0
Shetland,1895,0
Shetland,1896,0
Shetland,1897,0
Shetland,1898,0
Shetland,1899,0
Shetland,1900,0
Shetland,1901,0
Shetland,1902,0
Shetland,1903,0
Shetland,1904,0
Shetland,1905,0
Shetland,1906,0
Shetland,1907,0
Shetland,1908,0
Shetland,1909,0
Shetland,1910,0
Shetland,1911,0
Shetland,1912,0
Shetland,1913,0
Shetland,1914,0
Shetland,1915,0
Shetland,1916,0
Shetland,1917,0
Shetland,1918,0
Shetland,1919,0
Shetland,1920,0
Shetland,1921,0
Shetland,1922,0
Shetland,1923,0
Shetland,1924,0
Shetland,1925,0
Shetland,1926,0
Shetland,1927,0
Shetland,1928,0
Shetland,1929,0
Shetland,1930,0
Shetland,1931,0
Shetland,1932,0
Shetland,1933,0
Shetland,1934,0
Shetland,1935,0
Shetland,1936,0
Shetland,1937,0
Shetland,1938,0
Shetland,1939,0
Shetland,1940,0
Shetland,1941,0
Shetland,1942,0
Shetland,1943,0
Shetland,1944,0
Shetland,1945,0
Shetland,1946,0
Shetland,1947,0
Shetland,1948,0
Shetland,1949,0
Shetland,1950,0
Shetland,1951,0
Shetland,1952,0
Shetland,1953,0
Shetland,1954,0
Shetland,1955,0
Shetland,1956,0
Shetland,1957,0
Shetland,1958,0
Shetland,1959,0
Shetland,1960,0
Shetland,1961,0
Shetland,1962,0
Shetland,1963,0
Shetland,1964,0
Shetland,1965,0
Shetland,1966,0
Shetland,1967,0
Shetland,1968,0
Shetland,1969,0
Shetland,1970,0
Shetland,1971,0
Shetland,1972,0
Shetland,1973,0
Shetland,1974,0
Shetland,1975,0
Shetland,1976,0
Shetland,1977,0
Shetland,1978,0
Shetland,1979,0
Shetland,1980,0
Shetland,1981,0
Shetland,1982,0
Shetland,1983,0
Shetland,1984,0
Shetland,1985,0
Shetland,1986,0
Shetland,1987,0
Shetland,1988,0
Shetland,1989,0
Shetland,1990,0
Shetland,1991,2
Shetland,1992,2
Shetland,1993,3
Shetland,1994,3
Shetland,1995,3
Shetland,1996,3
Shetland,1997,5
Shetland,1998,5
Shetland,1999,7
Shetland,2000,7
Shetland,2001,8
Shetland,2002,8
Shetland,2003,10
Shetland,2004,10
Shetland,2005,13
Shetland,2006,13
Shetland,2007,13
Shetland,2008,13
Shetland,2009,14
Shetland,2010,14
Shetland,2011,14
Shetland,2012,14
Shetland,2013,14
Shetland,2014,14
Shetland,2015,16
Shetland,2016,16
Shetland,2017,17
Shetland,2018,17
Shetland,2019,18
Shetland,2020,18
Shetland,2021,18
Shetland,2022,18
Shetland,2023,21
Shetland,2024,21
Shetland,2025,21
Shetland,2026,21
Sierra Leone,1873,0
Sierra Leone,1874,0
Sierra Leone,1875,0
Sierra Leone,1876,0
Sierra Leone,1877,0
Sierra Leone,1878,0
Sierra Leone,1879,0
Sierra Leone,1880,0
Sierra Leone,1881,0
Sierra Leone,1882,0
Sierra Leone,1883,0
Sierra Leone,1884,0
Sierra Leone,1885,0
Sierra Leone,1886,0
Sierra Leone,1887,0
Sierra Leone,1888,0
Sierra Leone,1889,0
Sierra Leone,1890,0
Sierra Leone,1891,0
Sierra Leone,1892,0
Sierra Leone,1893,0
Sierra Leone,1894,0
Sierra Leone,1895,0
Sierra Leone,1896,0
Sierra Leone,1897,0
Sierra Leone,1898,0
Sierra Leone,1899,0
Sierra Leone,1900,0
Sierra Leone,1901,0
Sierra Leone,1902,0
Sierra Leone,1903,0
Sierra Leone,1904,0
Sierra Leone,1905,0
Sierra Leone,1906,0
Sierra Leone,1907,0
Sierra Leone,1908,0
Sierra Leone,1909,0
Sierra Leone,1910,0
Sierra Leone,1911,0
Sierra Leone,1912,0
Sierra Leone,1913,0
Sierra Leone,1914,0
Sierra Leone,1915,0
Sierra Leone,1916,0
Sierra Leone,1917,0
Sierra Leone,1918,0
Sierra Leone,1919,0
Sierra Leone,1920,0
Sierra Leone,1921,0
Sierra Leone,1922,0
Sierra Leone,1923,0
Sierra Leone,1924,0
Sierra Leone,1925,0
Sierra Leone,1926,0
Sierra Leone,1927,0
Sierra Leone,1928,0
Sierra Leone,1929,0
Sierra Leone,1930,0
Sierra Leone,1931,0
Sierra Leone,1932,0
Sierra Leone,1933,0
Sierra Leone,1934,0
Sierra Leone,1935,0
Sierra Leone,1936,0
Sierra Leone,1937,0
Sierra Leone,1938,0
Sierra Leone,1939,0
Sierra Leone,1940,0
Sierra Leone,1941,0
Sierra Leone,1942,0
Sierra Leone,1943,0
Sierra Leone,1944,0
Sierra Leone,1945,0
Sierra Leone,1946,0
Sierra Leone,1947,0
Sierra Leone,1948,0
Sierra Leone,1949,0
Sierra Leone,1950,0
Sierra Leone,1951,0
Sierra Leone,1952,0
Sierra Leone,1953,0
Sierra Leone,1954,0
Sierra Leone,1955,0
Sierra Leone,1956,1
Sierra Leone,1957,1
Sierra Leone,1958,1
Sierra Leone,1959,1
Sierra Leone,1960,2
Sierra Leone,1961,2
Sierra Leone,1962,2
Sierra Leone,1963,2
Sierra Leone,1964,2
Sierra Leone,1965,2
Sierra Leone,1966,2
Sierra Leone,1967,3
Sierra Leone,1968,4
Sierra Leone,1969,4
Sierra Leone,1970,5
Sierra Leone,1971,8
Sierra Leone,1972,9
Sierra Leone,1973,9
Sierra Leone,1974,9
Sierra Leone,1975,9
Sierra Leone,1976,11
Sierra Leone,1977,11
Sierra Leone,1978,11
Sierra Leone,1979,13
Sierra Leone,1980,14
Sierra Leone,1981,14
Sierra Leone,1982,15
Sierra Leone,1983,18
Sierra Leone,1984,22
Sierra Leone,1985,22
Sierra Leone,1986,27
Sierra Leone,1987,31
Sierra Leone,1988,32
Sierra Leone,1989,33
Sierra Leone,1990,34
Sierra Leone,1991,36
Sierra Leone,1992,39
Sierra Leone,1993,42
Sierra Leone,1994,43
Sierra Leone,1995,49
Sierra Leone,1996,51
Sierra Leone,1997,55
Sierra Leone,1998,55
Sierra Leone,1999,55
Sierra Leone,2000,57
Sierra Leone,2001,58
Sierra Leone,2002,61
Sierra Leone,2003,62
Sierra Leone,2004,62
Sierra Leone,2005,65
Sierra Leone,2006,65
Sierra Leone,2007,66
Sierra Leone,2008,68
Sierra Leone,2009,68
Sierra Leone,2010,68
Sierra Leone,2011,70
Sierra Leone,2012,72
Sierra Leone,2013,73
Sierra Leone,2014,75
Sierra Leone,2015,76
Sierra Leone,2016,78
Sierra Leone,2017,78
Sierra Leone,2018,78
Sierra Leone,2019,79
Sierra Leone,2020,79
Sierra Leone,2021,81
Sierra Leone,2022,83
Sierra Leone,2023,85
Sierra Leone,2024,87
Sierra Leone,2025,90
Sierra Leone,2026,91
Silesia,1873,0
Silesia,1874,0
Silesia,1875,0
Silesia,1876,0
Silesia,1877,0
Silesia,1878,0
Silesia,1879,0
Silesia,1880,0
Silesia,1881,0
Silesia,1882,0
Silesia,1883,0
Silesia,1884,0
Silesia,1885,0
Silesia,1886,0
Silesia,1887,0
Silesia,1888,0
Silesia,1889,0
Silesia,1890,0
Silesia,1891,0
Silesia,1892,0
Silesia,1893,0
Silesia,1894,0
Silesia,1895,0
Silesia,1896,0
Silesia,1897,0
Silesia,1898,0
Silesia,1899,0
Silesia,1900,0
Silesia,1901,0
Silesia,1902,0
Silesia,1903,0
Silesia,1904,0
Silesia,1905,0
Silesia,1906,0
Silesia,1907,0
Silesia,1908,0
Silesia,1909,0
Silesia,1910,0
Silesia,1911,0
Silesia,1912,0
Silesia,1913,0
Silesia,1914,0
Silesia,1915,0
Silesia,1916,0
Silesia,1917,0
Silesia,1918,0
Silesia,1919,0
Silesia,1920,0
Silesia,1921,0
Silesia,1922,0
Silesia,1923,0
Silesia,1924,0
Silesia,1925,0
Silesia,1926,0
Silesia,1927,0
Silesia,1928,0
Silesia,1929,0
Silesia,1930,0
Silesia,1931,0
Silesia,1932,0
Silesia,1933,0
Silesia,1934,0
Silesia,1935,0
Silesia,1936,0
Silesia,1937,0
Silesia,1938,0
Silesia,1939,0
Silesia,1940,0
Silesia,1941,0
Silesia,1942,0
Silesia,1943,0
Silesia,1944,0
Silesia,1945,0
Silesia,1946,0
Silesia,1947,0
Silesia,1948,1
Silesia,1949,1
Silesia,1950,1
Silesia,1951,1
Silesia,1952,2
Silesia,1953,2
Silesia,1954,2
Silesia,1955,2
Silesia,1956,2
Silesia,1957,2
Silesia,1958,2
Silesia,1959,2
Silesia,1960,2
Silesia,1961,2
Silesia,1962,2
Silesia,1963,2
Silesia,1964,2
Silesia,1965,2
Silesia,1966,2
Silesia,1967,2
Silesia,1968,2
Silesia,1969,2
Silesia,1970,2
Silesia,1971,2
Silesia,1972,2
Silesia,1973,2
Silesia,1974,3
Silesia,1975,3
Silesia,1976,3
Silesia,1977,3
Silesia,1978,3
Silesia,1979,3
Silesia,1980,3
Silesia,1981,3
Silesia,1982,3
Silesia,1983,3
Silesia,1984,3
Silesia,1985,3
Silesia,1986,3
Silesia,1987,3
Silesia,1988,3
Silesia,1989,3
Silesia,1990,3
Silesia,1991,3
Silesia,1992,3
Silesia,1993,3
Silesia,1994,3
Silesia,1995,3
Silesia,1996,3
Silesia,1997,3
Silesia,1998,3
Silesia,1999,3
Silesia,2000,3
Silesia,2001,3
Silesia,2002,3
Silesia,2003,3
Silesia,2004,3
Silesia,2005,3
Silesia,2006,3
Silesia,2007,3
Silesia,2008,3
Silesia,2009,3
Silesia,2010,3
Silesia,2011,3
Silesia,2012,3
Silesia,2013,3
Silesia,2014,3
Silesia,2015,3
Silesia,2016,3
Silesia,2017,3
Silesia,2018,3
Silesia,2019,3
Silesia,2020,3
Silesia,2021,3
Silesia,2022,3
Silesia,2023,3
Silesia,2024,3
Silesia,2025,3
Silesia,2026,3
Singapore,1873,0
Singapore,1874,0
Singapore,1875,0
Singapore,1876,0
Singapore,1877,0
Singapore,1878,0
Singapore,1879,0
Singapore,1880,0
Singapore,1881,0
Singapore,1882,0
Singapore,1883,0
Singapore,1884,0
Singapore,1885,0
Singapore,1886,0
Singapore,1887,0
Singapore,1888,0
Singapore,1889,0
Singapore,1890,0
Singapore,1891,0
Singapore,1892,0
Singapore,1893,0
Singapore,1894,0
Singapore,1895,0
Singapore,1896,0
Singapore,1897,0
Singapore,1898,0
Singapore,1899,0
Singapore,1900,0
Singapore,1901,0
Singapore,1902,0
Singapore,1903,0
Singapore,1904,0
Singapore,1905,0
Singapore,1906,0
Singapore,1907,0
Singapore,1908,0
Singapore,1909,0
Singapore,1910,0
Singapore,1911,0
Singapore,1912,0
Singapore,1913,0
Singapore,1914,0
Singapore,1915,0
Singapore,1916,0
Singapore,1917,0
Singapore,1918,0
Singapore,1919,0
Singapore,1920,0
Singapore,1921,0
Singapore,1922,0
Singapore,1923,0
Singapore,1924,0
Singapore,1925,0
Singapore,1926,0
Singapore,1927,0
Singapore,1928,0
Singapore,1929,0
Singapore,1930,0
Singapore,1931,0
Singapore,1932,0
Singapore,1933,0
Singapore,1934,0
Singapore,1935,0
Singapore,1936,0
Singapore,1937,0
Singapore,1938,0
Singapore,1939,0
Singapore,1940,0
Singapore,1941,0
Singapore,1942,0
Singapore,1943,0
Singapore,1944,0
Singapore,1945,0
Singapore,1946,0
Singapore,1947,0
Singapore,1948,0
Singapore,1949,0
Singapore,1950,0
Singapore,1951,0
Singapore,1952,0
Singapore,1953,2
Singapore,1954,2
Singapore,1955,2
Singapore,1956,2
Singapore,1957,5
Singapore,1958,5
Singapore,1959,6
Singapore,1960,8
Singapore,1961,9
Singapore,1962,11
Singapore,1963,12
Singapore,1964,13
Singapore,1965,14
Singapore,1966,18
Singapore,1967,20
Singapore,1968,23
Singapore,1969,26
Singapore,1970,27
Singapore,1971,31
Singapore,1972,39
Singapore,1973,41
Singapore,1974,42
Singapore,1975,43
Singapore,1976,44
Singapore,1977,46
Singapore,1978,49
Singapore,1979,50
Singapore,1980,51
Singapore,1981,54
Singapore,1982,61
Singapore,1983,67
Singapore,1984,68
Singapore,1985,73
Singapore,1986,73
Singapore,1987,73
Singapore,1988,74
Singapore,1989,78
Singapore,1990,80
Singapore,1991,83
Singapore,1992,84
Singapore,1993,92
Singapore,1994,92
Singapore,1995,95
Singapore,1996,100
Singapore,1997,102
Singapore,1998,108
Singapore,1999,111
Singapore,2000,118
Singapore,2001,119
Singapore,2002,124
Singapore,2003,129
Singapore,2004,135
Singapore,2005,141
Singapore,2006,143
Singapore,2007,150
Singapore,2008,156
Singapore,2009,160
Singapore,2010,162
Singapore,2011,165
Singapore,2012,172
Singapore,2013,177
Singapore,2014,181
Singapore,2015,186
Singapore,2016,189
Singapore,2017,189
Singapore,2018,195
Singapore,2019,198
Singapore,2020,198
Singapore,2021,201
Singapore,2022,207
Singapore,2023,211
Singapore,2024,214
Singapore,2025,218
Singapore,2026,223
Sint Maarten,1873,0
Sint Maarten,1874,0
Sint Maarten,1875,0
Sint Maarten,1876,0
Sint Maarten,1877,0
Sint Maarten,1878,0
Sint Maarten,1879,0
Sint Maarten,1880,0
Sint Maarten,1881,0
Sint Maarten,1882,0
Sint Maarten,1883,0
Sint Maarten,1884,0
Sint Maarten,1885,0
Sint Maarten,1886,0
Sint Maarten,1887,0
Sint Maarten,1888,0
Sint Maarten,1889,0
Sint Maarten,1890,0
Sint Maarten,1891,0
Sint Maarten,1892,0
Sint Maarten,1893,0
Sint Maarten,1894,0
Sint Maarten,1895,0
Sint Maarten,1896,0
Sint Maarten,1897,0
Sint Maarten,1898,0
Sint Maarten,1899,0
Sint Maarten,1900,0
Sint Maarten,1901,0
Sint Maarten,1902,0
Sint Maarten,1903,0
Sint Maarten,1904,0
Sint Maarten,1905,0
Sint Maarten,1906,0
Sint Maarten,1907,0
Sint Maarten,1908,0
Sint Maarten,1909,0
Sint Maarten,1910,0
Sint Maarten,1911,0
Sint Maarten,1912,0
Sint Maarten,1913,0
Sint Maarten,1914,0
Sint Maarten,1915,0
Sint Maarten,1916,0
Sint Maarten,1917,0
Sint Maarten,1918,0
Sint Maarten,1919,0
Sint Maarten,1920,0
Sint Maarten,1921,0
Sint Maarten,1922,0
Sint Maarten,1923,0
Sint Maarten,1924,0
Sint Maarten,1925,0
Sint Maarten,1926,0
Sint Maarten,1927,0
Sint Maarten,1928,0
Sint Maarten,1929,0
Sint Maarten,1930,0
Sint Maarten,1931,0
Sint Maarten,1932,0
Sint Maarten,1933,0
Sint Maarten,1934,0
Sint Maarten,1935,0
Sint Maarten,1936,0
Sint Maarten,1937,0
Sint Maarten,1938,0
Sint Maarten,1939,0
Sint Maarten,1940,0
Sint Maarten,1941,0
Sint Maarten,1942,0
Sint Maarten,1943,0
Sint Maarten,1944,0
Sint Maarten,1945,0
Sint Maarten,1946,0
Sint Maarten,1947,0
Sint Maarten,1948,0
Sint Maarten,1949,0
Sint Maarten,1950,0
Sint Maarten,1951,0
Sint Maarten,1952,0
Sint Maarten,1953,0
Sint Maarten,1954,0
Sint Maarten,1955,0
Sint Maarten,1956,0
Sint Maarten,1957,0
Sint Maarten,1958,0
Sint Maarten,1959,0
Sint Maarten,1960,0
Sint Maarten,1961,0
Sint Maarten,1962,0
Sint Maarten,1963,0
Sint Maarten,1964,0
Sint Maarten,1965,0
Sint Maarten,1966,0
Sint Maarten,1967,0
Sint Maarten,1968,0
Sint Maarten,1969,0
Sint Maarten,1970,0
Sint Maarten,1971,0
Sint Maarten,1972,0
Sint Maarten,1973,0
Sint Maarten,1974,0
Sint Maarten,1975,0
Sint Maarten,1976,0
Sint Maarten,1977,0
Sint Maarten,1978,0
Sint Maarten,1979,0
Sint Maarten,1980,0
Sint Maarten,1981,0
Sint Maarten,1982,0
Sint Maarten,1983,0
Sint Maarten,1984,0
Sint Maarten,1985,0
Sint Maarten,1986,0
Sint Maarten,1987,0
Sint Maarten,1988,0
Sint Maarten,1989,0
Sint Maarten,1990,0
Sint Maarten,1991,0
Sint Maarten,1992,1
Sint Maarten,1993,3
Sint Maarten,1994,4
Sint Maarten,1995,5
Sint Maarten,1996,6
Sint Maarten,1997,8
Sint Maarten,1998,8
Sint Maarten,1999,8
Sint Maarten,2000,8
Sint Maarten,2001,8
Sint Maarten,2002,8
Sint Maarten,2003,8
Sint Maarten,2004,8
Sint Maarten,2005,8
Sint Maarten,2006,8
Sint Maarten,2007,8
Sint Maarten,2008,8
Sint Maarten,2009,8
Sint Maarten,2010,8
Sint Maarten,2011,8
Sint Maarten,2012,8
Sint Maarten,2013,8
Sint Maarten,2014,8
Sint Maarten,2015,8
Sint Maarten,2016,9
Sint Maarten,2017,9
Sint Maarten,2018,9
Sint Maarten,2019,10
Sint Maarten,2020,10
Sint Maarten,2021,10
Sint Maarten,2022,11
Sint Maarten,2023,15
Sint Maarten,2024,18
Sint Maarten,2025,19
Sint Maarten,2026,20
Slovakia,1873,0
Slovakia,1874,0
Slovakia,1875,0
Slovakia,1876,0
Slovakia,1877,0
Slovakia,1878,0
Slovakia,1879,0
Slovakia,1880,0
Slovakia,1881,0
Slovakia,1882,0
Slovakia,1883,0
Slovakia,1884,0
Slovakia,1885,0
Slovakia,1886,0
Slovakia,1887,0
Slovakia,1888,0
Slovakia,1889,0
Slovakia,1890,0
Slovakia,1891,0
Slovakia,1892,0
Slovakia,1893,0
Slovakia,1894,0
Slovakia,1895,0
Slovakia,1896,0
Slovakia,1897,0
Slovakia,1898,0
Slovakia,1899,0
Slovakia,1900,0
Slovakia,1901,0
Slovakia,1902,0
Slovakia,1903,0
Slovakia,1904,0
Slovakia,1905,0
Slovakia,1906,0
Slovakia,1907,0
Slovakia,1908,0
Slovakia,1909,0
Slovakia,1910,0
Slovakia,1911,0
Slovakia,1912,0
Slovakia,1913,0
Slovakia,1914,0
Slovakia,1915,0
Slovakia,1916,0
Slovakia,1917,0
Slovakia,1918,0
Slovakia,1919,0
Slovakia,1920,0
Slovakia,1921,0
Slovakia,1922,0
Slovakia,1923,0
Slovakia,1924,0
Slovakia,1925,0
Slovakia,1926,0
Slovakia,1927,0
Slovakia,1928,0
Slovakia,1929,0
Slovakia,1930,0
Slovakia,1931,0
Slovakia,1932,0
Slovakia,1933,0
Slovakia,1934,0
Slovakia,1935,0
Slovakia,1936,0
Slovakia,1937,0
Slovakia,1938,0
Slovakia,1939,1
Slovakia,1940,2
Slovakia,1941,2
Slovakia,1942,3
Slovakia,1943,3
Slovakia,1944,3
Slovakia,1945,3
Slovakia,1946,3
Slovakia,1947,3
Slovakia,1948,3
Slovakia,1949,3
Slovakia,1950,3
Slovakia,1951,3
Slovakia,1952,3
Slovakia,1953,3
Slovakia,1954,3
Slovakia,1955,3
Slovakia,1956,3
Slovakia,1957,3
Slovakia,1958,3
Slovakia,1959,3
Slovakia,1960,3
Slovakia,1961,3
Slovakia,1962,3
Slovakia,1963,3
Slovakia,1964,3
Slovakia,1965,3
Slovakia,1966,3
Slovakia,1967,3
Slovakia,1968,3
Slovakia,1969,3
Slovakia,1970,3
Slovakia,1971,3
Slovakia,1972,3
Slovakia,1973,3
Slovakia,1974,3
Slovakia,1975,3
Slovakia,1976,3
Slovakia,1977,3
Slovakia,1978,3
Slovakia,1979,3
Slovakia,1980,3
Slovakia,1981,3
Slovakia,1982,3
Slovakia,1983,3
Slovakia,1984,3
Slovakia,1985,3
Slovakia,1986,3
Slovakia,1987,3
Slovakia,1988,3
Slovakia,1989,3
Slovakia,1990,3
Slovakia,1991,3
Slovakia,1992,5
Slovakia,1993,6
Slovakia,1994,9
Slovakia,1995,14
Slovakia,1996,18
Slovakia,1997,23
Slovakia,1998,27
Slovakia,1999,33
Slovakia,2000,39
Slovakia,2001,43
Slovakia,2002,45
Slovakia,2003,49
Slovakia,2004,53
Slovakia,2005,57
Slovakia,2006,63
Slovakia,2007,66
Slovakia,2008,70
Slovakia,2009,75
Slovakia,2010,79
Slovakia,2011,82
Slovakia,2012,86
Slovakia,2013,88
Slovakia,2014,96
Slovakia,2015,102
Slovakia,2016,107
Slovakia,2017,112
Slovakia,2018,116
Slovakia,2019,121
Slovakia,2020,123
Slovakia,2021,127
Slovakia,2022,130
Slovakia,2023,137
Slovakia,2024,144
Slovakia,2025,148
Slovakia,2026,153
Slovenia,1873,0
Slovenia,1874,0
Slovenia,1875,0
Slovenia,1876,0
Slovenia,1877,0
Slovenia,1878,0
Slovenia,1879,0
Slovenia,1880,0
Slovenia,1881,0
Slovenia,1882,0
Slovenia,1883,0
Slovenia,1884,0
Slovenia,1885,0
Slovenia,1886,0
Slovenia,1887,0
Slovenia,1888,0
Slovenia,1889,0
Slovenia,1890,0
Slovenia,1891,0
Slovenia,1892,0
Slovenia,1893,0
Slovenia,1894,0
Slovenia,1895,0
Slovenia,1896,0
Slovenia,1897,0
Slovenia,1898,0
Slovenia,1899,0
Slovenia,1900,0
Slovenia,1901,0
Slovenia,1902,0
Slovenia,1903,0
Slovenia,1904,0
Slovenia,1905,0
Slovenia,1906,0
Slovenia,1907,0
Slovenia,1908,0
Slovenia,1909,0
Slovenia,1910,0
Slovenia,1911,0
Slovenia,1912,0
Slovenia,1913,0
Slovenia,1914,0
Slovenia,1915,0
Slovenia,1916,0
Slovenia,1917,0
Slovenia,1918,0
Slovenia,1919,0
Slovenia,1920,0
Slovenia,1921,0
Slovenia,1922,0
Slovenia,1923,0
Slovenia,1924,0
Slovenia,1925,0
Slovenia,1926,0
Slovenia,1927,0
Slovenia,1928,0
Slovenia,1929,0
Slovenia,1930,0
Slovenia,1931,0
Slovenia,1932,0
Slovenia,1933,0
Slovenia,1934,0
Slovenia,1935,0
Slovenia,1936,0
Slovenia,1937,0
Slovenia,1938,0
Slovenia,1939,0
Slovenia,1940,0
Slovenia,1941,0
Slovenia,1942,0
Slovenia,1943,0
Slovenia,1944,0
Slovenia,1945,0
Slovenia,1946,0
Slovenia,1947,0
Slovenia,1948,0
Slovenia,1949,0
Slovenia,1950,0
Slovenia,1951,0
Slovenia,1952,0
Slovenia,1953,0
Slovenia,1954,0
Slovenia,1955,0
Slovenia,1956,0
Slovenia,1957,0
Slovenia,1958,0
Slovenia,1959,0
Slovenia,1960,0
Slovenia,1961,0
Slovenia,1962,0
Slovenia,1963,0
Slovenia,1964,0
Slovenia,1965,0
Slovenia,1966,0
Slovenia,1967,0
Slovenia,1968,0
Slovenia,1969,0
Slovenia,1970,0
Slovenia,1971,0
Slovenia,1972,0
Slovenia,1973,0
Slovenia,1974,0
Slovenia,1975,0
Slovenia,1976,0
Slovenia,1977,0
Slovenia,1978,0
Slovenia,1979,0
Slovenia,1980,0
Slovenia,1981,0
Slovenia,1982,0
Slovenia,1983,0
Slovenia,1984,0
Slovenia,1985,0
Slovenia,1986,0
Slovenia,1987,0
Slovenia,1988,0
Slovenia,1989,0
Slovenia,1990,0
Slovenia,1991,0
Slovenia,1992,0
Slovenia,1993,1
Slovenia,1994,5
Slovenia,1995,9
Slovenia,1996,10
Slovenia,1997,11
Slovenia,1998,13
Slovenia,1999,19
Slovenia,2000,23
Slovenia,2001,28
Slovenia,2002,32
Slovenia,2003,36
Slovenia,2004,38
Slovenia,2005,39
Slovenia,2006,42
Slovenia,2007,45
Slovenia,2008,48
Slovenia,2009,53
Slovenia,2010,59
Slovenia,2011,62
Slovenia,2012,64
Slovenia,2013,70
Slovenia,2014,72
Slovenia,2015,75
Slovenia,2016,78
Slovenia,2017,80
Slovenia,2018,81
Slovenia,2019,85
Slovenia,2020,90
Slovenia,2021,95
Slovenia,2022,98
Slovenia,2023,105
Slovenia,2024,110
Slovenia,2025,113
Slovenia,2026,116
Solomon Islands,1873,0
Solomon Islands,1874,0
Solomon Islands,1875,0
Solomon Islands,1876,0
Solomon Islands,1877,0
Solomon Islands,1878,0
Solomon Islands,1879,0
Solomon Islands,1880,0
Solomon Islands,1881,0
Solomon Islands,1882,0
Solomon Islands,1883,0
Solomon Islands,1884,0
Solomon Islands,1885,0
Solomon Islands,1886,0
Solomon Islands,1887,0
Solomon Islands,1888,0
Solomon Islands,1889,0
Solomon Islands,1890,0
Solomon Islands,1891,0
Solomon Islands,1892,0
Solomon Islands,1893,0
Solomon Islands,1894,0
Solomon Islands,1895,0
Solomon Islands,1896,0
Solomon Islands,1897,0
Solomon Islands,1898,0
Solomon Islands,1899,0
Solomon Islands,1900,0
Solomon Islands,1901,0
Solomon Islands,1902,0
Solomon Islands,1903,0
Solomon Islands,1904,0
Solomon Islands,1905,0
Solomon Islands,1906,0
Solomon Islands,1907,0
Solomon Islands,1908,0
Solomon Islands,1909,0
Solomon Islands,1910,0
Solomon Islands,1911,0
Solomon Islands,1912,0
Solomon Islands,1913,0
Solomon Islands,1914,0
Solomon Islands,1915,0
Solomon Islands,1916,0
Solomon Islands,1917,0
Solomon Islands,1918,0
Solomon Islands,1919,0
Solomon Islands,1920,0
Solomon Islands,1921,0
Solomon Islands,1922,0
Solomon Islands,1923,0
Solomon Islands,1924,0
Solomon Islands,1925,0
Solomon Islands,1926,0
Solomon Islands,1927,0
Solomon Islands,1928,0
Solomon Islands,1929,0
Solomon Islands,1930,0
Solomon Islands,1931,0
Solomon Islands,1932,0
Solomon Islands,1933,0
Solomon Islands,1934,0
Solomon Islands,1935,0
Solomon Islands,1936,0
Solomon Islands,1937,0
Solomon Islands,1938,0
Solomon Islands,1939,0
Solomon Islands,1940,0
Solomon Islands,1941,0
Solomon Islands,1942,0
Solomon Islands,1943,0
Solomon Islands,1944,0
Solomon Islands,1945,0
Solomon Islands,1946,0
Solomon Islands,1947,0
Solomon Islands,1948,0
Solomon Islands,1949,0
Solomon Islands,1950,0
Solomon Islands,1951,0
Solomon Islands,1952,0
Solomon Islands,1953,0
Solomon Islands,1954,0
Solomon Islands,1955,0
Solomon Islands,1956,0
Solomon Islands,1957,0
Solomon Islands,1958,0
Solomon Islands,1959,0
Solomon Islands,1960,0
Solomon Islands,1961,0
Solomon Islands,1962,0
Solomon Islands,1963,1
Solomon Islands,1964,1
Solomon Islands,1965,1
Solomon Islands,1966,1
Solomon Islands,1967,1
Solomon Islands,1968,1
Solomon Islands,1969,1
Solomon Islands,1970,1
Solomon Islands,1971,1
Solomon Islands,1972,1
Solomon Islands,1973,1
Solomon Islands,1974,1
Solomon Islands,1975,3
Solomon Islands,1976,3
Solomon Islands,1977,3
Solomon Islands,1978,3
Solomon Islands,1979,7
Solomon Islands,1980,7
Solomon Islands,1981,9
Solomon Islands,1982,9
Solomon Islands,1983,9
Solomon Islands,1984,9
Solomon Islands,1985,9
Solomon Islands,1986,9
Solomon Islands,1987,9
Solomon Islands,1988,11
Solomon Islands,1989,12
Solomon Islands,1990,13
Solomon Islands,1991,16
Solomon Islands,1992,17
Solomon Islands,1993,18
Solomon Islands,1994,23
Solomon Islands,1995,26
Solomon Islands,1996,26
Solomon Islands,1997,30
Solomon Islands,1998,33
Solomon Islands,1999,33
Solomon Islands,2000,37
Solomon Islands,2001,39
Solomon Islands,2002,39
Solomon Islands,2003,42
Solomon Islands,2004,50
Solomon Islands,2005,50
Solomon Islands,2006,50
Solomon Islands,2007,55
Solomon Islands,2008,55
Solomon Islands,2009,55
Solomon Islands,2010,55
Solomon Islands,2011,61
Solomon Islands,2012,63
Solomon Islands,2013,63
Solomon Islands,2014,63
Solomon Islands,2015,63
Solomon Islands,2016,66
Solomon Islands,2017,70
Solomon Islands,2018,71
Solomon Islands,2019,75
Solomon Islands,2020,75
Solomon Islands,2021,75
Solomon Islands,2022,79
Solomon Islands,2023,87
Solomon Islands,2024,90
Solomon Islands,2025,90
Solomon Islands,2026,91
Somalia,1873,0
Somalia,1874,0
Somalia,1875,0
Somalia,1876,0
Somalia,1877,0
Somalia,1878,0
Somalia,1879,0
Somalia,1880,0
Somalia,1881,0
Somalia,1882,0
Somalia,1883,0
Somalia,1884,0
Somalia,1885,0
Somalia,1886,0
Somalia,1887,0
Somalia,1888,0
Somalia,1889,0
Somalia,1890,0
Somalia,1891,0
Somalia,1892,0
Somalia,1893,0
Somalia,1894,0
Somalia,1895,0
Somalia,1896,0
Somalia,1897,0
Somalia,1898,0
Somalia,1899,0
Somalia,1900,0
Somalia,1901,0
Somalia,1902,0
Somalia,1903,0
Somalia,1904,0
Somalia,1905,0
Somalia,1906,0
Somalia,1907,0
Somalia,1908,0
Somalia,1909,0
Somalia,1910,0
Somalia,1911,0
Somalia,1912,0
Somalia,1913,0
Somalia,1914,0
Somalia,1915,0
Somalia,1916,0
Somalia,1917,0
Somalia,1918,0
Somalia,1919,0
Somalia,1920,0
Somalia,1921,0
Somalia,1922,0
Somalia,1923,0
Somalia,1924,0
Somalia,1925,0
Somalia,1926,0
Somalia,1927,0
Somalia,1928,0
Somalia,1929,0
Somalia,1930,0
Somalia,1931,0
Somalia,1932,0
Somalia,1933,0
Somalia,1934,0
Somalia,1935,0
Somalia,1936,0
Somalia,1937,0
Somalia,1938,0
Somalia,1939,0
Somalia,1940,0
Somalia,1941,0
Somalia,1942,0
Somalia,1943,0
Somalia,1944,0
Somalia,1945,0
Somalia,1946,0
Somalia,1947,0
Somalia,1948,0
Somalia,1949,0
Somalia,1950,0
Somalia,1951,0
Somalia,1952,0
Somalia,1953,0
Somalia,1954,0
Somalia,1955,0
Somalia,1956,0
Somalia,1957,0
Somalia,1958,0
Somalia,1959,0
Somalia,1960,0
Somalia,1961,0
Somalia,1962,0
Somalia,1963,0
Somalia,1964,0
Somalia,1965,0
Somalia,1966,0
Somalia,1967,0
Somalia,1968,0
Somalia,1969,0
Somalia,1970,0
Somalia,1971,0
Somalia,1972,0
Somalia,1973,0
Somalia,1974,1
Somalia,1975,1
Somalia,1976,1
Somalia,1977,2
Somalia,1978,2
Somalia,1979,2
Somalia,1980,2
Somalia,1981,2
Somalia,1982,2
Somalia,1983,2
Somalia,1984,4
Somalia,1985,4
Somalia,1986,4
Somalia,1987,4
Somalia,1988,4
Somalia,1989,4
Somalia,1990,4
Somalia,1991,4
Somalia,1992,4
Somalia,1993,4
Somalia,1994,5
Somalia,1995,5
Somalia,1996,5
Somalia,1997,5
Somalia,1998,5
Somalia,1999,5
Somalia,2000,5
Somalia,2001,5
Somalia,2002,6
Somalia,2003,6
Somalia,2004,6
Somalia,2005,7
Somalia,2006,7
Somalia,2007,7
Somalia,2008,8
Somalia,2009,9
Somalia,2010,9
Somalia,2011,9
Somalia,2012,9
Somalia,2013,9
Somalia,2014,9
Somalia,2015,9
Somalia,2016,9
Somalia,2017,9
Somalia,2018,9
Somalia,2019,10
Somalia,2020,10
Somalia,2021,10
Somalia,2022,10
Somalia,2023,10
Somalia,2024,10
Somalia,2025,11
Somalia,2026,11
Somaliland,1873,0
Somaliland,1874,0
Somaliland,1875,0
Somaliland,1876,0
Somaliland,1877,0
Somaliland,1878,0
Somaliland,1879,0
Somaliland,1880,0
Somaliland,1881,0
Somaliland,1882,0
Somaliland,1883,0
Somaliland,1884,0
Somaliland,1885,0
Somaliland,1886,0
Somaliland,1887,0
Somaliland,1888,0
Somaliland,1889,0
Somaliland,1890,0
Somaliland,1891,0
Somaliland,1892,0
Somaliland,1893,0
Somaliland,1894,0
Somaliland,1895,0
Somaliland,1896,0
Somaliland,1897,0
Somaliland,1898,0
Somaliland,1899,0
Somaliland,1900,0
Somaliland,1901,0
Somaliland,1902,0
Somaliland,1903,0
Somaliland,1904,0
Somaliland,1905,0
Somaliland,1906,0
Somaliland,1907,0
Somaliland,1908,0
Somaliland,1909,0
Somaliland,1910,0
Somaliland,1911,0
Somaliland,1912,0
Somaliland,1913,0
Somaliland,1914,0
Somaliland,1915,0
Somaliland,1916,0
Somaliland,1917,0
Somaliland,1918,0
Somaliland,1919,0
Somaliland,1920,0
Somaliland,1921,0
Somaliland,1922,0
Somaliland,1923,0
Somaliland,1924,0
Somaliland,1925,0
Somaliland,1926,0
Somaliland,1927,0
Somaliland,1928,0
Somaliland,1929,0
Somaliland,1930,0
Somaliland,1931,0
Somaliland,1932,0
Somaliland,1933,0
Somaliland,1934,0
Somaliland,1935,0
Somaliland,1936,0
Somaliland,1937,0
Somaliland,1938,0
Somaliland,1939,0
Somaliland,1940,0
Somaliland,1941,0
Somaliland,1942,0
Somaliland,1943,0
Somaliland,1944,0
Somaliland,1945,0
Somaliland,1946,0
Somaliland,1947,0
Somaliland,1948,0
Somaliland,1949,0
Somaliland,1950,0
Somaliland,1951,0
Somaliland,1952,0
Somaliland,1953,0
Somaliland,1954,0
Somaliland,1955,0
Somaliland,1956,0
Somaliland,1957,0
Somaliland,1958,0
Somaliland,1959,0
Somaliland,1960,0
Somaliland,1961,0
Somaliland,1962,0
Somaliland,1963,0
Somaliland,1964,0
Somaliland,1965,0
Somaliland,1966,0
Somaliland,1967,0
Somaliland,1968,0
Somaliland,1969,0
Somaliland,1970,0
Somaliland,1971,0
Somaliland,1972,0
Somaliland,1973,0
Somaliland,1974,0
Somaliland,1975,0
Somaliland,1976,0
Somaliland,1977,0
Somaliland,1978,0
Somaliland,1979,0
Somaliland,1980,0
Somaliland,1981,0
Somaliland,1982,0
Somaliland,1983,0
Somaliland,1984,0
Somaliland,1985,0
Somaliland,1986,0
Somaliland,1987,0
Somaliland,1988,0
Somaliland,1989,0
Somaliland,1990,0
Somaliland,1991,0
Somaliland,1992,0
Somaliland,1993,0
Somaliland,1994,0
Somaliland,1995,0
Somaliland,1996,0
Somaliland,1997,0
Somaliland,1998,0
Somaliland,1999,0
Somaliland,2000,0
Somaliland,2001,0
Somaliland,2002,0
Somaliland,2003,0
Somaliland,2004,0
Somaliland,2005,0
Somaliland,2006,0
Somaliland,2007,0
Somaliland,2008,0
Somaliland,2009,0
Somaliland,2010,0
Somaliland,2011,0
Somaliland,2012,0
Somaliland,2013,0
Somaliland,2014,0
Somaliland,2015,0
Somaliland,2016,2
Somaliland,2017,2
Somaliland,2018,2
Somaliland,2019,2
Somaliland,2020,2
Somaliland,2021,2
Somaliland,2022,2
Somaliland,2023,2
Somaliland,2024,2
Somaliland,2025,2
Somaliland,2026,2
South Africa,1873,0
South Africa,1874,0
South Africa,1875,0
South Africa,1876,0
South Africa,1877,0
South Africa,1878,0
South Africa,1879,0
South Africa,1880,0
South Africa,1881,0
South Africa,1882,0
South Africa,1883,0
South Africa,1884,0
South Africa,1885,0
South Africa,1886,0
South Africa,1887,0
South Africa,1888,0
South Africa,1889,0
South Africa,1890,0
South Africa,1891,0
South Africa,1892,0
South Africa,1893,0
South Africa,1894,0
South Africa,1895,0
South Africa,1896,0
South Africa,1897,0
South Africa,1898,0
South Africa,1899,0
South Africa,1900,0
South Africa,1901,0
South Africa,1902,0
South Africa,1903,0
South Africa,1904,0
South Africa,1905,0
South Africa,1906,1
South Africa,1907,1
South Africa,1908,1
South Africa,1909,1
South Africa,1910,1
South Africa,1911,1
South Africa,1912,1
South Africa,1913,1
South Africa,1914,1
South Africa,1915,1
South Africa,1916,1
South Africa,1917,1
South Africa,1918,1
South Africa,1919,1
South Africa,1920,1
South Africa,1921,1
South Africa,1922,1
South Africa,1923,1
South Africa,1924,2
South Africa,1925,2
South Africa,1926,2
South Africa,1927,2
South Africa,1928,2
South Africa,1929,2
South Africa,1930,2
South Africa,1931,2
South Africa,1932,2
South Africa,1933,2
South Africa,1934,2
South Africa,1935,2
South Africa,1936,2
South Africa,1937,2
South Africa,1938,2
South Africa,1939,2
South Africa,1940,2
South Africa,1941,2
South Africa,1942,2
South Africa,1943,2
South Africa,1944,2
South Africa,1945,2
South Africa,1946,2
South Africa,1947,9
South Africa,1948,9
South Africa,1949,9
South Africa,1950,11
South Africa,1951,11
South Africa,1952,11
South Africa,1953,11
South Africa,1954,12
South Africa,1955,17
South Africa,1956,17
South Africa,1957,17
South Africa,1958,17
South Africa,1959,17
South Africa,1960,17
South Africa,1961,17
South Africa,1962,17
South Africa,1963,17
South Africa,1964,17
South Africa,1965,17
South Africa,1966,17
South Africa,1967,17
South Africa,1968,17
South Africa,1969,17
South Africa,1970,17
South Africa,1971,17
South Africa,1972,17
South Africa,1973,17
South Africa,1974,17
South Africa,1975,17
South Africa,1976,17
South Africa,1977,18
South Africa,1978,18
South Africa,1979,18
South Africa,1980,18
South Africa,1981,18
South Africa,1982,18
South Africa,1983,18
South Africa,1984,18
South Africa,1985,18
South Africa,1986,18
South Africa,1987,18
South Africa,1988,18
South Africa,1989,18
South Africa,1990,18
South Africa,1991,18
South Africa,1992,20
South Africa,1993,23
South Africa,1994,24
South Africa,1995,27
South Africa,1996,37
South Africa,1997,40
South Africa,1998,45
South Africa,1999,50
South Africa,2000,61
South Africa,2001,68
South Africa,2002,78
South Africa,2003,84
South Africa,2004,90
South Africa,2005,95
South Africa,2006,99
South Africa,2007,104
South Africa,2008,116
South Africa,2009,122
South Africa,2010,131
South Africa,2011,135
South Africa,2012,139
South Africa,2013,149
South Africa,2014,153
South Africa,2015,160
South Africa,2016,164
South Africa,2017,169
South Africa,2018,173
South Africa,2019,178
South Africa,2020,180
South Africa,2021,189
South Africa,2022,194
South Africa,2023,200
South Africa,2024,207
South Africa,2025,214
South Africa,2026,219
South Korea,1873,0
South Korea,1874,0
South Korea,1875,0
South Korea,1876,0
South Korea,1877,0
South Korea,1878,0
South Korea,1879,0
South Korea,1880,0
South Korea,1881,0
South Korea,1882,0
South Korea,1883,0
South Korea,1884,0
South Korea,1885,0
South Korea,1886,0
South Korea,1887,0
South Korea,1888,0
South Korea,1889,0
South Korea,1890,0
South Korea,1891,0
South Korea,1892,0
South Korea,1893,0
South Korea,1894,0
South Korea,1895,0
South Korea,1896,0
South Korea,1897,0
South Korea,1898,0
South Korea,1899,0
South Korea,1900,0
South Korea,1901,0
South Korea,1902,0
South Korea,1903,0
South Korea,1904,0
South Korea,1905,0
South Korea,1906,0
South Korea,1907,0
South Korea,1908,0
South Korea,1909,0
South Korea,1910,0
South Korea,1911,0
South Korea,1912,0
South Korea,1913,0
South Korea,1914,0
South Korea,1915,0
South Korea,1916,0
South Korea,1917,0
South Korea,1918,0
South Korea,1919,0
South Korea,1920,0
South Korea,1921,0
South Korea,1922,0
South Korea,1923,0
South Korea,1924,0
South Korea,1925,0
South Korea,1926,0
South Korea,1927,0
South Korea,1928,0
South Korea,1929,0
South Korea,1930,0
South Korea,1931,0
South Korea,1932,0
South Korea,1933,0
South Korea,1934,0
South Korea,1935,0
South Korea,1936,0
South Korea,1937,0
South Korea,1938,0
South Korea,1939,0
South Korea,1940,0
South Korea,1941,0
South Korea,1942,0
South Korea,1943,0
South Korea,1944,0
South Korea,1945,0
South Korea,1946,0
South Korea,1947,0
South Korea,1948,0
South Korea,1949,1
South Korea,1950,2
South Korea,1951,2
South Korea,1952,2
South Korea,1953,6
South Korea,1954,8
South Korea,1955,8
South Korea,1956,15
South Korea,1957,15
South Korea,1958,19
South Korea,1959,24
South Korea,1960,29
South Korea,1961,30
South Korea,1962,36
South Korea,1963,38
South Korea,1964,40
South Korea,1965,43
South Korea,1966,48
South Korea,1967,58
South Korea,1968,62
South Korea,1969,70
South Korea,1970,83
South Korea,1971,89
South Korea,1972,101
South Korea,1973,113
South Korea,1974,118
South Korea,1975,134
South Korea,1976,144
South Korea,1977,159
South Korea,1978,178
South Korea,1979,183
South Korea,1980,198
South Korea,1981,205
South Korea,1982,214
South Korea,1983,218
South Korea,1984,223
South Korea,1985,234
South Korea,1986,240
South Korea,1987,243
South Korea,1988,251
South Korea,1989,262
South Korea,1990,274
South Korea,1991,277
South Korea,1992,279
South Korea,1993,290
South Korea,1994,297
South Korea,1995,300
South Korea,1996,308
South Korea,1997,323
South Korea,1998,334
South Korea,1999,335
South Korea,2000,347
South Korea,2001,355
South Korea,2002,361
South Korea,2003,368
South Korea,2004,378
South Korea,2005,385
South Korea,2006,393
South Korea,2007,397
South Korea,2008,405
South Korea,2009,411
South Korea,2010,421
South Korea,2011,431
South Korea,2012,436
South Korea,2013,441
South Korea,2014,446
South Korea,2015,462
South Korea,2016,469
South Korea,2017,473
South Korea,2018,480
South Korea,2019,492
South Korea,2020,493
South Korea,2021,500
South Korea,2022,512
South Korea,2023,517
South Korea,2024,527
South Korea,2025,533
South Korea,2026,538
South Ossetia,1873,0
South Ossetia,1874,0
South Ossetia,1875,0
South Ossetia,1876,0
South Ossetia,1877,0
South Ossetia,1878,0
South Ossetia,1879,0
South Ossetia,1880,0
South Ossetia,1881,0
South Ossetia,1882,0
South Ossetia,1883,0
South Ossetia,1884,0
South Ossetia,1885,0
South Ossetia,1886,0
South Ossetia,1887,0
South Ossetia,1888,0
South Ossetia,1889,0
South Ossetia,1890,0
South Ossetia,1891,0
South Ossetia,1892,0
South Ossetia,1893,0
South Ossetia,1894,0
South Ossetia,1895,0
South Ossetia,1896,0
South Ossetia,1897,0
South Ossetia,1898,0
South Ossetia,1899,0
South Ossetia,1900,0
South Ossetia,1901,0
South Ossetia,1902,0
South Ossetia,1903,0
South Ossetia,1904,0
South Ossetia,1905,0
South Ossetia,1906,0
South Ossetia,1907,0
South Ossetia,1908,0
South Ossetia,1909,0
South Ossetia,1910,0
South Ossetia,1911,0
South Ossetia,1912,0
South Ossetia,1913,0
South Ossetia,1914,0
South Ossetia,1915,0
South Ossetia,1916,0
South Ossetia,1917,0
South Ossetia,1918,0
South Ossetia,1919,0
South Ossetia,1920,0
South Ossetia,1921,0
South Ossetia,1922,0
South Ossetia,1923,0
South Ossetia,1924,0
South Ossetia,1925,0
South Ossetia,1926,0
South Ossetia,1927,0
South Ossetia,1928,0
South Ossetia,1929,0
South Ossetia,1930,0
South Ossetia,1931,0
South Ossetia,1932,0
South Ossetia,1933,0
South Ossetia,1934,0
South Ossetia,1935,0
South Ossetia,1936,0
South Ossetia,1937,0
South Ossetia,1938,0
South Ossetia,1939,0
South Ossetia,1940,0
South Ossetia,1941,0
South Ossetia,1942,0
South Ossetia,1943,0
South Ossetia,1944,0
South Ossetia,1945,0
South Ossetia,1946,0
South Ossetia,1947,0
South Ossetia,1948,0
South Ossetia,1949,0
South Ossetia,1950,0
South Ossetia,1951,0
South Ossetia,1952,0
South Ossetia,1953,0
South Ossetia,1954,0
South Ossetia,1955,0
South Ossetia,1956,0
South Ossetia,1957,0
South Ossetia,1958,0
South Ossetia,1959,0
South Ossetia,1960,0
South Ossetia,1961,0
South Ossetia,1962,0
South Ossetia,1963,0
South Ossetia,1964,0
South Ossetia,1965,0
South Ossetia,1966,0
South Ossetia,1967,0
South Ossetia,1968,0
South Ossetia,1969,0
South Ossetia,1970,0
South Ossetia,1971,0
South Ossetia,1972,0
South Ossetia,1973,0
South Ossetia,1974,0
South Ossetia,1975,0
South Ossetia,1976,0
South Ossetia,1977,0
South Ossetia,1978,0
South Ossetia,1979,0
South Ossetia,1980,0
South Ossetia,1981,0
South Ossetia,1982,0
South Ossetia,1983,0
South Ossetia,1984,0
South Ossetia,1985,0
South Ossetia,1986,0
South Ossetia,1987,0
South Ossetia,1988,0
South Ossetia,1989,0
South Ossetia,1990,0
South Ossetia,1991,0
South Ossetia,1992,0
South Ossetia,1993,0
South Ossetia,1994,0
South Ossetia,1995,0
South Ossetia,1996,0
South Ossetia,1997,0
South Ossetia,1998,0
South Ossetia,1999,0
South Ossetia,2000,0
South Ossetia,2001,0
South Ossetia,2002,0
South Ossetia,2003,0
South Ossetia,2004,0
South Ossetia,2005,0
South Ossetia,2006,0
South Ossetia,2007,0
South Ossetia,2008,0
South Ossetia,2009,0
South Ossetia,2010,0
South Ossetia,2011,0
South Ossetia,2012,0
South Ossetia,2013,0
South Ossetia,2014,1
South Ossetia,2015,1
South Ossetia,2016,1
South Ossetia,2017,1
South Ossetia,2018,1
South Ossetia,2019,5
South Ossetia,2020,5
South Ossetia,2021,5
South Ossetia,2022,5
South Ossetia,2023,5
South Ossetia,2024,5
South Ossetia,2025,5
South Ossetia,2026,5
South Sudan,1873,0
South Sudan,1874,0
South Sudan,1875,0
South Sudan,1876,0
South Sudan,1877,0
South Sudan,1878,0
South Sudan,1879,0
South Sudan,1880,0
South Sudan,1881,0
South Sudan,1882,0
South Sudan,1883,0
South Sudan,1884,0
South Sudan,1885,0
South Sudan,1886,0
South Sudan,1887,0
South Sudan,1888,0
South Sudan,1889,0
South Sudan,1890,0
South Sudan,1891,0
South Sudan,1892,0
South Sudan,1893,0
South Sudan,1894,0
South Sudan,1895,0
South Sudan,1896,0
South Sudan,1897,0
South Sudan,1898,0
South Sudan,1899,0
South Sudan,1900,0
South Sudan,1901,0
South Sudan,1902,0
South Sudan,1903,0
South Sudan,1904,0
South Sudan,1905,0
South Sudan,1906,0
South Sudan,1907,0
South Sudan,1908,0
South Sudan,1909,0
South Sudan,1910,0
South Sudan,1911,0
South Sudan,1912,0
South Sudan,1913,0
South Sudan,1914,0
South Sudan,1915,0
South Sudan,1916,0
South Sudan,1917,0
South Sudan,1918,0
South Sudan,1919,0
South Sudan,1920,0
South Sudan,1921,0
South Sudan,1922,0
South Sudan,1923,0
South Sudan,1924,0
South Sudan,1925,0
South Sudan,1926,0
South Sudan,1927,0
South Sudan,1928,0
South Sudan,1929,0
South Sudan,1930,0
South Sudan,1931,0
South Sudan,1932,0
South Sudan,1933,0
South Sudan,1934,0
South Sudan,1935,0
South Sudan,1936,0
South Sudan,1937,0
South Sudan,1938,0
South Sudan,1939,0
South Sudan,1940,0
South Sudan,1941,0
South Sudan,1942,0
South Sudan,1943,0
South Sudan,1944,0
South Sudan,1945,0
South Sudan,1946,0
South Sudan,1947,0
South Sudan,1948,0
South Sudan,1949,0
South Sudan,1950,0
South Sudan,1951,0
South Sudan,1952,0
South Sudan,1953,0
South Sudan,1954,0
South Sudan,1955,0
South Sudan,1956,0
South Sudan,1957,0
South Sudan,1958,0
South Sudan,1959,0
South Sudan,1960,0
South Sudan,1961,0
South Sudan,1962,0
South Sudan,1963,0
South Sudan,1964,0
South Sudan,1965,0
South Sudan,1966,0
South Sudan,1967,0
South Sudan,1968,0
South Sudan,1969,0
South Sudan,1970,0
South Sudan,1971,0
South Sudan,1972,0
South Sudan,1973,0
South Sudan,1974,0
South Sudan,1975,0
South Sudan,1976,0
South Sudan,1977,0
South Sudan,1978,0
South Sudan,1979,0
South Sudan,1980,0
South Sudan,1981,0
South Sudan,1982,0
South Sudan,1983,0
South Sudan,1984,0
South Sudan,1985,0
South Sudan,1986,0
South Sudan,1987,0
South Sudan,1988,0
South Sudan,1989,0
South Sudan,1990,0
South Sudan,1991,0
South Sudan,1992,0
South Sudan,1993,0
South Sudan,1994,0
South Sudan,1995,0
South Sudan,1996,0
South Sudan,1997,0
South Sudan,1998,0
South Sudan,1999,0
South Sudan,2000,0
South Sudan,2001,0
South Sudan,2002,0
South Sudan,2003,0
South Sudan,2004,0
South Sudan,2005,0
South Sudan,2006,0
South Sudan,2007,0
South Sudan,2008,0
South Sudan,2009,0
South Sudan,2010,0
South Sudan,2011,0
South Sudan,2012,0
South Sudan,2013,0
South Sudan,2014,0
South Sudan,2015,3
South Sudan,2016,3
South Sudan,2017,4
South Sudan,2018,4
South Sudan,2019,6
South Sudan,2020,7
South Sudan,2021,7
South Sudan,2022,9
South Sudan,2023,11
South Sudan,2024,12
South Sudan,2025,12
South Sudan,2026,13
Spain,1873,0
Spain,1874,0
Spain,1875,0
Spain,1876,0
Spain,1877,0
Spain,1878,0
Spain,1879,0
Spain,1880,0
Spain,1881,0
Spain,1882,0
Spain,1883,0
Spain,1884,0
Spain,1885,0
Spain,1886,0
Spain,1887,0
Spain,1888,0
Spain,1889,0
Spain,1890,0
Spain,1891,0
Spain,1892,0
Spain,1893,0
Spain,1894,0
Spain,1895,0
Spain,1896,0
Spain,1897,0
Spain,1898,0
Spain,1899,0
Spain,1900,0
Spain,1901,0
Spain,1902,0
Spain,1903,0
Spain,1904,0
Spain,1905,0
Spain,1906,0
Spain,1907,0
Spain,1908,0
Spain,1909,0
Spain,1910,0
Spain,1911,0
Spain,1912,0
Spain,1913,0
Spain,1914,0
Spain,1915,0
Spain,1916,0
Spain,1917,0
Spain,1918,0
Spain,1919,0
Spain,1920,4
Spain,1921,5
Spain,1922,7
Spain,1923,9
Spain,1924,11
Spain,1925,15
Spain,1926,16
Spain,1927,18
Spain,1928,19
Spain,1929,22
Spain,1930,25
Spain,1931,26
Spain,1932,27
Spain,1933,29
Spain,1934,33
Spain,1935,35
Spain,1936,36
Spain,1937,36
Spain,1938,36
Spain,1939,36
Spain,1940,36
Spain,1941,38
Spain,1942,39
Spain,1943,39
Spain,1944,39
Spain,1945,40
Spain,1946,40
Spain,1947,40
Spain,1948,42
Spain,1949,44
Spain,1950,48
Spain,1951,49
Spain,1952,50
Spain,1953,53
Spain,1954,54
Spain,1955,55
Spain,1956,55
Spain,1957,59
Spain,1958,61
Spain,1959,64
Spain,1960,69
Spain,1961,74
Spain,1962,76
Spain,1963,77
Spain,1964,81
Spain,1965,83
Spain,1966,85
Spain,1967,87
Spain,1968,89
Spain,1969,92
Spain,1970,96
Spain,1971,99
Spain,1972,102
Spain,1973,104
Spain,1974,107
Spain,1975,108
Spain,1976,109
Spain,1977,113
Spain,1978,120
Spain,1979,121
Spain,1980,122
Spain,1981,128
Spain,1982,132
Spain,1983,137
Spain,1984,142
Spain,1985,147
Spain,1986,156
Spain,1987,160
Spain,1988,163
Spain,1989,169
Spain,1990,176
Spain,1991,178
Spain,1992,182
Spain,1993,189
Spain,1994,198
Spain,1995,203
Spain,1996,209
Spain,1997,213
Spain,1998,218
Spain,1999,226
Spain,2000,233
Spain,2001,240
Spain,2002,247
Spain,2003,255
Spain,2004,262
Spain,2005,270
Spain,2006,278
Spain,2007,288
Spain,2008,303
Spain,2009,318
Spain,2010,331
Spain,2011,340
Spain,2012,353
Spain,2013,365
Spain,2014,372
Spain,2015,380
Spain,2016,388
Spain,2017,396
Spain,2018,403
Spain,2019,411
Spain,2020,414
Spain,2021,424
Spain,2022,431
Spain,2023,439
Spain,2024,453
Spain,2025,459
Spain,2026,472
Sri Lanka,1873,0
Sri Lanka,1874,0
Sri Lanka,1875,0
Sri Lanka,1876,0
Sri Lanka,1877,0
Sri Lanka,1878,0
Sri Lanka,1879,0
Sri Lanka,1880,0
Sri Lanka,1881,0
Sri Lanka,1882,0
Sri Lanka,1883,0
Sri Lanka,1884,0
Sri Lanka,1885,0
Sri Lanka,1886,0
Sri Lanka,1887,0
Sri Lanka,1888,0
Sri Lanka,1889,0
Sri Lanka,1890,0
Sri Lanka,1891,0
Sri Lanka,1892,0
Sri Lanka,1893,0
Sri Lanka,1894,0
Sri Lanka,1895,0
Sri Lanka,1896,0
Sri Lanka,1897,0
Sri Lanka,1898,0
Sri Lanka,1899,0
Sri Lanka,1900,0
Sri Lanka,1901,0
Sri Lanka,1902,0
Sri Lanka,1903,0
Sri Lanka,1904,0
Sri Lanka,1905,0
Sri Lanka,1906,0
Sri Lanka,1907,0
Sri Lanka,1908,0
Sri Lanka,1909,0
Sri Lanka,1910,0
Sri Lanka,1911,0
Sri Lanka,1912,0
Sri Lanka,1913,0
Sri Lanka,1914,0
Sri Lanka,1915,0
Sri Lanka,1916,0
Sri Lanka,1917,0
Sri Lanka,1918,0
Sri Lanka,1919,0
Sri Lanka,1920,0
Sri Lanka,1921,0
Sri Lanka,1922,0
Sri Lanka,1923,0
Sri Lanka,1924,0
Sri Lanka,1925,0
Sri Lanka,1926,0
Sri Lanka,1927,0
Sri Lanka,1928,0
Sri Lanka,1929,0
Sri Lanka,1930,0
Sri Lanka,1931,0
Sri Lanka,1932,0
Sri Lanka,1933,0
Sri Lanka,1934,0
Sri Lanka,1935,0
Sri Lanka,1936,0
Sri Lanka,1937,0
Sri Lanka,1938,0
Sri Lanka,1939,0
Sri Lanka,1940,0
Sri Lanka,1941,0
Sri Lanka,1942,0
Sri Lanka,1943,0
Sri Lanka,1944,0
Sri Lanka,1945,0
Sri Lanka,1946,0
Sri Lanka,1947,0
Sri Lanka,1948,0
Sri Lanka,1949,0
Sri Lanka,1950,0
Sri Lanka,1951,0
Sri Lanka,1952,0
Sri Lanka,1953,0
Sri Lanka,1954,1
Sri Lanka,1955,1
Sri Lanka,1956,1
Sri Lanka,1957,1
Sri Lanka,1958,1
Sri Lanka,1959,1
Sri Lanka,1960,1
Sri Lanka,1961,1
Sri Lanka,1962,1
Sri Lanka,1963,1
Sri Lanka,1964,1
Sri Lanka,1965,1
Sri Lanka,1966,1
Sri Lanka,1967,1
Sri Lanka,1968,1
Sri Lanka,1969,1
Sri Lanka,1970,1
Sri Lanka,1971,1
Sri Lanka,1972,2
Sri Lanka,1973,2
Sri Lanka,1974,2
Sri Lanka,1975,2
Sri Lanka,1976,2
Sri Lanka,1977,2
Sri Lanka,1978,2
Sri Lanka,1979,2
Sri Lanka,1980,2
Sri Lanka,1981,2
Sri Lanka,1982,2
Sri Lanka,1983,2
Sri Lanka,1984,3
Sri Lanka,1985,3
Sri Lanka,1986,3
Sri Lanka,1987,3
Sri Lanka,1988,3
Sri Lanka,1989,3
Sri Lanka,1990,3
Sri Lanka,1991,3
Sri Lanka,1992,3
Sri Lanka,1993,5
Sri Lanka,1994,5
Sri Lanka,1995,7
Sri Lanka,1996,10
Sri Lanka,1997,12
Sri Lanka,1998,12
Sri Lanka,1999,12
Sri Lanka,2000,14
Sri Lanka,2001,16
Sri Lanka,2002,19
Sri Lanka,2003,23
Sri Lanka,2004,23
Sri Lanka,2005,23
Sri Lanka,2006,26
Sri Lanka,2007,26
Sri Lanka,2008,30
Sri Lanka,2009,34
Sri Lanka,2010,35
Sri Lanka,2011,36
Sri Lanka,2012,36
Sri Lanka,2013,38
Sri Lanka,2014,39
Sri Lanka,2015,40
Sri Lanka,2016,40
Sri Lanka,2017,40
Sri Lanka,2018,41
Sri Lanka,2019,42
Sri Lanka,2020,42
Sri Lanka,2021,43
Sri Lanka,2022,43
Sri Lanka,2023,43
Sri Lanka,2024,45
Sri Lanka,2025,49
Sri Lanka,2026,52
Sudan,1873,0
Sudan,1874,0
Sudan,1875,0
Sudan,1876,0
Sudan,1877,0
Sudan,1878,0
Sudan,1879,0
Sudan,1880,0
Sudan,1881,0
Sudan,1882,0
Sudan,1883,0
Sudan,1884,0
Sudan,1885,0
Sudan,1886,0
Sudan,1887,0
Sudan,1888,0
Sudan,1889,0
Sudan,1890,0
Sudan,1891,0
Sudan,1892,0
Sudan,1893,0
Sudan,1894,0
Sudan,1895,0
Sudan,1896,0
Sudan,1897,0
Sudan,1898,0
Sudan,1899,0
Sudan,1900,0
Sudan,1901,0
Sudan,1902,0
Sudan,1903,0
Sudan,1904,0
Sudan,1905,0
Sudan,1906,0
Sudan,1907,0
Sudan,1908,0
Sudan,1909,0
Sudan,1910,0
Sudan,1911,0
Sudan,1912,0
Sudan,1913,0
Sudan,1914,0
Sudan,1915,0
Sudan,1916,0
Sudan,1917,0
Sudan,1918,0
Sudan,1919,0
Sudan,1920,0
Sudan,1921,0
Sudan,1922,0
Sudan,1923,0
Sudan,1924,0
Sudan,1925,0
Sudan,1926,0
Sudan,1927,0
Sudan,1928,0
Sudan,1929,0
Sudan,1930,0
Sudan,1931,0
Sudan,1932,0
Sudan,1933,0
Sudan,1934,0
Sudan,1935,0
Sudan,1936,0
Sudan,1937,0
Sudan,1938,0
Sudan,1939,0
Sudan,1940,0
Sudan,1941,0
Sudan,1942,0
Sudan,1943,0
Sudan,1944,0
Sudan,1945,0
Sudan,1946,0
Sudan,1947,0
Sudan,1948,0
Sudan,1949,0
Sudan,1950,0
Sudan,1951,0
Sudan,1952,0
Sudan,1953,0
Sudan,1954,0
Sudan,1955,0
Sudan,1956,0
Sudan,1957,1
Sudan,1958,1
Sudan,1959,2
Sudan,1960,2
Sudan,1961,2
Sudan,1962,2
Sudan,1963,5
Sudan,1964,5
Sudan,1965,8
Sudan,1966,10
Sudan,1967,13
Sudan,1968,14
Sudan,1969,18
Sudan,1970,22
Sudan,1971,23
Sudan,1972,24
Sudan,1973,25
Sudan,1974,28
Sudan,1975,33
Sudan,1976,33
Sudan,1977,33
Sudan,1978,35
Sudan,1979,38
Sudan,1980,40
Sudan,1981,40
Sudan,1982,40
Sudan,1983,44
Sudan,1984,44
Sudan,1985,44
Sudan,1986,44
Sudan,1987,46
Sudan,1988,46
Sudan,1989,47
Sudan,1990,50
Sudan,1991,52
Sudan,1992,54
Sudan,1993,55
Sudan,1994,55
Sudan,1995,58
Sudan,1996,62
Sudan,1997,62
Sudan,1998,63
Sudan,1999,63
Sudan,2000,66
Sudan,2001,71
Sudan,2002,76
Sudan,2003,82
Sudan,2004,86
Sudan,2005,91
Sudan,2006,96
Sudan,2007,105
Sudan,2008,109
Sudan,2009,110
Sudan,2010,111
Sudan,2011,122
Sudan,2012,126
Sudan,2013,130
Sudan,2014,131
Sudan,2015,133
Sudan,2016,133
Sudan,2017,133
Sudan,2018,134
Sudan,2019,136
Sudan,2020,137
Sudan,2021,141
Sudan,2022,142
Sudan,2023,145
Sudan,2024,149
Sudan,2025,151
Sudan,2026,152
Suriname,1873,0
Suriname,1874,0
Suriname,1875,0
Suriname,1876,0
Suriname,1877,0
Suriname,1878,0
Suriname,1879,0
Suriname,1880,0
Suriname,1881,0
Suriname,1882,0
Suriname,1883,0
Suriname,1884,0
Suriname,1885,0
Suriname,1886,0
Suriname,1887,0
Suriname,1888,0
Suriname,1889,0
Suriname,1890,0
Suriname,1891,0
Suriname,1892,0
Suriname,1893,0
Suriname,1894,0
Suriname,1895,0
Suriname,1896,0
Suriname,1897,0
Suriname,1898,0
Suriname,1899,0
Suriname,1900,0
Suriname,1901,0
Suriname,1902,0
Suriname,1903,0
Suriname,1904,0
Suriname,1905,0
Suriname,1906,0
Suriname,1907,0
Suriname,1908,0
Suriname,1909,0
Suriname,1910,0
Suriname,1911,0
Suriname,1912,0
Suriname,1913,0
Suriname,1914,0
Suriname,1915,0
Suriname,1916,0
Suriname,1917,0
Suriname,1918,0
Suriname,1919,0
Suriname,1920,0
Suriname,1921,0
Suriname,1922,0
Suriname,1923,1
Suriname,1924,1
Suriname,1925,1
Suriname,1926,1
Suriname,1927,1
Suriname,1928,1
Suriname,1929,1
Suriname,1930,1
Suriname,1931,1
Suriname,1932,1
Suriname,1933,1
Suriname,1934,1
Suriname,1935,3
Suriname,1936,4
Suriname,1937,5
Suriname,1938,7
Suriname,1939,7
Suriname,1940,7
Suriname,1941,7
Suriname,1942,7
Suriname,1943,9
Suriname,1944,10
Suriname,1945,13
Suriname,1946,15
Suriname,1947,18
Suriname,1948,21
Suriname,1949,23
Suriname,1950,26
Suriname,1951,29
Suriname,1952,30
Suriname,1953,30
Suriname,1954,30
Suriname,1955,33
Suriname,1956,34
Suriname,1957,34
Suriname,1958,34
Suriname,1959,36
Suriname,1960,36
Suriname,1961,36
Suriname,1962,38
Suriname,1963,40
Suriname,1964,40
Suriname,1965,43
Suriname,1966,47
Suriname,1967,51
Suriname,1968,57
Suriname,1969,61
Suriname,1970,64
Suriname,1971,66
Suriname,1972,68
Suriname,1973,70
Suriname,1974,72
Suriname,1975,74
Suriname,1976,76
Suriname,1977,77
Suriname,1978,84
Suriname,1979,85
Suriname,1980,87
Suriname,1981,89
Suriname,1982,90
Suriname,1983,90
Suriname,1984,93
Suriname,1985,96
Suriname,1986,96
Suriname,1987,97
Suriname,1988,98
Suriname,1989,98
Suriname,1990,99
Suriname,1991,101
Suriname,1992,103
Suriname,1993,103
Suriname,1994,106
Suriname,1995,107
Suriname,1996,110
Suriname,1997,110
Suriname,1998,110
Suriname,1999,111
Suriname,2000,112
Suriname,2001,114
Suriname,2002,117
Suriname,2003,117
Suriname,2004,119
Suriname,2005,119
Suriname,2006,121
Suriname,2007,121
Suriname,2008,127
Suriname,2009,128
Suriname,2010,133
Suriname,2011,137
Suriname,2012,140
Suriname,2013,142
Suriname,2014,144
Suriname,2015,146
Suriname,2016,149
Suriname,2017,150
Suriname,2018,151
Suriname,2019,156
Suriname,2020,156
Suriname,2021,160
Suriname,2022,163
Suriname,2023,164
Suriname,2024,168
Suriname,2025,173
Suriname,2026,175
Surrey,1873,0
Surrey,1874,0
Surrey,1875,0
Surrey,1876,0
Surrey,1877,0
Surrey,1878,0
Surrey,1879,0
Surrey,1880,0
Surrey,1881,0
Surrey,1882,0
Surrey,1883,0
Surrey,1884,0
Surrey,1885,0
Surrey,1886,0
Surrey,1887,0
Surrey,1888,0
Surrey,1889,0
Surrey,1890,0
Surrey,1891,0
Surrey,1892,0
Surrey,1893,0
Surrey,1894,0
Surrey,1895,0
Surrey,1896,0
Surrey,1897,0
Surrey,1898,0
Surrey,1899,0
Surrey,1900,0
Surrey,1901,0
Surrey,1902,0
Surrey,1903,0
Surrey,1904,0
Surrey,1905,0
Surrey,1906,0
Surrey,1907,0
Surrey,1908,0
Surrey,1909,0
Surrey,1910,0
Surrey,1911,0
Surrey,1912,0
Surrey,1913,0
Surrey,1914,0
Surrey,1915,0
Surrey,1916,0
Surrey,1917,0
Surrey,1918,0
Surrey,1919,0
Surrey,1920,0
Surrey,1921,0
Surrey,1922,0
Surrey,1923,0
Surrey,1924,0
Surrey,1925,0
Surrey,1926,0
Surrey,1927,0
Surrey,1928,0
Surrey,1929,0
Surrey,1930,0
Surrey,1931,0
Surrey,1932,0
Surrey,1933,0
Surrey,1934,0
Surrey,1935,0
Surrey,1936,0
Surrey,1937,0
Surrey,1938,0
Surrey,1939,0
Surrey,1940,0
Surrey,1941,0
Surrey,1942,0
Surrey,1943,0
Surrey,1944,0
Surrey,1945,0
Surrey,1946,0
Surrey,1947,0
Surrey,1948,0
Surrey,1949,0
Surrey,1950,0
Surrey,1951,0
Surrey,1952,0
Surrey,1953,0
Surrey,1954,0
Surrey,1955,0
Surrey,1956,0
Surrey,1957,0
Surrey,1958,0
Surrey,1959,0
Surrey,1960,0
Surrey,1961,0
Surrey,1962,0
Surrey,1963,0
Surrey,1964,0
Surrey,1965,0
Surrey,1966,0
Surrey,1967,0
Surrey,1968,0
Surrey,1969,0
Surrey,1970,0
Surrey,1971,0
Surrey,1972,0
Surrey,1973,0
Surrey,1974,0
Surrey,1975,0
Surrey,1976,0
Surrey,1977,0
Surrey,1978,0
Surrey,1979,0
Surrey,1980,0
Surrey,1981,0
Surrey,1982,0
Surrey,1983,0
Surrey,1984,0
Surrey,1985,0
Surrey,1986,0
Surrey,1987,0
Surrey,1988,0
Surrey,1989,0
Surrey,1990,0
Surrey,1991,0
Surrey,1992,0
Surrey,1993,0
Surrey,1994,0
Surrey,1995,0
Surrey,1996,0
Surrey,1997,0
Surrey,1998,0
Surrey,1999,0
Surrey,2000,0
Surrey,2001,0
Surrey,2002,0
Surrey,2003,0
Surrey,2004,0
Surrey,2005,0
Surrey,2006,0
Surrey,2007,0
Surrey,2008,0
Surrey,2009,0
Surrey,2010,0
Surrey,2011,0
Surrey,2012,0
Surrey,2013,0
Surrey,2014,0
Surrey,2015,0
Surrey,2016,0
Surrey,2017,0
Surrey,2018,1
Surrey,2019,1
Surrey,2020,1
Surrey,2021,1
Surrey,2022,1
Surrey,2023,1
Surrey,2024,1
Surrey,2025,1
Surrey,2026,1
Sweden,1873,0
Sweden,1874,0
Sweden,1875,0
Sweden,1876,0
Sweden,1877,0
Sweden,1878,0
Sweden,1879,0
Sweden,1880,0
Sweden,1881,0
Sweden,1882,0
Sweden,1883,0
Sweden,1884,0
Sweden,1885,0
Sweden,1886,0
Sweden,1887,0
Sweden,1888,0
Sweden,1889,0
Sweden,1890,0
Sweden,1891,0
Sweden,1892,0
Sweden,1893,0
Sweden,1894,0
Sweden,1895,0
Sweden,1896,0
Sweden,1897,0
Sweden,1898,0
Sweden,1899,0
Sweden,1900,0
Sweden,1901,0
Sweden,1902,0
Sweden,1903,0
Sweden,1904,0
Sweden,1905,0
Sweden,1906,0
Sweden,1907,0
Sweden,1908,1
Sweden,1909,1
Sweden,1910,2
Sweden,1911,5
Sweden,1912,8
Sweden,1913,10
Sweden,1914,13
Sweden,1915,14
Sweden,1916,16
Sweden,1917,17
Sweden,1918,18
Sweden,1919,21
Sweden,1920,24
Sweden,1921,24
Sweden,1922,27
Sweden,1923,31
Sweden,1924,41
Sweden,1925,46
Sweden,1926,51
Sweden,1927,56
Sweden,1928,61
Sweden,1929,66
Sweden,1930,70
Sweden,1931,74
Sweden,1932,79
Sweden,1933,84
Sweden,1934,88
Sweden,1935,94
Sweden,1936,97
Sweden,1937,99
Sweden,1938,103
Sweden,1939,108
Sweden,1940,110
Sweden,1941,111
Sweden,1942,114
Sweden,1943,116
Sweden,1944,116
Sweden,1945,122
Sweden,1946,125
Sweden,1947,131
Sweden,1948,135
Sweden,1949,139
Sweden,1950,145
Sweden,1951,147
Sweden,1952,153
Sweden,1953,157
Sweden,1954,164
Sweden,1955,167
Sweden,1956,169
Sweden,1957,173
Sweden,1958,180
Sweden,1959,185
Sweden,1960,190
Sweden,1961,195
Sweden,1962,202
Sweden,1963,206
Sweden,1964,208
Sweden,1965,210
Sweden,1966,214
Sweden,1967,216
Sweden,1968,220
Sweden,1969,229
Sweden,1970,234
Sweden,1971,239
Sweden,1972,242
Sweden,1973,249
Sweden,1974,253
Sweden,1975,257
Sweden,1976,262
Sweden,1977,266
Sweden,1978,269
Sweden,1979,273
Sweden,1980,275
Sweden,1981,282
Sweden,1982,283
Sweden,1983,292
Sweden,1984,294
Sweden,1985,299
Sweden,1986,303
Sweden,1987,307
Sweden,1988,313
Sweden,1989,319
Sweden,1990,324
Sweden,1991,328
Sweden,1992,336
Sweden,1993,340
Sweden,1994,350
Sweden,1995,352
Sweden,1996,358
Sweden,1997,367
Sweden,1998,372
Sweden,1999,379
Sweden,2000,381
Sweden,2001,393
Sweden,2002,394
Sweden,2003,402
Sweden,2004,410
Sweden,2005,416
Sweden,2006,421
Sweden,2007,427
Sweden,2008,431
Sweden,2009,438
Sweden,2010,445
Sweden,2011,454
Sweden,2012,463
Sweden,2013,470
Sweden,2014,474
Sweden,2015,481
Sweden,2016,485
Sweden,2017,491
Sweden,2018,497
Sweden,2019,503
Sweden,2020,507
Sweden,2021,518
Sweden,2022,522
Sweden,2023,529
Sweden,2024,536
Sweden,2025,539
Sweden,2026,545
Switzerland,1873,0
Switzerland,1874,0
Switzerland,1875,0
Switzerland,1876,0
Switzerland,1877,0
Switzerland,1878,0
Switzerland,1879,0
Switzerland,1880,0
Switzerland,1881,0
Switzerland,1882,0
Switzerland,1883,0
Switzerland,1884,0
Switzerland,1885,0
Switzerland,1886,0
Switzerland,1887,0
Switzerland,1888,0
Switzerland,1889,0
Switzerland,1890,0
Switzerland,1891,0
Switzerland,1892,0
Switzerland,1893,0
Switzerland,1894,0
Switzerland,1895,0
Switzerland,1896,0
Switzerland,1897,0
Switzerland,1898,0
Switzerland,1899,0
Switzerland,1900,0
Switzerland,1901,0
Switzerland,1902,0
Switzerland,1903,0
Switzerland,1904,0
Switzerland,1905,0
Switzerland,1906,0
Switzerland,1907,0
Switzerland,1908,1
Switzerland,1909,1
Switzerland,1910,1
Switzerland,1911,4
Switzerland,1912,4
Switzerland,1913,5
Switzerland,1914,5
Switzerland,1915,5
Switzerland,1916,5
Switzerland,1917,6
Switzerland,1918,6
Switzerland,1919,6
Switzerland,1920,10
Switzerland,1921,10
Switzerland,1922,11
Switzerland,1923,12
Switzerland,1924,19
Switzerland,1925,21
Switzerland,1926,22
Switzerland,1927,22
Switzerland,1928,24
Switzerland,1929,24
Switzerland,1930,25
Switzerland,1931,25
Switzerland,1932,28
Switzerland,1933,30
Switzerland,1934,32
Switzerland,1935,36
Switzerland,1936,37
Switzerland,1937,38
Switzerland,1938,43
Switzerland,1939,48
Switzerland,1940,48
Switzerland,1941,49
Switzerland,1942,52
Switzerland,1943,53
Switzerland,1944,53
Switzerland,1945,57
Switzerland,1946,58
Switzerland,1947,60
Switzerland,1948,62
Switzerland,1949,65
Switzerland,1950,68
Switzerland,1951,68
Switzerland,1952,69
Switzerland,1953,71
Switzerland,1954,74
Switzerland,1955,74
Switzerland,1956,76
Switzerland,1957,76
Switzerland,1958,76
Switzerland,1959,77
Switzerland,1960,81
Switzerland,1961,84
Switzerland,1962,84
Switzerland,1963,84
Switzerland,1964,86
Switzerland,1965,89
Switzerland,1966,89
Switzerland,1967,92
Switzerland,1968,94
Switzerland,1969,95
Switzerland,1970,98
Switzerland,1971,101
Switzerland,1972,101
Switzerland,1973,104
Switzerland,1974,105
Switzerland,1975,106
Switzerland,1976,107
Switzerland,1977,110
Switzerland,1978,111
Switzerland,1979,113
Switzerland,1980,115
Switzerland,1981,119
Switzerland,1982,125
Switzerland,1983,128
Switzerland,1984,130
Switzerland,1985,132
Switzerland,1986,134
Switzerland,1987,137
Switzerland,1988,140
Switzerland,1989,142
Switzerland,1990,147
Switzerland,1991,153
Switzerland,1992,157
Switzerland,1993,162
Switzerland,1994,171
Switzerland,1995,173
Switzerland,1996,175
Switzerland,1997,178
Switzerland,1998,178
Switzerland,1999,184
Switzerland,2000,186
Switzerland,2001,190
Switzerland,2002,194
Switzerland,2003,197
Switzerland,2004,200
Switzerland,2005,206
Switzerland,2006,213
Switzerland,2007,217
Switzerland,2008,224
Switzerland,2009,228
Switzerland,2010,231
Switzerland,2011,235
Switzerland,2012,241
Switzerland,2013,246
Switzerland,2014,252
Switzerland,2015,259
Switzerland,2016,265
Switzerland,2017,272
Switzerland,2018,279
Switzerland,2019,284
Switzerland,2020,285
Switzerland,2021,295
Switzerland,2022,300
Switzerland,2023,304
Switzerland,2024,308
Switzerland,2025,315
Switzerland,2026,323
Syria,1873,0
Syria,1874,0
Syria,1875,0
Syria,1876,0
Syria,1877,0
Syria,1878,0
Syria,1879,0
Syria,1880,0
Syria,1881,0
Syria,1882,0
Syria,1883,0
Syria,1884,0
Syria,1885,0
Syria,1886,0
Syria,1887,0
Syria,1888,0
Syria,1889,0
Syria,1890,0
Syria,1891,0
Syria,1892,0
Syria,1893,0
Syria,1894,0
Syria,1895,0
Syria,1896,0
Syria,1897,0
Syria,1898,0
Syria,1899,0
Syria,1900,0
Syria,1901,0
Syria,1902,0
Syria,1903,0
Syria,1904,0
Syria,1905,0
Syria,1906,0
Syria,1907,0
Syria,1908,0
Syria,1909,0
Syria,1910,0
Syria,1911,0
Syria,1912,0
Syria,1913,0
Syria,1914,0
Syria,1915,0
Syria,1916,0
Syria,1917,0
Syria,1918,0
Syria,1919,0
Syria,1920,0
Syria,1921,0
Syria,1922,0
Syria,1923,0
Syria,1924,0
Syria,1925,0
Syria,1926,0
Syria,1927,0
Syria,1928,0
Syria,1929,0
Syria,1930,0
Syria,1931,0
Syria,1932,0
Syria,1933,0
Syria,1934,0
Syria,1935,0
Syria,1936,0
Syria,1937,0
Syria,1938,0
Syria,1939,0
Syria,1940,0
Syria,1941,0
Syria,1942,0
Syria,1943,0
Syria,1944,0
Syria,1945,0
Syria,1946,0
Syria,1947,0
Syria,1948,0
Syria,1949,0
Syria,1950,0
Syria,1951,0
Syria,1952,0
Syria,1953,0
Syria,1954,0
Syria,1955,0
Syria,1956,0
Syria,1957,0
Syria,1958,0
Syria,1959,0
Syria,1960,0
Syria,1961,0
Syria,1962,0
Syria,1963,3
Syria,1964,3
Syria,1965,3
Syria,1966,6
Syria,1967,6
Syria,1968,6
Syria,1969,6
Syria,1970,6
Syria,1971,6
Syria,1972,10
Syria,1973,15
Syria,1974,17
Syria,1975,18
Syria,1976,19
Syria,1977,19
Syria,1978,20
Syria,1979,20
Syria,1980,22
Syria,1981,22
Syria,1982,22
Syria,1983,22
Syria,1984,26
Syria,1985,31
Syria,1986,31
Syria,1987,31
Syria,1988,37
Syria,1989,39
Syria,1990,39
Syria,1991,39
Syria,1992,39
Syria,1993,42
Syria,1994,42
Syria,1995,42
Syria,1996,47
Syria,1997,49
Syria,1998,55
Syria,1999,55
Syria,2000,64
Syria,2001,68
Syria,2002,72
Syria,2003,75
Syria,2004,84
Syria,2005,85
Syria,2006,88
Syria,2007,98
Syria,2008,104
Syria,2009,114
Syria,2010,118
Syria,2011,122
Syria,2012,125
Syria,2013,126
Syria,2014,127
Syria,2015,135
Syria,2016,140
Syria,2017,143
Syria,2018,146
Syria,2019,153
Syria,2020,154
Syria,2021,157
Syria,2022,159
Syria,2023,162
Syria,2024,167
Syria,2025,174
Syria,2026,174
Székely Land,1873,0
Székely Land,1874,0
Székely Land,1875,0
Székely Land,1876,0
Székely Land,1877,0
Székely Land,1878,0
Székely Land,1879,0
Székely Land,1880,0
Székely Land,1881,0
Székely Land,1882,0
Székely Land,1883,0
Székely Land,1884,0
Székely Land,1885,0
Székely Land,1886,0
Székely Land,1887,0
Székely Land,1888,0
Székely Land,1889,0
Székely Land,1890,0
Székely Land,1891,0
Székely Land,1892,0
Székely Land,1893,0
Székely Land,1894,0
Székely Land,1895,0
Székely Land,1896,0
Székely Land,1897,0
Székely Land,1898,0
Székely Land,1899,0
Székely Land,1900,0
Székely Land,1901,0
Székely Land,1902,0
Székely Land,1903,0
Székely Land,1904,0
Székely Land,1905,0
Székely Land,1906,0
Székely Land,1907,0
Székely Land,1908,0
Székely Land,1909,0
Székely Land,1910,0
Székely Land,1911,0
Székely Land,1912,0
Székely Land,1913,0
Székely Land,1914,0
Székely Land,1915,0
Székely Land,1916,0
Székely Land,1917,0
Székely Land,1918,0
Székely Land,1919,0
Székely Land,1920,0
Székely Land,1921,0
Székely Land,1922,0
Székely Land,1923,0
Székely Land,1924,0
Székely Land,1925,0
Székely Land,1926,0
Székely Land,1927,0
Székely Land,1928,0
Székely Land,1929,0
Székely Land,1930,0
Székely Land,1931,0
Székely Land,1932,0
Székely Land,1933,0
Székely Land,1934,0
Székely Land,1935,0
Székely Land,1936,0
Székely Land,1937,0
Székely Land,1938,0
Székely Land,1939,0
Székely Land,1940,0
Székely Land,1941,0
Székely Land,1942,0
Székely Land,1943,0
Székely Land,1944,0
Székely Land,1945,0
Székely Land,1946,0
Székely Land,1947,0
Székely Land,1948,0
Székely Land,1949,0
Székely Land,1950,0
Székely Land,1951,0
Székely Land,1952,0
Székely Land,1953,0
Székely Land,1954,0
Székely Land,1955,0
Székely Land,1956,0
Székely Land,1957,0
Székely Land,1958,0
Székely Land,1959,0
Székely Land,1960,0
Székely Land,1961,0
Székely Land,1962,0
Székely Land,1963,0
Székely Land,1964,0
Székely Land,1965,0
Székely Land,1966,0
Székely Land,1967,0
Székely Land,1968,0
Székely Land,1969,0
Székely Land,1970,0
Székely Land,1971,0
Székely Land,1972,0
Székely Land,1973,0
Székely Land,1974,0
Székely Land,1975,0
Székely Land,1976,0
Székely Land,1977,0
Székely Land,1978,0
Székely Land,1979,0
Székely Land,1980,0
Székely Land,1981,0
Székely Land,1982,0
Székely Land,1983,0
Székely Land,1984,0
Székely Land,1985,0
Székely Land,1986,0
Székely Land,1987,0
Székely Land,1988,0
Székely Land,1989,0
Székely Land,1990,0
Székely Land,1991,0
Székely Land,1992,0
Székely Land,1993,0
Székely Land,1994,0
Székely Land,1995,0
Székely Land,1996,0
Székely Land,1997,0
Székely Land,1998,0
Székely Land,1999,0
Székely Land,2000,0
Székely Land,2001,0
Székely Land,2002,0
Székely Land,2003,0
Székely Land,2004,0
Székely Land,2005,0
Székely Land,2006,0
Székely Land,2007,0
Székely Land,2008,0
Székely Land,2009,0
Székely Land,2010,0
Székely Land,2011,0
Székely Land,2012,0
Székely Land,2013,0
Székely Land,2014,1
Székely Land,2015,1
Székely Land,2016,2
Székely Land,2017,4
Székely Land,2018,7
Székely Land,2019,7
Székely Land,2020,7
Székely Land,2021,7
Székely Land,2022,7
Székely Land,2023,9
Székely Land,2024,9
Székely Land,2025,9
Székely Land,2026,9
Sápmi,1873,0
Sápmi,1874,0
Sápmi,1875,0
Sápmi,1876,0
Sápmi,1877,0
Sápmi,1878,0
Sápmi,1879,0
Sápmi,1880,0
Sápmi,1881,0
Sápmi,1882,0
Sápmi,1883,0
Sápmi,1884,0
Sápmi,1885,0
Sápmi,1886,0
Sápmi,1887,0
Sápmi,1888,0
Sápmi,1889,0
Sápmi,1890,0
Sápmi,1891,0
Sápmi,1892,0
Sápmi,1893,0
Sápmi,1894,0
Sápmi,1895,0
Sápmi,1896,0
Sápmi,1897,0
Sápmi,1898,0
Sápmi,1899,0
Sápmi,1900,0
Sápmi,1901,0
Sápmi,1902,0
Sápmi,1903,0
Sápmi,1904,0
Sápmi,1905,0
Sápmi,1906,0
Sápmi,1907,0
Sápmi,1908,0
Sápmi,1909,0
Sápmi,1910,0
Sápmi,1911,0
Sápmi,1912,0
Sápmi,1913,0
Sápmi,1914,0
Sápmi,1915,0
Sápmi,1916,0
Sápmi,1917,0
Sápmi,1918,0
Sápmi,1919,0
Sápmi,1920,0
Sápmi,1921,0
Sápmi,1922,0
Sápmi,1923,0
Sápmi,1924,0
Sápmi,1925,0
Sápmi,1926,0
Sápmi,1927,0
Sápmi,1928,0
Sápmi,1929,0
Sápmi,1930,0
Sápmi,1931,0
Sápmi,1932,0
Sápmi,1933,0
Sápmi,1934,0
Sápmi,1935,0
Sápmi,1936,0
Sápmi,1937,0
Sápmi,1938,0
Sápmi,1939,0
Sápmi,1940,0
Sápmi,1941,0
Sápmi,1942,0
Sápmi,1943,0
Sápmi,1944,0
Sápmi,1945,0
Sápmi,1946,0
Sápmi,1947,0
Sápmi,1948,0
Sápmi,1949,0
Sápmi,1950,0
Sápmi,1951,0
Sápmi,1952,0
Sápmi,1953,0
Sápmi,1954,0
Sápmi,1955,0
Sápmi,1956,0
Sápmi,1957,0
Sápmi,1958,0
Sápmi,1959,0
Sápmi,1960,0
Sápmi,1961,0
Sápmi,1962,0
Sápmi,1963,0
Sápmi,1964,0
Sápmi,1965,0
Sápmi,1966,0
Sápmi,1967,0
Sápmi,1968,0
Sápmi,1969,0
Sápmi,1970,0
Sápmi,1971,0
Sápmi,1972,0
Sápmi,1973,0
Sápmi,1974,0
Sápmi,1975,0
Sápmi,1976,0
Sápmi,1977,0
Sápmi,1978,0
Sápmi,1979,0
Sápmi,1980,0
Sápmi,1981,0
Sápmi,1982,0
Sápmi,1983,0
Sápmi,1984,0
Sápmi,1985,0
Sápmi,1986,0
Sápmi,1987,0
Sápmi,1988,0
Sápmi,1989,0
Sápmi,1990,0
Sápmi,1991,0
Sápmi,1992,0
Sápmi,1993,0
Sápmi,1994,0
Sápmi,1995,0
Sápmi,1996,0
Sápmi,1997,0
Sápmi,1998,0
Sápmi,1999,0
Sápmi,2000,0
Sápmi,2001,0
Sápmi,2002,0
Sápmi,2003,0
Sápmi,2004,0
Sápmi,2005,0
Sápmi,2006,4
Sápmi,2007,4
Sápmi,2008,6
Sápmi,2009,7
Sápmi,2010,7
Sápmi,2011,7
Sápmi,2012,7
Sápmi,2013,7
Sápmi,2014,8
Sápmi,2015,8
Sápmi,2016,11
Sápmi,2017,11
Sápmi,2018,11
Sápmi,2019,12
Sápmi,2020,12
Sápmi,2021,12
Sápmi,2022,12
Sápmi,2023,12
Sápmi,2024,12
Sápmi,2025,12
Sápmi,2026,12
São Tomé and Príncipe,1873,0
São Tomé and Príncipe,1874,0
São Tomé and Príncipe,1875,0
São Tomé and Príncipe,1876,0
São Tomé and Príncipe,1877,0
São Tomé and Príncipe,1878,0
São Tomé and Príncipe,1879,0
São Tomé and Príncipe,1880,0
São Tomé and Príncipe,1881,0
São Tomé and Príncipe,1882,0
São Tomé and Príncipe,1883,0
São Tomé and Príncipe,1884,0
São Tomé and Príncipe,1885,0
São Tomé and Príncipe,1886,0
São Tomé and Príncipe,1887,0
São Tomé and Príncipe,1888,0
São Tomé and Príncipe,1889,0
São Tomé and Príncipe,1890,0
São Tomé and Príncipe,1891,0
São Tomé and Príncipe,1892,0
São Tomé and Príncipe,1893,0
São Tomé and Príncipe,1894,0
São Tomé and Príncipe,1895,0
São Tomé and Príncipe,1896,0
São Tomé and Príncipe,1897,0
São Tomé and Príncipe,1898,0
São Tomé and Príncipe,1899,0
São Tomé and Príncipe,1900,0
São Tomé and Príncipe,1901,0
São Tomé and Príncipe,1902,0
São Tomé and Príncipe,1903,0
São Tomé and Príncipe,1904,0
São Tomé and Príncipe,1905,0
São Tomé and Príncipe,1906,0
São Tomé and Príncipe,1907,0
São Tomé and Príncipe,1908,0
São Tomé and Príncipe,1909,0
São Tomé and Príncipe,1910,0
São Tomé and Príncipe,1911,0
São Tomé and Príncipe,1912,0
São Tomé and Príncipe,1913,0
São Tomé and Príncipe,1914,0
São Tomé and Príncipe,1915,0
São Tomé and Príncipe,1916,0
São Tomé and Príncipe,1917,0
São Tomé and Príncipe,1918,0
São Tomé and Príncipe,1919,0
São Tomé and Príncipe,1920,0
São Tomé and Príncipe,1921,0
São Tomé and Príncipe,1922,0
São Tomé and Príncipe,1923,0
São Tomé and Príncipe,1924,0
São Tomé and Príncipe,1925,0
São Tomé and Príncipe,1926,0
São Tomé and Príncipe,1927,0
São Tomé and Príncipe,1928,0
São Tomé and Príncipe,1929,0
São Tomé and Príncipe,1930,0
São Tomé and Príncipe,1931,0
São Tomé and Príncipe,1932,0
São Tomé and Príncipe,1933,0
São Tomé and Príncipe,1934,0
São Tomé and Príncipe,1935,0
São Tomé and Príncipe,1936,0
São Tomé and Príncipe,1937,0
São Tomé and Príncipe,1938,0
São Tomé and Príncipe,1939,0
São Tomé and Príncipe,1940,0
São Tomé and Príncipe,1941,0
São Tomé and Príncipe,1942,0
São Tomé and Príncipe,1943,0
São Tomé and Príncipe,1944,0
São Tomé and Príncipe,1945,0
São Tomé and Príncipe,1946,0
São Tomé and Príncipe,1947,0
São Tomé and Príncipe,1948,0
São Tomé and Príncipe,1949,0
São Tomé and Príncipe,1950,0
São Tomé and Príncipe,1951,0
São Tomé and Príncipe,1952,0
São Tomé and Príncipe,1953,0
São Tomé and Príncipe,1954,0
São Tomé and Príncipe,1955,0
São Tomé and Príncipe,1956,0
São Tomé and Príncipe,1957,0
São Tomé and Príncipe,1958,0
São Tomé and Príncipe,1959,0
São Tomé and Príncipe,1960,0
São Tomé and Príncipe,1961,0
São Tomé and Príncipe,1962,0
São Tomé and Príncipe,1963,0
São Tomé and Príncipe,1964,0
São Tomé and Príncipe,1965,0
São Tomé and Príncipe,1966,0
São Tomé and Príncipe,1967,0
São Tomé and Príncipe,1968,0
São Tomé and Príncipe,1969,0
São Tomé and Príncipe,1970,0
São Tomé and Príncipe,1971,0
São Tomé and Príncipe,1972,0
São Tomé and Príncipe,1973,0
São Tomé and Príncipe,1974,0
São Tomé and Príncipe,1975,0
São Tomé and Príncipe,1976,0
São Tomé and Príncipe,1977,0
São Tomé and Príncipe,1978,0
São Tomé and Príncipe,1979,0
São Tomé and Príncipe,1980,0
São Tomé and Príncipe,1981,0
São Tomé and Príncipe,1982,0
São Tomé and Príncipe,1983,0
São Tomé and Príncipe,1984,0
São Tomé and Príncipe,1985,0
São Tomé and Príncipe,1986,0
São Tomé and Príncipe,1987,0
São Tomé and Príncipe,1988,0
São Tomé and Príncipe,1989,0
São Tomé and Príncipe,1990,0
São Tomé and Príncipe,1991,0
São Tomé and Príncipe,1992,0
São Tomé and Príncipe,1993,0
São Tomé and Príncipe,1994,0
São Tomé and Príncipe,1995,0
São Tomé and Príncipe,1996,0
São Tomé and Príncipe,1997,0
São Tomé and Príncipe,1998,0
São Tomé and Príncipe,1999,1
São Tomé and Príncipe,2000,2
São Tomé and Príncipe,2001,2
São Tomé and Príncipe,2002,2
São Tomé and Príncipe,2003,2
São Tomé and Príncipe,2004,2
São Tomé and Príncipe,2005,2
São Tomé and Príncipe,2006,2
São Tomé and Príncipe,2007,2
São Tomé and Príncipe,2008,2
São Tomé and Príncipe,2009,2
São Tomé and Príncipe,2010,2
São Tomé and Príncipe,2011,2
São Tomé and Príncipe,2012,4
São Tomé and Príncipe,2013,4
São Tomé and Príncipe,2014,4
São Tomé and Príncipe,2015,5
São Tomé and Príncipe,2016,6
São Tomé and Príncipe,2017,6
São Tomé and Príncipe,2018,6
São Tomé and Príncipe,2019,8
São Tomé and Príncipe,2020,8
São Tomé and Príncipe,2021,8
São Tomé and Príncipe,2022,8
São Tomé and Príncipe,2023,8
São Tomé and Príncipe,2024,8
São Tomé and Príncipe,2025,9
São Tomé and Príncipe,2026,9
Tahiti,1873,0
Tahiti,1874,0
Tahiti,1875,0
Tahiti,1876,0
Tahiti,1877,0
Tahiti,1878,0
Tahiti,1879,0
Tahiti,1880,0
Tahiti,1881,0
Tahiti,1882,0
Tahiti,1883,0
Tahiti,1884,0
Tahiti,1885,0
Tahiti,1886,0
Tahiti,1887,0
Tahiti,1888,0
Tahiti,1889,0
Tahiti,1890,0
Tahiti,1891,0
Tahiti,1892,0
Tahiti,1893,0
Tahiti,1894,0
Tahiti,1895,0
Tahiti,1896,0
Tahiti,1897,0
Tahiti,1898,0
Tahiti,1899,0
Tahiti,1900,0
Tahiti,1901,0
Tahiti,1902,0
Tahiti,1903,0
Tahiti,1904,0
Tahiti,1905,0
Tahiti,1906,0
Tahiti,1907,0
Tahiti,1908,0
Tahiti,1909,0
Tahiti,1910,0
Tahiti,1911,0
Tahiti,1912,0
Tahiti,1913,0
Tahiti,1914,0
Tahiti,1915,0
Tahiti,1916,0
Tahiti,1917,0
Tahiti,1918,0
Tahiti,1919,0
Tahiti,1920,0
Tahiti,1921,0
Tahiti,1922,0
Tahiti,1923,0
Tahiti,1924,0
Tahiti,1925,0
Tahiti,1926,0
Tahiti,1927,0
Tahiti,1928,0
Tahiti,1929,0
Tahiti,1930,0
Tahiti,1931,0
Tahiti,1932,0
Tahiti,1933,0
Tahiti,1934,0
Tahiti,1935,0
Tahiti,1936,0
Tahiti,1937,0
Tahiti,1938,0
Tahiti,1939,0
Tahiti,1940,0
Tahiti,1941,0
Tahiti,1942,0
Tahiti,1943,0
Tahiti,1944,0
Tahiti,1945,0
Tahiti,1946,0
Tahiti,1947,0
Tahiti,1948,0
Tahiti,1949,0
Tahiti,1950,0
Tahiti,1951,0
Tahiti,1952,0
Tahiti,1953,2
Tahiti,1954,2
Tahiti,1955,2
Tahiti,1956,2
Tahiti,1957,4
Tahiti,1958,4
Tahiti,1959,5
Tahiti,1960,5
Tahiti,1961,5
Tahiti,1962,5
Tahiti,1963,6
Tahiti,1964,7
Tahiti,1965,7
Tahiti,1966,11
Tahiti,1967,11
Tahiti,1968,12
Tahiti,1969,15
Tahiti,1970,16
Tahiti,1971,19
Tahiti,1972,19
Tahiti,1973,22
Tahiti,1974,23
Tahiti,1975,27
Tahiti,1976,27
Tahiti,1977,27
Tahiti,1978,29
Tahiti,1979,34
Tahiti,1980,38
Tahiti,1981,46
Tahiti,1982,46
Tahiti,1983,53
Tahiti,1984,53
Tahiti,1985,56
Tahiti,1986,56
Tahiti,1987,59
Tahiti,1988,59
Tahiti,1989,59
Tahiti,1990,59
Tahiti,1991,61
Tahiti,1992,65
Tahiti,1993,71
Tahiti,1994,74
Tahiti,1995,83
Tahiti,1996,84
Tahiti,1997,84
Tahiti,1998,89
Tahiti,1999,89
Tahiti,2000,89
Tahiti,2001,92
Tahiti,2002,95
Tahiti,2003,98
Tahiti,2004,101
Tahiti,2005,101
Tahiti,2006,101
Tahiti,2007,102
Tahiti,2008,102
Tahiti,2009,102
Tahiti,2010,102
Tahiti,2011,106
Tahiti,2012,113
Tahiti,2013,114
Tahiti,2014,114
Tahiti,2015,114
Tahiti,2016,116
Tahiti,2017,117
Tahiti,2018,118
Tahiti,2019,121
Tahiti,2020,121
Tahiti,2021,121
Tahiti,2022,121
Tahiti,2023,127
Tahiti,2024,131
Tahiti,2025,131
Tahiti,2026,132
Taiwan,1873,0
Taiwan,1874,0
Taiwan,1875,0
Taiwan,1876,0
Taiwan,1877,0
Taiwan,1878,0
Taiwan,1879,0
Taiwan,1880,0
Taiwan,1881,0
Taiwan,1882,0
Taiwan,1883,0
Taiwan,1884,0
Taiwan,1885,0
Taiwan,1886,0
Taiwan,1887,0
Taiwan,1888,0
Taiwan,1889,0
Taiwan,1890,0
Taiwan,1891,0
Taiwan,1892,0
Taiwan,1893,0
Taiwan,1894,0
Taiwan,1895,0
Taiwan,1896,0
Taiwan,1897,0
Taiwan,1898,0
Taiwan,1899,0
Taiwan,1900,0
Taiwan,1901,0
Taiwan,1902,0
Taiwan,1903,0
Taiwan,1904,0
Taiwan,1905,0
Taiwan,1906,0
Taiwan,1907,0
Taiwan,1908,0
Taiwan,1909,0
Taiwan,1910,0
Taiwan,1911,0
Taiwan,1912,0
Taiwan,1913,0
Taiwan,1914,0
Taiwan,1915,0
Taiwan,1916,0
Taiwan,1917,0
Taiwan,1918,0
Taiwan,1919,0
Taiwan,1920,0
Taiwan,1921,0
Taiwan,1922,0
Taiwan,1923,0
Taiwan,1924,0
Taiwan,1925,0
Taiwan,1926,0
Taiwan,1927,0
Taiwan,1928,0
Taiwan,1929,0
Taiwan,1930,0
Taiwan,1931,0
Taiwan,1932,0
Taiwan,1933,0
Taiwan,1934,0
Taiwan,1935,0
Taiwan,1936,0
Taiwan,1937,0
Taiwan,1938,0
Taiwan,1939,0
Taiwan,1940,0
Taiwan,1941,0
Taiwan,1942,0
Taiwan,1943,0
Taiwan,1944,0
Taiwan,1945,0
Taiwan,1946,0
Taiwan,1947,0
Taiwan,1948,0
Taiwan,1949,0
Taiwan,1950,0
Taiwan,1951,0
Taiwan,1952,0
Taiwan,1953,1
Taiwan,1954,5
Taiwan,1955,5
Taiwan,1956,5
Taiwan,1957,5
Taiwan,1958,10
Taiwan,1959,12
Taiwan,1960,13
Taiwan,1961,13
Taiwan,1962,13
Taiwan,1963,17
Taiwan,1964,19
Taiwan,1965,21
Taiwan,1966,22
Taiwan,1967,24
Taiwan,1968,25
Taiwan,1969,25
Taiwan,1970,27
Taiwan,1971,29
Taiwan,1972,29
Taiwan,1973,29
Taiwan,1974,30
Taiwan,1975,30
Taiwan,1976,30
Taiwan,1977,30
Taiwan,1978,30
Taiwan,1979,31
Taiwan,1980,31
Taiwan,1981,32
Taiwan,1982,32
Taiwan,1983,33
Taiwan,1984,33
Taiwan,1985,33
Taiwan,1986,33
Taiwan,1987,33
Taiwan,1988,33
Taiwan,1989,33
Taiwan,1990,33
Taiwan,1991,33
Taiwan,1992,33
Taiwan,1993,33
Taiwan,1994,33
Taiwan,1995,33
Taiwan,1996,33
Taiwan,1997,34
Taiwan,1998,34
Taiwan,1999,34
Taiwan,2000,35
Taiwan,2001,35
Taiwan,2002,35
Taiwan,2003,39
Taiwan,2004,39
Taiwan,2005,39
Taiwan,2006,40
Taiwan,2007,41
Taiwan,2008,42
Taiwan,2009,42
Taiwan,2010,43
Taiwan,2011,45
Taiwan,2012,47
Taiwan,2013,48
Taiwan,2014,48
Taiwan,2015,49
Taiwan,2016,51
Taiwan,2017,57
Taiwan,2018,60
Taiwan,2019,62
Taiwan,2020,62
Taiwan,2021,62
Taiwan,2022,63
Taiwan,2023,66
Taiwan,2024,68
Taiwan,2025,68
Taiwan,2026,68
Tajikistan,1873,0
Tajikistan,1874,0
Tajikistan,1875,0
Tajikistan,1876,0
Tajikistan,1877,0
Tajikistan,1878,0
Tajikistan,1879,0
Tajikistan,1880,0
Tajikistan,1881,0
Tajikistan,1882,0
Tajikistan,1883,0
Tajikistan,1884,0
Tajikistan,1885,0
Tajikistan,1886,0
Tajikistan,1887,0
Tajikistan,1888,0
Tajikistan,1889,0
Tajikistan,1890,0
Tajikistan,1891,0
Tajikistan,1892,0
Tajikistan,1893,0
Tajikistan,1894,0
Tajikistan,1895,0
Tajikistan,1896,0
Tajikistan,1897,0
Tajikistan,1898,0
Tajikistan,1899,0
Tajikistan,1900,0
Tajikistan,1901,0
Tajikistan,1902,0
Tajikistan,1903,0
Tajikistan,1904,0
Tajikistan,1905,0
Tajikistan,1906,0
Tajikistan,1907,0
Tajikistan,1908,0
Tajikistan,1909,0
Tajikistan,1910,0
Tajikistan,1911,0
Tajikistan,1912,0
Tajikistan,1913,0
Tajikistan,1914,0
Tajikistan,1915,0
Tajikistan,1916,0
Tajikistan,1917,0
Tajikistan,1918,0
Tajikistan,1919,0
Tajikistan,1920,0
Tajikistan,1921,0
Tajikistan,1922,0
Tajikistan,1923,0
Tajikistan,1924,0
Tajikistan,1925,0
Tajikistan,1926,0
Tajikistan,1927,0
Tajikistan,1928,0
Tajikistan,1929,0
Tajikistan,1930,0
Tajikistan,1931,0
Tajikistan,1932,0
Tajikistan,1933,0
Tajikistan,1934,0
Tajikistan,1935,0
Tajikistan,1936,0
Tajikistan,1937,0
Tajikistan,1938,0
Tajikistan,1939,0
Tajikistan,1940,0
Tajikistan,1941,0
Tajikistan,1942,0
Tajikistan,1943,0
Tajikistan,1944,0
Tajikistan,1945,0
Tajikistan,1946,0
Tajikistan,1947,0
Tajikistan,1948,0
Tajikistan,1949,0
Tajikistan,1950,0
Tajikistan,1951,0
Tajikistan,1952,0
Tajikistan,1953,0
Tajikistan,1954,0
Tajikistan,1955,0
Tajikistan,1956,0
Tajikistan,1957,0
Tajikistan,1958,0
Tajikistan,1959,0
Tajikistan,1960,0
Tajikistan,1961,0
Tajikistan,1962,0
Tajikistan,1963,0
Tajikistan,1964,0
Tajikistan,1965,0
Tajikistan,1966,0
Tajikistan,1967,0
Tajikistan,1968,0
Tajikistan,1969,0
Tajikistan,1970,0
Tajikistan,1971,0
Tajikistan,1972,0
Tajikistan,1973,0
Tajikistan,1974,0
Tajikistan,1975,0
Tajikistan,1976,0
Tajikistan,1977,0
Tajikistan,1978,0
Tajikistan,1979,0
Tajikistan,1980,0
Tajikistan,1981,0
Tajikistan,1982,0
Tajikistan,1983,0
Tajikistan,1984,0
Tajikistan,1985,0
Tajikistan,1986,0
Tajikistan,1987,0
Tajikistan,1988,0
Tajikistan,1989,0
Tajikistan,1990,0
Tajikistan,1991,0
Tajikistan,1992,0
Tajikistan,1993,0
Tajikistan,1994,1
Tajikistan,1995,1
Tajikistan,1996,2
Tajikistan,1997,6
Tajikistan,1998,7
Tajikistan,1999,9
Tajikistan,2000,10
Tajikistan,2001,10
Tajikistan,2002,10
Tajikistan,2003,14
Tajikistan,2004,16
Tajikistan,2005,17
Tajikistan,2006,23
Tajikistan,2007,24
Tajikistan,2008,28
Tajikistan,2009,28
Tajikistan,2010,33
Tajikistan,2011,38
Tajikistan,2012,40
Tajikistan,2013,45
Tajikistan,2014,46
Tajikistan,2015,48
Tajikistan,2016,52
Tajikistan,2017,54
Tajikistan,2018,55
Tajikistan,2019,59
Tajikistan,2020,59
Tajikistan,2021,62
Tajikistan,2022,66
Tajikistan,2023,68
Tajikistan,2024,73
Tajikistan,2025,78
Tajikistan,2026,80
Tamil Eelam,1873,0
Tamil Eelam,1874,0
Tamil Eelam,1875,0
Tamil Eelam,1876,0
Tamil Eelam,1877,0
Tamil Eelam,1878,0
Tamil Eelam,1879,0
Tamil Eelam,1880,0
Tamil Eelam,1881,0
Tamil Eelam,1882,0
Tamil Eelam,1883,0
Tamil Eelam,1884,0
Tamil Eelam,1885,0
Tamil Eelam,1886,0
Tamil Eelam,1887,0
Tamil Eelam,1888,0
Tamil Eelam,1889,0
Tamil Eelam,1890,0
Tamil Eelam,1891,0
Tamil Eelam,1892,0
Tamil Eelam,1893,0
Tamil Eelam,1894,0
Tamil Eelam,1895,0
Tamil Eelam,1896,0
Tamil Eelam,1897,0
Tamil Eelam,1898,0
Tamil Eelam,1899,0
Tamil Eelam,1900,0
Tamil Eelam,1901,0
Tamil Eelam,1902,0
Tamil Eelam,1903,0
Tamil Eelam,1904,0
Tamil Eelam,1905,0
Tamil Eelam,1906,0
Tamil Eelam,1907,0
Tamil Eelam,1908,0
Tamil Eelam,1909,0
Tamil Eelam,1910,0
Tamil Eelam,1911,0
Tamil Eelam,1912,0
Tamil Eelam,1913,0
Tamil Eelam,1914,0
Tamil Eelam,1915,0
Tamil Eelam,1916,0
Tamil Eelam,1917,0
Tamil Eelam,1918,0
Tamil Eelam,1919,0
Tamil Eelam,1920,0
Tamil Eelam,1921,0
Tamil Eelam,1922,0
Tamil Eelam,1923,0
Tamil Eelam,1924,0
Tamil Eelam,1925,0
Tamil Eelam,1926,0
Tamil Eelam,1927,0
Tamil Eelam,1928,0
Tamil Eelam,1929,0
Tamil Eelam,1930,0
Tamil Eelam,1931,0
Tamil Eelam,1932,0
Tamil Eelam,1933,0
Tamil Eelam,1934,0
Tamil Eelam,1935,0
Tamil Eelam,1936,0
Tamil Eelam,1937,0
Tamil Eelam,1938,0
Tamil Eelam,1939,0
Tamil Eelam,1940,0
Tamil Eelam,1941,0
Tamil Eelam,1942,0
Tamil Eelam,1943,0
Tamil Eelam,1944,0
Tamil Eelam,1945,0
Tamil Eelam,1946,0
Tamil Eelam,1947,0
Tamil Eelam,1948,0
Tamil Eelam,1949,0
Tamil Eelam,1950,0
Tamil Eelam,1951,0
Tamil Eelam,1952,0
Tamil Eelam,1953,0
Tamil Eelam,1954,0
Tamil Eelam,1955,0
Tamil Eelam,1956,0
Tamil Eelam,1957,0
Tamil Eelam,1958,0
Tamil Eelam,1959,0
Tamil Eelam,1960,0
Tamil Eelam,1961,0
Tamil Eelam,1962,0
Tamil Eelam,1963,0
Tamil Eelam,1964,0
Tamil Eelam,1965,0
Tamil Eelam,1966,0
Tamil Eelam,1967,0
Tamil Eelam,1968,0
Tamil Eelam,1969,0
Tamil Eelam,1970,0
Tamil Eelam,1971,0
Tamil Eelam,1972,0
Tamil Eelam,1973,0
Tamil Eelam,1974,0
Tamil Eelam,1975,0
Tamil Eelam,1976,0
Tamil Eelam,1977,0
Tamil Eelam,1978,0
Tamil Eelam,1979,0
Tamil Eelam,1980,0
Tamil Eelam,1981,0
Tamil Eelam,1982,0
Tamil Eelam,1983,0
Tamil Eelam,1984,0
Tamil Eelam,1985,0
Tamil Eelam,1986,0
Tamil Eelam,1987,0
Tamil Eelam,1988,0
Tamil Eelam,1989,0
Tamil Eelam,1990,0
Tamil Eelam,1991,0
Tamil Eelam,1992,0
Tamil Eelam,1993,0
Tamil Eelam,1994,0
Tamil Eelam,1995,0
Tamil Eelam,1996,0
Tamil Eelam,1997,0
Tamil Eelam,1998,0
Tamil Eelam,1999,0
Tamil Eelam,2000,0
Tamil Eelam,2001,0
Tamil Eelam,2002,0
Tamil Eelam,2003,0
Tamil Eelam,2004,0
Tamil Eelam,2005,0
Tamil Eelam,2006,0
Tamil Eelam,2007,0
Tamil Eelam,2008,0
Tamil Eelam,2009,0
Tamil Eelam,2010,0
Tamil Eelam,2011,0
Tamil Eelam,2012,1
Tamil Eelam,2013,3
Tamil Eelam,2014,4
Tamil Eelam,2015,4
Tamil Eelam,2016,7
Tamil Eelam,2017,8
Tamil Eelam,2018,9
Tamil Eelam,2019,10
Tamil Eelam,2020,10
Tamil Eelam,2021,10
Tamil Eelam,2022,10
Tamil Eelam,2023,13
Tamil Eelam,2024,13
Tamil Eelam,2025,16
Tamil Eelam,2026,16
Tanzania,1873,0
Tanzania,1874,0
Tanzania,1875,0
Tanzania,1876,0
Tanzania,1877,0
Tanzania,1878,0
Tanzania,1879,0
Tanzania,1880,0
Tanzania,1881,0
Tanzania,1882,0
Tanzania,1883,0
Tanzania,1884,0
Tanzania,1885,0
Tanzania,1886,0
Tanzania,1887,0
Tanzania,1888,0
Tanzania,1889,0
Tanzania,1890,0
Tanzania,1891,0
Tanzania,1892,0
Tanzania,1893,0
Tanzania,1894,0
Tanzania,1895,0
Tanzania,1896,0
Tanzania,1897,0
Tanzania,1898,0
Tanzania,1899,0
Tanzania,1900,0
Tanzania,1901,0
Tanzania,1902,0
Tanzania,1903,0
Tanzania,1904,0
Tanzania,1905,0
Tanzania,1906,0
Tanzania,1907,0
Tanzania,1908,0
Tanzania,1909,0
Tanzania,1910,0
Tanzania,1911,0
Tanzania,1912,0
Tanzania,1913,0
Tanzania,1914,0
Tanzania,1915,0
Tanzania,1916,0
Tanzania,1917,0
Tanzania,1918,0
Tanzania,1919,0
Tanzania,1920,0
Tanzania,1921,0
Tanzania,1922,0
Tanzania,1923,0
Tanzania,1924,0
Tanzania,1925,0
Tanzania,1926,0
Tanzania,1927,0
Tanzania,1928,0
Tanzania,1929,0
Tanzania,1930,0
Tanzania,1931,0
Tanzania,1932,0
Tanzania,1933,0
Tanzania,1934,0
Tanzania,1935,0
Tanzania,1936,0
Tanzania,1937,0
Tanzania,1938,0
Tanzania,1939,0
Tanzania,1940,0
Tanzania,1941,0
Tanzania,1942,0
Tanzania,1943,0
Tanzania,1944,0
Tanzania,1945,0
Tanzania,1946,0
Tanzania,1947,1
Tanzania,1948,1
Tanzania,1949,2
Tanzania,1950,4
Tanzania,1951,6
Tanzania,1952,6
Tanzania,1953,6
Tanzania,1954,6
Tanzania,1955,6
Tanzania,1956,6
Tanzania,1957,6
Tanzania,1958,7
Tanzania,1959,7
Tanzania,1960,8
Tanzania,1961,10
Tanzania,1962,13
Tanzania,1963,14
Tanzania,1964,17
Tanzania,1965,19
Tanzania,1966,20
Tanzania,1967,22
Tanzania,1968,23
Tanzania,1969,26
Tanzania,1970,28
Tanzania,1971,30
Tanzania,1972,32
Tanzania,1973,36
Tanzania,1974,36
Tanzania,1975,39
Tanzania,1976,39
Tanzania,1977,40
Tanzania,1978,41
Tanzania,1979,47
Tanzania,1980,51
Tanzania,1981,56
Tanzania,1982,58
Tanzania,1983,59
Tanzania,1984,60
Tanzania,1985,60
Tanzania,1986,60
Tanzania,1987,60
Tanzania,1988,60
Tanzania,1989,60
Tanzania,1990,63
Tanzania,1991,64
Tanzania,1992,66
Tanzania,1993,67
Tanzania,1994,73
Tanzania,1995,76
Tanzania,1996,76
Tanzania,1997,78
Tanzania,1998,78
Tanzania,1999,79
Tanzania,2000,81
Tanzania,2001,85
Tanzania,2002,88
Tanzania,2003,88
Tanzania,2004,88
Tanzania,2005,92
Tanzania,2006,100
Tanzania,2007,105
Tanzania,2008,108
Tanzania,2009,116
Tanzania,2010,119
Tanzania,2011,124
Tanzania,2012,130
Tanzania,2013,134
Tanzania,2014,137
Tanzania,2015,140
Tanzania,2016,140
Tanzania,2017,144
Tanzania,2018,146
Tanzania,2019,148
Tanzania,2020,148
Tanzania,2021,152
Tanzania,2022,154
Tanzania,2023,157
Tanzania,2024,162
Tanzania,2025,162
Tanzania,2026,163
Thailand,1873,0
Thailand,1874,0
Thailand,1875,0
Thailand,1876,0
Thailand,1877,0
Thailand,1878,0
Thailand,1879,0
Thailand,1880,0
Thailand,1881,0
Thailand,1882,0
Thailand,1883,0
Thailand,1884,0
Thailand,1885,0
Thailand,1886,0
Thailand,1887,0
Thailand,1888,0
Thailand,1889,0
Thailand,1890,0
Thailand,1891,0
Thailand,1892,0
Thailand,1893,0
Thailand,1894,0
Thailand,1895,0
Thailand,1896,0
Thailand,1897,0
Thailand,1898,0
Thailand,1899,0
Thailand,1900,0
Thailand,1901,0
Thailand,1902,0
Thailand,1903,0
Thailand,1904,0
Thailand,1905,0
Thailand,1906,0
Thailand,1907,0
Thailand,1908,0
Thailand,1909,0
Thailand,1910,0
Thailand,1911,0
Thailand,1912,0
Thailand,1913,0
Thailand,1914,0
Thailand,1915,0
Thailand,1916,0
Thailand,1917,0
Thailand,1918,0
Thailand,1919,0
Thailand,1920,0
Thailand,1921,0
Thailand,1922,0
Thailand,1923,0
Thailand,1924,0
Thailand,1925,0
Thailand,1926,0
Thailand,1927,0
Thailand,1928,0
Thailand,1929,0
Thailand,1930,0
Thailand,1931,0
Thailand,1932,0
Thailand,1933,0
Thailand,1934,0
Thailand,1935,0
Thailand,1936,0
Thailand,1937,0
Thailand,1938,0
Thailand,1939,0
Thailand,1940,0
Thailand,1941,0
Thailand,1942,0
Thailand,1943,0
Thailand,1944,0
Thailand,1945,0
Thailand,1946,0
Thailand,1947,0
Thailand,1948,0
Thailand,1949,0
Thailand,1950,0
Thailand,1951,0
Thailand,1952,0
Thailand,1953,0
Thailand,1954,0
Thailand,1955,0
Thailand,1956,0
Thailand,1957,1
Thailand,1958,1
Thailand,1959,3
Thailand,1960,3
Thailand,1961,4
Thailand,1962,6
Thailand,1963,6
Thailand,1964,7
Thailand,1965,10
Thailand,1966,11
Thailand,1967,14
Thailand,1968,19
Thailand,1969,21
Thailand,1970,30
Thailand,1971,42
Thailand,1972,48
Thailand,1973,54
Thailand,1974,59
Thailand,1975,65
Thailand,1976,69
Thailand,1977,74
Thailand,1978,81
Thailand,1979,86
Thailand,1980,90
Thailand,1981,98
Thailand,1982,100
Thailand,1983,105
Thailand,1984,109
Thailand,1985,114
Thailand,1986,115
Thailand,1987,117
Thailand,1988,119
Thailand,1989,124
Thailand,1990,128
Thailand,1991,130
Thailand,1992,132
Thailand,1993,143
Thailand,1994,143
Thailand,1995,150
Thailand,1996,162
Thailand,1997,169
Thailand,1998,177
Thailand,1999,183
Thailand,2000,196
Thailand,2001,206
Thailand,2002,211
Thailand,2003,216
Thailand,2004,221
Thailand,2005,221
Thailand,2006,226
Thailand,2007,237
Thailand,2008,244
Thailand,2009,248
Thailand,2010,252
Thailand,2011,255
Thailand,2012,265
Thailand,2013,267
Thailand,2014,274
Thailand,2015,281
Thailand,2016,288
Thailand,2017,291
Thailand,2018,296
Thailand,2019,300
Thailand,2020,300
Thailand,2021,306
Thailand,2022,316
Thailand,2023,322
Thailand,2024,332
Thailand,2025,340
Thailand,2026,347
Tibet,1873,0
Tibet,1874,0
Tibet,1875,0
Tibet,1876,0
Tibet,1877,0
Tibet,1878,0
Tibet,1879,0
Tibet,1880,0
Tibet,1881,0
Tibet,1882,0
Tibet,1883,0
Tibet,1884,0
Tibet,1885,0
Tibet,1886,0
Tibet,1887,0
Tibet,1888,0
Tibet,1889,0
Tibet,1890,0
Tibet,1891,0
Tibet,1892,0
Tibet,1893,0
Tibet,1894,0
Tibet,1895,0
Tibet,1896,0
Tibet,1897,0
Tibet,1898,0
Tibet,1899,0
Tibet,1900,0
Tibet,1901,0
Tibet,1902,0
Tibet,1903,0
Tibet,1904,0
Tibet,1905,0
Tibet,1906,0
Tibet,1907,0
Tibet,1908,0
Tibet,1909,0
Tibet,1910,0
Tibet,1911,0
Tibet,1912,0
Tibet,1913,0
Tibet,1914,0
Tibet,1915,0
Tibet,1916,0
Tibet,1917,0
Tibet,1918,0
Tibet,1919,0
Tibet,1920,0
Tibet,1921,0
Tibet,1922,0
Tibet,1923,0
Tibet,1924,0
Tibet,1925,0
Tibet,1926,0
Tibet,1927,0
Tibet,1928,0
Tibet,1929,0
Tibet,1930,0
Tibet,1931,0
Tibet,1932,0
Tibet,1933,0
Tibet,1934,0
Tibet,1935,0
Tibet,1936,0
Tibet,1937,0
Tibet,1938,0
Tibet,1939,0
Tibet,1940,0
Tibet,1941,0
Tibet,1942,0
Tibet,1943,0
Tibet,1944,0
Tibet,1945,0
Tibet,1946,0
Tibet,1947,0
Tibet,1948,0
Tibet,1949,0
Tibet,1950,0
Tibet,1951,0
Tibet,1952,0
Tibet,1953,0
Tibet,1954,0
Tibet,1955,0
Tibet,1956,0
Tibet,1957,0
Tibet,1958,0
Tibet,1959,0
Tibet,1960,0
Tibet,1961,0
Tibet,1962,0
Tibet,1963,0
Tibet,1964,0
Tibet,1965,0
Tibet,1966,0
Tibet,1967,0
Tibet,1968,0
Tibet,1969,0
Tibet,1970,0
Tibet,1971,0
Tibet,1972,0
Tibet,1973,0
Tibet,1974,0
Tibet,1975,0
Tibet,1976,0
Tibet,1977,0
Tibet,1978,0
Tibet,1979,0
Tibet,1980,0
Tibet,1981,0
Tibet,1982,0
Tibet,1983,0
Tibet,1984,0
Tibet,1985,0
Tibet,1986,0
Tibet,1987,0
Tibet,1988,0
Tibet,1989,0
Tibet,1990,0
Tibet,1991,0
Tibet,1992,0
Tibet,1993,0
Tibet,1994,0
Tibet,1995,0
Tibet,1996,0
Tibet,1997,0
Tibet,1998,0
Tibet,1999,0
Tibet,2000,0
Tibet,2001,0
Tibet,2002,0
Tibet,2003,0
Tibet,2004,0
Tibet,2005,0
Tibet,2006,0
Tibet,2007,0
Tibet,2008,0
Tibet,2009,0
Tibet,2010,0
Tibet,2011,0
Tibet,2012,0
Tibet,2013,1
Tibet,2014,1
Tibet,2015,1
Tibet,2016,1
Tibet,2017,1
Tibet,2018,1
Tibet,2019,1
Tibet,2020,1
Tibet,2021,1
Tibet,2022,1
Tibet,2023,1
Tibet,2024,1
Tibet,2025,1
Tibet,2026,1
Timor-Leste,1873,0
Timor-Leste,1874,0
Timor-Leste,1875,0
Timor-Leste,1876,0
Timor-Leste,1877,0
Timor-Leste,1878,0
Timor-Leste,1879,0
Timor-Leste,1880,0
Timor-Leste,1881,0
Timor-Leste,1882,0
Timor-Leste,1883,0
Timor-Leste,1884,0
Timor-Leste,1885,0
Timor-Leste,1886,0
Timor-Leste,1887,0
Timor-Leste,1888,0
Timor-Leste,1889,0
Timor-Leste,1890,0
Timor-Leste,1891,0
Timor-Leste,1892,0
Timor-Leste,1893,0
Timor-Leste,1894,0
Timor-Leste,1895,0
Timor-Leste,1896,0
Timor-Leste,1897,0
Timor-Leste,1898,0
Timor-Leste,1899,0
Timor-Leste,1900,0
Timor-Leste,1901,0
Timor-Leste,1902,0
Timor-Leste,1903,0
Timor-Leste,1904,0
Timor-Leste,1905,0
Timor-Leste,1906,0
Timor-Leste,1907,0
Timor-Leste,1908,0
Timor-Leste,1909,0
Timor-Leste,1910,0
Timor-Leste,1911,0
Timor-Leste,1912,0
Timor-Leste,1913,0
Timor-Leste,1914,0
Timor-Leste,1915,0
Timor-Leste,1916,0
Timor-Leste,1917,0
Timor-Leste,1918,0
Timor-Leste,1919,0
Timor-Leste,1920,0
Timor-Leste,1921,0
Timor-Leste,1922,0
Timor-Leste,1923,0
Timor-Leste,1924,0
Timor-Leste,1925,0
Timor-Leste,1926,0
Timor-Leste,1927,0
Timor-Leste,1928,0
Timor-Leste,1929,0
Timor-Leste,1930,0
Timor-Leste,1931,0
Timor-Leste,1932,0
Timor-Leste,1933,0
Timor-Leste,1934,0
Timor-Leste,1935,0
Timor-Leste,1936,0
Timor-Leste,1937,0
Timor-Leste,1938,0
Timor-Leste,1939,0
Timor-Leste,1940,0
Timor-Leste,1941,0
Timor-Leste,1942,0
Timor-Leste,1943,0
Timor-Leste,1944,0
Timor-Leste,1945,0
Timor-Leste,1946,0
Timor-Leste,1947,0
Timor-Leste,1948,0
Timor-Leste,1949,0
Timor-Leste,1950,0
Timor-Leste,1951,0
Timor-Leste,1952,0
Timor-Leste,1953,0
Timor-Leste,1954,0
Timor-Leste,1955,0
Timor-Leste,1956,0
Timor-Leste,1957,0
Timor-Leste,1958,0
Timor-Leste,1959,0
Timor-Leste,1960,0
Timor-Leste,1961,0
Timor-Leste,1962,0
Timor-Leste,1963,0
Timor-Leste,1964,0
Timor-Leste,1965,0
Timor-Leste,1966,0
Timor-Leste,1967,0
Timor-Leste,1968,0
Timor-Leste,1969,0
Timor-Leste,1970,0
Timor-Leste,1971,0
Timor-Leste,1972,0
Timor-Leste,1973,0
Timor-Leste,1974,0
Timor-Leste,1975,0
Timor-Leste,1976,0
Timor-Leste,1977,0
Timor-Leste,1978,0
Timor-Leste,1979,0
Timor-Leste,1980,0
Timor-Leste,1981,0
Timor-Leste,1982,0
Timor-Leste,1983,0
Timor-Leste,1984,0
Timor-Leste,1985,0
Timor-Leste,1986,0
Timor-Leste,1987,0
Timor-Leste,1988,0
Timor-Leste,1989,0
Timor-Leste,1990,0
Timor-Leste,1991,0
Timor-Leste,1992,0
Timor-Leste,1993,0
Timor-Leste,1994,0
Timor-Leste,1995,0
Timor-Leste,1996,0
Timor-Leste,1997,0
Timor-Leste,1998,0
Timor-Leste,1999,0
Timor-Leste,2000,0
Timor-Leste,2001,0
Timor-Leste,2002,0
Timor-Leste,2003,0
Timor-Leste,2004,0
Timor-Leste,2005,0
Timor-Leste,2006,0
Timor-Leste,2007,0
Timor-Leste,2008,0
Timor-Leste,2009,0
Timor-Leste,2010,0
Timor-Leste,2011,0
Timor-Leste,2012,2
Timor-Leste,2013,2
Timor-Leste,2014,3
Timor-Leste,2015,3
Timor-Leste,2016,3
Timor-Leste,2017,4
Timor-Leste,2018,5
Timor-Leste,2019,5
Timor-Leste,2020,5
Timor-Leste,2021,5
Timor-Leste,2022,6
Timor-Leste,2023,6
Timor-Leste,2024,8
Timor-Leste,2025,9
Timor-Leste,2026,9
Togo,1873,0
Togo,1874,0
Togo,1875,0
Togo,1876,0
Togo,1877,0
Togo,1878,0
Togo,1879,0
Togo,1880,0
Togo,1881,0
Togo,1882,0
Togo,1883,0
Togo,1884,0
Togo,1885,0
Togo,1886,0
Togo,1887,0
Togo,1888,0
Togo,1889,0
Togo,1890,0
Togo,1891,0
Togo,1892,0
Togo,1893,0
Togo,1894,0
Togo,1895,0
Togo,1896,0
Togo,1897,0
Togo,1898,0
Togo,1899,0
Togo,1900,0
Togo,1901,0
Togo,1902,0
Togo,1903,0
Togo,1904,0
Togo,1905,0
Togo,1906,0
Togo,1907,0
Togo,1908,0
Togo,1909,0
Togo,1910,0
Togo,1911,0
Togo,1912,0
Togo,1913,0
Togo,1914,0
Togo,1915,0
Togo,1916,0
Togo,1917,0
Togo,1918,0
Togo,1919,0
Togo,1920,0
Togo,1921,0
Togo,1922,0
Togo,1923,0
Togo,1924,0
Togo,1925,0
Togo,1926,0
Togo,1927,0
Togo,1928,0
Togo,1929,0
Togo,1930,0
Togo,1931,0
Togo,1932,0
Togo,1933,0
Togo,1934,0
Togo,1935,0
Togo,1936,0
Togo,1937,0
Togo,1938,0
Togo,1939,0
Togo,1940,0
Togo,1941,0
Togo,1942,0
Togo,1943,0
Togo,1944,0
Togo,1945,0
Togo,1946,0
Togo,1947,0
Togo,1948,0
Togo,1949,0
Togo,1950,0
Togo,1951,0
Togo,1952,0
Togo,1953,0
Togo,1954,0
Togo,1955,0
Togo,1956,0
Togo,1957,0
Togo,1958,0
Togo,1959,0
Togo,1960,0
Togo,1961,0
Togo,1962,1
Togo,1963,1
Togo,1964,1
Togo,1965,3
Togo,1966,4
Togo,1967,5
Togo,1968,5
Togo,1969,5
Togo,1970,7
Togo,1971,10
Togo,1972,11
Togo,1973,11
Togo,1974,13
Togo,1975,15
Togo,1976,16
Togo,1977,16
Togo,1978,16
Togo,1979,23
Togo,1980,25
Togo,1981,26
Togo,1982,31
Togo,1983,39
Togo,1984,41
Togo,1985,42
Togo,1986,45
Togo,1987,47
Togo,1988,47
Togo,1989,47
Togo,1990,47
Togo,1991,49
Togo,1992,50
Togo,1993,50
Togo,1994,52
Togo,1995,53
Togo,1996,58
Togo,1997,63
Togo,1998,68
Togo,1999,68
Togo,2000,74
Togo,2001,80
Togo,2002,81
Togo,2003,85
Togo,2004,89
Togo,2005,95
Togo,2006,98
Togo,2007,102
Togo,2008,105
Togo,2009,107
Togo,2010,107
Togo,2011,109
Togo,2012,113
Togo,2013,116
Togo,2014,118
Togo,2015,120
Togo,2016,124
Togo,2017,127
Togo,2018,128
Togo,2019,129
Togo,2020,129
Togo,2021,132
Togo,2022,133
Togo,2023,136
Togo,2024,138
Togo,2025,139
Togo,2026,142
Tonga,1873,0
Tonga,1874,0
Tonga,1875,0
Tonga,1876,0
Tonga,1877,0
Tonga,1878,0
Tonga,1879,0
Tonga,1880,0
Tonga,1881,0
Tonga,1882,0
Tonga,1883,0
Tonga,1884,0
Tonga,1885,0
Tonga,1886,0
Tonga,1887,0
Tonga,1888,0
Tonga,1889,0
Tonga,1890,0
Tonga,1891,0
Tonga,1892,0
Tonga,1893,0
Tonga,1894,0
Tonga,1895,0
Tonga,1896,0
Tonga,1897,0
Tonga,1898,0
Tonga,1899,0
Tonga,1900,0
Tonga,1901,0
Tonga,1902,0
Tonga,1903,0
Tonga,1904,0
Tonga,1905,0
Tonga,1906,0
Tonga,1907,0
Tonga,1908,0
Tonga,1909,0
Tonga,1910,0
Tonga,1911,0
Tonga,1912,0
Tonga,1913,0
Tonga,1914,0
Tonga,1915,0
Tonga,1916,0
Tonga,1917,0
Tonga,1918,0
Tonga,1919,0
Tonga,1920,0
Tonga,1921,0
Tonga,1922,0
Tonga,1923,0
Tonga,1924,0
Tonga,1925,0
Tonga,1926,0
Tonga,1927,0
Tonga,1928,0
Tonga,1929,0
Tonga,1930,0
Tonga,1931,0
Tonga,1932,0
Tonga,1933,0
Tonga,1934,0
Tonga,1935,0
Tonga,1936,0
Tonga,1937,0
Tonga,1938,0
Tonga,1939,0
Tonga,1940,0
Tonga,1941,0
Tonga,1942,0
Tonga,1943,0
Tonga,1944,0
Tonga,1945,0
Tonga,1946,0
Tonga,1947,0
Tonga,1948,0
Tonga,1949,0
Tonga,1950,0
Tonga,1951,0
Tonga,1952,0
Tonga,1953,0
Tonga,1954,0
Tonga,1955,0
Tonga,1956,0
Tonga,1957,0
Tonga,1958,0
Tonga,1959,0
Tonga,1960,0
Tonga,1961,0
Tonga,1962,0
Tonga,1963,0
Tonga,1964,0
Tonga,1965,0
Tonga,1966,0
Tonga,1967,0
Tonga,1968,0
Tonga,1969,0
Tonga,1970,0
Tonga,1971,0
Tonga,1972,0
Tonga,1973,0
Tonga,1974,0
Tonga,1975,0
Tonga,1976,0
Tonga,1977,0
Tonga,1978,0
Tonga,1979,1
Tonga,1980,1
Tonga,1981,1
Tonga,1982,1
Tonga,1983,2
Tonga,1984,2
Tonga,1985,2
Tonga,1986,2
Tonga,1987,2
Tonga,1988,2
Tonga,1989,2
Tonga,1990,2
Tonga,1991,2
Tonga,1992,2
Tonga,1993,2
Tonga,1994,3
Tonga,1995,3
Tonga,1996,5
Tonga,1997,5
Tonga,1998,6
Tonga,1999,6
Tonga,2000,7
Tonga,2001,9
Tonga,2002,10
Tonga,2003,11
Tonga,2004,12
Tonga,2005,12
Tonga,2006,12
Tonga,2007,13
Tonga,2008,13
Tonga,2009,13
Tonga,2010,13
Tonga,2011,14
Tonga,2012,14
Tonga,2013,14
Tonga,2014,14
Tonga,2015,14
Tonga,2016,14
Tonga,2017,14
Tonga,2018,14
Tonga,2019,14
Tonga,2020,14
Tonga,2021,14
Tonga,2022,14
Tonga,2023,15
Tonga,2024,16
Tonga,2025,16
Tonga,2026,16
Trinidad and Tobago,1873,0
Trinidad and Tobago,1874,0
Trinidad and Tobago,1875,0
Trinidad and Tobago,1876,0
Trinidad and Tobago,1877,0
Trinidad and Tobago,1878,0
Trinidad and Tobago,1879,0
Trinidad and Tobago,1880,0
Trinidad and Tobago,1881,0
Trinidad and Tobago,1882,0
Trinidad and Tobago,1883,0
Trinidad and Tobago,1884,0
Trinidad and Tobago,1885,0
Trinidad and Tobago,1886,0
Trinidad and Tobago,1887,0
Trinidad and Tobago,1888,0
Trinidad and Tobago,1889,0
Trinidad and Tobago,1890,0
Trinidad and Tobago,1891,0
Trinidad and Tobago,1892,0
Trinidad and Tobago,1893,0
Trinidad and Tobago,1894,0
Trinidad and Tobago,1895,0
Trinidad and Tobago,1896,0
Trinidad and Tobago,1897,0
Trinidad and Tobago,1898,0
Trinidad and Tobago,1899,0
Trinidad and Tobago,1900,0
Trinidad and Tobago,1901,0
Trinidad and Tobago,1902,0
Trinidad and Tobago,1903,0
Trinidad and Tobago,1904,0
Trinidad and Tobago,1905,1
Trinidad and Tobago,1906,1
Trinidad and Tobago,1907,1
Trinidad and Tobago,1908,1
Trinidad and Tobago,1909,1
Trinidad and Tobago,1910,1
Trinidad and Tobago,1911,1
Trinidad and Tobago,1912,1
Trinidad and Tobago,1913,1
Trinidad and Tobago,1914,1
Trinidad and Tobago,1915,1
Trinidad and Tobago,1916,1
Trinidad and Tobago,1917,1
Trinidad and Tobago,1918,1
Trinidad and Tobago,1919,1
Trinidad and Tobago,1920,1
Trinidad and Tobago,1921,1
Trinidad and Tobago,1922,1
Trinidad and Tobago,1923,1
Trinidad and Tobago,1924,1
Trinidad and Tobago,1925,1
Trinidad and Tobago,1926,1
Trinidad and Tobago,1927,1
Trinidad and Tobago,1928,1
Trinidad and Tobago,1929,2
Trinidad and Tobago,1930,2
Trinidad and Tobago,1931,5
Trinidad and Tobago,1932,7
Trinidad and Tobago,1933,12
Trinidad and Tobago,1934,12
Trinidad and Tobago,1935,14
Trinidad and Tobago,1936,17
Trinidad and Tobago,1937,19
Trinidad and Tobago,1938,22
Trinidad and Tobago,1939,22
Trinidad and Tobago,1940,22
Trinidad and Tobago,1941,22
Trinidad and Tobago,1942,22
Trinidad and Tobago,1943,22
Trinidad and Tobago,1944,28
Trinidad and Tobago,1945,28
Trinidad and Tobago,1946,28
Trinidad and Tobago,1947,33
Trinidad and Tobago,1948,36
Trinidad and Tobago,1949,40
Trinidad and Tobago,1950,47
Trinidad and Tobago,1951,48
Trinidad and Tobago,1952,48
Trinidad and Tobago,1953,51
Trinidad and Tobago,1954,51
Trinidad and Tobago,1955,51
Trinidad and Tobago,1956,51
Trinidad and Tobago,1957,51
Trinidad and Tobago,1958,53
Trinidad and Tobago,1959,56
Trinidad and Tobago,1960,57
Trinidad and Tobago,1961,57
Trinidad and Tobago,1962,58
Trinidad and Tobago,1963,59
Trinidad and Tobago,1964,63
Trinidad and Tobago,1965,64
Trinidad and Tobago,1966,67
Trinidad and Tobago,1967,74
Trinidad and Tobago,1968,75
Trinidad and Tobago,1969,76
Trinidad and Tobago,1970,76
Trinidad and Tobago,1971,77
Trinidad and Tobago,1972,83
Trinidad and Tobago,1973,87
Trinidad and Tobago,1974,88
Trinidad and Tobago,1975,88
Trinidad and Tobago,1976,90
Trinidad and Tobago,1977,91
Trinidad and Tobago,1978,95
Trinidad and Tobago,1979,97
Trinidad and Tobago,1980,99
Trinidad and Tobago,1981,105
Trinidad and Tobago,1982,107
Trinidad and Tobago,1983,109
Trinidad and Tobago,1984,113
Trinidad and Tobago,1985,114
Trinidad and Tobago,1986,114
Trinidad and Tobago,1987,117
Trinidad and Tobago,1988,121
Trinidad and Tobago,1989,133
Trinidad and Tobago,1990,133
Trinidad and Tobago,1991,137
Trinidad and Tobago,1992,141
Trinidad and Tobago,1993,142
Trinidad and Tobago,1994,146
Trinidad and Tobago,1995,153
Trinidad and Tobago,1996,162
Trinidad and Tobago,1997,165
Trinidad and Tobago,1998,171
Trinidad and Tobago,1999,179
Trinidad and Tobago,2000,191
Trinidad and Tobago,2001,202
Trinidad and Tobago,2002,204
Trinidad and Tobago,2003,208
Trinidad and Tobago,2004,222
Trinidad and Tobago,2005,234
Trinidad and Tobago,2006,236
Trinidad and Tobago,2007,240
Trinidad and Tobago,2008,257
Trinidad and Tobago,2009,260
Trinidad and Tobago,2010,265
Trinidad and Tobago,2011,270
Trinidad and Tobago,2012,275
Trinidad and Tobago,2013,279
Trinidad and Tobago,2014,284
Trinidad and Tobago,2015,287
Trinidad and Tobago,2016,291
Trinidad and Tobago,2017,294
Trinidad and Tobago,2018,296
Trinidad and Tobago,2019,297
Trinidad and Tobago,2020,297
Trinidad and Tobago,2021,300
Trinidad and Tobago,2022,305
Trinidad and Tobago,2023,313
Trinidad and Tobago,2024,317
Trinidad and Tobago,2025,321
Trinidad and Tobago,2026,321
Tunisia,1873,0
Tunisia,1874,0
Tunisia,1875,0
Tunisia,1876,0
Tunisia,1877,0
Tunisia,1878,0
Tunisia,1879,0
Tunisia,1880,0
Tunisia,1881,0
Tunisia,1882,0
Tunisia,1883,0
Tunisia,1884,0
Tunisia,1885,0
Tunisia,1886,0
Tunisia,1887,0
Tunisia,1888,0
Tunisia,1889,0
Tunisia,1890,0
Tunisia,1891,0
Tunisia,1892,0
Tunisia,1893,0
Tunisia,1894,0
Tunisia,1895,0
Tunisia,1896,0
Tunisia,1897,0
Tunisia,1898,0
Tunisia,1899,0
Tunisia,1900,0
Tunisia,1901,0
Tunisia,1902,0
Tunisia,1903,0
Tunisia,1904,0
Tunisia,1905,0
Tunisia,1906,0
Tunisia,1907,0
Tunisia,1908,0
Tunisia,1909,0
Tunisia,1910,0
Tunisia,1911,0
Tunisia,1912,0
Tunisia,1913,0
Tunisia,1914,0
Tunisia,1915,0
Tunisia,1916,0
Tunisia,1917,0
Tunisia,1918,0
Tunisia,1919,0
Tunisia,1920,0
Tunisia,1921,0
Tunisia,1922,0
Tunisia,1923,0
Tunisia,1924,0
Tunisia,1925,0
Tunisia,1926,0
Tunisia,1927,0
Tunisia,1928,0
Tunisia,1929,0
Tunisia,1930,0
Tunisia,1931,0
Tunisia,1932,0
Tunisia,1933,0
Tunisia,1934,0
Tunisia,1935,0
Tunisia,1936,0
Tunisia,1937,0
Tunisia,1938,0
Tunisia,1939,0
Tunisia,1940,0
Tunisia,1941,0
Tunisia,1942,0
Tunisia,1943,0
Tunisia,1944,0
Tunisia,1945,0
Tunisia,1946,0
Tunisia,1947,0
Tunisia,1948,0
Tunisia,1949,0
Tunisia,1950,0
Tunisia,1951,0
Tunisia,1952,0
Tunisia,1953,0
Tunisia,1954,0
Tunisia,1955,0
Tunisia,1956,0
Tunisia,1957,1
Tunisia,1958,2
Tunisia,1959,2
Tunisia,1960,4
Tunisia,1961,4
Tunisia,1962,5
Tunisia,1963,16
Tunisia,1964,17
Tunisia,1965,19
Tunisia,1966,19
Tunisia,1967,20
Tunisia,1968,21
Tunisia,1969,21
Tunisia,1970,22
Tunisia,1971,22
Tunisia,1972,24
Tunisia,1973,31
Tunisia,1974,35
Tunisia,1975,38
Tunisia,1976,41
Tunisia,1977,48
Tunisia,1978,50
Tunisia,1979,52
Tunisia,1980,54
Tunisia,1981,59
Tunisia,1982,61
Tunisia,1983,66
Tunisia,1984,70
Tunisia,1985,77
Tunisia,1986,77
Tunisia,1987,78
Tunisia,1988,80
Tunisia,1989,84
Tunisia,1990,86
Tunisia,1991,90
Tunisia,1992,92
Tunisia,1993,98
Tunisia,1994,102
Tunisia,1995,109
Tunisia,1996,116
Tunisia,1997,125
Tunisia,1998,132
Tunisia,1999,137
Tunisia,2000,145
Tunisia,2001,153
Tunisia,2002,153
Tunisia,2003,158
Tunisia,2004,166
Tunisia,2005,174
Tunisia,2006,181
Tunisia,2007,186
Tunisia,2008,193
Tunisia,2009,197
Tunisia,2010,200
Tunisia,2011,205
Tunisia,2012,213
Tunisia,2013,217
Tunisia,2014,222
Tunisia,2015,226
Tunisia,2016,231
Tunisia,2017,237
Tunisia,2018,243
Tunisia,2019,251
Tunisia,2020,253
Tunisia,2021,265
Tunisia,2022,274
Tunisia,2023,280
Tunisia,2024,285
Tunisia,2025,295
Tunisia,2026,296
Turkey,1873,0
Turkey,1874,0
Turkey,1875,0
Turkey,1876,0
Turkey,1877,0
Turkey,1878,0
Turkey,1879,0
Turkey,1880,0
Turkey,1881,0
Turkey,1882,0
Turkey,1883,0
Turkey,1884,0
Turkey,1885,0
Turkey,1886,0
Turkey,1887,0
Turkey,1888,0
Turkey,1889,0
Turkey,1890,0
Turkey,1891,0
Turkey,1892,0
Turkey,1893,0
Turkey,1894,0
Turkey,1895,0
Turkey,1896,0
Turkey,1897,0
Turkey,1898,0
Turkey,1899,0
Turkey,1900,0
Turkey,1901,0
Turkey,1902,0
Turkey,1903,0
Turkey,1904,0
Turkey,1905,0
Turkey,1906,0
Turkey,1907,0
Turkey,1908,0
Turkey,1909,0
Turkey,1910,0
Turkey,1911,0
Turkey,1912,0
Turkey,1913,0
Turkey,1914,0
Turkey,1915,0
Turkey,1916,0
Turkey,1917,0
Turkey,1918,0
Turkey,1919,0
Turkey,1920,0
Turkey,1921,0
Turkey,1922,0
Turkey,1923,0
Turkey,1924,3
Turkey,1925,5
Turkey,1926,5
Turkey,1927,6
Turkey,1928,6
Turkey,1929,6
Turkey,1930,6
Turkey,1931,7
Turkey,1932,7
Turkey,1933,7
Turkey,1934,7
Turkey,1935,7
Turkey,1936,7
Turkey,1937,7
Turkey,1938,7
Turkey,1939,7
Turkey,1940,7
Turkey,1941,7
Turkey,1942,7
Turkey,1943,7
Turkey,1944,7
Turkey,1945,7
Turkey,1946,7
Turkey,1947,8
Turkey,1948,10
Turkey,1949,13
Turkey,1950,16
Turkey,1951,18
Turkey,1952,18
Turkey,1953,19
Turkey,1954,21
Turkey,1955,22
Turkey,1956,23
Turkey,1957,25
Turkey,1958,27
Turkey,1959,28
Turkey,1960,29
Turkey,1961,32
Turkey,1962,35
Turkey,1963,35
Turkey,1964,36
Turkey,1965,39
Turkey,1966,40
Turkey,1967,43
Turkey,1968,43
Turkey,1969,47
Turkey,1970,49
Turkey,1971,50
Turkey,1972,51
Turkey,1973,54
Turkey,1974,56
Turkey,1975,57
Turkey,1976,58
Turkey,1977,61
Turkey,1978,61
Turkey,1979,64
Turkey,1980,66
Turkey,1981,66
Turkey,1982,67
Turkey,1983,69
Turkey,1984,72
Turkey,1985,72
Turkey,1986,73
Turkey,1987,74
Turkey,1988,76
Turkey,1989,79
Turkey,1990,79
Turkey,1991,79
Turkey,1992,83
Turkey,1993,85
Turkey,1994,87
Turkey,1995,96
Turkey,1996,102
Turkey,1997,105
Turkey,1998,107
Turkey,1999,110
Turkey,2000,113
Turkey,2001,119
Turkey,2002,128
Turkey,2003,134
Turkey,2004,139
Turkey,2005,146
Turkey,2006,152
Turkey,2007,156
Turkey,2008,164
Turkey,2009,168
Turkey,2010,174
Turkey,2011,178
Turkey,2012,183
Turkey,2013,189
Turkey,2014,194
Turkey,2015,201
Turkey,2016,207
Turkey,2017,211
Turkey,2018,214
Turkey,2019,223
Turkey,2020,224
Turkey,2021,232
Turkey,2022,238
Turkey,2023,244
Turkey,2024,250
Turkey,2025,257
Turkey,2026,262
Turkmenistan,1873,0
Turkmenistan,1874,0
Turkmenistan,1875,0
Turkmenistan,1876,0
Turkmenistan,1877,0
Turkmenistan,1878,0
Turkmenistan,1879,0
Turkmenistan,1880,0
Turkmenistan,1881,0
Turkmenistan,1882,0
Turkmenistan,1883,0
Turkmenistan,1884,0
Turkmenistan,1885,0
Turkmenistan,1886,0
Turkmenistan,1887,0
Turkmenistan,1888,0
Turkmenistan,1889,0
Turkmenistan,1890,0
Turkmenistan,1891,0
Turkmenistan,1892,0
Turkmenistan,1893,0
Turkmenistan,1894,0
Turkmenistan,1895,0
Turkmenistan,1896,0
Turkmenistan,1897,0
Turkmenistan,1898,0
Turkmenistan,1899,0
Turkmenistan,1900,0
Turkmenistan,1901,0
Turkmenistan,1902,0
Turkmenistan,1903,0
Turkmenistan,1904,0
Turkmenistan,1905,0
Turkmenistan,1906,0
Turkmenistan,1907,0
Turkmenistan,1908,0
Turkmenistan,1909,0
Turkmenistan,1910,0
Turkmenistan,1911,0
Turkmenistan,1912,0
Turkmenistan,1913,0
Turkmenistan,1914,0
Turkmenistan,1915,0
Turkmenistan,1916,0
Turkmenistan,1917,0
Turkmenistan,1918,0
Turkmenistan,1919,0
Turkmenistan,1920,0
Turkmenistan,1921,0
Turkmenistan,1922,0
Turkmenistan,1923,0
Turkmenistan,1924,0
Turkmenistan,1925,0
Turkmenistan,1926,0
Turkmenistan,1927,0
Turkmenistan,1928,0
Turkmenistan,1929,0
Turkmenistan,1930,0
Turkmenistan,1931,0
Turkmenistan,1932,0
Turkmenistan,1933,0
Turkmenistan,1934,0
Turkmenistan,1935,0
Turkmenistan,1936,0
Turkmenistan,1937,0
Turkmenistan,1938,0
Turkmenistan,1939,0
Turkmenistan,1940,0
Turkmenistan,1941,0
Turkmenistan,1942,0
Turkmenistan,1943,0
Turkmenistan,1944,0
Turkmenistan,1945,0
Turkmenistan,1946,0
Turkmenistan,1947,0
Turkmenistan,1948,0
Turkmenistan,1949,0
Turkmenistan,1950,0
Turkmenistan,1951,0
Turkmenistan,1952,0
Turkmenistan,1953,0
Turkmenistan,1954,0
Turkmenistan,1955,0
Turkmenistan,1956,0
Turkmenistan,1957,0
Turkmenistan,1958,0
Turkmenistan,1959,0
Turkmenistan,1960,0
Turkmenistan,1961,0
Turkmenistan,1962,0
Turkmenistan,1963,0
Turkmenistan,1964,0
Turkmenistan,1965,0
Turkmenistan,1966,0
Turkmenistan,1967,0
Turkmenistan,1968,0
Turkmenistan,1969,0
Turkmenistan,1970,0
Turkmenistan,1971,0
Turkmenistan,1972,0
Turkmenistan,1973,0
Turkmenistan,1974,0
Turkmenistan,1975,0
Turkmenistan,1976,0
Turkmenistan,1977,0
Turkmenistan,1978,0
Turkmenistan,1979,0
Turkmenistan,1980,0
Turkmenistan,1981,0
Turkmenistan,1982,0
Turkmenistan,1983,0
Turkmenistan,1984,0
Turkmenistan,1985,0
Turkmenistan,1986,0
Turkmenistan,1987,0
Turkmenistan,1988,0
Turkmenistan,1989,0
Turkmenistan,1990,0
Turkmenistan,1991,0
Turkmenistan,1992,2
Turkmenistan,1993,4
Turkmenistan,1994,7
Turkmenistan,1995,7
Turkmenistan,1996,8
Turkmenistan,1997,11
Turkmenistan,1998,14
Turkmenistan,1999,14
Turkmenistan,2000,17
Turkmenistan,2001,21
Turkmenistan,2002,21
Turkmenistan,2003,26
Turkmenistan,2004,29
Turkmenistan,2005,29
Turkmenistan,2006,29
Turkmenistan,2007,32
Turkmenistan,2008,34
Turkmenistan,2009,37
Turkmenistan,2010,39
Turkmenistan,2011,40
Turkmenistan,2012,45
Turkmenistan,2013,46
Turkmenistan,2014,47
Turkmenistan,2015,50
Turkmenistan,2016,51
Turkmenistan,2017,53
Turkmenistan,2018,54
Turkmenistan,2019,57
Turkmenistan,2020,57
Turkmenistan,2021,58
Turkmenistan,2022,59
Turkmenistan,2023,59
Turkmenistan,2024,60
Turkmenistan,2025,64
Turkmenistan,2026,64
Turks and Caicos Islands,1873,0
Turks and Caicos Islands,1874,0
Turks and Caicos Islands,1875,0
Turks and Caicos Islands,1876,0
Turks and Caicos Islands,1877,0
Turks and Caicos Islands,1878,0
Turks and Caicos Islands,1879,0
Turks and Caicos Islands,1880,0
Turks and Caicos Islands,1881,0
Turks and Caicos Islands,1882,0
Turks and Caicos Islands,1883,0
Turks and Caicos Islands,1884,0
Turks and Caicos Islands,1885,0
Turks and Caicos Islands,1886,0
Turks and Caicos Islands,1887,0
Turks and Caicos Islands,1888,0
Turks and Caicos Islands,1889,0
Turks and Caicos Islands,1890,0
Turks and Caicos Islands,1891,0
Turks and Caicos Islands,1892,0
Turks and Caicos Islands,1893,0
Turks and Caicos Islands,1894,0
Turks and Caicos Islands,1895,0
Turks and Caicos Islands,1896,0
Turks and Caicos Islands,1897,0
Turks and Caicos Islands,1898,0
Turks and Caicos Islands,1899,0
Turks and Caicos Islands,1900,0
Turks and Caicos Islands,1901,0
Turks and Caicos Islands,1902,0
Turks and Caicos Islands,1903,0
Turks and Caicos Islands,1904,0
Turks and Caicos Islands,1905,0
Turks and Caicos Islands,1906,0
Turks and Caicos Islands,1907,0
Turks and Caicos Islands,1908,0
Turks and Caicos Islands,1909,0
Turks and Caicos Islands,1910,0
Turks and Caicos Islands,1911,0
Turks and Caicos Islands,1912,0
Turks and Caicos Islands,1913,0
Turks and Caicos Islands,1914,0
Turks and Caicos Islands,1915,0
Turks and Caicos Islands,1916,0
Turks and Caicos Islands,1917,0
Turks and Caicos Islands,1918,0
Turks and Caicos Islands,1919,0
Turks and Caicos Islands,1920,0
Turks and Caicos Islands,1921,0
Turks and Caicos Islands,1922,0
Turks and Caicos Islands,1923,0
Turks and Caicos Islands,1924,0
Turks and Caicos Islands,1925,0
Turks and Caicos Islands,1926,0
Turks and Caicos Islands,1927,0
Turks and Caicos Islands,1928,0
Turks and Caicos Islands,1929,0
Turks and Caicos Islands,1930,0
Turks and Caicos Islands,1931,0
Turks and Caicos Islands,1932,0
Turks and Caicos Islands,1933,0
Turks and Caicos Islands,1934,0
Turks and Caicos Islands,1935,0
Turks and Caicos Islands,1936,0
Turks and Caicos Islands,1937,0
Turks and Caicos Islands,1938,0
Turks and Caicos Islands,1939,0
Turks and Caicos Islands,1940,0
Turks and Caicos Islands,1941,0
Turks and Caicos Islands,1942,0
Turks and Caicos Islands,1943,0
Turks and Caicos Islands,1944,0
Turks and Caicos Islands,1945,0
Turks and Caicos Islands,1946,0
Turks and Caicos Islands,1947,0
Turks and Caicos Islands,1948,0
Turks and Caicos Islands,1949,0
Turks and Caicos Islands,1950,0
Turks and Caicos Islands,1951,0
Turks and Caicos Islands,1952,0
Turks and Caicos Islands,1953,0
Turks and Caicos Islands,1954,0
Turks and Caicos Islands,1955,0
Turks and Caicos Islands,1956,0
Turks and Caicos Islands,1957,0
Turks and Caicos Islands,1958,0
Turks and Caicos Islands,1959,0
Turks and Caicos Islands,1960,0
Turks and Caicos Islands,1961,0
Turks and Caicos Islands,1962,0
Turks and Caicos Islands,1963,0
Turks and Caicos Islands,1964,0
Turks and Caicos Islands,1965,0
Turks and Caicos Islands,1966,0
Turks and Caicos Islands,1967,0
Turks and Caicos Islands,1968,0
Turks and Caicos Islands,1969,0
Turks and Caicos Islands,1970,0
Turks and Caicos Islands,1971,0
Turks and Caicos Islands,1972,0
Turks and Caicos Islands,1973,0
Turks and Caicos Islands,1974,0
Turks and Caicos Islands,1975,0
Turks and Caicos Islands,1976,0
Turks and Caicos Islands,1977,0
Turks and Caicos Islands,1978,0
Turks and Caicos Islands,1979,0
Turks and Caicos Islands,1980,0
Turks and Caicos Islands,1981,0
Turks and Caicos Islands,1982,0
Turks and Caicos Islands,1983,0
Turks and Caicos Islands,1984,0
Turks and Caicos Islands,1985,0
Turks and Caicos Islands,1986,0
Turks and Caicos Islands,1987,0
Turks and Caicos Islands,1988,0
Turks and Caicos Islands,1989,0
Turks and Caicos Islands,1990,0
Turks and Caicos Islands,1991,0
Turks and Caicos Islands,1992,0
Turks and Caicos Islands,1993,0
Turks and Caicos Islands,1994,0
Turks and Caicos Islands,1995,0
Turks and Caicos Islands,1996,0
Turks and Caicos Islands,1997,0
Turks and Caicos Islands,1998,0
Turks and Caicos Islands,1999,0
Turks and Caicos Islands,2000,0
Turks and Caicos Islands,2001,0
Turks and Caicos Islands,2002,0
Turks and Caicos Islands,2003,0
Turks and Caicos Islands,2004,0
Turks and Caicos Islands,2005,0
Turks and Caicos Islands,2006,1
Turks and Caicos Islands,2007,1
Turks and Caicos Islands,2008,2
Turks and Caicos Islands,2009,2
Turks and Caicos Islands,2010,2
Turks and Caicos Islands,2011,2
Turks and Caicos Islands,2012,2
Turks and Caicos Islands,2013,2
Turks and Caicos Islands,2014,3
Turks and Caicos Islands,2015,3
Turks and Caicos Islands,2016,3
Turks and Caicos Islands,2017,3
Turks and Caicos Islands,2018,4
Turks and Caicos Islands,2019,6
Turks and Caicos Islands,2020,6
Turks and Caicos Islands,2021,6
Turks and Caicos Islands,2022,8
Turks and Caicos Islands,2023,10
Turks and Caicos Islands,2024,11
Turks and Caicos Islands,2025,12
Turks and Caicos Islands,2026,14
Tuvalu,1873,0
Tuvalu,1874,0
Tuvalu,1875,0
Tuvalu,1876,0
Tuvalu,1877,0
Tuvalu,1878,0
Tuvalu,1879,0
Tuvalu,1880,0
Tuvalu,1881,0
Tuvalu,1882,0
Tuvalu,1883,0
Tuvalu,1884,0
Tuvalu,1885,0
Tuvalu,1886,0
Tuvalu,1887,0
Tuvalu,1888,0
Tuvalu,1889,0
Tuvalu,1890,0
Tuvalu,1891,0
Tuvalu,1892,0
Tuvalu,1893,0
Tuvalu,1894,0
Tuvalu,1895,0
Tuvalu,1896,0
Tuvalu,1897,0
Tuvalu,1898,0
Tuvalu,1899,0
Tuvalu,1900,0
Tuvalu,1901,0
Tuvalu,1902,0
Tuvalu,1903,0
Tuvalu,1904,0
Tuvalu,1905,0
Tuvalu,1906,0
Tuvalu,1907,0
Tuvalu,1908,0
Tuvalu,1909,0
Tuvalu,1910,0
Tuvalu,1911,0
Tuvalu,1912,0
Tuvalu,1913,0
Tuvalu,1914,0
Tuvalu,1915,0
Tuvalu,1916,0
Tuvalu,1917,0
Tuvalu,1918,0
Tuvalu,1919,0
Tuvalu,1920,0
Tuvalu,1921,0
Tuvalu,1922,0
Tuvalu,1923,0
Tuvalu,1924,0
Tuvalu,1925,0
Tuvalu,1926,0
Tuvalu,1927,0
Tuvalu,1928,0
Tuvalu,1929,0
Tuvalu,1930,0
Tuvalu,1931,0
Tuvalu,1932,0
Tuvalu,1933,0
Tuvalu,1934,0
Tuvalu,1935,0
Tuvalu,1936,0
Tuvalu,1937,0
Tuvalu,1938,0
Tuvalu,1939,0
Tuvalu,1940,0
Tuvalu,1941,0
Tuvalu,1942,0
Tuvalu,1943,0
Tuvalu,1944,0
Tuvalu,1945,0
Tuvalu,1946,0
Tuvalu,1947,0
Tuvalu,1948,0
Tuvalu,1949,0
Tuvalu,1950,0
Tuvalu,1951,0
Tuvalu,1952,0
Tuvalu,1953,0
Tuvalu,1954,0
Tuvalu,1955,0
Tuvalu,1956,0
Tuvalu,1957,0
Tuvalu,1958,0
Tuvalu,1959,0
Tuvalu,1960,0
Tuvalu,1961,0
Tuvalu,1962,0
Tuvalu,1963,0
Tuvalu,1964,0
Tuvalu,1965,0
Tuvalu,1966,0
Tuvalu,1967,0
Tuvalu,1968,0
Tuvalu,1969,0
Tuvalu,1970,0
Tuvalu,1971,0
Tuvalu,1972,0
Tuvalu,1973,0
Tuvalu,1974,0
Tuvalu,1975,0
Tuvalu,1976,0
Tuvalu,1977,0
Tuvalu,1978,0
Tuvalu,1979,1
Tuvalu,1980,1
Tuvalu,1981,1
Tuvalu,1982,1
Tuvalu,1983,1
Tuvalu,1984,1
Tuvalu,1985,1
Tuvalu,1986,1
Tuvalu,1987,1
Tuvalu,1988,1
Tuvalu,1989,1
Tuvalu,1990,1
Tuvalu,1991,1
Tuvalu,1992,1
Tuvalu,1993,1
Tuvalu,1994,1
Tuvalu,1995,1
Tuvalu,1996,1
Tuvalu,1997,1
Tuvalu,1998,1
Tuvalu,1999,1
Tuvalu,2000,1
Tuvalu,2001,1
Tuvalu,2002,1
Tuvalu,2003,2
Tuvalu,2004,2
Tuvalu,2005,2
Tuvalu,2006,2
Tuvalu,2007,2
Tuvalu,2008,2
Tuvalu,2009,2
Tuvalu,2010,2
Tuvalu,2011,4
Tuvalu,2012,4
Tuvalu,2013,4
Tuvalu,2014,4
Tuvalu,2015,4
Tuvalu,2016,4
Tuvalu,2017,6
Tuvalu,2018,6
Tuvalu,2019,6
Tuvalu,2020,6
Tuvalu,2021,6
Tuvalu,2022,6
Tuvalu,2023,8
Tuvalu,2024,8
Tuvalu,2025,8
Tuvalu,2026,8
Two Sicilies,1873,0
Two Sicilies,1874,0
Two Sicilies,1875,0
Two Sicilies,1876,0
Two Sicilies,1877,0
Two Sicilies,1878,0
Two Sicilies,1879,0
Two Sicilies,1880,0
Two Sicilies,1881,0
Two Sicilies,1882,0
Two Sicilies,1883,0
Two Sicilies,1884,0
Two Sicilies,1885,0
Two Sicilies,1886,0
Two Sicilies,1887,0
Two Sicilies,1888,0
Two Sicilies,1889,0
Two Sicilies,1890,0
Two Sicilies,1891,0
Two Sicilies,1892,0
Two Sicilies,1893,0
Two Sicilies,1894,0
Two Sicilies,1895,0
Two Sicilies,1896,0
Two Sicilies,1897,0
Two Sicilies,1898,0
Two Sicilies,1899,0
Two Sicilies,1900,0
Two Sicilies,1901,0
Two Sicilies,1902,0
Two Sicilies,1903,0
Two Sicilies,1904,0
Two Sicilies,1905,0
Two Sicilies,1906,0
Two Sicilies,1907,0
Two Sicilies,1908,0
Two Sicilies,1909,0
Two Sicilies,1910,0
Two Sicilies,1911,0
Two Sicilies,1912,0
Two Sicilies,1913,0
Two Sicilies,1914,0
Two Sicilies,1915,0
Two Sicilies,1916,0
Two Sicilies,1917,0
Two Sicilies,1918,0
Two Sicilies,1919,0
Two Sicilies,1920,0
Two Sicilies,1921,0
Two Sicilies,1922,0
Two Sicilies,1923,0
Two Sicilies,1924,0
Two Sicilies,1925,0
Two Sicilies,1926,0
Two Sicilies,1927,0
Two Sicilies,1928,0
Two Sicilies,1929,0
Two Sicilies,1930,0
Two Sicilies,1931,0
Two Sicilies,1932,0
Two Sicilies,1933,0
Two Sicilies,1934,0
Two Sicilies,1935,0
Two Sicilies,1936,0
Two Sicilies,1937,0
Two Sicilies,1938,0
Two Sicilies,1939,0
Two Sicilies,1940,0
Two Sicilies,1941,0
Two Sicilies,1942,0
Two Sicilies,1943,0
Two Sicilies,1944,0
Two Sicilies,1945,0
Two Sicilies,1946,0
Two Sicilies,1947,0
Two Sicilies,1948,0
Two Sicilies,1949,0
Two Sicilies,1950,0
Two Sicilies,1951,0
Two Sicilies,1952,0
Two Sicilies,1953,0
Two Sicilies,1954,0
Two Sicilies,1955,0
Two Sicilies,1956,0
Two Sicilies,1957,0
Two Sicilies,1958,0
Two Sicilies,1959,0
Two Sicilies,1960,0
Two Sicilies,1961,0
Two Sicilies,1962,0
Two Sicilies,1963,0
Two Sicilies,1964,0
Two Sicilies,1965,0
Two Sicilies,1966,0
Two Sicilies,1967,0
Two Sicilies,1968,0
Two Sicilies,1969,0
Two Sicilies,1970,0
Two Sicilies,1971,0
Two Sicilies,1972,0
Two Sicilies,1973,0
Two Sicilies,1974,0
Two Sicilies,1975,0
Two Sicilies,1976,0
Two Sicilies,1977,0
Two Sicilies,1978,0
Two Sicilies,1979,0
Two Sicilies,1980,0
Two Sicilies,1981,0
Two Sicilies,1982,0
Two Sicilies,1983,0
Two Sicilies,1984,0
Two Sicilies,1985,0
Two Sicilies,1986,0
Two Sicilies,1987,0
Two Sicilies,1988,0
Two Sicilies,1989,0
Two Sicilies,1990,0
Two Sicilies,1991,0
Two Sicilies,1992,0
Two Sicilies,1993,0
Two Sicilies,1994,0
Two Sicilies,1995,0
Two Sicilies,1996,0
Two Sicilies,1997,0
Two Sicilies,1998,0
Two Sicilies,1999,0
Two Sicilies,2000,0
Two Sicilies,2001,0
Two Sicilies,2002,0
Two Sicilies,2003,0
Two Sicilies,2004,0
Two Sicilies,2005,0
Two Sicilies,2006,0
Two Sicilies,2007,0
Two Sicilies,2008,0
Two Sicilies,2009,0
Two Sicilies,2010,1
Two Sicilies,2011,1
Two Sicilies,2012,1
Two Sicilies,2013,1
Two Sicilies,2014,1
Two Sicilies,2015,1
Two Sicilies,2016,1
Two Sicilies,2017,1
Two Sicilies,2018,1
Two Sicilies,2019,1
Two Sicilies,2020,1
Two Sicilies,2021,1
Two Sicilies,2022,1
Two Sicilies,2023,1
Two Sicilies,2024,1
Two Sicilies,2025,1
Two Sicilies,2026,1
Uganda,1873,0
Uganda,1874,0
Uganda,1875,0
Uganda,1876,0
Uganda,1877,0
Uganda,1878,0
Uganda,1879,0
Uganda,1880,0
Uganda,1881,0
Uganda,1882,0
Uganda,1883,0
Uganda,1884,0
Uganda,1885,0
Uganda,1886,0
Uganda,1887,0
Uganda,1888,0
Uganda,1889,0
Uganda,1890,0
Uganda,1891,0
Uganda,1892,0
Uganda,1893,0
Uganda,1894,0
Uganda,1895,0
Uganda,1896,0
Uganda,1897,0
Uganda,1898,0
Uganda,1899,0
Uganda,1900,0
Uganda,1901,0
Uganda,1902,0
Uganda,1903,0
Uganda,1904,0
Uganda,1905,0
Uganda,1906,0
Uganda,1907,0
Uganda,1908,0
Uganda,1909,0
Uganda,1910,0
Uganda,1911,0
Uganda,1912,0
Uganda,1913,0
Uganda,1914,0
Uganda,1915,0
Uganda,1916,0
Uganda,1917,0
Uganda,1918,0
Uganda,1919,0
Uganda,1920,0
Uganda,1921,0
Uganda,1922,0
Uganda,1923,0
Uganda,1924,0
Uganda,1925,0
Uganda,1926,0
Uganda,1927,0
Uganda,1928,1
Uganda,1929,2
Uganda,1930,3
Uganda,1931,3
Uganda,1932,4
Uganda,1933,4
Uganda,1934,4
Uganda,1935,6
Uganda,1936,6
Uganda,1937,7
Uganda,1938,8
Uganda,1939,9
Uganda,1940,10
Uganda,1941,10
Uganda,1942,10
Uganda,1943,11
Uganda,1944,11
Uganda,1945,14
Uganda,1946,14
Uganda,1947,16
Uganda,1948,18
Uganda,1949,18
Uganda,1950,18
Uganda,1951,18
Uganda,1952,20
Uganda,1953,22
Uganda,1954,24
Uganda,1955,26
Uganda,1956,28
Uganda,1957,30
Uganda,1958,31
Uganda,1959,31
Uganda,1960,33
Uganda,1961,37
Uganda,1962,38
Uganda,1963,42
Uganda,1964,47
Uganda,1965,49
Uganda,1966,50
Uganda,1967,53
Uganda,1968,55
Uganda,1969,61
Uganda,1970,64
Uganda,1971,66
Uganda,1972,69
Uganda,1973,77
Uganda,1974,78
Uganda,1975,81
Uganda,1976,89
Uganda,1977,94
Uganda,1978,99
Uganda,1979,99
Uganda,1980,99
Uganda,1981,101
Uganda,1982,106
Uganda,1983,110
Uganda,1984,114
Uganda,1985,116
Uganda,1986,119
Uganda,1987,123
Uganda,1988,124
Uganda,1989,127
Uganda,1990,130
Uganda,1991,134
Uganda,1992,136
Uganda,1993,139
Uganda,1994,142
Uganda,1995,144
Uganda,1996,147
Uganda,1997,147
Uganda,1998,149
Uganda,1999,152
Uganda,2000,161
Uganda,2001,163
Uganda,2002,170
Uganda,2003,176
Uganda,2004,178
Uganda,2005,183
Uganda,2006,187
Uganda,2007,192
Uganda,2008,195
Uganda,2009,207
Uganda,2010,212
Uganda,2011,221
Uganda,2012,229
Uganda,2013,235
Uganda,2014,242
Uganda,2015,251
Uganda,2016,254
Uganda,2017,258
Uganda,2018,262
Uganda,2019,266
Uganda,2020,267
Uganda,2021,270
Uganda,2022,271
Uganda,2023,274
Uganda,2024,280
Uganda,2025,285
Uganda,2026,287
Ukraine,1873,0
Ukraine,1874,0
Ukraine,1875,0
Ukraine,1876,0
Ukraine,1877,0
Ukraine,1878,0
Ukraine,1879,0
Ukraine,1880,0
Ukraine,1881,0
Ukraine,1882,0
Ukraine,1883,0
Ukraine,1884,0
Ukraine,1885,0
Ukraine,1886,0
Ukraine,1887,0
Ukraine,1888,0
Ukraine,1889,0
Ukraine,1890,0
Ukraine,1891,0
Ukraine,1892,0
Ukraine,1893,0
Ukraine,1894,0
Ukraine,1895,0
Ukraine,1896,0
Ukraine,1897,0
Ukraine,1898,0
Ukraine,1899,0
Ukraine,1900,0
Ukraine,1901,0
Ukraine,1902,0
Ukraine,1903,0
Ukraine,1904,0
Ukraine,1905,0
Ukraine,1906,0
Ukraine,1907,0
Ukraine,1908,0
Ukraine,1909,0
Ukraine,1910,0
Ukraine,1911,0
Ukraine,1912,0
Ukraine,1913,0
Ukraine,1914,0
Ukraine,1915,0
Ukraine,1916,0
Ukraine,1917,0
Ukraine,1918,0
Ukraine,1919,0
Ukraine,1920,0
Ukraine,1921,0
Ukraine,1922,0
Ukraine,1923,0
Ukraine,1924,0
Ukraine,1925,0
Ukraine,1926,0
Ukraine,1927,0
Ukraine,1928,1
Ukraine,1929,1
Ukraine,1930,1
Ukraine,1931,1
Ukraine,1932,1
Ukraine,1933,1
Ukraine,1934,1
Ukraine,1935,1
Ukraine,1936,1
Ukraine,1937,1
Ukraine,1938,1
Ukraine,1939,1
Ukraine,1940,1
Ukraine,1941,1
Ukraine,1942,1
Ukraine,1943,1
Ukraine,1944,1
Ukraine,1945,1
Ukraine,1946,1
Ukraine,1947,1
Ukraine,1948,1
Ukraine,1949,1
Ukraine,1950,1
Ukraine,1951,1
Ukraine,1952,1
Ukraine,1953,1
Ukraine,1954,1
Ukraine,1955,1
Ukraine,1956,1
Ukraine,1957,1
Ukraine,1958,1
Ukraine,1959,1
Ukraine,1960,1
Ukraine,1961,1
Ukraine,1962,1
Ukraine,1963,1
Ukraine,1964,1
Ukraine,1965,1
Ukraine,1966,1
Ukraine,1967,1
Ukraine,1968,1
Ukraine,1969,1
Ukraine,1970,1
Ukraine,1971,1
Ukraine,1972,1
Ukraine,1973,1
Ukraine,1974,1
Ukraine,1975,1
Ukraine,1976,1
Ukraine,1977,1
Ukraine,1978,1
Ukraine,1979,2
Ukraine,1980,2
Ukraine,1981,2
Ukraine,1982,2
Ukraine,1983,2
Ukraine,1984,2
Ukraine,1985,2
Ukraine,1986,2
Ukraine,1987,2
Ukraine,1988,2
Ukraine,1989,2
Ukraine,1990,2
Ukraine,1991,2
Ukraine,1992,2
Ukraine,1993,5
Ukraine,1994,7
Ukraine,1995,10
Ukraine,1996,13
Ukraine,1997,17
Ukraine,1998,21
Ukraine,1999,24
Ukraine,2000,27
Ukraine,2001,30
Ukraine,2002,33
Ukraine,2003,35
Ukraine,2004,38
Ukraine,2005,44
Ukraine,2006,52
Ukraine,2007,56
Ukraine,2008,62
Ukraine,2009,68
Ukraine,2010,72
Ukraine,2011,76
Ukraine,2012,80
Ukraine,2013,89
Ukraine,2014,95
Ukraine,2015,100
Ukraine,2016,107
Ukraine,2017,111
Ukraine,2018,116
Ukraine,2019,123
Ukraine,2020,125
Ukraine,2021,131
Ukraine,2022,135
Ukraine,2023,139
Ukraine,2024,145
Ukraine,2025,150
Ukraine,2026,153
United Arab Emirates,1873,0
United Arab Emirates,1874,0
United Arab Emirates,1875,0
United Arab Emirates,1876,0
United Arab Emirates,1877,0
United Arab Emirates,1878,0
United Arab Emirates,1879,0
United Arab Emirates,1880,0
United Arab Emirates,1881,0
United Arab Emirates,1882,0
United Arab Emirates,1883,0
United Arab Emirates,1884,0
United Arab Emirates,1885,0
United Arab Emirates,1886,0
United Arab Emirates,1887,0
United Arab Emirates,1888,0
United Arab Emirates,1889,0
United Arab Emirates,1890,0
United Arab Emirates,1891,0
United Arab Emirates,1892,0
United Arab Emirates,1893,0
United Arab Emirates,1894,0
United Arab Emirates,1895,0
United Arab Emirates,1896,0
United Arab Emirates,1897,0
United Arab Emirates,1898,0
United Arab Emirates,1899,0
United Arab Emirates,1900,0
United Arab Emirates,1901,0
United Arab Emirates,1902,0
United Arab Emirates,1903,0
United Arab Emirates,1904,0
United Arab Emirates,1905,0
United Arab Emirates,1906,0
United Arab Emirates,1907,0
United Arab Emirates,1908,0
United Arab Emirates,1909,0
United Arab Emirates,1910,0
United Arab Emirates,1911,0
United Arab Emirates,1912,0
United Arab Emirates,1913,0
United Arab Emirates,1914,0
United Arab Emirates,1915,0
United Arab Emirates,1916,0
United Arab Emirates,1917,0
United Arab Emirates,1918,0
United Arab Emirates,1919,0
United Arab Emirates,1920,0
United Arab Emirates,1921,0
United Arab Emirates,1922,0
United Arab Emirates,1923,0
United Arab Emirates,1924,0
United Arab Emirates,1925,0
United Arab Emirates,1926,0
United Arab Emirates,1927,0
United Arab Emirates,1928,0
United Arab Emirates,1929,0
United Arab Emirates,1930,0
United Arab Emirates,1931,0
United Arab Emirates,1932,0
United Arab Emirates,1933,0
United Arab Emirates,1934,0
United Arab Emirates,1935,0
United Arab Emirates,1936,0
United Arab Emirates,1937,0
United Arab Emirates,1938,0
United Arab Emirates,1939,0
United Arab Emirates,1940,0
United Arab Emirates,1941,0
United Arab Emirates,1942,0
United Arab Emirates,1943,0
United Arab Emirates,1944,0
United Arab Emirates,1945,0
United Arab Emirates,1946,0
United Arab Emirates,1947,0
United Arab Emirates,1948,0
United Arab Emirates,1949,0
United Arab Emirates,1950,0
United Arab Emirates,1951,0
United Arab Emirates,1952,0
United Arab Emirates,1953,0
United Arab Emirates,1954,0
United Arab Emirates,1955,0
United Arab Emirates,1956,0
United Arab Emirates,1957,0
United Arab Emirates,1958,0
United Arab Emirates,1959,0
United Arab Emirates,1960,0
United Arab Emirates,1961,0
United Arab Emirates,1962,0
United Arab Emirates,1963,0
United Arab Emirates,1964,0
United Arab Emirates,1965,0
United Arab Emirates,1966,0
United Arab Emirates,1967,0
United Arab Emirates,1968,0
United Arab Emirates,1969,0
United Arab Emirates,1970,0
United Arab Emirates,1971,0
United Arab Emirates,1972,1
United Arab Emirates,1973,1
United Arab Emirates,1974,2
United Arab Emirates,1975,2
United Arab Emirates,1976,2
United Arab Emirates,1977,2
United Arab Emirates,1978,2
United Arab Emirates,1979,3
United Arab Emirates,1980,3
United Arab Emirates,1981,7
United Arab Emirates,1982,13
United Arab Emirates,1983,13
United Arab Emirates,1984,21
United Arab Emirates,1985,24
United Arab Emirates,1986,30
United Arab Emirates,1987,31
United Arab Emirates,1988,43
United Arab Emirates,1989,47
United Arab Emirates,1990,49
United Arab Emirates,1991,49
United Arab Emirates,1992,55
United Arab Emirates,1993,64
United Arab Emirates,1994,69
United Arab Emirates,1995,69
United Arab Emirates,1996,81
United Arab Emirates,1997,89
United Arab Emirates,1998,98
United Arab Emirates,1999,102
United Arab Emirates,2000,106
United Arab Emirates,2001,114
United Arab Emirates,2002,115
United Arab Emirates,2003,120
United Arab Emirates,2004,126
United Arab Emirates,2005,128
United Arab Emirates,2006,134
United Arab Emirates,2007,143
United Arab Emirates,2008,145
United Arab Emirates,2009,148
United Arab Emirates,2010,154
United Arab Emirates,2011,158
United Arab Emirates,2012,166
United Arab Emirates,2013,178
United Arab Emirates,2014,183
United Arab Emirates,2015,192
United Arab Emirates,2016,199
United Arab Emirates,2017,203
United Arab Emirates,2018,205
United Arab Emirates,2019,214
United Arab Emirates,2020,215
United Arab Emirates,2021,224
United Arab Emirates,2022,228
United Arab Emirates,2023,234
United Arab Emirates,2024,241
United Arab Emirates,2025,246
United Arab Emirates,2026,249
United Koreans in Japan,1873,0
United Koreans in Japan,1874,0
United Koreans in Japan,1875,0
United Koreans in Japan,1876,0
United Koreans in Japan,1877,0
United Koreans in Japan,1878,0
United Koreans in Japan,1879,0
United Koreans in Japan,1880,0
United Koreans in Japan,1881,0
United Koreans in Japan,1882,0
United Koreans in Japan,1883,0
United Koreans in Japan,1884,0
United Koreans in Japan,1885,0
United Koreans in Japan,1886,0
United Koreans in Japan,1887,0
United Koreans in Japan,1888,0
United Koreans in Japan,1889,0
United Koreans in Japan,1890,0
United Koreans in Japan,1891,0
United Koreans in Japan,1892,0
United Koreans in Japan,1893,0
United Koreans in Japan,1894,0
United Koreans in Japan,1895,0
United Koreans in Japan,1896,0
United Koreans in Japan,1897,0
United Koreans in Japan,1898,0
United Koreans in Japan,1899,0
United Koreans in Japan,1900,0
United Koreans in Japan,1901,0
United Koreans in Japan,1902,0
United Koreans in Japan,1903,0
United Koreans in Japan,1904,0
United Koreans in Japan,1905,0
United Koreans in Japan,1906,0
United Koreans in Japan,1907,0
United Koreans in Japan,1908,0
United Koreans in Japan,1909,0
United Koreans in Japan,1910,0
United Koreans in Japan,1911,0
United Koreans in Japan,1912,0
United Koreans in Japan,1913,0
United Koreans in Japan,1914,0
United Koreans in Japan,1915,0
United Koreans in Japan,1916,0
United Koreans in Japan,1917,0
United Koreans in Japan,1918,0
United Koreans in Japan,1919,0
United Koreans in Japan,1920,0
United Koreans in Japan,1921,0
United Koreans in Japan,1922,0
United Koreans in Japan,1923,0
United Koreans in Japan,1924,0
United Koreans in Japan,1925,0
United Koreans in Japan,1926,0
United Koreans in Japan,1927,0
United Koreans in Japan,1928,0
United Koreans in Japan,1929,0
United Koreans in Japan,1930,0
United Koreans in Japan,1931,0
United Koreans in Japan,1932,0
United Koreans in Japan,1933,0
United Koreans in Japan,1934,0
United Koreans in Japan,1935,0
United Koreans in Japan,1936,0
United Koreans in Japan,1937,0
United Koreans in Japan,1938,0
United Koreans in Japan,1939,0
United Koreans in Japan,1940,0
United Koreans in Japan,1941,0
United Koreans in Japan,1942,0
United Koreans in Japan,1943,0
United Koreans in Japan,1944,0
United Koreans in Japan,1945,0
United Koreans in Japan,1946,0
United Koreans in Japan,1947,0
United Koreans in Japan,1948,0
United Koreans in Japan,1949,0
United Koreans in Japan,1950,0
United Koreans in Japan,1951,0
United Koreans in Japan,1952,0
United Koreans in Japan,1953,0
United Koreans in Japan,1954,0
United Koreans in Japan,1955,0
United Koreans in Japan,1956,0
United Koreans in Japan,1957,0
United Koreans in Japan,1958,0
United Koreans in Japan,1959,0
United Koreans in Japan,1960,0
United Koreans in Japan,1961,0
United Koreans in Japan,1962,0
United Koreans in Japan,1963,0
United Koreans in Japan,1964,0
United Koreans in Japan,1965,0
United Koreans in Japan,1966,0
United Koreans in Japan,1967,0
United Koreans in Japan,1968,0
United Koreans in Japan,1969,0
United Koreans in Japan,1970,0
United Koreans in Japan,1971,0
United Koreans in Japan,1972,0
United Koreans in Japan,1973,0
United Koreans in Japan,1974,0
United Koreans in Japan,1975,0
United Koreans in Japan,1976,0
United Koreans in Japan,1977,0
United Koreans in Japan,1978,0
United Koreans in Japan,1979,0
United Koreans in Japan,1980,0
United Koreans in Japan,1981,0
United Koreans in Japan,1982,0
United Koreans in Japan,1983,0
United Koreans in Japan,1984,0
United Koreans in Japan,1985,0
United Koreans in Japan,1986,0
United Koreans in Japan,1987,0
United Koreans in Japan,1988,0
United Koreans in Japan,1989,0
United Koreans in Japan,1990,0
United Koreans in Japan,1991,0
United Koreans in Japan,1992,0
United Koreans in Japan,1993,0
United Koreans in Japan,1994,0
United Koreans in Japan,1995,0
United Koreans in Japan,1996,0
United Koreans in Japan,1997,0
United Koreans in Japan,1998,0
United Koreans in Japan,1999,0
United Koreans in Japan,2000,0
United Koreans in Japan,2001,0
United Koreans in Japan,2002,0
United Koreans in Japan,2003,0
United Koreans in Japan,2004,0
United Koreans in Japan,2005,0
United Koreans in Japan,2006,0
United Koreans in Japan,2007,0
United Koreans in Japan,2008,0
United Koreans in Japan,2009,0
United Koreans in Japan,2010,0
United Koreans in Japan,2011,0
United Koreans in Japan,2012,0
United Koreans in Japan,2013,0
United Koreans in Japan,2014,0
United Koreans in Japan,2015,0
United Koreans in Japan,2016,2
United Koreans in Japan,2017,2
United Koreans in Japan,2018,3
United Koreans in Japan,2019,3
United Koreans in Japan,2020,3
United Koreans in Japan,2021,3
United Koreans in Japan,2022,3
United Koreans in Japan,2023,3
United Koreans in Japan,2024,3
United Koreans in Japan,2025,3
United Koreans in Japan,2026,3
United States,1873,0
United States,1874,0
United States,1875,0
United States,1876,0
United States,1877,0
United States,1878,0
United States,1879,0
United States,1880,0
United States,1881,0
United States,1882,0
United States,1883,0
United States,1884,0
United States,1885,0
United States,1886,1
United States,1887,1
United States,1888,1
United States,1889,1
United States,1890,1
United States,1891,1
United States,1892,1
United States,1893,1
United States,1894,1
United States,1895,1
United States,1896,1
United States,1897,1
United States,1898,1
United States,1899,1
United States,1900,1
United States,1901,1
United States,1902,1
United States,1903,1
United States,1904,1
United States,1905,1
United States,1906,1
United States,1907,1
United States,1908,1
United States,1909,1
United States,1910,1
United States,1911,1
United States,1912,1
United States,1913,1
United States,1914,1
United States,1915,1
United States,1916,2
United States,1917,2
United States,1918,2
United States,1919,3
United States,1920,3
United States,1921,3
United States,1922,3
United States,1923,3
United States,1924,5
United States,1925,6
United States,1926,7
United States,1927,7
United States,1928,7
United States,1929,7
United States,1930,9
United States,1931,9
United States,1932,9
United States,1933,9
United States,1934,10
United States,1935,10
United States,1936,10
United States,1937,10
United States,1938,10
United States,1939,10
United States,1940,10
United States,1941,10
United States,1942,10
United States,1943,10
United States,1944,10
United States,1945,10
United States,1946,10
United States,1947,10
United States,1948,11
United States,1949,12
United States,1950,13
United States,1951,13
United States,1952,13
United States,1953,13
United States,1954,15
United States,1955,15
United States,1956,16
United States,1957,16
United States,1958,16
United States,1959,16
United States,1960,16
United States,1961,16
United States,1962,16
United States,1963,16
United States,1964,16
United States,1965,17
United States,1966,17
United States,1967,17
United States,1968,21
United States,1969,21
United States,1970,21
United States,1971,21
United States,1972,21
United States,1973,24
United States,1974,24
United States,1975,24
United States,1976,25
United States,1977,28
United States,1978,28
United States,1979,30
United States,1980,32
United States,1981,32
United States,1982,33
United States,1983,34
United States,1984,37
United States,1985,39
United States,1986,39
United States,1987,40
United States,1988,43
United States,1989,49
United States,1990,57
United States,1991,65
United States,1992,71
United States,1993,80
United States,1994,88
United States,1995,93
United States,1996,103
United States,1997,108
United States,1998,114
United States,1999,121
United States,2000,130
United States,2001,136
United States,2002,147
United States,2003,157
United States,2004,165
United States,2005,178
United States,2006,184
United States,2007,195
United States,2008,204
United States,2009,217
United States,2010,222
United States,2011,228
United States,2012,237
United States,2013,252
United States,2014,257
United States,2015,266
United States,2016,275
United States,2017,284
United States,2018,287
United States,2019,298
United States,2020,301
United States,2021,318
United States,2022,324
United States,2023,334
United States,2024,340
United States,2025,350
United States,2026,358
United States Virgin Islands,1873,0
United States Virgin Islands,1874,0
United States Virgin Islands,1875,0
United States Virgin Islands,1876,0
United States Virgin Islands,1877,0
United States Virgin Islands,1878,0
United States Virgin Islands,1879,0
United States Virgin Islands,1880,0
United States Virgin Islands,1881,0
United States Virgin Islands,1882,0
United States Virgin Islands,1883,0
United States Virgin Islands,1884,0
United States Virgin Islands,1885,0
United States Virgin Islands,1886,0
United States Virgin Islands,1887,0
United States Virgin Islands,1888,0
United States Virgin Islands,1889,0
United States Virgin Islands,1890,0
United States Virgin Islands,1891,0
United States Virgin Islands,1892,0
United States Virgin Islands,1893,0
United States Virgin Islands,1894,0
United States Virgin Islands,1895,0
United States Virgin Islands,1896,0
United States Virgin Islands,1897,0
United States Virgin Islands,1898,0
United States Virgin Islands,1899,0
United States Virgin Islands,1900,0
United States Virgin Islands,1901,0
United States Virgin Islands,1902,0
United States Virgin Islands,1903,0
United States Virgin Islands,1904,0
United States Virgin Islands,1905,0
United States Virgin Islands,1906,0
United States Virgin Islands,1907,0
United States Virgin Islands,1908,0
United States Virgin Islands,1909,0
United States Virgin Islands,1910,0
United States Virgin Islands,1911,0
United States Virgin Islands,1912,0
United States Virgin Islands,1913,0
United States Virgin Islands,1914,0
United States Virgin Islands,1915,0
United States Virgin Islands,1916,0
United States Virgin Islands,1917,0
United States Virgin Islands,1918,0
United States Virgin Islands,1919,0
United States Virgin Islands,1920,0
United States Virgin Islands,1921,0
United States Virgin Islands,1922,0
United States Virgin Islands,1923,0
United States Virgin Islands,1924,0
United States Virgin Islands,1925,0
United States Virgin Islands,1926,0
United States Virgin Islands,1927,0
United States Virgin Islands,1928,0
United States Virgin Islands,1929,0
United States Virgin Islands,1930,0
United States Virgin Islands,1931,0
United States Virgin Islands,1932,0
United States Virgin Islands,1933,0
United States Virgin Islands,1934,0
United States Virgin Islands,1935,0
United States Virgin Islands,1936,0
United States Virgin Islands,1937,0
United States Virgin Islands,1938,0
United States Virgin Islands,1939,0
United States Virgin Islands,1940,0
United States Virgin Islands,1941,0
United States Virgin Islands,1942,0
United States Virgin Islands,1943,0
United States Virgin Islands,1944,0
United States Virgin Islands,1945,0
United States Virgin Islands,1946,0
United States Virgin Islands,1947,0
United States Virgin Islands,1948,0
United States Virgin Islands,1949,0
United States Virgin Islands,1950,0
United States Virgin Islands,1951,0
United States Virgin Islands,1952,0
United States Virgin Islands,1953,0
United States Virgin Islands,1954,0
United States Virgin Islands,1955,0
United States Virgin Islands,1956,0
United States Virgin Islands,1957,0
United States Virgin Islands,1958,0
United States Virgin Islands,1959,0
United States Virgin Islands,1960,0
United States Virgin Islands,1961,0
United States Virgin Islands,1962,0
United States Virgin Islands,1963,0
United States Virgin Islands,1964,0
United States Virgin Islands,1965,0
United States Virgin Islands,1966,0
United States Virgin Islands,1967,0
United States Virgin Islands,1968,0
United States Virgin Islands,1969,0
United States Virgin Islands,1970,0
United States Virgin Islands,1971,0
United States Virgin Islands,1972,0
United States Virgin Islands,1973,0
United States Virgin Islands,1974,0
United States Virgin Islands,1975,0
United States Virgin Islands,1976,0
United States Virgin Islands,1977,0
United States Virgin Islands,1978,0
United States Virgin Islands,1979,0
United States Virgin Islands,1980,0
United States Virgin Islands,1981,0
United States Virgin Islands,1982,0
United States Virgin Islands,1983,0
United States Virgin Islands,1984,0
United States Virgin Islands,1985,0
United States Virgin Islands,1986,0
United States Virgin Islands,1987,0
United States Virgin Islands,1988,0
United States Virgin Islands,1989,0
United States Virgin Islands,1990,0
United States Virgin Islands,1991,0
United States Virgin Islands,1992,0
United States Virgin Islands,1993,0
United States Virgin Islands,1994,0
United States Virgin Islands,1995,0
United States Virgin Islands,1996,0
United States Virgin Islands,1997,0
United States Virgin Islands,1998,1
United States Virgin Islands,1999,1
United States Virgin Islands,2000,1
United States Virgin Islands,2001,1
United States Virgin Islands,2002,1
United States Virgin Islands,2003,1
United States Virgin Islands,2004,1
United States Virgin Islands,2005,1
United States Virgin Islands,2006,1
United States Virgin Islands,2007,1
United States Virgin Islands,2008,1
United States Virgin Islands,2009,1
United States Virgin Islands,2010,1
United States Virgin Islands,2011,3
United States Virgin Islands,2012,3
United States Virgin Islands,2013,3
United States Virgin Islands,2014,3
United States Virgin Islands,2015,4
United States Virgin Islands,2016,5
United States Virgin Islands,2017,5
United States Virgin Islands,2018,5
United States Virgin Islands,2019,7
United States Virgin Islands,2020,7
United States Virgin Islands,2021,7
United States Virgin Islands,2022,8
United States Virgin Islands,2023,8
United States Virgin Islands,2024,8
United States Virgin Islands,2025,9
United States Virgin Islands,2026,12
Uruguay,1873,0
Uruguay,1874,0
Uruguay,1875,0
Uruguay,1876,0
Uruguay,1877,0
Uruguay,1878,0
Uruguay,1879,0
Uruguay,1880,0
Uruguay,1881,0
Uruguay,1882,0
Uruguay,1883,0
Uruguay,1884,0
Uruguay,1885,0
Uruguay,1886,0
Uruguay,1887,0
Uruguay,1888,0
Uruguay,1889,0
Uruguay,1890,0
Uruguay,1891,0
Uruguay,1892,0
Uruguay,1893,0
Uruguay,1894,0
Uruguay,1895,0
Uruguay,1896,0
Uruguay,1897,0
Uruguay,1898,0
Uruguay,1899,0
Uruguay,1900,0
Uruguay,1901,0
Uruguay,1902,0
Uruguay,1903,1
Uruguay,1904,1
Uruguay,1905,1
Uruguay,1906,1
Uruguay,1907,1
Uruguay,1908,2
Uruguay,1909,2
Uruguay,1910,5
Uruguay,1911,7
Uruguay,1912,10
Uruguay,1913,12
Uruguay,1914,13
Uruguay,1915,14
Uruguay,1916,18
Uruguay,1917,23
Uruguay,1918,24
Uruguay,1919,30
Uruguay,1920,34
Uruguay,1921,36
Uruguay,1922,41
Uruguay,1923,44
Uruguay,1924,52
Uruguay,1925,53
Uruguay,1926,57
Uruguay,1927,61
Uruguay,1928,65
Uruguay,1929,67
Uruguay,1930,71
Uruguay,1931,71
Uruguay,1932,72
Uruguay,1933,73
Uruguay,1934,73
Uruguay,1935,76
Uruguay,1936,77
Uruguay,1937,79
Uruguay,1938,79
Uruguay,1939,82
Uruguay,1940,85
Uruguay,1941,88
Uruguay,1942,94
Uruguay,1943,94
Uruguay,1944,94
Uruguay,1945,97
Uruguay,1946,100
Uruguay,1947,105
Uruguay,1948,106
Uruguay,1949,108
Uruguay,1950,113
Uruguay,1951,113
Uruguay,1952,116
Uruguay,1953,120
Uruguay,1954,124
Uruguay,1955,126
Uruguay,1956,131
Uruguay,1957,137
Uruguay,1958,138
Uruguay,1959,143
Uruguay,1960,146
Uruguay,1961,148
Uruguay,1962,150
Uruguay,1963,151
Uruguay,1964,152
Uruguay,1965,157
Uruguay,1966,160
Uruguay,1967,166
Uruguay,1968,167
Uruguay,1969,171
Uruguay,1970,175
Uruguay,1971,176
Uruguay,1972,177
Uruguay,1973,180
Uruguay,1974,184
Uruguay,1975,188
Uruguay,1976,189
Uruguay,1977,192
Uruguay,1978,193
Uruguay,1979,195
Uruguay,1980,201
Uruguay,1981,205
Uruguay,1982,207
Uruguay,1983,213
Uruguay,1984,217
Uruguay,1985,227
Uruguay,1986,228
Uruguay,1987,232
Uruguay,1988,236
Uruguay,1989,245
Uruguay,1990,249
Uruguay,1991,252
Uruguay,1992,257
Uruguay,1993,264
Uruguay,1994,265
Uruguay,1995,271
Uruguay,1996,274
Uruguay,1997,281
Uruguay,1998,281
Uruguay,1999,285
Uruguay,2000,290
Uruguay,2001,297
Uruguay,2002,300
Uruguay,2003,307
Uruguay,2004,312
Uruguay,2005,315
Uruguay,2006,320
Uruguay,2007,326
Uruguay,2008,330
Uruguay,2009,335
Uruguay,2010,343
Uruguay,2011,352
Uruguay,2012,354
Uruguay,2013,363
Uruguay,2014,371
Uruguay,2015,377
Uruguay,2016,383
Uruguay,2017,385
Uruguay,2018,393
Uruguay,2019,401
Uruguay,2020,403
Uruguay,2021,407
Uruguay,2022,415
Uruguay,2023,422
Uruguay,2024,427
Uruguay,2025,431
Uruguay,2026,433
Uzbekistan,1873,0
Uzbekistan,1874,0
Uzbekistan,1875,0
Uzbekistan,1876,0
Uzbekistan,1877,0
Uzbekistan,1878,0
Uzbekistan,1879,0
Uzbekistan,1880,0
Uzbekistan,1881,0
Uzbekistan,1882,0
Uzbekistan,1883,0
Uzbekistan,1884,0
Uzbekistan,1885,0
Uzbekistan,1886,0
Uzbekistan,1887,0
Uzbekistan,1888,0
Uzbekistan,1889,0
Uzbekistan,1890,0
Uzbekistan,1891,0
Uzbekistan,1892,0
Uzbekistan,1893,0
Uzbekistan,1894,0
Uzbekistan,1895,0
Uzbekistan,1896,0
Uzbekistan,1897,0
Uzbekistan,1898,0
Uzbekistan,1899,0
Uzbekistan,1900,0
Uzbekistan,1901,0
Uzbekistan,1902,0
Uzbekistan,1903,0
Uzbekistan,1904,0
Uzbekistan,1905,0
Uzbekistan,1906,0
Uzbekistan,1907,0
Uzbekistan,1908,0
Uzbekistan,1909,0
Uzbekistan,1910,0
Uzbekistan,1911,0
Uzbekistan,1912,0
Uzbekistan,1913,0
Uzbekistan,1914,0
Uzbekistan,1915,0
Uzbekistan,1916,0
Uzbekistan,1917,0
Uzbekistan,1918,0
Uzbekistan,1919,0
Uzbekistan,1920,0
Uzbekistan,1921,0
Uzbekistan,1922,0
Uzbekistan,1923,0
Uzbekistan,1924,0
Uzbekistan,1925,0
Uzbekistan,1926,0
Uzbekistan,1927,0
Uzbekistan,1928,0
Uzbekistan,1929,0
Uzbekistan,1930,0
Uzbekistan,1931,0
Uzbekistan,1932,0
Uzbekistan,1933,0
Uzbekistan,1934,0
Uzbekistan,1935,0
Uzbekistan,1936,0
Uzbekistan,1937,0
Uzbekistan,1938,0
Uzbekistan,1939,0
Uzbekistan,1940,0
Uzbekistan,1941,0
Uzbekistan,1942,0
Uzbekistan,1943,0
Uzbekistan,1944,0
Uzbekistan,1945,0
Uzbekistan,1946,0
Uzbekistan,1947,0
Uzbekistan,1948,0
Uzbekistan,1949,0
Uzbekistan,1950,0
Uzbekistan,1951,0
Uzbekistan,1952,0
Uzbekistan,1953,0
Uzbekistan,1954,0
Uzbekistan,1955,0
Uzbekistan,1956,0
Uzbekistan,1957,0
Uzbekistan,1958,0
Uzbekistan,1959,0
Uzbekistan,1960,0
Uzbekistan,1961,0
Uzbekistan,1962,0
Uzbekistan,1963,0
Uzbekistan,1964,0
Uzbekistan,1965,0
Uzbekistan,1966,0
Uzbekistan,1967,0
Uzbekistan,1968,0
Uzbekistan,1969,0
Uzbekistan,1970,0
Uzbekistan,1971,0
Uzbekistan,1972,0
Uzbekistan,1973,0
Uzbekistan,1974,0
Uzbekistan,1975,0
Uzbekistan,1976,0
Uzbekistan,1977,0
Uzbekistan,1978,0
Uzbekistan,1979,0
Uzbekistan,1980,0
Uzbekistan,1981,0
Uzbekistan,1982,0
Uzbekistan,1983,0
Uzbekistan,1984,0
Uzbekistan,1985,0
Uzbekistan,1986,0
Uzbekistan,1987,0
Uzbekistan,1988,0
Uzbekistan,1989,0
Uzbekistan,1990,0
Uzbekistan,1991,0
Uzbekistan,1992,3
Uzbekistan,1993,3
Uzbekistan,1994,13
Uzbekistan,1995,14
Uzbekistan,1996,16
Uzbekistan,1997,22
Uzbekistan,1998,26
Uzbekistan,1999,32
Uzbekistan,2000,34
Uzbekistan,2001,46
Uzbekistan,2002,46
Uzbekistan,2003,51
Uzbekistan,2004,59
Uzbekistan,2005,60
Uzbekistan,2006,63
Uzbekistan,2007,69
Uzbekistan,2008,75
Uzbekistan,2009,79
Uzbekistan,2010,80
Uzbekistan,2011,89
Uzbekistan,2012,94
Uzbekistan,2013,100
Uzbekistan,2014,106
Uzbekistan,2015,113
Uzbekistan,2016,122
Uzbekistan,2017,124
Uzbekistan,2018,126
Uzbekistan,2019,135
Uzbekistan,2020,136
Uzbekistan,2021,140
Uzbekistan,2022,148
Uzbekistan,2023,155
Uzbekistan,2024,165
Uzbekistan,2025,169
Uzbekistan,2026,172
Vanuatu,1873,0
Vanuatu,1874,0
Vanuatu,1875,0
Vanuatu,1876,0
Vanuatu,1877,0
Vanuatu,1878,0
Vanuatu,1879,0
Vanuatu,1880,0
Vanuatu,1881,0
Vanuatu,1882,0
Vanuatu,1883,0
Vanuatu,1884,0
Vanuatu,1885,0
Vanuatu,1886,0
Vanuatu,1887,0
Vanuatu,1888,0
Vanuatu,1889,0
Vanuatu,1890,0
Vanuatu,1891,0
Vanuatu,1892,0
Vanuatu,1893,0
Vanuatu,1894,0
Vanuatu,1895,0
Vanuatu,1896,0
Vanuatu,1897,0
Vanuatu,1898,0
Vanuatu,1899,0
Vanuatu,1900,0
Vanuatu,1901,0
Vanuatu,1902,0
Vanuatu,1903,0
Vanuatu,1904,0
Vanuatu,1905,0
Vanuatu,1906,0
Vanuatu,1907,0
Vanuatu,1908,0
Vanuatu,1909,0
Vanuatu,1910,0
Vanuatu,1911,0
Vanuatu,1912,0
Vanuatu,1913,0
Vanuatu,1914,0
Vanuatu,1915,0
Vanuatu,1916,0
Vanuatu,1917,0
Vanuatu,1918,0
Vanuatu,1919,0
Vanuatu,1920,0
Vanuatu,1921,0
Vanuatu,1922,0
Vanuatu,1923,0
Vanuatu,1924,0
Vanuatu,1925,0
Vanuatu,1926,0
Vanuatu,1927,0
Vanuatu,1928,0
Vanuatu,1929,0
Vanuatu,1930,0
Vanuatu,1931,0
Vanuatu,1932,0
Vanuatu,1933,0
Vanuatu,1934,0
Vanuatu,1935,0
Vanuatu,1936,0
Vanuatu,1937,0
Vanuatu,1938,0
Vanuatu,1939,0
Vanuatu,1940,0
Vanuatu,1941,0
Vanuatu,1942,0
Vanuatu,1943,0
Vanuatu,1944,0
Vanuatu,1945,0
Vanuatu,1946,0
Vanuatu,1947,0
Vanuatu,1948,0
Vanuatu,1949,0
Vanuatu,1950,0
Vanuatu,1951,0
Vanuatu,1952,0
Vanuatu,1953,0
Vanuatu,1954,0
Vanuatu,1955,0
Vanuatu,1956,0
Vanuatu,1957,0
Vanuatu,1958,0
Vanuatu,1959,0
Vanuatu,1960,0
Vanuatu,1961,0
Vanuatu,1962,0
Vanuatu,1963,0
Vanuatu,1964,0
Vanuatu,1965,0
Vanuatu,1966,1
Vanuatu,1967,1
Vanuatu,1968,1
Vanuatu,1969,2
Vanuatu,1970,2
Vanuatu,1971,4
Vanuatu,1972,4
Vanuatu,1973,5
Vanuatu,1974,5
Vanuatu,1975,6
Vanuatu,1976,6
Vanuatu,1977,6
Vanuatu,1978,6
Vanuatu,1979,9
Vanuatu,1980,9
Vanuatu,1981,10
Vanuatu,1982,10
Vanuatu,1983,10
Vanuatu,1984,10
Vanuatu,1985,10
Vanuatu,1986,10
Vanuatu,1987,13
Vanuatu,1988,14
Vanuatu,1989,14
Vanuatu,1990,16
Vanuatu,1991,18
Vanuatu,1992,18
Vanuatu,1993,20
Vanuatu,1994,20
Vanuatu,1995,22
Vanuatu,1996,22
Vanuatu,1997,22
Vanuatu,1998,24
Vanuatu,1999,24
Vanuatu,2000,27
Vanuatu,2001,28
Vanuatu,2002,30
Vanuatu,2003,33
Vanuatu,2004,37
Vanuatu,2005,37
Vanuatu,2006,37
Vanuatu,2007,42
Vanuatu,2008,44
Vanuatu,2009,44
Vanuatu,2010,44
Vanuatu,2011,50
Vanuatu,2012,51
Vanuatu,2013,51
Vanuatu,2014,51
Vanuatu,2015,52
Vanuatu,2016,53
Vanuatu,2017,57
Vanuatu,2018,57
Vanuatu,2019,60
Vanuatu,2020,60
Vanuatu,2021,60
Vanuatu,2022,60
Vanuatu,2023,64
Vanuatu,2024,67
Vanuatu,2025,69
Vanuatu,2026,72
Venezuela,1873,0
Venezuela,1874,0
Venezuela,1875,0
Venezuela,1876,0
Venezuela,1877,0
Venezuela,1878,0
Venezuela,1879,0
Venezuela,1880,0
Venezuela,1881,0
Venezuela,1882,0
Venezuela,1883,0
Venezuela,1884,0
Venezuela,1885,0
Venezuela,1886,0
Venezuela,1887,0
Venezuela,1888,0
Venezuela,1889,0
Venezuela,1890,0
Venezuela,1891,0
Venezuela,1892,0
Venezuela,1893,0
Venezuela,1894,0
Venezuela,1895,0
Venezuela,1896,0
Venezuela,1897,0
Venezuela,1898,0
Venezuela,1899,0
Venezuela,1900,0
Venezuela,1901,0
Venezuela,1902,0
Venezuela,1903,0
Venezuela,1904,0
Venezuela,1905,0
Venezuela,1906,0
Venezuela,1907,0
Venezuela,1908,0
Venezuela,1909,0
Venezuela,1910,0
Venezuela,1911,0
Venezuela,1912,0
Venezuela,1913,0
Venezuela,1914,0
Venezuela,1915,0
Venezuela,1916,0
Venezuela,1917,0
Venezuela,1918,0
Venezuela,1919,0
Venezuela,1920,0
Venezuela,1921,0
Venezuela,1922,0
Venezuela,1923,0
Venezuela,1924,0
Venezuela,1925,0
Venezuela,1926,0
Venezuela,1927,0
Venezuela,1928,0
Venezuela,1929,0
Venezuela,1930,0
Venezuela,1931,0
Venezuela,1932,0
Venezuela,1933,0
Venezuela,1934,0
Venezuela,1935,0
Venezuela,1936,0
Venezuela,1937,0
Venezuela,1938,1
Venezuela,1939,1
Venezuela,1940,1
Venezuela,1941,1
Venezuela,1942,1
Venezuela,1943,1
Venezuela,1944,3
Venezuela,1945,3
Venezuela,1946,5
Venezuela,1947,5
Venezuela,1948,5
Venezuela,1949,5
Venezuela,1950,5
Venezuela,1951,6
Venezuela,1952,6
Venezuela,1953,6
Venezuela,1954,6
Venezuela,1955,6
Venezuela,1956,8
Venezuela,1957,8
Venezuela,1958,8
Venezuela,1959,8
Venezuela,1960,8
Venezuela,1961,10
Venezuela,1962,10
Venezuela,1963,10
Venezuela,1964,10
Venezuela,1965,10
Venezuela,1966,10
Venezuela,1967,11
Venezuela,1968,11
Venezuela,1969,11
Venezuela,1970,11
Venezuela,1971,11
Venezuela,1972,11
Venezuela,1973,11
Venezuela,1974,11
Venezuela,1975,11
Venezuela,1976,11
Venezuela,1977,12
Venezuela,1978,12
Venezuela,1979,12
Venezuela,1980,12
Venezuela,1981,15
Venezuela,1982,15
Venezuela,1983,15
Venezuela,1984,15
Venezuela,1985,15
Venezuela,1986,15
Venezuela,1987,15
Venezuela,1988,15
Venezuela,1989,16
Venezuela,1990,16
Venezuela,1991,16
Venezuela,1992,16
Venezuela,1993,17
Venezuela,1994,17
Venezuela,1995,17
Venezuela,1996,19
Venezuela,1997,19
Venezuela,1998,19
Venezuela,1999,21
Venezuela,2000,24
Venezuela,2001,28
Venezuela,2002,32
Venezuela,2003,38
Venezuela,2004,41
Venezuela,2005,43
Venezuela,2006,46
Venezuela,2007,54
Venezuela,2008,60
Venezuela,2009,65
Venezuela,2010,69
Venezuela,2011,77
Venezuela,2012,79
Venezuela,2013,82
Venezuela,2014,82
Venezuela,2015,85
Venezuela,2016,88
Venezuela,2017,89
Venezuela,2018,91
Venezuela,2019,97
Venezuela,2020,98
Venezuela,2021,99
Venezuela,2022,104
Venezuela,2023,109
Venezuela,2024,112
Venezuela,2025,115
Venezuela,2026,117
Vietnam,1873,0
Vietnam,1874,0
Vietnam,1875,0
Vietnam,1876,0
Vietnam,1877,0
Vietnam,1878,0
Vietnam,1879,0
Vietnam,1880,0
Vietnam,1881,0
Vietnam,1882,0
Vietnam,1883,0
Vietnam,1884,0
Vietnam,1885,0
Vietnam,1886,0
Vietnam,1887,0
Vietnam,1888,0
Vietnam,1889,0
Vietnam,1890,0
Vietnam,1891,0
Vietnam,1892,0
Vietnam,1893,0
Vietnam,1894,0
Vietnam,1895,0
Vietnam,1896,0
Vietnam,1897,0
Vietnam,1898,0
Vietnam,1899,0
Vietnam,1900,0
Vietnam,1901,0
Vietnam,1902,0
Vietnam,1903,0
Vietnam,1904,0
Vietnam,1905,0
Vietnam,1906,0
Vietnam,1907,0
Vietnam,1908,0
Vietnam,1909,0
Vietnam,1910,0
Vietnam,1911,0
Vietnam,1912,0
Vietnam,1913,0
Vietnam,1914,0
Vietnam,1915,0
Vietnam,1916,0
Vietnam,1917,0
Vietnam,1918,0
Vietnam,1919,0
Vietnam,1920,0
Vietnam,1921,0
Vietnam,1922,0
Vietnam,1923,0
Vietnam,1924,0
Vietnam,1925,0
Vietnam,1926,0
Vietnam,1927,0
Vietnam,1928,0
Vietnam,1929,0
Vietnam,1930,0
Vietnam,1931,0
Vietnam,1932,0
Vietnam,1933,0
Vietnam,1934,0
Vietnam,1935,0
Vietnam,1936,0
Vietnam,1937,0
Vietnam,1938,0
Vietnam,1939,0
Vietnam,1940,0
Vietnam,1941,0
Vietnam,1942,0
Vietnam,1943,0
Vietnam,1944,0
Vietnam,1945,0
Vietnam,1946,0
Vietnam,1947,0
Vietnam,1948,0
Vietnam,1949,0
Vietnam,1950,0
Vietnam,1951,0
Vietnam,1952,0
Vietnam,1953,0
Vietnam,1954,1
Vietnam,1955,1
Vietnam,1956,1
Vietnam,1957,1
Vietnam,1958,1
Vietnam,1959,1
Vietnam,1960,1
Vietnam,1961,1
Vietnam,1962,1
Vietnam,1963,1
Vietnam,1964,1
Vietnam,1965,1
Vietnam,1966,1
Vietnam,1967,1
Vietnam,1968,1
Vietnam,1969,1
Vietnam,1970,1
Vietnam,1971,1
Vietnam,1972,1
Vietnam,1973,1
Vietnam,1974,1
Vietnam,1975,1
Vietnam,1976,1
Vietnam,1977,1
Vietnam,1978,1
Vietnam,1979,1
Vietnam,1980,1
Vietnam,1981,1
Vietnam,1982,1
Vietnam,1983,1
Vietnam,1984,1
Vietnam,1985,1
Vietnam,1986,1
Vietnam,1987,1
Vietnam,1988,1
Vietnam,1989,1
Vietnam,1990,1
Vietnam,1991,1
Vietnam,1992,1
Vietnam,1993,3
Vietnam,1994,3
Vietnam,1995,8
Vietnam,1996,13
Vietnam,1997,16
Vietnam,1998,19
Vietnam,1999,24
Vietnam,2000,29
Vietnam,2001,32
Vietnam,2002,37
Vietnam,2003,40
Vietnam,2004,45
Vietnam,2005,45
Vietnam,2006,47
Vietnam,2007,51
Vietnam,2008,54
Vietnam,2009,57
Vietnam,2010,59
Vietnam,2011,62
Vietnam,2012,66
Vietnam,2013,67
Vietnam,2014,74
Vietnam,2015,75
Vietnam,2016,83
Vietnam,2017,85
Vietnam,2018,92
Vietnam,2019,96
Vietnam,2020,96
Vietnam,2021,101
Vietnam,2022,108
Vietnam,2023,114
Vietnam,2024,120
Vietnam,2025,127
Vietnam,2026,138
Vietnam Republic,1873,0
Vietnam Republic,1874,0
Vietnam Republic,1875,0
Vietnam Republic,1876,0
Vietnam Republic,1877,0
Vietnam Republic,1878,0
Vietnam Republic,1879,0
Vietnam Republic,1880,0
Vietnam Republic,1881,0
Vietnam Republic,1882,0
Vietnam Republic,1883,0
Vietnam Republic,1884,0
Vietnam Republic,1885,0
Vietnam Republic,1886,0
Vietnam Republic,1887,0
Vietnam Republic,1888,0
Vietnam Republic,1889,0
Vietnam Republic,1890,0
Vietnam Republic,1891,0
Vietnam Republic,1892,0
Vietnam Republic,1893,0
Vietnam Republic,1894,0
Vietnam Republic,1895,0
Vietnam Republic,1896,0
Vietnam Republic,1897,0
Vietnam Republic,1898,0
Vietnam Republic,1899,0
Vietnam Republic,1900,0
Vietnam Republic,1901,0
Vietnam Republic,1902,0
Vietnam Republic,1903,0
Vietnam Republic,1904,0
Vietnam Republic,1905,0
Vietnam Republic,1906,0
Vietnam Republic,1907,0
Vietnam Republic,1908,0
Vietnam Republic,1909,0
Vietnam Republic,1910,0
Vietnam Republic,1911,0
Vietnam Republic,1912,0
Vietnam Republic,1913,0
Vietnam Republic,1914,0
Vietnam Republic,1915,0
Vietnam Republic,1916,0
Vietnam Republic,1917,0
Vietnam Republic,1918,0
Vietnam Republic,1919,0
Vietnam Republic,1920,0
Vietnam Republic,1921,0
Vietnam Republic,1922,0
Vietnam Republic,1923,0
Vietnam Republic,1924,0
Vietnam Republic,1925,0
Vietnam Republic,1926,0
Vietnam Republic,1927,0
Vietnam Republic,1928,0
Vietnam Republic,1929,0
Vietnam Republic,1930,0
Vietnam Republic,1931,0
Vietnam Republic,1932,0
Vietnam Republic,1933,0
Vietnam Republic,1934,0
Vietnam Republic,1935,0
Vietnam Republic,1936,0
Vietnam Republic,1937,0
Vietnam Republic,1938,0
Vietnam Republic,1939,0
Vietnam Republic,1940,0
Vietnam Republic,1941,0
Vietnam Republic,1942,0
Vietnam Republic,1943,0
Vietnam Republic,1944,0
Vietnam Republic,1945,0
Vietnam Republic,1946,0
Vietnam Republic,1947,0
Vietnam Republic,1948,0
Vietnam Republic,1949,0
Vietnam Republic,1950,0
Vietnam Republic,1951,0
Vietnam Republic,1952,0
Vietnam Republic,1953,0
Vietnam Republic,1954,0
Vietnam Republic,1955,0
Vietnam Republic,1956,3
Vietnam Republic,1957,5
Vietnam Republic,1958,6
Vietnam Republic,1959,13
Vietnam Republic,1960,14
Vietnam Republic,1961,22
Vietnam Republic,1962,29
Vietnam Republic,1963,33
Vietnam Republic,1964,34
Vietnam Republic,1965,39
Vietnam Republic,1966,46
Vietnam Republic,1967,58
Vietnam Republic,1968,61
Vietnam Republic,1969,63
Vietnam Republic,1970,66
Vietnam Republic,1971,73
Vietnam Republic,1972,74
Vietnam Republic,1973,79
Vietnam Republic,1974,82
Vietnam Republic,1975,82
Vietnam Republic,1976,82
Vietnam Republic,1977,82
Vietnam Republic,1978,82
Vietnam Republic,1979,82
Vietnam Republic,1980,82
Vietnam Republic,1981,82
Vietnam Republic,1982,82
Vietnam Republic,1983,82
Vietnam Republic,1984,82
Vietnam Republic,1985,82
Vietnam Republic,1986,82
Vietnam Republic,1987,82
Vietnam Republic,1988,82
Vietnam Republic,1989,82
Vietnam Republic,1990,82
Vietnam Republic,1991,82
Vietnam Republic,1992,82
Vietnam Republic,1993,82
Vietnam Republic,1994,82
Vietnam Republic,1995,82
Vietnam Republic,1996,82
Vietnam Republic,1997,82
Vietnam Republic,1998,82
Vietnam Republic,1999,82
Vietnam Republic,2000,82
Vietnam Republic,2001,82
Vietnam Republic,2002,82
Vietnam Republic,2003,82
Vietnam Republic,2004,82
Vietnam Republic,2005,82
Vietnam Republic,2006,82
Vietnam Republic,2007,82
Vietnam Republic,2008,82
Vietnam Republic,2009,82
Vietnam Republic,2010,82
Vietnam Republic,2011,82
Vietnam Republic,2012,82
Vietnam Republic,2013,82
Vietnam Republic,2014,82
Vietnam Republic,2015,82
Vietnam Republic,2016,82
Vietnam Republic,2017,82
Vietnam Republic,2018,82
Vietnam Republic,2019,82
Vietnam Republic,2020,82
Vietnam Republic,2021,82
Vietnam Republic,2022,82
Vietnam Republic,2023,82
Vietnam Republic,2024,82
Vietnam Republic,2025,82
Vietnam Republic,2026,82
Wales,1873,0
Wales,1874,0
Wales,1875,0
Wales,1876,0
Wales,1877,0
Wales,1878,0
Wales,1879,0
Wales,1880,0
Wales,1881,1
Wales,1882,3
Wales,1883,3
Wales,1884,4
Wales,1885,5
Wales,1886,6
Wales,1887,6
Wales,1888,7
Wales,1889,8
Wales,1890,9
Wales,1891,9
Wales,1892,9
Wales,1893,9
Wales,1894,10
Wales,1895,10
Wales,1896,11
Wales,1897,11
Wales,1898,11
Wales,1899,11
Wales,1900,12
Wales,1901,13
Wales,1902,13
Wales,1903,13
Wales,1904,13
Wales,1905,14
Wales,1906,15
Wales,1907,17
Wales,1908,17
Wales,1909,19
Wales,1910,20
Wales,1911,21
Wales,1912,21
Wales,1913,22
Wales,1914,22
Wales,1915,22
Wales,1916,22
Wales,1917,22
Wales,1918,22
Wales,1919,22
Wales,1920,23
Wales,1921,24
Wales,1922,25
Wales,1923,25
Wales,1924,28
Wales,1925,28
Wales,1926,29
Wales,1927,30
Wales,1928,31
Wales,1929,31
Wales,1930,31
Wales,1931,32
Wales,1932,34
Wales,1933,36
Wales,1934,36
Wales,1935,37
Wales,1936,40
Wales,1937,42
Wales,1938,43
Wales,1939,44
Wales,1940,44
Wales,1941,44
Wales,1942,44
Wales,1943,44
Wales,1944,44
Wales,1945,45
Wales,1946,46
Wales,1947,47
Wales,1948,48
Wales,1949,50
Wales,1950,50
Wales,1951,54
Wales,1952,55
Wales,1953,56
Wales,1954,56
Wales,1955,58
Wales,1956,58
Wales,1957,60
Wales,1958,63
Wales,1959,63
Wales,1960,66
Wales,1961,67
Wales,1962,68
Wales,1963,69
Wales,1964,70
Wales,1965,74
Wales,1966,74
Wales,1967,74
Wales,1968,75
Wales,1969,75
Wales,1970,76
Wales,1971,78
Wales,1972,78
Wales,1973,79
Wales,1974,82
Wales,1975,85
Wales,1976,86
Wales,1977,88
Wales,1978,92
Wales,1979,95
Wales,1980,99
Wales,1981,102
Wales,1982,105
Wales,1983,108
Wales,1984,110
Wales,1985,112
Wales,1986,115
Wales,1987,117
Wales,1988,119
Wales,1989,119
Wales,1990,122
Wales,1991,126
Wales,1992,130
Wales,1993,133
Wales,1994,135
Wales,1995,136
Wales,1996,138
Wales,1997,139
Wales,1998,142
Wales,1999,143
Wales,2000,144
Wales,2001,145
Wales,2002,149
Wales,2003,150
Wales,2004,153
Wales,2005,156
Wales,2006,160
Wales,2007,164
Wales,2008,170
Wales,2009,174
Wales,2010,175
Wales,2011,180
Wales,2012,181
Wales,2013,184
Wales,2014,187
Wales,2015,191
Wales,2016,196
Wales,2017,199
Wales,2018,202
Wales,2019,208
Wales,2020,213
Wales,2021,219
Wales,2022,221
Wales,2023,225
Wales,2024,229
Wales,2025,234
Wales,2026,235
Wallis Islands and Futuna,1873,0
Wallis Islands and Futuna,1874,0
Wallis Islands and Futuna,1875,0
Wallis Islands and Futuna,1876,0
Wallis Islands and Futuna,1877,0
Wallis Islands and Futuna,1878,0
Wallis Islands and Futuna,1879,0
Wallis Islands and Futuna,1880,0
Wallis Islands and Futuna,1881,0
Wallis Islands and Futuna,1882,0
Wallis Islands and Futuna,1883,0
Wallis Islands and Futuna,1884,0
Wallis Islands and Futuna,1885,0
Wallis Islands and Futuna,1886,0
Wallis Islands and Futuna,1887,0
Wallis Islands and Futuna,1888,0
Wallis Islands and Futuna,1889,0
Wallis Islands and Futuna,1890,0
Wallis Islands and Futuna,1891,0
Wallis Islands and Futuna,1892,0
Wallis Islands and Futuna,1893,0
Wallis Islands and Futuna,1894,0
Wallis Islands and Futuna,1895,0
Wallis Islands and Futuna,1896,0
Wallis Islands and Futuna,1897,0
Wallis Islands and Futuna,1898,0
Wallis Islands and Futuna,1899,0
Wallis Islands and Futuna,1900,0
Wallis Islands and Futuna,1901,0
Wallis Islands and Futuna,1902,0
Wallis Islands and Futuna,1903,0
Wallis Islands and Futuna,1904,0
Wallis Islands and Futuna,1905,0
Wallis Islands and Futuna,1906,0
Wallis Islands and Futuna,1907,0
Wallis Islands and Futuna,1908,0
Wallis Islands and Futuna,1909,0
Wallis Islands and Futuna,1910,0
Wallis Islands and Futuna,1911,0
Wallis Islands and Futuna,1912,0
Wallis Islands and Futuna,1913,0
Wallis Islands and Futuna,1914,0
Wallis Islands and Futuna,1915,0
Wallis Islands and Futuna,1916,0
Wallis Islands and Futuna,1917,0
Wallis Islands and Futuna,1918,0
Wallis Islands and Futuna,1919,0
Wallis Islands and Futuna,1920,0
Wallis Islands and Futuna,1921,0
Wallis Islands and Futuna,1922,0
Wallis Islands and Futuna,1923,0
Wallis Islands and Futuna,1924,0
Wallis Islands and Futuna,1925,0
Wallis Islands and Futuna,1926,0
Wallis Islands and Futuna,1927,0
Wallis Islands and Futuna,1928,0
Wallis Islands and Futuna,1929,0
Wallis Islands and Futuna,1930,0
Wallis Islands and Futuna,1931,0
Wallis Islands and Futuna,1932,0
Wallis Islands and Futuna,1933,0
Wallis Islands and Futuna,1934,0
Wallis Islands and Futuna,1935,0
Wallis Islands and Futuna,1936,0
Wallis Islands and Futuna,1937,0
Wallis Islands and Futuna,1938,0
Wallis Islands and Futuna,1939,0
Wallis Islands and Futuna,1940,0
Wallis Islands and Futuna,1941,0
Wallis Islands and Futuna,1942,0
Wallis Islands and Futuna,1943,0
Wallis Islands and Futuna,1944,0
Wallis Islands and Futuna,1945,0
Wallis Islands and Futuna,1946,0
Wallis Islands and Futuna,1947,0
Wallis Islands and Futuna,1948,0
Wallis Islands and Futuna,1949,0
Wallis Islands and Futuna,1950,0
Wallis Islands and Futuna,1951,0
Wallis Islands and Futuna,1952,0
Wallis Islands and Futuna,1953,0
Wallis Islands and Futuna,1954,0
Wallis Islands and Futuna,1955,0
Wallis Islands and Futuna,1956,0
Wallis Islands and Futuna,1957,0
Wallis Islands and Futuna,1958,0
Wallis Islands and Futuna,1959,0
Wallis Islands and Futuna,1960,0
Wallis Islands and Futuna,1961,0
Wallis Islands and Futuna,1962,0
Wallis Islands and Futuna,1963,0
Wallis Islands and Futuna,1964,0
Wallis Islands and Futuna,1965,0
Wallis Islands and Futuna,1966,0
Wallis Islands and Futuna,1967,0
Wallis Islands and Futuna,1968,0
Wallis Islands and Futuna,1969,0
Wallis Islands and Futuna,1970,0
Wallis Islands and Futuna,1971,0
Wallis Islands and Futuna,1972,0
Wallis Islands and Futuna,1973,0
Wallis Islands and Futuna,1974,0
Wallis Islands and Futuna,1975,0
Wallis Islands and Futuna,1976,0
Wallis Islands and Futuna,1977,0
Wallis Islands and Futuna,1978,0
Wallis Islands and Futuna,1979,1
Wallis Islands and Futuna,1980,1
Wallis Islands and Futuna,1981,1
Wallis Islands and Futuna,1982,1
Wallis Islands and Futuna,1983,3
Wallis Islands and Futuna,1984,3
Wallis Islands and Futuna,1985,3
Wallis Islands and Futuna,1986,3
Wallis Islands and Futuna,1987,4
Wallis Islands and Futuna,1988,4
Wallis Islands and Futuna,1989,4
Wallis Islands and Futuna,1990,4
Wallis Islands and Futuna,1991,5
Wallis Islands and Futuna,1992,5
Wallis Islands and Futuna,1993,5
Wallis Islands and Futuna,1994,5
Wallis Islands and Futuna,1995,5
Wallis Islands and Futuna,1996,5
Wallis Islands and Futuna,1997,5
Wallis Islands and Futuna,1998,5
Wallis Islands and Futuna,1999,5
Wallis Islands and Futuna,2000,5
Wallis Islands and Futuna,2001,5
Wallis Islands and Futuna,2002,5
Wallis Islands and Futuna,2003,5
Wallis Islands and Futuna,2004,5
Wallis Islands and Futuna,2005,5
Wallis Islands and Futuna,2006,5
Wallis Islands and Futuna,2007,5
Wallis Islands and Futuna,2008,5
Wallis Islands and Futuna,2009,5
Wallis Islands and Futuna,2010,5
Wallis Islands and Futuna,2011,5
Wallis Islands and Futuna,2012,5
Wallis Islands and Futuna,2013,5
Wallis Islands and Futuna,2014,5
Wallis Islands and Futuna,2015,5
Wallis Islands and Futuna,2016,5
Wallis Islands and Futuna,2017,5
Wallis Islands and Futuna,2018,5
Wallis Islands and Futuna,2019,5
Wallis Islands and Futuna,2020,5
Wallis Islands and Futuna,2021,5
Wallis Islands and Futuna,2022,5
Wallis Islands and Futuna,2023,5
Wallis Islands and Futuna,2024,5
Wallis Islands and Futuna,2025,5
Wallis Islands and Futuna,2026,5
Western Armenia,1873,0
Western Armenia,1874,0
Western Armenia,1875,0
Western Armenia,1876,0
Western Armenia,1877,0
Western Armenia,1878,0
Western Armenia,1879,0
Western Armenia,1880,0
Western Armenia,1881,0
Western Armenia,1882,0
Western Armenia,1883,0
Western Armenia,1884,0
Western Armenia,1885,0
Western Armenia,1886,0
Western Armenia,1887,0
Western Armenia,1888,0
Western Armenia,1889,0
Western Armenia,1890,0
Western Armenia,1891,0
Western Armenia,1892,0
Western Armenia,1893,0
Western Armenia,1894,0
Western Armenia,1895,0
Western Armenia,1896,0
Western Armenia,1897,0
Western Armenia,1898,0
Western Armenia,1899,0
Western Armenia,1900,0
Western Armenia,1901,0
Western Armenia,1902,0
Western Armenia,1903,0
Western Armenia,1904,0
Western Armenia,1905,0
Western Armenia,1906,0
Western Armenia,1907,0
Western Armenia,1908,0
Western Armenia,1909,0
Western Armenia,1910,0
Western Armenia,1911,0
Western Armenia,1912,0
Western Armenia,1913,0
Western Armenia,1914,0
Western Armenia,1915,0
Western Armenia,1916,0
Western Armenia,1917,0
Western Armenia,1918,0
Western Armenia,1919,0
Western Armenia,1920,0
Western Armenia,1921,0
Western Armenia,1922,0
Western Armenia,1923,0
Western Armenia,1924,0
Western Armenia,1925,0
Western Armenia,1926,0
Western Armenia,1927,0
Western Armenia,1928,0
Western Armenia,1929,0
Western Armenia,1930,0
Western Armenia,1931,0
Western Armenia,1932,0
Western Armenia,1933,0
Western Armenia,1934,0
Western Armenia,1935,0
Western Armenia,1936,0
Western Armenia,1937,0
Western Armenia,1938,0
Western Armenia,1939,0
Western Armenia,1940,0
Western Armenia,1941,0
Western Armenia,1942,0
Western Armenia,1943,0
Western Armenia,1944,0
Western Armenia,1945,0
Western Armenia,1946,0
Western Armenia,1947,0
Western Armenia,1948,0
Western Armenia,1949,0
Western Armenia,1950,0
Western Armenia,1951,0
Western Armenia,1952,0
Western Armenia,1953,0
Western Armenia,1954,0
Western Armenia,1955,0
Western Armenia,1956,0
Western Armenia,1957,0
Western Armenia,1958,0
Western Armenia,1959,0
Western Armenia,1960,0
Western Armenia,1961,0
Western Armenia,1962,0
Western Armenia,1963,0
Western Armenia,1964,0
Western Armenia,1965,0
Western Armenia,1966,0
Western Armenia,1967,0
Western Armenia,1968,0
Western Armenia,1969,0
Western Armenia,1970,0
Western Armenia,1971,0
Western Armenia,1972,0
Western Armenia,1973,0
Western Armenia,1974,0
Western Armenia,1975,0
Western Armenia,1976,0
Western Armenia,1977,0
Western Armenia,1978,0
Western Armenia,1979,0
Western Armenia,1980,0
Western Armenia,1981,0
Western Armenia,1982,0
Western Armenia,1983,0
Western Armenia,1984,0
Western Armenia,1985,0
Western Armenia,1986,0
Western Armenia,1987,0
Western Armenia,1988,0
Western Armenia,1989,0
Western Armenia,1990,0
Western Armenia,1991,0
Western Armenia,1992,0
Western Armenia,1993,0
Western Armenia,1994,0
Western Armenia,1995,0
Western Armenia,1996,0
Western Armenia,1997,0
Western Armenia,1998,0
Western Armenia,1999,0
Western Armenia,2000,0
Western Armenia,2001,0
Western Armenia,2002,0
Western Armenia,2003,0
Western Armenia,2004,0
Western Armenia,2005,0
Western Armenia,2006,0
Western Armenia,2007,0
Western Armenia,2008,0
Western Armenia,2009,0
Western Armenia,2010,0
Western Armenia,2011,0
Western Armenia,2012,0
Western Armenia,2013,0
Western Armenia,2014,0
Western Armenia,2015,0
Western Armenia,2016,1
Western Armenia,2017,1
Western Armenia,2018,4
Western Armenia,2019,5
Western Armenia,2020,5
Western Armenia,2021,5
Western Armenia,2022,5
Western Armenia,2023,5
Western Armenia,2024,5
Western Armenia,2025,5
Western Armenia,2026,5
Western Australia,1873,0
Western Australia,1874,0
Western Australia,1875,0
Western Australia,1876,0
Western Australia,1877,0
Western Australia,1878,0
Western Australia,1879,0
Western Australia,1880,0
Western Australia,1881,0
Western Australia,1882,0
Western Australia,1883,0
Western Australia,1884,0
Western Australia,1885,0
Western Australia,1886,0
Western Australia,1887,0
Western Australia,1888,0
Western Australia,1889,0
Western Australia,1890,0
Western Australia,1891,0
Western Australia,1892,0
Western Australia,1893,0
Western Australia,1894,0
Western Australia,1895,0
Western Australia,1896,0
Western Australia,1897,0
Western Australia,1898,0
Western Australia,1899,0
Western Australia,1900,0
Western Australia,1901,0
Western Australia,1902,0
Western Australia,1903,0
Western Australia,1904,0
Western Australia,1905,0
Western Australia,1906,0
Western Australia,1907,0
Western Australia,1908,0
Western Australia,1909,0
Western Australia,1910,0
Western Australia,1911,0
Western Australia,1912,0
Western Australia,1913,0
Western Australia,1914,0
Western Australia,1915,0
Western Australia,1916,0
Western Australia,1917,0
Western Australia,1918,0
Western Australia,1919,0
Western Australia,1920,0
Western Australia,1921,0
Western Australia,1922,0
Western Australia,1923,0
Western Australia,1924,0
Western Australia,1925,0
Western Australia,1926,0
Western Australia,1927,0
Western Australia,1928,0
Western Australia,1929,0
Western Australia,1930,0
Western Australia,1931,0
Western Australia,1932,0
Western Australia,1933,0
Western Australia,1934,0
Western Australia,1935,0
Western Australia,1936,0
Western Australia,1937,0
Western Australia,1938,0
Western Australia,1939,0
Western Australia,1940,0
Western Australia,1941,0
Western Australia,1942,0
Western Australia,1943,0
Western Australia,1944,0
Western Australia,1945,0
Western Australia,1946,0
Western Australia,1947,0
Western Australia,1948,0
Western Australia,1949,0
Western Australia,1950,0
Western Australia,1951,0
Western Australia,1952,0
Western Australia,1953,0
Western Australia,1954,0
Western Australia,1955,0
Western Australia,1956,0
Western Australia,1957,0
Western Australia,1958,0
Western Australia,1959,0
Western Australia,1960,0
Western Australia,1961,0
Western Australia,1962,0
Western Australia,1963,0
Western Australia,1964,0
Western Australia,1965,0
Western Australia,1966,0
Western Australia,1967,2
Western Australia,1968,6
Western Australia,1969,8
Western Australia,1970,10
Western Australia,1971,10
Western Australia,1972,10
Western Australia,1973,10
Western Australia,1974,10
Western Australia,1975,10
Western Australia,1976,10
Western Australia,1977,10
Western Australia,1978,10
Western Australia,1979,10
Western Australia,1980,11
Western Australia,1981,11
Western Australia,1982,11
Western Australia,1983,11
Western Australia,1984,11
Western Australia,1985,11
Western Australia,1986,11
Western Australia,1987,11
Western Australia,1988,11
Western Australia,1989,11
Western Australia,1990,11
Western Australia,1991,11
Western Australia,1992,11
Western Australia,1993,11
Western Australia,1994,11
Western Australia,1995,11
Western Australia,1996,11
Western Australia,1997,11
Western Australia,1998,11
Western Australia,1999,11
Western Australia,2000,11
Western Australia,2001,11
Western Australia,2002,11
Western Australia,2003,11
Western Australia,2004,11
Western Australia,2005,11
Western Australia,2006,11
Western Australia,2007,11
Western Australia,2008,11
Western Australia,2009,11
Western Australia,2010,11
Western Australia,2011,11
Western Australia,2012,11
Western Australia,2013,11
Western Australia,2014,11
Western Australia,2015,11
Western Australia,2016,11
Western Australia,2017,11
Western Australia,2018,11
Western Australia,2019,11
Western Australia,2020,11
Western Australia,2021,11
Western Australia,2022,11
Western Australia,2023,11
Western Australia,2024,11
Western Australia,2025,11
Western Australia,2026,11
Western Isles,1873,0
Western Isles,1874,0
Western Isles,1875,0
Western Isles,1876,0
Western Isles,1877,0
Western Isles,1878,0
Western Isles,1879,0
Western Isles,1880,0
Western Isles,1881,0
Western Isles,1882,0
Western Isles,1883,0
Western Isles,1884,0
Western Isles,1885,0
Western Isles,1886,0
Western Isles,1887,0
Western Isles,1888,0
Western Isles,1889,0
Western Isles,1890,0
Western Isles,1891,0
Western Isles,1892,0
Western Isles,1893,0
Western Isles,1894,0
Western Isles,1895,0
Western Isles,1896,0
Western Isles,1897,0
Western Isles,1898,0
Western Isles,1899,0
Western Isles,1900,0
Western Isles,1901,0
Western Isles,1902,0
Western Isles,1903,0
Western Isles,1904,0
Western Isles,1905,0
Western Isles,1906,0
Western Isles,1907,0
Western Isles,1908,0
Western Isles,1909,0
Western Isles,1910,0
Western Isles,1911,0
Western Isles,1912,0
Western Isles,1913,0
Western Isles,1914,0
Western Isles,1915,0
Western Isles,1916,0
Western Isles,1917,0
Western Isles,1918,0
Western Isles,1919,0
Western Isles,1920,0
Western Isles,1921,0
Western Isles,1922,0
Western Isles,1923,0
Western Isles,1924,0
Western Isles,1925,0
Western Isles,1926,0
Western Isles,1927,0
Western Isles,1928,0
Western Isles,1929,0
Western Isles,1930,0
Western Isles,1931,0
Western Isles,1932,0
Western Isles,1933,0
Western Isles,1934,0
Western Isles,1935,0
Western Isles,1936,0
Western Isles,1937,0
Western Isles,1938,0
Western Isles,1939,0
Western Isles,1940,0
Western Isles,1941,0
Western Isles,1942,0
Western Isles,1943,0
Western Isles,1944,0
Western Isles,1945,0
Western Isles,1946,0
Western Isles,1947,0
Western Isles,1948,0
Western Isles,1949,0
Western Isles,1950,0
Western Isles,1951,0
Western Isles,1952,0
Western Isles,1953,0
Western Isles,1954,0
Western Isles,1955,0
Western Isles,1956,0
Western Isles,1957,0
Western Isles,1958,0
Western Isles,1959,0
Western Isles,1960,0
Western Isles,1961,0
Western Isles,1962,0
Western Isles,1963,0
Western Isles,1964,0
Western Isles,1965,0
Western Isles,1966,0
Western Isles,1967,0
Western Isles,1968,0
Western Isles,1969,0
Western Isles,1970,0
Western Isles,1971,0
Western Isles,1972,0
Western Isles,1973,0
Western Isles,1974,0
Western Isles,1975,0
Western Isles,1976,0
Western Isles,1977,0
Western Isles,1978,0
Western Isles,1979,0
Western Isles,1980,0
Western Isles,1981,0
Western Isles,1982,0
Western Isles,1983,0
Western Isles,1984,0
Western Isles,1985,0
Western Isles,1986,0
Western Isles,1987,0
Western Isles,1988,0
Western Isles,1989,0
Western Isles,1990,0
Western Isles,1991,0
Western Isles,1992,0
Western Isles,1993,0
Western Isles,1994,0
Western Isles,1995,0
Western Isles,1996,0
Western Isles,1997,0
Western Isles,1998,0
Western Isles,1999,0
Western Isles,2000,0
Western Isles,2001,0
Western Isles,2002,0
Western Isles,2003,0
Western Isles,2004,0
Western Isles,2005,2
Western Isles,2006,2
Western Isles,2007,5
Western Isles,2008,5
Western Isles,2009,7
Western Isles,2010,7
Western Isles,2011,7
Western Isles,2012,7
Western Isles,2013,7
Western Isles,2014,7
Western Isles,2015,9
Western Isles,2016,9
Western Isles,2017,10
Western Isles,2018,10
Western Isles,2019,11
Western Isles,2020,11
Western Isles,2021,11
Western Isles,2022,11
Western Isles,2023,13
Western Isles,2024,13
Western Isles,2025,13
Western Isles,2026,13
Western Sahara,1873,0
Western Sahara,1874,0
Western Sahara,1875,0
Western Sahara,1876,0
Western Sahara,1877,0
Western Sahara,1878,0
Western Sahara,1879,0
Western Sahara,1880,0
Western Sahara,1881,0
Western Sahara,1882,0
Western Sahara,1883,0
Western Sahara,1884,0
Western Sahara,1885,0
Western Sahara,1886,0
Western Sahara,1887,0
Western Sahara,1888,0
Western Sahara,1889,0
Western Sahara,1890,0
Western Sahara,1891,0
Western Sahara,1892,0
Western Sahara,1893,0
Western Sahara,1894,0
Western Sahara,1895,0
Western Sahara,1896,0
Western Sahara,1897,0
Western Sahara,1898,0
Western Sahara,1899,0
Western Sahara,1900,0
Western Sahara,1901,0
Western Sahara,1902,0
Western Sahara,1903,0
Western Sahara,1904,0
Western Sahara,1905,0
Western Sahara,1906,0
Western Sahara,1907,0
Western Sahara,1908,0
Western Sahara,1909,0
Western Sahara,1910,0
Western Sahara,1911,0
Western Sahara,1912,0
Western Sahara,1913,0
Western Sahara,1914,0
Western Sahara,1915,0
Western Sahara,1916,0
Western Sahara,1917,0
Western Sahara,1918,0
Western Sahara,1919,0
Western Sahara,1920,0
Western Sahara,1921,0
Western Sahara,1922,0
Western Sahara,1923,0
Western Sahara,1924,0
Western Sahara,1925,0
Western Sahara,1926,0
Western Sahara,1927,0
Western Sahara,1928,0
Western Sahara,1929,0
Western Sahara,1930,0
Western Sahara,1931,0
Western Sahara,1932,0
Western Sahara,1933,0
Western Sahara,1934,0
Western Sahara,1935,0
Western Sahara,1936,0
Western Sahara,1937,0
Western Sahara,1938,0
Western Sahara,1939,0
Western Sahara,1940,0
Western Sahara,1941,0
Western Sahara,1942,0
Western Sahara,1943,0
Western Sahara,1944,0
Western Sahara,1945,0
Western Sahara,1946,0
Western Sahara,1947,0
Western Sahara,1948,0
Western Sahara,1949,0
Western Sahara,1950,0
Western Sahara,1951,0
Western Sahara,1952,0
Western Sahara,1953,0
Western Sahara,1954,0
Western Sahara,1955,0
Western Sahara,1956,0
Western Sahara,1957,0
Western Sahara,1958,0
Western Sahara,1959,0
Western Sahara,1960,0
Western Sahara,1961,0
Western Sahara,1962,0
Western Sahara,1963,0
Western Sahara,1964,0
Western Sahara,1965,0
Western Sahara,1966,0
Western Sahara,1967,0
Western Sahara,1968,0
Western Sahara,1969,0
Western Sahara,1970,0
Western Sahara,1971,0
Western Sahara,1972,0
Western Sahara,1973,0
Western Sahara,1974,0
Western Sahara,1975,0
Western Sahara,1976,0
Western Sahara,1977,0
Western Sahara,1978,0
Western Sahara,1979,0
Western Sahara,1980,0
Western Sahara,1981,0
Western Sahara,1982,0
Western Sahara,1983,0
Western Sahara,1984,0
Western Sahara,1985,0
Western Sahara,1986,0
Western Sahara,1987,0
Western Sahara,1988,0
Western Sahara,1989,0
Western Sahara,1990,0
Western Sahara,1991,0
Western Sahara,1992,0
Western Sahara,1993,0
Western Sahara,1994,0
Western Sahara,1995,0
Western Sahara,1996,0
Western Sahara,1997,0
Western Sahara,1998,0
Western Sahara,1999,0
Western Sahara,2000,0
Western Sahara,2001,0
Western Sahara,2002,0
Western Sahara,2003,0
Western Sahara,2004,0
Western Sahara,2005,0
Western Sahara,2006,0
Western Sahara,2007,0
Western Sahara,2008,0
Western Sahara,2009,0
Western Sahara,2010,0
Western Sahara,2011,0
Western Sahara,2012,2
Western Sahara,2013,2
Western Sahara,2014,2
Western Sahara,2015,2
Western Sahara,2016,2
Western Sahara,2017,2
Western Sahara,2018,2
Western Sahara,2019,2
Western Sahara,2020,2
Western Sahara,2021,2
Western Sahara,2022,2
Western Sahara,2023,2
Western Sahara,2024,2
Western Sahara,2025,2
Western Sahara,2026,2
Yemen,1873,0
Yemen,1874,0
Yemen,1875,0
Yemen,1876,0
Yemen,1877,0
Yemen,1878,0
Yemen,1879,0
Yemen,1880,0
Yemen,1881,0
Yemen,1882,0
Yemen,1883,0
Yemen,1884,0
Yemen,1885,0
Yemen,1886,0
Yemen,1887,0
Yemen,1888,0
Yemen,1889,0
Yemen,1890,0
Yemen,1891,0
Yemen,1892,0
Yemen,1893,0
Yemen,1894,0
Yemen,1895,0
Yemen,1896,0
Yemen,1897,0
Yemen,1898,0
Yemen,1899,0
Yemen,1900,0
Yemen,1901,0
Yemen,1902,0
Yemen,1903,0
Yemen,1904,0
Yemen,1905,0
Yemen,1906,0
Yemen,1907,0
Yemen,1908,0
Yemen,1909,0
Yemen,1910,0
Yemen,1911,0
Yemen,1912,0
Yemen,1913,0
Yemen,1914,0
Yemen,1915,0
Yemen,1916,0
Yemen,1917,0
Yemen,1918,0
Yemen,1919,0
Yemen,1920,0
Yemen,1921,0
Yemen,1922,0
Yemen,1923,0
Yemen,1924,0
Yemen,1925,0
Yemen,1926,0
Yemen,1927,0
Yemen,1928,0
Yemen,1929,0
Yemen,1930,0
Yemen,1931,0
Yemen,1932,0
Yemen,1933,0
Yemen,1934,0
Yemen,1935,0
Yemen,1936,0
Yemen,1937,0
Yemen,1938,0
Yemen,1939,0
Yemen,1940,0
Yemen,1941,0
Yemen,1942,0
Yemen,1943,0
Yemen,1944,0
Yemen,1945,0
Yemen,1946,0
Yemen,1947,0
Yemen,1948,0
Yemen,1949,0
Yemen,1950,0
Yemen,1951,0
Yemen,1952,0
Yemen,1953,0
Yemen,1954,0
Yemen,1955,0
Yemen,1956,0
Yemen,1957,0
Yemen,1958,0
Yemen,1959,0
Yemen,1960,0
Yemen,1961,0
Yemen,1962,0
Yemen,1963,0
Yemen,1964,0
Yemen,1965,0
Yemen,1966,0
Yemen,1967,0
Yemen,1968,0
Yemen,1969,0
Yemen,1970,0
Yemen,1971,0
Yemen,1972,0
Yemen,1973,0
Yemen,1974,0
Yemen,1975,0
Yemen,1976,0
Yemen,1977,0
Yemen,1978,0
Yemen,1979,0
Yemen,1980,0
Yemen,1981,0
Yemen,1982,0
Yemen,1983,0
Yemen,1984,0
Yemen,1985,0
Yemen,1986,0
Yemen,1987,0
Yemen,1988,1
Yemen,1989,1
Yemen,1990,2
Yemen,1991,2
Yemen,1992,2
Yemen,1993,5
Yemen,1994,7
Yemen,1995,7
Yemen,1996,8
Yemen,1997,10
Yemen,1998,10
Yemen,1999,10
Yemen,2000,12
Yemen,2001,15
Yemen,2002,15
Yemen,2003,18
Yemen,2004,20
Yemen,2005,20
Yemen,2006,24
Yemen,2007,26
Yemen,2008,27
Yemen,2009,30
Yemen,2010,36
Yemen,2011,36
Yemen,2012,37
Yemen,2013,37
Yemen,2014,38
Yemen,2015,40
Yemen,2016,42
Yemen,2017,43
Yemen,2018,44
Yemen,2019,46
Yemen,2020,46
Yemen,2021,46
Yemen,2022,46
Yemen,2023,48
Yemen,2024,50
Yemen,2025,53
Yemen,2026,54
Yemen DPR,1873,0
Yemen DPR,1874,0
Yemen DPR,1875,0
Yemen DPR,1876,0
Yemen DPR,1877,0
Yemen DPR,1878,0
Yemen DPR,1879,0
Yemen DPR,1880,0
Yemen DPR,1881,0
Yemen DPR,1882,0
Yemen DPR,1883,0
Yemen DPR,1884,0
Yemen DPR,1885,0
Yemen DPR,1886,0
Yemen DPR,1887,0
Yemen DPR,1888,0
Yemen DPR,1889,0
Yemen DPR,1890,0
Yemen DPR,1891,0
Yemen DPR,1892,0
Yemen DPR,1893,0
Yemen DPR,1894,0
Yemen DPR,1895,0
Yemen DPR,1896,0
Yemen DPR,1897,0
Yemen DPR,1898,0
Yemen DPR,1899,0
Yemen DPR,1900,0
Yemen DPR,1901,0
Yemen DPR,1902,0
Yemen DPR,1903,0
Yemen DPR,1904,0
Yemen DPR,1905,0
Yemen DPR,1906,0
Yemen DPR,1907,0
Yemen DPR,1908,0
Yemen DPR,1909,0
Yemen DPR,1910,0
Yemen DPR,1911,0
Yemen DPR,1912,0
Yemen DPR,1913,0
Yemen DPR,1914,0
Yemen DPR,1915,0
Yemen DPR,1916,0
Yemen DPR,1917,0
Yemen DPR,1918,0
Yemen DPR,1919,0
Yemen DPR,1920,0
Yemen DPR,1921,0
Yemen DPR,1922,0
Yemen DPR,1923,0
Yemen DPR,1924,0
Yemen DPR,1925,0
Yemen DPR,1926,0
Yemen DPR,1927,0
Yemen DPR,1928,0
Yemen DPR,1929,0
Yemen DPR,1930,0
Yemen DPR,1931,0
Yemen DPR,1932,0
Yemen DPR,1933,0
Yemen DPR,1934,0
Yemen DPR,1935,0
Yemen DPR,1936,0
Yemen DPR,1937,0
Yemen DPR,1938,0
Yemen DPR,1939,0
Yemen DPR,1940,0
Yemen DPR,1941,0
Yemen DPR,1942,0
Yemen DPR,1943,0
Yemen DPR,1944,0
Yemen DPR,1945,0
Yemen DPR,1946,0
Yemen DPR,1947,0
Yemen DPR,1948,0
Yemen DPR,1949,0
Yemen DPR,1950,0
Yemen DPR,1951,0
Yemen DPR,1952,0
Yemen DPR,1953,0
Yemen DPR,1954,0
Yemen DPR,1955,0
Yemen DPR,1956,0
Yemen DPR,1957,0
Yemen DPR,1958,0
Yemen DPR,1959,0
Yemen DPR,1960,0
Yemen DPR,1961,0
Yemen DPR,1962,0
Yemen DPR,1963,0
Yemen DPR,1964,0
Yemen DPR,1965,0
Yemen DPR,1966,0
Yemen DPR,1967,0
Yemen DPR,1968,0
Yemen DPR,1969,0
Yemen DPR,1970,0
Yemen DPR,1971,0
Yemen DPR,1972,2
Yemen DPR,1973,2
Yemen DPR,1974,3
Yemen DPR,1975,4
Yemen DPR,1976,4
Yemen DPR,1977,4
Yemen DPR,1978,4
Yemen DPR,1979,4
Yemen DPR,1980,4
Yemen DPR,1981,4
Yemen DPR,1982,4
Yemen DPR,1983,4
Yemen DPR,1984,4
Yemen DPR,1985,4
Yemen DPR,1986,4
Yemen DPR,1987,4
Yemen DPR,1988,4
Yemen DPR,1989,5
Yemen DPR,1990,5
Yemen DPR,1991,5
Yemen DPR,1992,5
Yemen DPR,1993,5
Yemen DPR,1994,5
Yemen DPR,1995,5
Yemen DPR,1996,5
Yemen DPR,1997,5
Yemen DPR,1998,5
Yemen DPR,1999,5
Yemen DPR,2000,5
Yemen DPR,2001,5
Yemen DPR,2002,5
Yemen DPR,2003,5
Yemen DPR,2004,5
Yemen DPR,2005,5
Yemen DPR,2006,5
Yemen DPR,2007,5
Yemen DPR,2008,5
Yemen DPR,2009,5
Yemen DPR,2010,5
Yemen DPR,2011,5
Yemen DPR,2012,5
Yemen DPR,2013,5
Yemen DPR,2014,5
Yemen DPR,2015,5
Yemen DPR,2016,5
Yemen DPR,2017,5
Yemen DPR,2018,5
Yemen DPR,2019,5
Yemen DPR,2020,5
Yemen DPR,2021,5
Yemen DPR,2022,5
Yemen DPR,2023,5
Yemen DPR,2024,5
Yemen DPR,2025,5
Yemen DPR,2026,5
Ynys Môn,1873,0
Ynys Môn,1874,0
Ynys Môn,1875,0
Ynys Môn,1876,0
Ynys Môn,1877,0
Ynys Môn,1878,0
Ynys Môn,1879,0
Ynys Môn,1880,0
Ynys Môn,1881,0
Ynys Môn,1882,0
Ynys Môn,1883,0
Ynys Môn,1884,0
Ynys Môn,1885,0
Ynys Môn,1886,0
Ynys Môn,1887,0
Ynys Môn,1888,0
Ynys Môn,1889,0
Ynys Môn,1890,0
Ynys Môn,1891,0
Ynys Môn,1892,0
Ynys Môn,1893,0
Ynys Môn,1894,0
Ynys Môn,1895,0
Ynys Môn,1896,0
Ynys Môn,1897,0
Ynys Môn,1898,0
Ynys Môn,1899,0
Ynys Môn,1900,0
Ynys Môn,1901,0
Ynys Môn,1902,0
Ynys Môn,1903,0
Ynys Môn,1904,0
Ynys Môn,1905,0
Ynys Môn,1906,0
Ynys Môn,1907,0
Ynys Môn,1908,0
Ynys Môn,1909,0
Ynys Môn,1910,0
Ynys Môn,1911,0
Ynys Môn,1912,0
Ynys Môn,1913,0
Ynys Môn,1914,0
Ynys Môn,1915,0
Ynys Môn,1916,0
Ynys Môn,1917,0
Ynys Môn,1918,0
Ynys Môn,1919,0
Ynys Môn,1920,0
Ynys Môn,1921,0
Ynys Môn,1922,0
Ynys Môn,1923,0
Ynys Môn,1924,0
Ynys Môn,1925,0
Ynys Môn,1926,0
Ynys Môn,1927,0
Ynys Môn,1928,0
Ynys Môn,1929,0
Ynys Môn,1930,0
Ynys Môn,1931,0
Ynys Môn,1932,0
Ynys Môn,1933,0
Ynys Môn,1934,0
Ynys Môn,1935,0
Ynys Môn,1936,0
Ynys Môn,1937,0
Ynys Môn,1938,0
Ynys Môn,1939,0
Ynys Môn,1940,0
Ynys Môn,1941,0
Ynys Môn,1942,0
Ynys Môn,1943,0
Ynys Môn,1944,0
Ynys Môn,1945,0
Ynys Môn,1946,0
Ynys Môn,1947,0
Ynys Môn,1948,0
Ynys Môn,1949,0
Ynys Môn,1950,0
Ynys Môn,1951,0
Ynys Môn,1952,0
Ynys Môn,1953,0
Ynys Môn,1954,0
Ynys Môn,1955,0
Ynys Môn,1956,0
Ynys Môn,1957,0
Ynys Môn,1958,0
Ynys Môn,1959,0
Ynys Môn,1960,0
Ynys Môn,1961,0
Ynys Môn,1962,0
Ynys Môn,1963,0
Ynys Môn,1964,0
Ynys Môn,1965,0
Ynys Môn,1966,0
Ynys Môn,1967,0
Ynys Môn,1968,0
Ynys Môn,1969,0
Ynys Môn,1970,0
Ynys Môn,1971,0
Ynys Môn,1972,0
Ynys Môn,1973,0
Ynys Môn,1974,0
Ynys Môn,1975,0
Ynys Môn,1976,0
Ynys Môn,1977,0
Ynys Môn,1978,0
Ynys Môn,1979,0
Ynys Môn,1980,0
Ynys Môn,1981,0
Ynys Môn,1982,0
Ynys Môn,1983,0
Ynys Môn,1984,0
Ynys Môn,1985,0
Ynys Môn,1986,0
Ynys Môn,1987,0
Ynys Môn,1988,0
Ynys Môn,1989,3
Ynys Môn,1990,3
Ynys Môn,1991,6
Ynys Môn,1992,6
Ynys Môn,1993,7
Ynys Môn,1994,7
Ynys Môn,1995,9
Ynys Môn,1996,9
Ynys Môn,1997,11
Ynys Môn,1998,11
Ynys Môn,1999,13
Ynys Môn,2000,13
Ynys Môn,2001,14
Ynys Môn,2002,14
Ynys Môn,2003,16
Ynys Môn,2004,16
Ynys Môn,2005,18
Ynys Môn,2006,18
Ynys Môn,2007,19
Ynys Môn,2008,19
Ynys Môn,2009,21
Ynys Môn,2010,21
Ynys Môn,2011,23
Ynys Môn,2012,23
Ynys Môn,2013,23
Ynys Môn,2014,23
Ynys Môn,2015,24
Ynys Môn,2016,24
Ynys Môn,2017,26
Ynys Môn,2018,26
Ynys Môn,2019,32
Ynys Môn,2020,32
Ynys Môn,2021,32
Ynys Môn,2022,32
Ynys Môn,2023,35
Ynys Môn,2024,35
Ynys Môn,2025,37
Ynys Môn,2026,37
Yorkshire,1873,0
Yorkshire,1874,0
Yorkshire,1875,0
Yorkshire,1876,0
Yorkshire,1877,0
Yorkshire,1878,0
Yorkshire,1879,0
Yorkshire,1880,0
Yorkshire,1881,0
Yorkshire,1882,0
Yorkshire,1883,0
Yorkshire,1884,0
Yorkshire,1885,0
Yorkshire,1886,0
Yorkshire,1887,0
Yorkshire,1888,0
Yorkshire,1889,0
Yorkshire,1890,0
Yorkshire,1891,0
Yorkshire,1892,0
Yorkshire,1893,0
Yorkshire,1894,0
Yorkshire,1895,0
Yorkshire,1896,0
Yorkshire,1897,0
Yorkshire,1898,0
Yorkshire,1899,0
Yorkshire,1900,0
Yorkshire,1901,0
Yorkshire,1902,0
Yorkshire,1903,0
Yorkshire,1904,0
Yorkshire,1905,0
Yorkshire,1906,0
Yorkshire,1907,0
Yorkshire,1908,0
Yorkshire,1909,0
Yorkshire,1910,0
Yorkshire,1911,0
Yorkshire,1912,0
Yorkshire,1913,0
Yorkshire,1914,0
Yorkshire,1915,0
Yorkshire,1916,0
Yorkshire,1917,0
Yorkshire,1918,0
Yorkshire,1919,0
Yorkshire,1920,0
Yorkshire,1921,0
Yorkshire,1922,0
Yorkshire,1923,0
Yorkshire,1924,0
Yorkshire,1925,0
Yorkshire,1926,0
Yorkshire,1927,0
Yorkshire,1928,0
Yorkshire,1929,0
Yorkshire,1930,0
Yorkshire,1931,0
Yorkshire,1932,0
Yorkshire,1933,0
Yorkshire,1934,0
Yorkshire,1935,0
Yorkshire,1936,0
Yorkshire,1937,0
Yorkshire,1938,0
Yorkshire,1939,0
Yorkshire,1940,0
Yorkshire,1941,0
Yorkshire,1942,0
Yorkshire,1943,0
Yorkshire,1944,0
Yorkshire,1945,0
Yorkshire,1946,0
Yorkshire,1947,0
Yorkshire,1948,0
Yorkshire,1949,0
Yorkshire,1950,0
Yorkshire,1951,0
Yorkshire,1952,0
Yorkshire,1953,0
Yorkshire,1954,0
Yorkshire,1955,0
Yorkshire,1956,0
Yorkshire,1957,0
Yorkshire,1958,0
Yorkshire,1959,0
Yorkshire,1960,0
Yorkshire,1961,0
Yorkshire,1962,0
Yorkshire,1963,0
Yorkshire,1964,0
Yorkshire,1965,0
Yorkshire,1966,0
Yorkshire,1967,0
Yorkshire,1968,0
Yorkshire,1969,0
Yorkshire,1970,0
Yorkshire,1971,0
Yorkshire,1972,0
Yorkshire,1973,0
Yorkshire,1974,0
Yorkshire,1975,0
Yorkshire,1976,0
Yorkshire,1977,0
Yorkshire,1978,0
Yorkshire,1979,0
Yorkshire,1980,0
Yorkshire,1981,0
Yorkshire,1982,0
Yorkshire,1983,0
Yorkshire,1984,0
Yorkshire,1985,0
Yorkshire,1986,0
Yorkshire,1987,0
Yorkshire,1988,0
Yorkshire,1989,0
Yorkshire,1990,0
Yorkshire,1991,0
Yorkshire,1992,0
Yorkshire,1993,0
Yorkshire,1994,0
Yorkshire,1995,0
Yorkshire,1996,0
Yorkshire,1997,0
Yorkshire,1998,0
Yorkshire,1999,0
Yorkshire,2000,0
Yorkshire,2001,0
Yorkshire,2002,0
Yorkshire,2003,0
Yorkshire,2004,0
Yorkshire,2005,0
Yorkshire,2006,0
Yorkshire,2007,0
Yorkshire,2008,0
Yorkshire,2009,0
Yorkshire,2010,0
Yorkshire,2011,0
Yorkshire,2012,0
Yorkshire,2013,0
Yorkshire,2014,0
Yorkshire,2015,0
Yorkshire,2016,0
Yorkshire,2017,0
Yorkshire,2018,3
Yorkshire,2019,5
Yorkshire,2020,5
Yorkshire,2021,5
Yorkshire,2022,5
Yorkshire,2023,5
Yorkshire,2024,5
Yorkshire,2025,5
Yorkshire,2026,5
Yugoslavia,1873,0
Yugoslavia,1874,0
Yugoslavia,1875,0
Yugoslavia,1876,0
Yugoslavia,1877,0
Yugoslavia,1878,0
Yugoslavia,1879,0
Yugoslavia,1880,0
Yugoslavia,1881,0
Yugoslavia,1882,0
Yugoslavia,1883,0
Yugoslavia,1884,0
Yugoslavia,1885,0
Yugoslavia,1886,0
Yugoslavia,1887,0
Yugoslavia,1888,0
Yugoslavia,1889,0
Yugoslavia,1890,0
Yugoslavia,1891,0
Yugoslavia,1892,0
Yugoslavia,1893,0
Yugoslavia,1894,0
Yugoslavia,1895,0
Yugoslavia,1896,0
Yugoslavia,1897,0
Yugoslavia,1898,0
Yugoslavia,1899,0
Yugoslavia,1900,0
Yugoslavia,1901,0
Yugoslavia,1902,0
Yugoslavia,1903,0
Yugoslavia,1904,0
Yugoslavia,1905,0
Yugoslavia,1906,0
Yugoslavia,1907,0
Yugoslavia,1908,0
Yugoslavia,1909,0
Yugoslavia,1910,0
Yugoslavia,1911,0
Yugoslavia,1912,0
Yugoslavia,1913,0
Yugoslavia,1914,0
Yugoslavia,1915,0
Yugoslavia,1916,0
Yugoslavia,1917,0
Yugoslavia,1918,0
Yugoslavia,1919,0
Yugoslavia,1920,0
Yugoslavia,1921,0
Yugoslavia,1922,1
Yugoslavia,1923,3
Yugoslavia,1924,3
Yugoslavia,1925,3
Yugoslavia,1926,4
Yugoslavia,1927,6
Yugoslavia,1928,8
Yugoslavia,1929,10
Yugoslavia,1930,15
Yugoslavia,1931,19
Yugoslavia,1932,22
Yugoslavia,1933,25
Yugoslavia,1934,29
Yugoslavia,1935,33
Yugoslavia,1936,34
Yugoslavia,1937,35
Yugoslavia,1938,37
Yugoslavia,1939,38
Yugoslavia,1940,40
Yugoslavia,1941,40
Yugoslavia,1942,40
Yugoslavia,1943,40
Yugoslavia,1944,40
Yugoslavia,1945,40
Yugoslavia,1946,42
Yugoslavia,1947,46
Yugoslavia,1948,48
Yugoslavia,1949,52
Yugoslavia,1950,59
Yugoslavia,1951,62
Yugoslavia,1952,65
Yugoslavia,1953,71
Yugoslavia,1954,78
Yugoslavia,1955,81
Yugoslavia,1956,85
Yugoslavia,1957,88
Yugoslavia,1958,91
Yugoslavia,1959,93
Yugoslavia,1960,99
Yugoslavia,1961,107
Yugoslavia,1962,114
Yugoslavia,1963,117
Yugoslavia,1964,121
Yugoslavia,1965,123
Yugoslavia,1966,126
Yugoslavia,1967,130
Yugoslavia,1968,133
Yugoslavia,1969,136
Yugoslavia,1970,139
Yugoslavia,1971,142
Yugoslavia,1972,148
Yugoslavia,1973,151
Yugoslavia,1974,155
Yugoslavia,1975,159
Yugoslavia,1976,161
Yugoslavia,1977,164
Yugoslavia,1978,165
Yugoslavia,1979,171
Yugoslavia,1980,176
Yugoslavia,1981,181
Yugoslavia,1982,183
Yugoslavia,1983,187
Yugoslavia,1984,191
Yugoslavia,1985,196
Yugoslavia,1986,198
Yugoslavia,1987,202
Yugoslavia,1988,207
Yugoslavia,1989,213
Yugoslavia,1990,219
Yugoslavia,1991,223
Yugoslavia,1992,223
Yugoslavia,1993,223
Yugoslavia,1994,223
Yugoslavia,1995,223
Yugoslavia,1996,223
Yugoslavia,1997,223
Yugoslavia,1998,223
Yugoslavia,1999,223
Yugoslavia,2000,223
Yugoslavia,2001,223
Yugoslavia,2002,223
Yugoslavia,2003,223
Yugoslavia,2004,223
Yugoslavia,2005,223
Yugoslavia,2006,223
Yugoslavia,2007,223
Yugoslavia,2008,223
Yugoslavia,2009,223
Yugoslavia,2010,223
Yugoslavia,2011,223
Yugoslavia,2012,223
Yugoslavia,2013,223
Yugoslavia,2014,223
Yugoslavia,2015,223
Yugoslavia,2016,223
Yugoslavia,2017,223
Yugoslavia,2018,223
Yugoslavia,2019,223
Yugoslavia,2020,223
Yugoslavia,2021,223
Yugoslavia,2022,223
Yugoslavia,2023,223
Yugoslavia,2024,223
Yugoslavia,2025,223
Yugoslavia,2026,223
Zambia,1873,0
Zambia,1874,0
Zambia,1875,0
Zambia,1876,0
Zambia,1877,0
Zambia,1878,0
Zambia,1879,0
Zambia,1880,0
Zambia,1881,0
Zambia,1882,0
Zambia,1883,0
Zambia,1884,0
Zambia,1885,0
Zambia,1886,0
Zambia,1887,0
Zambia,1888,0
Zambia,1889,0
Zambia,1890,0
Zambia,1891,0
Zambia,1892,0
Zambia,1893,0
Zambia,1894,0
Zambia,1895,0
Zambia,1896,0
Zambia,1897,0
Zambia,1898,0
Zambia,1899,0
Zambia,1900,0
Zambia,1901,0
Zambia,1902,0
Zambia,1903,0
Zambia,1904,0
Zambia,1905,0
Zambia,1906,0
Zambia,1907,0
Zambia,1908,0
Zambia,1909,0
Zambia,1910,0
Zambia,1911,0
Zambia,1912,0
Zambia,1913,0
Zambia,1914,0
Zambia,1915,0
Zambia,1916,0
Zambia,1917,0
Zambia,1918,0
Zambia,1919,0
Zambia,1920,0
Zambia,1921,0
Zambia,1922,0
Zambia,1923,0
Zambia,1924,0
Zambia,1925,0
Zambia,1926,0
Zambia,1927,0
Zambia,1928,0
Zambia,1929,0
Zambia,1930,0
Zambia,1931,0
Zambia,1932,0
Zambia,1933,0
Zambia,1934,0
Zambia,1935,0
Zambia,1936,0
Zambia,1937,0
Zambia,1938,0
Zambia,1939,0
Zambia,1940,0
Zambia,1941,0
Zambia,1942,0
Zambia,1943,0
Zambia,1944,0
Zambia,1945,0
Zambia,1946,1
Zambia,1947,1
Zambia,1948,2
Zambia,1949,2
Zambia,1950,4
Zambia,1951,4
Zambia,1952,5
Zambia,1953,6
Zambia,1954,7
Zambia,1955,7
Zambia,1956,7
Zambia,1957,8
Zambia,1958,9
Zambia,1959,9
Zambia,1960,9
Zambia,1961,9
Zambia,1962,9
Zambia,1963,10
Zambia,1964,13
Zambia,1965,14
Zambia,1966,21
Zambia,1967,23
Zambia,1968,30
Zambia,1969,33
Zambia,1970,34
Zambia,1971,45
Zambia,1972,46
Zambia,1973,52
Zambia,1974,57
Zambia,1975,60
Zambia,1976,68
Zambia,1977,76
Zambia,1978,87
Zambia,1979,92
Zambia,1980,98
Zambia,1981,105
Zambia,1982,110
Zambia,1983,110
Zambia,1984,115
Zambia,1985,120
Zambia,1986,125
Zambia,1987,128
Zambia,1988,134
Zambia,1989,142
Zambia,1990,148
Zambia,1991,156
Zambia,1992,165
Zambia,1993,173
Zambia,1994,182
Zambia,1995,188
Zambia,1996,198
Zambia,1997,208
Zambia,1998,213
Zambia,1999,219
Zambia,2000,227
Zambia,2001,232
Zambia,2002,234
Zambia,2003,240
Zambia,2004,246
Zambia,2005,253
Zambia,2006,262
Zambia,2007,266
Zambia,2008,272
Zambia,2009,279
Zambia,2010,285
Zambia,2011,290
Zambia,2012,299
Zambia,2013,306
Zambia,2014,311
Zambia,2015,318
Zambia,2016,320
Zambia,2017,325
Zambia,2018,328
Zambia,2019,332
Zambia,2020,335
Zambia,2021,340
Zambia,2022,344
Zambia,2023,353
Zambia,2024,357
Zambia,2025,358
Zambia,2026,359
Zanzibar,1873,0
Zanzibar,1874,0
Zanzibar,1875,0
Zanzibar,1876,0
Zanzibar,1877,0
Zanzibar,1878,0
Zanzibar,1879,0
Zanzibar,1880,0
Zanzibar,1881,0
Zanzibar,1882,0
Zanzibar,1883,0
Zanzibar,1884,0
Zanzibar,1885,0
Zanzibar,1886,0
Zanzibar,1887,0
Zanzibar,1888,0
Zanzibar,1889,0
Zanzibar,1890,0
Zanzibar,1891,0
Zanzibar,1892,0
Zanzibar,1893,0
Zanzibar,1894,0
Zanzibar,1895,0
Zanzibar,1896,0
Zanzibar,1897,0
Zanzibar,1898,0
Zanzibar,1899,0
Zanzibar,1900,0
Zanzibar,1901,0
Zanzibar,1902,0
Zanzibar,1903,0
Zanzibar,1904,0
Zanzibar,1905,0
Zanzibar,1906,0
Zanzibar,1907,0
Zanzibar,1908,0
Zanzibar,1909,0
Zanzibar,1910,0
Zanzibar,1911,0
Zanzibar,1912,0
Zanzibar,1913,0
Zanzibar,1914,0
Zanzibar,1915,0
Zanzibar,1916,0
Zanzibar,1917,0
Zanzibar,1918,0
Zanzibar,1919,0
Zanzibar,1920,0
Zanzibar,1921,0
Zanzibar,1922,0
Zanzibar,1923,0
Zanzibar,1924,0
Zanzibar,1925,0
Zanzibar,1926,0
Zanzibar,1927,0
Zanzibar,1928,0
Zanzibar,1929,0
Zanzibar,1930,0
Zanzibar,1931,0
Zanzibar,1932,0
Zanzibar,1933,0
Zanzibar,1934,0
Zanzibar,1935,0
Zanzibar,1936,0
Zanzibar,1937,0
Zanzibar,1938,0
Zanzibar,1939,0
Zanzibar,1940,0
Zanzibar,1941,0
Zanzibar,1942,0
Zanzibar,1943,0
Zanzibar,1944,0
Zanzibar,1945,0
Zanzibar,1946,0
Zanzibar,1947,0
Zanzibar,1948,0
Zanzibar,1949,0
Zanzibar,1950,0
Zanzibar,1951,0
Zanzibar,1952,1
Zanzibar,1953,1
Zanzibar,1954,1
Zanzibar,1955,1
Zanzibar,1956,2
Zanzibar,1957,2
Zanzibar,1958,2
Zanzibar,1959,3
Zanzibar,1960,3
Zanzibar,1961,3
Zanzibar,1962,3
Zanzibar,1963,3
Zanzibar,1964,4
Zanzibar,1965,4
Zanzibar,1966,4
Zanzibar,1967,5
Zanzibar,1968,5
Zanzibar,1969,5
Zanzibar,1970,6
Zanzibar,1971,6
Zanzibar,1972,6
Zanzibar,1973,6
Zanzibar,1974,7
Zanzibar,1975,7
Zanzibar,1976,8
Zanzibar,1977,8
Zanzibar,1978,8
Zanzibar,1979,8
Zanzibar,1980,9
Zanzibar,1981,9
Zanzibar,1982,10
Zanzibar,1983,10
Zanzibar,1984,10
Zanzibar,1985,10
Zanzibar,1986,10
Zanzibar,1987,11
Zanzibar,1988,12
Zanzibar,1989,12
Zanzibar,1990,13
Zanzibar,1991,13
Zanzibar,1992,14
Zanzibar,1993,14
Zanzibar,1994,14
Zanzibar,1995,16
Zanzibar,1996,16
Zanzibar,1997,16
Zanzibar,1998,16
Zanzibar,1999,17
Zanzibar,2000,17
Zanzibar,2001,17
Zanzibar,2002,18
Zanzibar,2003,18
Zanzibar,2004,19
Zanzibar,2005,22
Zanzibar,2006,25
Zanzibar,2007,27
Zanzibar,2008,27
Zanzibar,2009,30
Zanzibar,2010,31
Zanzibar,2011,32
Zanzibar,2012,36
Zanzibar,2013,37
Zanzibar,2014,37
Zanzibar,2015,38
Zanzibar,2016,38
Zanzibar,2017,41
Zanzibar,2018,41
Zanzibar,2019,41
Zanzibar,2020,41
Zanzibar,2021,41
Zanzibar,2022,41
Zanzibar,2023,41
Zanzibar,2024,41
Zanzibar,2025,44
Zanzibar,2026,44
Zimbabwe,1873,0
Zimbabwe,1874,0
Zimbabwe,1875,0
Zimbabwe,1876,0
Zimbabwe,1877,0
Zimbabwe,1878,0
Zimbabwe,1879,0
Zimbabwe,1880,0
Zimbabwe,1881,0
Zimbabwe,1882,0
Zimbabwe,1883,0
Zimbabwe,1884,0
Zimbabwe,1885,0
Zimbabwe,1886,0
Zimbabwe,1887,0
Zimbabwe,1888,0
Zimbabwe,1889,0
Zimbabwe,1890,0
Zimbabwe,1891,0
Zimbabwe,1892,0
Zimbabwe,1893,0
Zimbabwe,1894,0
Zimbabwe,1895,0
Zimbabwe,1896,0
Zimbabwe,1897,0
Zimbabwe,1898,0
Zimbabwe,1899,0
Zimbabwe,1900,0
Zimbabwe,1901,0
Zimbabwe,1902,0
Zimbabwe,1903,0
Zimbabwe,1904,0
Zimbabwe,1905,0
Zimbabwe,1906,0
Zimbabwe,1907,0
Zimbabwe,1908,0
Zimbabwe,1909,0
Zimbabwe,1910,0
Zimbabwe,1911,0
Zimbabwe,1912,0
Zimbabwe,1913,0
Zimbabwe,1914,0
Zimbabwe,1915,0
Zimbabwe,1916,0
Zimbabwe,1917,0
Zimbabwe,1918,0
Zimbabwe,1919,0
Zimbabwe,1920,0
Zimbabwe,1921,0
Zimbabwe,1922,0
Zimbabwe,1923,0
Zimbabwe,1924,0
Zimbabwe,1925,0
Zimbabwe,1926,0
Zimbabwe,1927,0
Zimbabwe,1928,0
Zimbabwe,1929,0
Zimbabwe,1930,0
Zimbabwe,1931,0
Zimbabwe,1932,0
Zimbabwe,1933,0
Zimbabwe,1934,0
Zimbabwe,1935,0
Zimbabwe,1936,0
Zimbabwe,1937,0
Zimbabwe,1938,0
Zimbabwe,1939,0
Zimbabwe,1940,0
Zimbabwe,1941,0
Zimbabwe,1942,0
Zimbabwe,1943,0
Zimbabwe,1944,0
Zimbabwe,1945,0
Zimbabwe,1946,0
Zimbabwe,1947,0
Zimbabwe,1948,1
Zimbabwe,1949,1
Zimbabwe,1950,1
Zimbabwe,1951,2
Zimbabwe,1952,3
Zimbabwe,1953,3
Zimbabwe,1954,5
Zimbabwe,1955,5
Zimbabwe,1956,5
Zimbabwe,1957,5
Zimbabwe,1958,6
Zimbabwe,1959,6
Zimbabwe,1960,6
Zimbabwe,1961,6
Zimbabwe,1962,6
Zimbabwe,1963,6
Zimbabwe,1964,6
Zimbabwe,1965,6
Zimbabwe,1966,6
Zimbabwe,1967,7
Zimbabwe,1968,7
Zimbabwe,1969,8
Zimbabwe,1970,8
Zimbabwe,1971,8
Zimbabwe,1972,8
Zimbabwe,1973,8
Zimbabwe,1974,8
Zimbabwe,1975,8
Zimbabwe,1976,8
Zimbabwe,1977,8
Zimbabwe,1978,8
Zimbabwe,1979,9
Zimbabwe,1980,15
Zimbabwe,1981,22
Zimbabwe,1982,26
Zimbabwe,1983,31
Zimbabwe,1984,36
Zimbabwe,1985,44
Zimbabwe,1986,44
Zimbabwe,1987,47
Zimbabwe,1988,48
Zimbabwe,1989,51
Zimbabwe,1990,56
Zimbabwe,1991,59
Zimbabwe,1992,64
Zimbabwe,1993,72
Zimbabwe,1994,73
Zimbabwe,1995,74
Zimbabwe,1996,76
Zimbabwe,1997,80
Zimbabwe,1998,84
Zimbabwe,1999,89
Zimbabwe,2000,99
Zimbabwe,2001,107
Zimbabwe,2002,111
Zimbabwe,2003,121
Zimbabwe,2004,126
Zimbabwe,2005,133
Zimbabwe,2006,136
Zimbabwe,2007,139
Zimbabwe,2008,142
Zimbabwe,2009,145
Zimbabwe,2010,147
Zimbabwe,2011,153
Zimbabwe,2012,156
Zimbabwe,2013,159
Zimbabwe,2014,162
Zimbabwe,2015,165
Zimbabwe,2016,171
Zimbabwe,2017,177
Zimbabwe,2018,179
Zimbabwe,2019,183
Zimbabwe,2020,183
Zimbabwe,2021,184
Zimbabwe,2022,185
Zimbabwe,2023,185
Zimbabwe,2024,187
Zimbabwe,2025,188
Zimbabwe,2026,191
Åland Islands,1873,0
Åland Islands,1874,0
Åland Islands,1875,0
Åland Islands,1876,0
Åland Islands,1877,0
Åland Islands,1878,0
Åland Islands,1879,0
Åland Islands,1880,0
Åland Islands,1881,0
Åland Islands,1882,0
Åland Islands,1883,0
Åland Islands,1884,0
Åland Islands,1885,0
Åland Islands,1886,0
Åland Islands,1887,0
Åland Islands,1888,0
Åland Islands,1889,0
Åland Islands,1890,0
Åland Islands,1891,0
Åland Islands,1892,0
Åland Islands,1893,0
Åland Islands,1894,0
Åland Islands,1895,0
Åland Islands,1896,0
Åland Islands,1897,0
Åland Islands,1898,0
Åland Islands,1899,0
Åland Islands,1900,0
Åland Islands,1901,0
Åland Islands,1902,0
Åland Islands,1903,0
Åland Islands,1904,0
Åland Islands,1905,0
Åland Islands,1906,0
Åland Islands,1907,0
Åland Islands,1908,0
Åland Islands,1909,0
Åland Islands,1910,0
Åland Islands,1911,0
Åland Islands,1912,0
Åland Islands,1913,0
Åland Islands,1914,0
Åland Islands,1915,0
Åland Islands,1916,0
Åland Islands,1917,0
Åland Islands,1918,0
Åland Islands,1919,0
Åland Islands,1920,0
Åland Islands,1921,0
Åland Islands,1922,0
Åland Islands,1923,0
Åland Islands,1924,0
Åland Islands,1925,0
Åland Islands,1926,0
Åland Islands,1927,0
Åland Islands,1928,0
Åland Islands,1929,0
Åland Islands,1930,0
Åland Islands,1931,0
Åland Islands,1932,0
Åland Islands,1933,0
Åland Islands,1934,0
Åland Islands,1935,0
Åland Islands,1936,0
Åland Islands,1937,0
Åland Islands,1938,0
Åland Islands,1939,0
Åland Islands,1940,0
Åland Islands,1941,0
Åland Islands,1942,0
Åland Islands,1943,0
Åland Islands,1944,0
Åland Islands,1945,0
Åland Islands,1946,0
Åland Islands,1947,0
Åland Islands,1948,0
Åland Islands,1949,0
Åland Islands,1950,0
Åland Islands,1951,0
Åland Islands,1952,0
Åland Islands,1953,0
Åland Islands,1954,0
Åland Islands,1955,0
Åland Islands,1956,0
Åland Islands,1957,0
Åland Islands,1958,0
Åland Islands,1959,0
Åland Islands,1960,0
Åland Islands,1961,0
Åland Islands,1962,0
Åland Islands,1963,0
Åland Islands,1964,0
Åland Islands,1965,0
Åland Islands,1966,0
Åland Islands,1967,0
Åland Islands,1968,0
Åland Islands,1969,0
Åland Islands,1970,0
Åland Islands,1971,0
Åland Islands,1972,0
Åland Islands,1973,0
Åland Islands,1974,0
Åland Islands,1975,0
Åland Islands,1976,0
Åland Islands,1977,0
Åland Islands,1978,0
Åland Islands,1979,0
Åland Islands,1980,0
Åland Islands,1981,0
Åland Islands,1982,0
Åland Islands,1983,0
Åland Islands,1984,0
Åland Islands,1985,0
Åland Islands,1986,0
Åland Islands,1987,0
Åland Islands,1988,0
Åland Islands,1989,2
Åland Islands,1990,2
Åland Islands,1991,4
Åland Islands,1992,4
Åland Islands,1993,7
Åland Islands,1994,7
Åland Islands,1995,8
Åland Islands,1996,8
Åland Islands,1997,8
Åland Islands,1998,8
Åland Islands,1999,10
Åland Islands,2000,10
Åland Islands,2001,10
Åland Islands,2002,10
Åland Islands,2003,10
Åland Islands,2004,10
Åland Islands,2005,12
Åland Islands,2006,12
Åland Islands,2007,14
Åland Islands,2008,14
Åland Islands,2009,17
Åland Islands,2010,17
Åland Islands,2011,18
Åland Islands,2012,18
Åland Islands,2013,18
Åland Islands,2014,18
Åland Islands,2015,19
Åland Islands,2016,19
Åland Islands,2017,21
Åland Islands,2018,21
Åland Islands,2019,21
Åland Islands,2020,21
Åland Islands,2021,21
Åland Islands,2022,21
Åland Islands,2023,21
Åland Islands,2024,21
Åland Islands,2025,21
Åland Islands,2026,21
