entity,year,value
Abkhazia,1872,0
Abkhazia,1873,0
Abkhazia,1874,0
Abkhazia,1875,0
Abkhazia,1876,0
Abkhazia,1877,0
Abkhazia,1878,0
Abkhazia,1879,0
Abkhazia,1880,0
Abkhazia,1881,0
Abkhazia,1882,0
Abkhazia,1883,0
Abkhazia,1884,0
Abkhazia,1885,0
Abkhazia,1886,0
Abkhazia,1887,0
Abkhazia,1888,0
Abkhazia,1889,0
Abkhazia,1890,0
Abkhazia,1891,0
Abkhazia,1892,0
Abkhazia,1893,0
Abkhazia,1894,0
Abkhazia,1895,0
Abkhazia,1896,0
Abkhazia,1897,0
Abkhazia,1898,0
Abkhazia,1899,0
Abkhazia,1900,0
Abkhazia,1901,0
Abkhazia,1902,0
Abkhazia,1903,0
Abkhazia,1904,0
Abkhazia,1905,0
Abkhazia,1906,0
Abkhazia,1907,0
Abkhazia,1908,0
Abkhazia,1909,0
Abkhazia,1910,0
Abkhazia,1911,0
Abkhazia,1912,0
Abkhazia,1913,0
Abkhazia,1914,0
Abkhazia,1915,0
Abkhazia,1916,0
Abkhazia,1917,0
Abkhazia,1918,0
Abkhazia,1919,0
Abkhazia,1920,0
Abkhazia,1921,0
Abkhazia,1922,0
Abkhazia,1923,0
Abkhazia,1924,0
Abkhazia,1925,0
Abkhazia,1926,0
Abkhazia,1927,0
Abkhazia,1928,0
Abkhazia,1929,0
Abkhazia,1930,0
Abkhazia,1931,0
Abkhazia,1932,0
Abkhazia,1933,0
Abkhazia,1934,0
Abkhazia,1935,0
Abkhazia,1936,0
Abkhazia,1937,0
Abkhazia,1938,0
Abkhazia,1939,0
Abkhazia,1940,0
Abkhazia,1941,0
Abkhazia,1942,0
Abkhazia,1943,0
Abkhazia,1944,0
Abkhazia,1945,0
Abkhazia,1946,0
Abkhazia,1947,0
Abkhazia,1948,0
Abkhazia,1949,0
Abkhazia,1950,0
Abkhazia,1951,0
Abkhazia,1952,0
Abkhazia,1953,0
Abkhazia,1954,0
Abkhazia,1955,0
Abkhazia,1956,0
Abkhazia,1957,0
Abkhazia,1958,0
Abkhazia,1959,0
Abkhazia,1960,0
Abkhazia,1961,0
Abkhazia,1962,0
Abkhazia,1963,0
Abkhazia,1964,0
Abkhazia,1965,0
Abkhazia,1966,0
Abkhazia,1967,0
Abkhazia,1968,0
Abkhazia,1969,0
Abkhazia,1970,0
Abkhazia,1971,0
Abkhazia,1972,0
Abkhazia,1973,0
Abkhazia,1974,0
Abkhazia,1975,0
Abkhazia,1976,0
Abkhazia,1977,0
Abkhazia,1978,0
Abkhazia,1979,0
Abkhazia,1980,0
Abkhazia,1981,0
Abkhazia,1982,0
Abkhazia,1983,0
Abkhazia,1984,0
Abkhazia,1985,0
Abkhazia,1986,0
Abkhazia,1987,0
Abkhazia,1988,0
Abkhazia,1989,0
Abkhazia,1990,0
Abkhazia,1991,0
Abkhazia,1992,0
Abkhazia,1993,0
Abkhazia,1994,0
Abkhazia,1995,0
Abkhazia,1996,0
Abkhazia,1997,0
Abkhazia,1998,0
Abkhazia,1999,0
Abkhazia,2000,0
Abkhazia,2001,0
Abkhazia,2002,0
Abkhazia,2003,0
Abkhazia,2004,0
Abkhazia,2005,0
Abkhazia,2006,0
Abkhazia,2007,0
Abkhazia,2008,0
Abkhazia,2009,0
Abkhazia,2010,0
Abkhazia,2011,0
Abkhazia,2012,1
Abkhazia,2013,4
Abkhazia,2014,10
Abkhazia,2015,12
Abkhazia,2016,27
Abkhazia,2017,33
Abkhazia,2018,48
Abkhazia,2019,54
Abkhazia,2020,54
Abkhazia,2021,54
Abkhazia,2022,54
Abkhazia,2023,54
Abkhazia,2024,54
Abkhazia,2025,54
Abkhazia,2026,54
Afghanistan,1872,0
Afghanistan,1873,0
Afghanistan,1874,0
Afghanistan,1875,0
Afghanistan,1876,0
Afghanistan,1877,0
Afghanistan,1878,0
Afghanistan,1879,0
Afghanistan,1880,0
Afghanistan,1881,0
Afghanistan,1882,0
Afghanistan,1883,0
Afghanistan,1884,0
Afghanistan,1885,0
Afghanistan,1886,0
Afghanistan,1887,0
Afghanistan,1888,0
Afghanistan,1889,0
Afghanistan,1890,0
Afghanistan,1891,0
Afghanistan,1892,0
Afghanistan,1893,0
Afghanistan,1894,0
Afghanistan,1895,0
Afghanistan,1896,0
Afghanistan,1897,0
Afghanistan,1898,0
Afghanistan,1899,0
Afghanistan,1900,0
Afghanistan,1901,0
Afghanistan,1902,0
Afghanistan,1903,0
Afghanistan,1904,0
Afghanistan,1905,0
Afghanistan,1906,0
Afghanistan,1907,0
Afghanistan,1908,0
Afghanistan,1909,0
Afghanistan,1910,0
Afghanistan,1911,0
Afghanistan,1912,0
Afghanistan,1913,0
Afghanistan,1914,0
Afghanistan,1915,0
Afghanistan,1916,0
Afghanistan,1917,0
Afghanistan,1918,0
Afghanistan,1919,0
Afghanistan,1920,0
Afghanistan,1921,0
Afghanistan,1922,0
Afghanistan,1923,0
Afghanistan,1924,0
Afghanistan,1925,0
Afghanistan,1926,0
Afghanistan,1927,0
Afghanistan,1928,0
Afghanistan,1929,0
Afghanistan,1930,0
Afghanistan,1931,0
Afghanistan,1932,0
Afghanistan,1933,0
Afghanistan,1934,0
Afghanistan,1935,0
Afghanistan,1936,0
Afghanistan,1937,0
Afghanistan,1938,0
Afghanistan,1939,0
Afghanistan,1940,0
Afghanistan,1941,1
Afghanistan,1942,1
Afghanistan,1943,1
Afghanistan,1944,1
Afghanistan,1945,1
Afghanistan,1946,1
Afghanistan,1947,1
Afghanistan,1948,1
Afghanistan,1949,1
Afghanistan,1950,1
Afghanistan,1951,1
Afghanistan,1952,1
Afghanistan,1953,1
Afghanistan,1954,5
Afghanistan,1955,5
Afghanistan,1956,5
Afghanistan,1957,5
Afghanistan,1958,5
Afghanistan,1959,5
Afghanistan,1960,5
Afghanistan,1961,5
Afghanistan,1962,5
Afghanistan,1963,5
Afghanistan,1964,5
Afghanistan,1965,5
Afghanistan,1966,5
Afghanistan,1967,5
Afghanistan,1968,5
Afghanistan,1969,5
Afghanistan,1970,5
Afghanistan,1971,5
Afghanistan,1972,5
Afghanistan,1973,5
Afghanistan,1974,5
Afghanistan,1975,8
Afghanistan,1976,10
Afghanistan,1977,10
Afghanistan,1978,10
Afghanistan,1979,12
Afghanistan,1980,12
Afghanistan,1981,12
Afghanistan,1982,12
Afghanistan,1983,12
Afghanistan,1984,13
Afghanistan,1985,13
Afghanistan,1986,13
Afghanistan,1987,13
Afghanistan,1988,13
Afghanistan,1989,13
Afghanistan,1990,13
Afghanistan,1991,13
Afghanistan,1992,13
Afghanistan,1993,13
Afghanistan,1994,13
Afghanistan,1995,13
Afghanistan,1996,13
Afghanistan,1997,13
Afghanistan,1998,13
Afghanistan,1999,13
Afghanistan,2000,13
Afghanistan,2001,13
Afghanistan,2002,13
Afghanistan,2003,15
Afghanistan,2004,15
Afghanistan,2005,18
Afghanistan,2006,21
Afghanistan,2007,22
Afghanistan,2008,30
Afghanistan,2009,31
Afghanistan,2010,31
Afghanistan,2011,51
Afghanistan,2012,51
Afghanistan,2013,66
Afghanistan,2014,73
Afghanistan,2015,99
Afghanistan,2016,103
Afghanistan,2017,112
Afghanistan,2018,114
Afghanistan,2019,118
Afghanistan,2020,118
Afghanistan,2021,126
Afghanistan,2022,130
Afghanistan,2023,136
Afghanistan,2024,139
Afghanistan,2025,141
Afghanistan,2026,142
Albania,1872,0
Albania,1873,0
Albania,1874,0
Albania,1875,0
Albania,1876,0
Albania,1877,0
Albania,1878,0
Albania,1879,0
Albania,1880,0
Albania,1881,0
Albania,1882,0
Albania,1883,0
Albania,1884,0
Albania,1885,0
Albania,1886,0
Albania,1887,0
Albania,1888,0
Albania,1889,0
Albania,1890,0
Albania,1891,0
Albania,1892,0
Albania,1893,0
Albania,1894,0
Albania,1895,0
Albania,1896,0
Albania,1897,0
Albania,1898,0
Albania,1899,0
Albania,1900,0
Albania,1901,0
Albania,1902,0
Albania,1903,0
Albania,1904,0
Albania,1905,0
Albania,1906,0
Albania,1907,0
Albania,1908,0
Albania,1909,0
Albania,1910,0
Albania,1911,0
Albania,1912,0
Albania,1913,0
Albania,1914,0
Albania,1915,0
Albania,1916,0
Albania,1917,0
Albania,1918,0
Albania,1919,0
Albania,1920,0
Albania,1921,0
Albania,1922,0
Albania,1923,0
Albania,1924,0
Albania,1925,0
Albania,1926,0
Albania,1927,0
Albania,1928,0
Albania,1929,0
Albania,1930,0
Albania,1931,0
Albania,1932,0
Albania,1933,0
Albania,1934,0
Albania,1935,0
Albania,1936,0
Albania,1937,0
Albania,1938,0
Albania,1939,0
Albania,1940,0
Albania,1941,0
Albania,1942,0
Albania,1943,0
Albania,1944,0
Albania,1945,0
Albania,1946,11
Albania,1947,13
Albania,1948,14
Albania,1949,17
Albania,1950,19
Albania,1951,19
Albania,1952,22
Albania,1953,24
Albania,1954,24
Albania,1955,24
Albania,1956,24
Albania,1957,26
Albania,1958,27
Albania,1959,27
Albania,1960,27
Albania,1961,27
Albania,1962,27
Albania,1963,28
Albania,1964,28
Albania,1965,30
Albania,1966,30
Albania,1967,30
Albania,1968,30
Albania,1969,30
Albania,1970,31
Albania,1971,35
Albania,1972,35
Albania,1973,39
Albania,1974,39
Albania,1975,39
Albania,1976,42
Albania,1977,42
Albania,1978,42
Albania,1979,42
Albania,1980,45
Albania,1981,46
Albania,1982,46
Albania,1983,50
Albania,1984,55
Albania,1985,56
Albania,1986,57
Albania,1987,58
Albania,1988,59
Albania,1989,62
Albania,1990,62
Albania,1991,66
Albania,1992,69
Albania,1993,73
Albania,1994,76
Albania,1995,87
Albania,1996,89
Albania,1997,95
Albania,1998,106
Albania,1999,114
Albania,2000,125
Albania,2001,129
Albania,2002,133
Albania,2003,153
Albania,2004,162
Albania,2005,172
Albania,2006,179
Albania,2007,191
Albania,2008,197
Albania,2009,207
Albania,2010,214
Albania,2011,222
Albania,2012,231
Albania,2013,242
Albania,2014,253
Albania,2015,263
Albania,2016,275
Albania,2017,286
Albania,2018,289
Albania,2019,305
Albania,2020,315
Albania,2021,328
Albania,2022,337
Albania,2023,351
Albania,2024,364
Albania,2025,376
Albania,2026,377
Alderney,1872,0
Alderney,1873,0
Alderney,1874,0
Alderney,1875,0
Alderney,1876,0
Alderney,1877,0
Alderney,1878,0
Alderney,1879,0
Alderney,1880,0
Alderney,1881,0
Alderney,1882,0
Alderney,1883,0
Alderney,1884,0
Alderney,1885,0
Alderney,1886,0
Alderney,1887,0
Alderney,1888,0
Alderney,1889,0
Alderney,1890,0
Alderney,1891,0
Alderney,1892,0
Alderney,1893,0
Alderney,1894,0
Alderney,1895,0
Alderney,1896,0
Alderney,1897,0
Alderney,1898,0
Alderney,1899,0
Alderney,1900,0
Alderney,1901,0
Alderney,1902,0
Alderney,1903,0
Alderney,1904,0
Alderney,1905,0
Alderney,1906,0
Alderney,1907,1
Alderney,1908,1
Alderney,1909,1
Alderney,1910,2
Alderney,1911,3
Alderney,1912,3
Alderney,1913,5
Alderney,1914,5
Alderney,1915,5
Alderney,1916,5
Alderney,1917,5
Alderney,1918,5
Alderney,1919,5
Alderney,1920,6
Alderney,1921,6
Alderney,1922,7
Alderney,1923,10
Alderney,1924,12
Alderney,1925,13
Alderney,1926,14
Alderney,1927,14
Alderney,1928,14
Alderney,1929,14
Alderney,1930,16
Alderney,1931,16
Alderney,1932,18
Alderney,1933,18
Alderney,1934,18
Alderney,1935,18
Alderney,1936,18
Alderney,1937,19
Alderney,1938,20
Alderney,1939,21
Alderney,1940,21
Alderney,1941,21
Alderney,1942,21
Alderney,1943,21
Alderney,1944,21
Alderney,1945,21
Alderney,1946,21
Alderney,1947,21
Alderney,1948,21
Alderney,1949,21
Alderney,1950,22
Alderney,1951,23
Alderney,1952,25
Alderney,1953,25
Alderney,1954,26
Alderney,1955,26
Alderney,1956,26
Alderney,1957,27
Alderney,1958,29
Alderney,1959,29
Alderney,1960,30
Alderney,1961,32
Alderney,1962,33
Alderney,1963,33
Alderney,1964,33
Alderney,1965,33
Alderney,1966,33
Alderney,1967,34
Alderney,1968,34
Alderney,1969,34
Alderney,1970,34
Alderney,1971,34
Alderney,1972,34
Alderney,1973,35
Alderney,1974,35
Alderney,1975,36
Alderney,1976,36
Alderney,1977,36
Alderney,1978,36
Alderney,1979,36
Alderney,1980,36
Alderney,1981,36
Alderney,1982,37
Alderney,1983,38
Alderney,1984,38
Alderney,1985,38
Alderney,1986,38
Alderney,1987,38
Alderney,1988,39
Alderney,1989,39
Alderney,1990,39
Alderney,1991,40
Alderney,1992,41
Alderney,1993,41
Alderney,1994,41
Alderney,1995,42
Alderney,1996,42
Alderney,1997,42
Alderney,1998,42
Alderney,1999,42
Alderney,2000,42
Alderney,2001,42
Alderney,2002,43
Alderney,2003,47
Alderney,2004,47
Alderney,2005,48
Alderney,2006,49
Alderney,2007,49
Alderney,2008,49
Alderney,2009,49
Alderney,2010,49
Alderney,2011,50
Alderney,2012,51
Alderney,2013,58
Alderney,2014,58
Alderney,2015,63
Alderney,2016,63
Alderney,2017,67
Alderney,2018,67
Alderney,2019,72
Alderney,2020,72
Alderney,2021,72
Alderney,2022,73
Alderney,2023,73
Alderney,2024,73
Alderney,2025,73
Alderney,2026,73
Algeria,1872,0
Algeria,1873,0
Algeria,1874,0
Algeria,1875,0
Algeria,1876,0
Algeria,1877,0
Algeria,1878,0
Algeria,1879,0
Algeria,1880,0
Algeria,1881,0
Algeria,1882,0
Algeria,1883,0
Algeria,1884,0
Algeria,1885,0
Algeria,1886,0
Algeria,1887,0
Algeria,1888,0
Algeria,1889,0
Algeria,1890,0
Algeria,1891,0
Algeria,1892,0
Algeria,1893,0
Algeria,1894,0
Algeria,1895,0
Algeria,1896,0
Algeria,1897,0
Algeria,1898,0
Algeria,1899,0
Algeria,1900,0
Algeria,1901,0
Algeria,1902,0
Algeria,1903,0
Algeria,1904,0
Algeria,1905,0
Algeria,1906,0
Algeria,1907,0
Algeria,1908,0
Algeria,1909,0
Algeria,1910,0
Algeria,1911,0
Algeria,1912,0
Algeria,1913,0
Algeria,1914,0
Algeria,1915,0
Algeria,1916,0
Algeria,1917,0
Algeria,1918,0
Algeria,1919,0
Algeria,1920,0
Algeria,1921,0
Algeria,1922,0
Algeria,1923,0
Algeria,1924,0
Algeria,1925,0
Algeria,1926,0
Algeria,1927,0
Algeria,1928,0
Algeria,1929,0
Algeria,1930,0
Algeria,1931,0
Algeria,1932,0
Algeria,1933,0
Algeria,1934,0
Algeria,1935,0
Algeria,1936,0
Algeria,1937,0
Algeria,1938,0
Algeria,1939,0
Algeria,1940,0
Algeria,1941,0
Algeria,1942,0
Algeria,1943,0
Algeria,1944,0
Algeria,1945,0
Algeria,1946,0
Algeria,1947,0
Algeria,1948,0
Algeria,1949,0
Algeria,1950,0
Algeria,1951,0
Algeria,1952,0
Algeria,1953,0
Algeria,1954,0
Algeria,1955,0
Algeria,1956,0
Algeria,1957,0
Algeria,1958,0
Algeria,1959,0
Algeria,1960,0
Algeria,1961,0
Algeria,1962,0
Algeria,1963,4
Algeria,1964,8
Algeria,1965,14
Algeria,1966,16
Algeria,1967,25
Algeria,1968,31
Algeria,1969,38
Algeria,1970,41
Algeria,1971,42
Algeria,1972,62
Algeria,1973,91
Algeria,1974,102
Algeria,1975,104
Algeria,1976,113
Algeria,1977,124
Algeria,1978,143
Algeria,1979,147
Algeria,1980,162
Algeria,1981,185
Algeria,1982,200
Algeria,1983,217
Algeria,1984,235
Algeria,1985,259
Algeria,1986,275
Algeria,1987,284
Algeria,1988,301
Algeria,1989,314
Algeria,1990,337
Algeria,1991,351
Algeria,1992,358
Algeria,1993,373
Algeria,1994,375
Algeria,1995,398
Algeria,1996,409
Algeria,1997,422
Algeria,1998,429
Algeria,1999,436
Algeria,2000,462
Algeria,2001,482
Algeria,2002,495
Algeria,2003,512
Algeria,2004,523
Algeria,2005,532
Algeria,2006,535
Algeria,2007,548
Algeria,2008,558
Algeria,2009,571
Algeria,2010,578
Algeria,2011,583
Algeria,2012,600
Algeria,2013,618
Algeria,2014,643
Algeria,2015,672
Algeria,2016,692
Algeria,2017,716
Algeria,2018,731
Algeria,2019,761
Algeria,2020,769
Algeria,2021,827
Algeria,2022,844
Algeria,2023,862
Algeria,2024,897
Algeria,2025,940
Algeria,2026,958
Ambazonia,1872,0
Ambazonia,1873,0
Ambazonia,1874,0
Ambazonia,1875,0
Ambazonia,1876,0
Ambazonia,1877,0
Ambazonia,1878,0
Ambazonia,1879,0
Ambazonia,1880,0
Ambazonia,1881,0
Ambazonia,1882,0
Ambazonia,1883,0
Ambazonia,1884,0
Ambazonia,1885,0
Ambazonia,1886,0
Ambazonia,1887,0
Ambazonia,1888,0
Ambazonia,1889,0
Ambazonia,1890,0
Ambazonia,1891,0
Ambazonia,1892,0
Ambazonia,1893,0
Ambazonia,1894,0
Ambazonia,1895,0
Ambazonia,1896,0
Ambazonia,1897,0
Ambazonia,1898,0
Ambazonia,1899,0
Ambazonia,1900,0
Ambazonia,1901,0
Ambazonia,1902,0
Ambazonia,1903,0
Ambazonia,1904,0
Ambazonia,1905,0
Ambazonia,1906,0
Ambazonia,1907,0
Ambazonia,1908,0
Ambazonia,1909,0
Ambazonia,1910,0
Ambazonia,1911,0
Ambazonia,1912,0
Ambazonia,1913,0
Ambazonia,1914,0
Ambazonia,1915,0
Ambazonia,1916,0
Ambazonia,1917,0
Ambazonia,1918,0
Ambazonia,1919,0
Ambazonia,1920,0
Ambazonia,1921,0
Ambazonia,1922,0
Ambazonia,1923,0
Ambazonia,1924,0
Ambazonia,1925,0
Ambazonia,1926,0
Ambazonia,1927,0
Ambazonia,1928,0
Ambazonia,1929,0
Ambazonia,1930,0
Ambazonia,1931,0
Ambazonia,1932,0
Ambazonia,1933,0
Ambazonia,1934,0
Ambazonia,1935,0
Ambazonia,1936,0
Ambazonia,1937,0
Ambazonia,1938,0
Ambazonia,1939,0
Ambazonia,1940,0
Ambazonia,1941,0
Ambazonia,1942,0
Ambazonia,1943,0
Ambazonia,1944,0
Ambazonia,1945,0
Ambazonia,1946,0
Ambazonia,1947,0
Ambazonia,1948,0
Ambazonia,1949,0
Ambazonia,1950,0
Ambazonia,1951,0
Ambazonia,1952,0
Ambazonia,1953,0
Ambazonia,1954,0
Ambazonia,1955,0
Ambazonia,1956,0
Ambazonia,1957,0
Ambazonia,1958,0
Ambazonia,1959,0
Ambazonia,1960,0
Ambazonia,1961,0
Ambazonia,1962,0
Ambazonia,1963,0
Ambazonia,1964,0
Ambazonia,1965,0
Ambazonia,1966,0
Ambazonia,1967,0
Ambazonia,1968,0
Ambazonia,1969,0
Ambazonia,1970,0
Ambazonia,1971,0
Ambazonia,1972,0
Ambazonia,1973,0
Ambazonia,1974,0
Ambazonia,1975,0
Ambazonia,1976,0
Ambazonia,1977,0
Ambazonia,1978,0
Ambazonia,1979,0
Ambazonia,1980,0
Ambazonia,1981,0
Ambazonia,1982,0
Ambazonia,1983,0
Ambazonia,1984,0
Ambazonia,1985,0
Ambazonia,1986,0
Ambazonia,1987,0
Ambazonia,1988,0
Ambazonia,1989,0
Ambazonia,1990,0
Ambazonia,1991,0
Ambazonia,1992,0
Ambazonia,1993,0
Ambazonia,1994,0
Ambazonia,1995,0
Ambazonia,1996,0
Ambazonia,1997,0
Ambazonia,1998,0
Ambazonia,1999,0
Ambazonia,2000,0
Ambazonia,2001,0
Ambazonia,2002,0
Ambazonia,2003,0
Ambazonia,2004,0
Ambazonia,2005,2
Ambazonia,2006,2
Ambazonia,2007,3
Ambazonia,2008,3
Ambazonia,2009,3
Ambazonia,2010,3
Ambazonia,2011,3
Ambazonia,2012,3
Ambazonia,2013,3
Ambazonia,2014,3
Ambazonia,2015,3
Ambazonia,2016,3
Ambazonia,2017,3
Ambazonia,2018,3
Ambazonia,2019,3
Ambazonia,2020,3
Ambazonia,2021,3
Ambazonia,2022,3
Ambazonia,2023,3
Ambazonia,2024,3
Ambazonia,2025,3
Ambazonia,2026,3
American Samoa,1872,0
American Samoa,1873,0
American Samoa,1874,0
American Samoa,1875,0
American Samoa,1876,0
American Samoa,1877,0
American Samoa,1878,0
American Samoa,1879,0
American Samoa,1880,0
American Samoa,1881,0
American Samoa,1882,0
American Samoa,1883,0
American Samoa,1884,0
American Samoa,1885,0
American Samoa,1886,0
American Samoa,1887,0
American Samoa,1888,0
American Samoa,1889,0
American Samoa,1890,0
American Samoa,1891,0
American Samoa,1892,0
American Samoa,1893,0
American Samoa,1894,0
American Samoa,1895,0
American Samoa,1896,0
American Samoa,1897,0
American Samoa,1898,0
American Samoa,1899,0
American Samoa,1900,0
American Samoa,1901,0
American Samoa,1902,0
American Samoa,1903,0
American Samoa,1904,0
American Samoa,1905,0
American Samoa,1906,0
American Samoa,1907,0
American Samoa,1908,0
American Samoa,1909,0
American Samoa,1910,0
American Samoa,1911,0
American Samoa,1912,0
American Samoa,1913,0
American Samoa,1914,0
American Samoa,1915,0
American Samoa,1916,0
American Samoa,1917,0
American Samoa,1918,0
American Samoa,1919,0
American Samoa,1920,0
American Samoa,1921,0
American Samoa,1922,0
American Samoa,1923,0
American Samoa,1924,0
American Samoa,1925,0
American Samoa,1926,0
American Samoa,1927,0
American Samoa,1928,0
American Samoa,1929,0
American Samoa,1930,0
American Samoa,1931,0
American Samoa,1932,0
American Samoa,1933,0
American Samoa,1934,0
American Samoa,1935,0
American Samoa,1936,0
American Samoa,1937,0
American Samoa,1938,0
American Samoa,1939,0
American Samoa,1940,0
American Samoa,1941,0
American Samoa,1942,0
American Samoa,1943,0
American Samoa,1944,0
American Samoa,1945,0
American Samoa,1946,0
American Samoa,1947,0
American Samoa,1948,0
American Samoa,1949,0
American Samoa,1950,0
American Samoa,1951,0
American Samoa,1952,0
American Samoa,1953,0
American Samoa,1954,0
American Samoa,1955,0
American Samoa,1956,0
American Samoa,1957,0
American Samoa,1958,0
American Samoa,1959,0
American Samoa,1960,0
American Samoa,1961,0
American Samoa,1962,0
American Samoa,1963,0
American Samoa,1964,0
American Samoa,1965,0
American Samoa,1966,0
American Samoa,1967,0
American Samoa,1968,0
American Samoa,1969,0
American Samoa,1970,0
American Samoa,1971,0
American Samoa,1972,0
American Samoa,1973,0
American Samoa,1974,0
American Samoa,1975,0
American Samoa,1976,0
American Samoa,1977,0
American Samoa,1978,0
American Samoa,1979,0
American Samoa,1980,0
American Samoa,1981,0
American Samoa,1982,0
American Samoa,1983,6
American Samoa,1984,6
American Samoa,1985,6
American Samoa,1986,6
American Samoa,1987,7
American Samoa,1988,7
American Samoa,1989,7
American Samoa,1990,7
American Samoa,1991,7
American Samoa,1992,7
American Samoa,1993,7
American Samoa,1994,10
American Samoa,1995,10
American Samoa,1996,10
American Samoa,1997,10
American Samoa,1998,13
American Samoa,1999,13
American Samoa,2000,14
American Samoa,2001,14
American Samoa,2002,16
American Samoa,2003,16
American Samoa,2004,17
American Samoa,2005,17
American Samoa,2006,17
American Samoa,2007,18
American Samoa,2008,18
American Samoa,2009,18
American Samoa,2010,18
American Samoa,2011,21
American Samoa,2012,21
American Samoa,2013,21
American Samoa,2014,21
American Samoa,2015,27
American Samoa,2016,27
American Samoa,2017,27
American Samoa,2018,27
American Samoa,2019,29
American Samoa,2020,29
American Samoa,2021,29
American Samoa,2022,29
American Samoa,2023,31
American Samoa,2024,31
American Samoa,2025,31
American Samoa,2026,33
Andalusia,1872,0
Andalusia,1873,0
Andalusia,1874,0
Andalusia,1875,0
Andalusia,1876,0
Andalusia,1877,0
Andalusia,1878,0
Andalusia,1879,0
Andalusia,1880,0
Andalusia,1881,0
Andalusia,1882,0
Andalusia,1883,0
Andalusia,1884,0
Andalusia,1885,0
Andalusia,1886,0
Andalusia,1887,0
Andalusia,1888,0
Andalusia,1889,0
Andalusia,1890,0
Andalusia,1891,0
Andalusia,1892,0
Andalusia,1893,0
Andalusia,1894,0
Andalusia,1895,0
Andalusia,1896,0
Andalusia,1897,0
Andalusia,1898,0
Andalusia,1899,0
Andalusia,1900,0
Andalusia,1901,0
Andalusia,1902,0
Andalusia,1903,0
Andalusia,1904,0
Andalusia,1905,0
Andalusia,1906,0
Andalusia,1907,0
Andalusia,1908,0
Andalusia,1909,0
Andalusia,1910,0
Andalusia,1911,0
Andalusia,1912,0
Andalusia,1913,0
Andalusia,1914,0
Andalusia,1915,0
Andalusia,1916,0
Andalusia,1917,0
Andalusia,1918,0
Andalusia,1919,0
Andalusia,1920,0
Andalusia,1921,0
Andalusia,1922,0
Andalusia,1923,1
Andalusia,1924,1
Andalusia,1925,1
Andalusia,1926,1
Andalusia,1927,1
Andalusia,1928,1
Andalusia,1929,1
Andalusia,1930,1
Andalusia,1931,1
Andalusia,1932,1
Andalusia,1933,1
Andalusia,1934,1
Andalusia,1935,1
Andalusia,1936,1
Andalusia,1937,1
Andalusia,1938,1
Andalusia,1939,1
Andalusia,1940,1
Andalusia,1941,1
Andalusia,1942,1
Andalusia,1943,1
Andalusia,1944,1
Andalusia,1945,1
Andalusia,1946,1
Andalusia,1947,1
Andalusia,1948,1
Andalusia,1949,1
Andalusia,1950,1
Andalusia,1951,1
Andalusia,1952,1
Andalusia,1953,1
Andalusia,1954,1
Andalusia,1955,1
Andalusia,1956,1
Andalusia,1957,1
Andalusia,1958,1
Andalusia,1959,1
Andalusia,1960,1
Andalusia,1961,1
Andalusia,1962,1
Andalusia,1963,1
Andalusia,1964,1
Andalusia,1965,1
Andalusia,1966,1
Andalusia,1967,1
Andalusia,1968,1
Andalusia,1969,1
Andalusia,1970,1
Andalusia,1971,1
Andalusia,1972,1
Andalusia,1973,1
Andalusia,1974,1
Andalusia,1975,1
Andalusia,1976,1
Andalusia,1977,1
Andalusia,1978,1
Andalusia,1979,1
Andalusia,1980,1
Andalusia,1981,1
Andalusia,1982,1
Andalusia,1983,1
Andalusia,1984,1
Andalusia,1985,1
Andalusia,1986,1
Andalusia,1987,1
Andalusia,1988,1
Andalusia,1989,1
Andalusia,1990,2
Andalusia,1991,2
Andalusia,1992,2
Andalusia,1993,2
Andalusia,1994,2
Andalusia,1995,2
Andalusia,1996,2
Andalusia,1997,2
Andalusia,1998,2
Andalusia,1999,3
Andalusia,2000,5
Andalusia,2001,11
Andalusia,2002,14
Andalusia,2003,15
Andalusia,2004,15
Andalusia,2005,19
Andalusia,2006,19
Andalusia,2007,23
Andalusia,2008,23
Andalusia,2009,23
Andalusia,2010,23
Andalusia,2011,23
Andalusia,2012,23
Andalusia,2013,25
Andalusia,2014,25
Andalusia,2015,25
Andalusia,2016,25
Andalusia,2017,25
Andalusia,2018,25
Andalusia,2019,25
Andalusia,2020,25
Andalusia,2021,25
Andalusia,2022,25
Andalusia,2023,25
Andalusia,2024,25
Andalusia,2025,25
Andalusia,2026,25
Andorra,1872,0
Andorra,1873,0
Andorra,1874,0
Andorra,1875,0
Andorra,1876,0
Andorra,1877,0
Andorra,1878,0
Andorra,1879,0
Andorra,1880,0
Andorra,1881,0
Andorra,1882,0
Andorra,1883,0
Andorra,1884,0
Andorra,1885,0
Andorra,1886,0
Andorra,1887,0
Andorra,1888,0
Andorra,1889,0
Andorra,1890,0
Andorra,1891,0
Andorra,1892,0
Andorra,1893,0
Andorra,1894,0
Andorra,1895,0
Andorra,1896,0
Andorra,1897,0
Andorra,1898,0
Andorra,1899,0
Andorra,1900,0
Andorra,1901,0
Andorra,1902,0
Andorra,1903,0
Andorra,1904,0
Andorra,1905,0
Andorra,1906,0
Andorra,1907,0
Andorra,1908,0
Andorra,1909,0
Andorra,1910,0
Andorra,1911,0
Andorra,1912,0
Andorra,1913,0
Andorra,1914,0
Andorra,1915,0
Andorra,1916,0
Andorra,1917,0
Andorra,1918,0
Andorra,1919,0
Andorra,1920,0
Andorra,1921,0
Andorra,1922,0
Andorra,1923,0
Andorra,1924,0
Andorra,1925,0
Andorra,1926,0
Andorra,1927,0
Andorra,1928,0
Andorra,1929,0
Andorra,1930,0
Andorra,1931,0
Andorra,1932,0
Andorra,1933,0
Andorra,1934,0
Andorra,1935,0
Andorra,1936,0
Andorra,1937,0
Andorra,1938,0
Andorra,1939,0
Andorra,1940,0
Andorra,1941,0
Andorra,1942,0
Andorra,1943,0
Andorra,1944,0
Andorra,1945,0
Andorra,1946,0
Andorra,1947,0
Andorra,1948,0
Andorra,1949,0
Andorra,1950,0
Andorra,1951,0
Andorra,1952,0
Andorra,1953,0
Andorra,1954,0
Andorra,1955,0
Andorra,1956,0
Andorra,1957,0
Andorra,1958,0
Andorra,1959,0
Andorra,1960,0
Andorra,1961,0
Andorra,1962,0
Andorra,1963,0
Andorra,1964,0
Andorra,1965,0
Andorra,1966,0
Andorra,1967,0
Andorra,1968,0
Andorra,1969,0
Andorra,1970,0
Andorra,1971,0
Andorra,1972,0
Andorra,1973,0
Andorra,1974,0
Andorra,1975,0
Andorra,1976,0
Andorra,1977,0
Andorra,1978,0
Andorra,1979,0
Andorra,1980,0
Andorra,1981,0
Andorra,1982,0
Andorra,1983,0
Andorra,1984,0
Andorra,1985,0
Andorra,1986,0
Andorra,1987,0
Andorra,1988,0
Andorra,1989,0
Andorra,1990,0
Andorra,1991,0
Andorra,1992,0
Andorra,1993,0
Andorra,1994,0
Andorra,1995,0
Andorra,1996,1
Andorra,1997,3
Andorra,1998,5
Andorra,1999,7
Andorra,2000,13
Andorra,2001,15
Andorra,2002,19
Andorra,2003,19
Andorra,2004,21
Andorra,2005,23
Andorra,2006,24
Andorra,2007,25
Andorra,2008,27
Andorra,2009,30
Andorra,2010,31
Andorra,2011,32
Andorra,2012,32
Andorra,2013,33
Andorra,2014,35
Andorra,2015,37
Andorra,2016,38
Andorra,2017,39
Andorra,2018,42
Andorra,2019,45
Andorra,2020,47
Andorra,2021,56
Andorra,2022,64
Andorra,2023,67
Andorra,2024,70
Andorra,2025,73
Andorra,2026,75
Angola,1872,0
Angola,1873,0
Angola,1874,0
Angola,1875,0
Angola,1876,0
Angola,1877,0
Angola,1878,0
Angola,1879,0
Angola,1880,0
Angola,1881,0
Angola,1882,0
Angola,1883,0
Angola,1884,0
Angola,1885,0
Angola,1886,0
Angola,1887,0
Angola,1888,0
Angola,1889,0
Angola,1890,0
Angola,1891,0
Angola,1892,0
Angola,1893,0
Angola,1894,0
Angola,1895,0
Angola,1896,0
Angola,1897,0
Angola,1898,0
Angola,1899,0
Angola,1900,0
Angola,1901,0
Angola,1902,0
Angola,1903,0
Angola,1904,0
Angola,1905,0
Angola,1906,0
Angola,1907,0
Angola,1908,0
Angola,1909,0
Angola,1910,0
Angola,1911,0
Angola,1912,0
Angola,1913,0
Angola,1914,0
Angola,1915,0
Angola,1916,0
Angola,1917,0
Angola,1918,0
Angola,1919,0
Angola,1920,0
Angola,1921,0
Angola,1922,0
Angola,1923,0
Angola,1924,0
Angola,1925,0
Angola,1926,0
Angola,1927,0
Angola,1928,0
Angola,1929,0
Angola,1930,0
Angola,1931,0
Angola,1932,0
Angola,1933,0
Angola,1934,0
Angola,1935,0
Angola,1936,0
Angola,1937,0
Angola,1938,0
Angola,1939,0
Angola,1940,0
Angola,1941,0
Angola,1942,0
Angola,1943,0
Angola,1944,0
Angola,1945,0
Angola,1946,0
Angola,1947,0
Angola,1948,0
Angola,1949,0
Angola,1950,0
Angola,1951,0
Angola,1952,0
Angola,1953,0
Angola,1954,0
Angola,1955,0
Angola,1956,0
Angola,1957,0
Angola,1958,0
Angola,1959,0
Angola,1960,0
Angola,1961,0
Angola,1962,0
Angola,1963,0
Angola,1964,0
Angola,1965,0
Angola,1966,0
Angola,1967,0
Angola,1968,0
Angola,1969,0
Angola,1970,0
Angola,1971,0
Angola,1972,0
Angola,1973,0
Angola,1974,0
Angola,1975,0
Angola,1976,3
Angola,1977,3
Angola,1978,6
Angola,1979,9
Angola,1980,11
Angola,1981,13
Angola,1982,21
Angola,1983,22
Angola,1984,27
Angola,1985,37
Angola,1986,39
Angola,1987,44
Angola,1988,55
Angola,1989,64
Angola,1990,76
Angola,1991,78
Angola,1992,78
Angola,1993,81
Angola,1994,86
Angola,1995,100
Angola,1996,112
Angola,1997,120
Angola,1998,135
Angola,1999,148
Angola,2000,167
Angola,2001,188
Angola,2002,191
Angola,2003,208
Angola,2004,222
Angola,2005,235
Angola,2006,260
Angola,2007,276
Angola,2008,297
Angola,2009,304
Angola,2010,315
Angola,2011,324
Angola,2012,340
Angola,2013,356
Angola,2014,365
Angola,2015,373
Angola,2016,376
Angola,2017,378
Angola,2018,390
Angola,2019,399
Angola,2020,402
Angola,2021,410
Angola,2022,424
Angola,2023,433
Angola,2024,454
Angola,2025,466
Angola,2026,470
Anguilla,1872,0
Anguilla,1873,0
Anguilla,1874,0
Anguilla,1875,0
Anguilla,1876,0
Anguilla,1877,0
Anguilla,1878,0
Anguilla,1879,0
Anguilla,1880,0
Anguilla,1881,0
Anguilla,1882,0
Anguilla,1883,0
Anguilla,1884,0
Anguilla,1885,0
Anguilla,1886,0
Anguilla,1887,0
Anguilla,1888,0
Anguilla,1889,0
Anguilla,1890,0
Anguilla,1891,0
Anguilla,1892,0
Anguilla,1893,0
Anguilla,1894,0
Anguilla,1895,0
Anguilla,1896,0
Anguilla,1897,0
Anguilla,1898,0
Anguilla,1899,0
Anguilla,1900,0
Anguilla,1901,0
Anguilla,1902,0
Anguilla,1903,0
Anguilla,1904,0
Anguilla,1905,0
Anguilla,1906,0
Anguilla,1907,0
Anguilla,1908,0
Anguilla,1909,0
Anguilla,1910,0
Anguilla,1911,0
Anguilla,1912,0
Anguilla,1913,0
Anguilla,1914,0
Anguilla,1915,0
Anguilla,1916,0
Anguilla,1917,0
Anguilla,1918,0
Anguilla,1919,0
Anguilla,1920,0
Anguilla,1921,0
Anguilla,1922,0
Anguilla,1923,0
Anguilla,1924,0
Anguilla,1925,0
Anguilla,1926,0
Anguilla,1927,0
Anguilla,1928,0
Anguilla,1929,0
Anguilla,1930,0
Anguilla,1931,0
Anguilla,1932,0
Anguilla,1933,0
Anguilla,1934,0
Anguilla,1935,0
Anguilla,1936,0
Anguilla,1937,0
Anguilla,1938,0
Anguilla,1939,0
Anguilla,1940,0
Anguilla,1941,0
Anguilla,1942,0
Anguilla,1943,0
Anguilla,1944,0
Anguilla,1945,0
Anguilla,1946,0
Anguilla,1947,0
Anguilla,1948,0
Anguilla,1949,0
Anguilla,1950,0
Anguilla,1951,0
Anguilla,1952,0
Anguilla,1953,0
Anguilla,1954,0
Anguilla,1955,0
Anguilla,1956,0
Anguilla,1957,0
Anguilla,1958,0
Anguilla,1959,0
Anguilla,1960,0
Anguilla,1961,0
Anguilla,1962,0
Anguilla,1963,0
Anguilla,1964,0
Anguilla,1965,0
Anguilla,1966,0
Anguilla,1967,0
Anguilla,1968,0
Anguilla,1969,0
Anguilla,1970,0
Anguilla,1971,0
Anguilla,1972,0
Anguilla,1973,0
Anguilla,1974,0
Anguilla,1975,0
Anguilla,1976,0
Anguilla,1977,0
Anguilla,1978,0
Anguilla,1979,0
Anguilla,1980,0
Anguilla,1981,0
Anguilla,1982,0
Anguilla,1983,0
Anguilla,1984,0
Anguilla,1985,0
Anguilla,1986,0
Anguilla,1987,0
Anguilla,1988,0
Anguilla,1989,0
Anguilla,1990,0
Anguilla,1991,1
Anguilla,1992,1
Anguilla,1993,1
Anguilla,1994,1
Anguilla,1995,3
Anguilla,1996,3
Anguilla,1997,5
Anguilla,1998,6
Anguilla,1999,6
Anguilla,2000,12
Anguilla,2001,17
Anguilla,2002,19
Anguilla,2003,19
Anguilla,2004,19
Anguilla,2005,19
Anguilla,2006,24
Anguilla,2007,24
Anguilla,2008,25
Anguilla,2009,25
Anguilla,2010,31
Anguilla,2011,31
Anguilla,2012,32
Anguilla,2013,32
Anguilla,2014,32
Anguilla,2015,32
Anguilla,2016,32
Anguilla,2017,32
Anguilla,2018,37
Anguilla,2019,39
Anguilla,2020,39
Anguilla,2021,39
Anguilla,2022,40
Anguilla,2023,41
Anguilla,2024,45
Anguilla,2025,49
Anguilla,2026,52
Antigua and Barbuda,1872,0
Antigua and Barbuda,1873,0
Antigua and Barbuda,1874,0
Antigua and Barbuda,1875,0
Antigua and Barbuda,1876,0
Antigua and Barbuda,1877,0
Antigua and Barbuda,1878,0
Antigua and Barbuda,1879,0
Antigua and Barbuda,1880,0
Antigua and Barbuda,1881,0
Antigua and Barbuda,1882,0
Antigua and Barbuda,1883,0
Antigua and Barbuda,1884,0
Antigua and Barbuda,1885,0
Antigua and Barbuda,1886,0
Antigua and Barbuda,1887,0
Antigua and Barbuda,1888,0
Antigua and Barbuda,1889,0
Antigua and Barbuda,1890,0
Antigua and Barbuda,1891,0
Antigua and Barbuda,1892,0
Antigua and Barbuda,1893,0
Antigua and Barbuda,1894,0
Antigua and Barbuda,1895,0
Antigua and Barbuda,1896,0
Antigua and Barbuda,1897,0
Antigua and Barbuda,1898,0
Antigua and Barbuda,1899,0
Antigua and Barbuda,1900,0
Antigua and Barbuda,1901,0
Antigua and Barbuda,1902,0
Antigua and Barbuda,1903,0
Antigua and Barbuda,1904,0
Antigua and Barbuda,1905,0
Antigua and Barbuda,1906,0
Antigua and Barbuda,1907,0
Antigua and Barbuda,1908,0
Antigua and Barbuda,1909,0
Antigua and Barbuda,1910,0
Antigua and Barbuda,1911,0
Antigua and Barbuda,1912,0
Antigua and Barbuda,1913,0
Antigua and Barbuda,1914,0
Antigua and Barbuda,1915,0
Antigua and Barbuda,1916,0
Antigua and Barbuda,1917,0
Antigua and Barbuda,1918,0
Antigua and Barbuda,1919,0
Antigua and Barbuda,1920,0
Antigua and Barbuda,1921,0
Antigua and Barbuda,1922,0
Antigua and Barbuda,1923,0
Antigua and Barbuda,1924,0
Antigua and Barbuda,1925,0
Antigua and Barbuda,1926,0
Antigua and Barbuda,1927,0
Antigua and Barbuda,1928,0
Antigua and Barbuda,1929,0
Antigua and Barbuda,1930,0
Antigua and Barbuda,1931,0
Antigua and Barbuda,1932,0
Antigua and Barbuda,1933,0
Antigua and Barbuda,1934,0
Antigua and Barbuda,1935,0
Antigua and Barbuda,1936,0
Antigua and Barbuda,1937,0
Antigua and Barbuda,1938,0
Antigua and Barbuda,1939,0
Antigua and Barbuda,1940,0
Antigua and Barbuda,1941,0
Antigua and Barbuda,1942,0
Antigua and Barbuda,1943,0
Antigua and Barbuda,1944,0
Antigua and Barbuda,1945,0
Antigua and Barbuda,1946,0
Antigua and Barbuda,1947,0
Antigua and Barbuda,1948,0
Antigua and Barbuda,1949,0
Antigua and Barbuda,1950,0
Antigua and Barbuda,1951,0
Antigua and Barbuda,1952,0
Antigua and Barbuda,1953,0
Antigua and Barbuda,1954,0
Antigua and Barbuda,1955,0
Antigua and Barbuda,1956,0
Antigua and Barbuda,1957,0
Antigua and Barbuda,1958,0
Antigua and Barbuda,1959,0
Antigua and Barbuda,1960,0
Antigua and Barbuda,1961,0
Antigua and Barbuda,1962,0
Antigua and Barbuda,1963,0
Antigua and Barbuda,1964,0
Antigua and Barbuda,1965,0
Antigua and Barbuda,1966,0
Antigua and Barbuda,1967,0
Antigua and Barbuda,1968,0
Antigua and Barbuda,1969,0
Antigua and Barbuda,1970,0
Antigua and Barbuda,1971,0
Antigua and Barbuda,1972,3
Antigua and Barbuda,1973,3
Antigua and Barbuda,1974,3
Antigua and Barbuda,1975,4
Antigua and Barbuda,1976,4
Antigua and Barbuda,1977,4
Antigua and Barbuda,1978,5
Antigua and Barbuda,1979,6
Antigua and Barbuda,1980,6
Antigua and Barbuda,1981,6
Antigua and Barbuda,1982,6
Antigua and Barbuda,1983,17
Antigua and Barbuda,1984,19
Antigua and Barbuda,1985,21
Antigua and Barbuda,1986,21
Antigua and Barbuda,1987,21
Antigua and Barbuda,1988,27
Antigua and Barbuda,1989,29
Antigua and Barbuda,1990,32
Antigua and Barbuda,1991,32
Antigua and Barbuda,1992,46
Antigua and Barbuda,1993,53
Antigua and Barbuda,1994,63
Antigua and Barbuda,1995,70
Antigua and Barbuda,1996,74
Antigua and Barbuda,1997,77
Antigua and Barbuda,1998,92
Antigua and Barbuda,1999,98
Antigua and Barbuda,2000,108
Antigua and Barbuda,2001,113
Antigua and Barbuda,2002,119
Antigua and Barbuda,2003,119
Antigua and Barbuda,2004,130
Antigua and Barbuda,2005,134
Antigua and Barbuda,2006,146
Antigua and Barbuda,2007,148
Antigua and Barbuda,2008,187
Antigua and Barbuda,2009,192
Antigua and Barbuda,2010,202
Antigua and Barbuda,2011,234
Antigua and Barbuda,2012,241
Antigua and Barbuda,2013,241
Antigua and Barbuda,2014,245
Antigua and Barbuda,2015,255
Antigua and Barbuda,2016,257
Antigua and Barbuda,2017,257
Antigua and Barbuda,2018,269
Antigua and Barbuda,2019,282
Antigua and Barbuda,2020,282
Antigua and Barbuda,2021,288
Antigua and Barbuda,2022,291
Antigua and Barbuda,2023,302
Antigua and Barbuda,2024,305
Antigua and Barbuda,2025,306
Antigua and Barbuda,2026,306
Arameans Suryoye,1872,0
Arameans Suryoye,1873,0
Arameans Suryoye,1874,0
Arameans Suryoye,1875,0
Arameans Suryoye,1876,0
Arameans Suryoye,1877,0
Arameans Suryoye,1878,0
Arameans Suryoye,1879,0
Arameans Suryoye,1880,0
Arameans Suryoye,1881,0
Arameans Suryoye,1882,0
Arameans Suryoye,1883,0
Arameans Suryoye,1884,0
Arameans Suryoye,1885,0
Arameans Suryoye,1886,0
Arameans Suryoye,1887,0
Arameans Suryoye,1888,0
Arameans Suryoye,1889,0
Arameans Suryoye,1890,0
Arameans Suryoye,1891,0
Arameans Suryoye,1892,0
Arameans Suryoye,1893,0
Arameans Suryoye,1894,0
Arameans Suryoye,1895,0
Arameans Suryoye,1896,0
Arameans Suryoye,1897,0
Arameans Suryoye,1898,0
Arameans Suryoye,1899,0
Arameans Suryoye,1900,0
Arameans Suryoye,1901,0
Arameans Suryoye,1902,0
Arameans Suryoye,1903,0
Arameans Suryoye,1904,0
Arameans Suryoye,1905,0
Arameans Suryoye,1906,0
Arameans Suryoye,1907,0
Arameans Suryoye,1908,0
Arameans Suryoye,1909,0
Arameans Suryoye,1910,0
Arameans Suryoye,1911,0
Arameans Suryoye,1912,0
Arameans Suryoye,1913,0
Arameans Suryoye,1914,0
Arameans Suryoye,1915,0
Arameans Suryoye,1916,0
Arameans Suryoye,1917,0
Arameans Suryoye,1918,0
Arameans Suryoye,1919,0
Arameans Suryoye,1920,0
Arameans Suryoye,1921,0
Arameans Suryoye,1922,0
Arameans Suryoye,1923,0
Arameans Suryoye,1924,0
Arameans Suryoye,1925,0
Arameans Suryoye,1926,0
Arameans Suryoye,1927,0
Arameans Suryoye,1928,0
Arameans Suryoye,1929,0
Arameans Suryoye,1930,0
Arameans Suryoye,1931,0
Arameans Suryoye,1932,0
Arameans Suryoye,1933,0
Arameans Suryoye,1934,0
Arameans Suryoye,1935,0
Arameans Suryoye,1936,0
Arameans Suryoye,1937,0
Arameans Suryoye,1938,0
Arameans Suryoye,1939,0
Arameans Suryoye,1940,0
Arameans Suryoye,1941,0
Arameans Suryoye,1942,0
Arameans Suryoye,1943,0
Arameans Suryoye,1944,0
Arameans Suryoye,1945,0
Arameans Suryoye,1946,0
Arameans Suryoye,1947,0
Arameans Suryoye,1948,0
Arameans Suryoye,1949,0
Arameans Suryoye,1950,0
Arameans Suryoye,1951,0
Arameans Suryoye,1952,0
Arameans Suryoye,1953,0
Arameans Suryoye,1954,0
Arameans Suryoye,1955,0
Arameans Suryoye,1956,0
Arameans Suryoye,1957,0
Arameans Suryoye,1958,0
Arameans Suryoye,1959,0
Arameans Suryoye,1960,0
Arameans Suryoye,1961,0
Arameans Suryoye,1962,0
Arameans Suryoye,1963,0
Arameans Suryoye,1964,0
Arameans Suryoye,1965,0
Arameans Suryoye,1966,0
Arameans Suryoye,1967,0
Arameans Suryoye,1968,0
Arameans Suryoye,1969,0
Arameans Suryoye,1970,0
Arameans Suryoye,1971,0
Arameans Suryoye,1972,0
Arameans Suryoye,1973,0
Arameans Suryoye,1974,0
Arameans Suryoye,1975,0
Arameans Suryoye,1976,0
Arameans Suryoye,1977,0
Arameans Suryoye,1978,0
Arameans Suryoye,1979,0
Arameans Suryoye,1980,0
Arameans Suryoye,1981,0
Arameans Suryoye,1982,0
Arameans Suryoye,1983,0
Arameans Suryoye,1984,0
Arameans Suryoye,1985,0
Arameans Suryoye,1986,0
Arameans Suryoye,1987,0
Arameans Suryoye,1988,0
Arameans Suryoye,1989,0
Arameans Suryoye,1990,0
Arameans Suryoye,1991,0
Arameans Suryoye,1992,0
Arameans Suryoye,1993,0
Arameans Suryoye,1994,0
Arameans Suryoye,1995,0
Arameans Suryoye,1996,0
Arameans Suryoye,1997,0
Arameans Suryoye,1998,0
Arameans Suryoye,1999,0
Arameans Suryoye,2000,0
Arameans Suryoye,2001,0
Arameans Suryoye,2002,0
Arameans Suryoye,2003,0
Arameans Suryoye,2004,0
Arameans Suryoye,2005,0
Arameans Suryoye,2006,0
Arameans Suryoye,2007,0
Arameans Suryoye,2008,7
Arameans Suryoye,2009,7
Arameans Suryoye,2010,7
Arameans Suryoye,2011,7
Arameans Suryoye,2012,7
Arameans Suryoye,2013,7
Arameans Suryoye,2014,16
Arameans Suryoye,2015,16
Arameans Suryoye,2016,16
Arameans Suryoye,2017,16
Arameans Suryoye,2018,16
Arameans Suryoye,2019,16
Arameans Suryoye,2020,16
Arameans Suryoye,2021,16
Arameans Suryoye,2022,16
Arameans Suryoye,2023,16
Arameans Suryoye,2024,16
Arameans Suryoye,2025,16
Arameans Suryoye,2026,16
Argentina,1872,0
Argentina,1873,0
Argentina,1874,0
Argentina,1875,0
Argentina,1876,0
Argentina,1877,0
Argentina,1878,0
Argentina,1879,0
Argentina,1880,0
Argentina,1881,0
Argentina,1882,0
Argentina,1883,0
Argentina,1884,0
Argentina,1885,0
Argentina,1886,0
Argentina,1887,0
Argentina,1888,0
Argentina,1889,0
Argentina,1890,0
Argentina,1891,0
Argentina,1892,0
Argentina,1893,0
Argentina,1894,0
Argentina,1895,0
Argentina,1896,0
Argentina,1897,0
Argentina,1898,0
Argentina,1899,0
Argentina,1900,0
Argentina,1901,0
Argentina,1902,6
Argentina,1903,8
Argentina,1904,8
Argentina,1905,8
Argentina,1906,12
Argentina,1907,12
Argentina,1908,16
Argentina,1909,23
Argentina,1910,42
Argentina,1911,48
Argentina,1912,54
Argentina,1913,65
Argentina,1914,72
Argentina,1915,77
Argentina,1916,99
Argentina,1917,107
Argentina,1918,114
Argentina,1919,147
Argentina,1920,153
Argentina,1921,161
Argentina,1922,178
Argentina,1923,193
Argentina,1924,206
Argentina,1925,219
Argentina,1926,237
Argentina,1927,253
Argentina,1928,281
Argentina,1929,294
Argentina,1930,316
Argentina,1931,322
Argentina,1932,324
Argentina,1933,330
Argentina,1934,335
Argentina,1935,347
Argentina,1936,351
Argentina,1937,371
Argentina,1938,375
Argentina,1939,385
Argentina,1940,422
Argentina,1941,444
Argentina,1942,470
Argentina,1943,480
Argentina,1944,480
Argentina,1945,531
Argentina,1946,548
Argentina,1947,576
Argentina,1948,576
Argentina,1949,576
Argentina,1950,582
Argentina,1951,584
Argentina,1952,588
Argentina,1953,592
Argentina,1954,595
Argentina,1955,613
Argentina,1956,636
Argentina,1957,678
Argentina,1958,687
Argentina,1959,717
Argentina,1960,750
Argentina,1961,762
Argentina,1962,771
Argentina,1963,797
Argentina,1964,817
Argentina,1965,829
Argentina,1966,834
Argentina,1967,849
Argentina,1968,865
Argentina,1969,873
Argentina,1970,880
Argentina,1971,895
Argentina,1972,910
Argentina,1973,934
Argentina,1974,953
Argentina,1975,982
Argentina,1976,1004
Argentina,1977,1021
Argentina,1978,1049
Argentina,1979,1066
Argentina,1980,1086
Argentina,1981,1091
Argentina,1982,1104
Argentina,1983,1112
Argentina,1984,1123
Argentina,1985,1141
Argentina,1986,1155
Argentina,1987,1162
Argentina,1988,1170
Argentina,1989,1175
Argentina,1990,1184
Argentina,1991,1210
Argentina,1992,1223
Argentina,1993,1242
Argentina,1994,1263
Argentina,1995,1293
Argentina,1996,1305
Argentina,1997,1322
Argentina,1998,1349
Argentina,1999,1369
Argentina,2000,1393
Argentina,2001,1415
Argentina,2002,1423
Argentina,2003,1450
Argentina,2004,1486
Argentina,2005,1514
Argentina,2006,1530
Argentina,2007,1562
Argentina,2008,1575
Argentina,2009,1598
Argentina,2010,1629
Argentina,2011,1664
Argentina,2012,1690
Argentina,2013,1716
Argentina,2014,1742
Argentina,2015,1772
Argentina,2016,1802
Argentina,2017,1817
Argentina,2018,1841
Argentina,2019,1870
Argentina,2020,1876
Argentina,2021,1902
Argentina,2022,1943
Argentina,2023,1964
Argentina,2024,1997
Argentina,2025,2016
Argentina,2026,2047
Armenia,1872,0
Armenia,1873,0
Armenia,1874,0
Armenia,1875,0
Armenia,1876,0
Armenia,1877,0
Armenia,1878,0
Armenia,1879,0
Armenia,1880,0
Armenia,1881,0
Armenia,1882,0
Armenia,1883,0
Armenia,1884,0
Armenia,1885,0
Armenia,1886,0
Armenia,1887,0
Armenia,1888,0
Armenia,1889,0
Armenia,1890,0
Armenia,1891,0
Armenia,1892,0
Armenia,1893,0
Armenia,1894,0
Armenia,1895,0
Armenia,1896,0
Armenia,1897,0
Armenia,1898,0
Armenia,1899,0
Armenia,1900,0
Armenia,1901,0
Armenia,1902,0
Armenia,1903,0
Armenia,1904,0
Armenia,1905,0
Armenia,1906,0
Armenia,1907,0
Armenia,1908,0
Armenia,1909,0
Armenia,1910,0
Armenia,1911,0
Armenia,1912,0
Armenia,1913,0
Armenia,1914,0
Armenia,1915,0
Armenia,1916,0
Armenia,1917,0
Armenia,1918,0
Armenia,1919,0
Armenia,1920,0
Armenia,1921,0
Armenia,1922,0
Armenia,1923,0
Armenia,1924,0
Armenia,1925,0
Armenia,1926,0
Armenia,1927,0
Armenia,1928,0
Armenia,1929,0
Armenia,1930,0
Armenia,1931,0
Armenia,1932,0
Armenia,1933,0
Armenia,1934,0
Armenia,1935,0
Armenia,1936,0
Armenia,1937,0
Armenia,1938,0
Armenia,1939,0
Armenia,1940,0
Armenia,1941,0
Armenia,1942,0
Armenia,1943,0
Armenia,1944,0
Armenia,1945,0
Armenia,1946,0
Armenia,1947,0
Armenia,1948,0
Armenia,1949,0
Armenia,1950,0
Armenia,1951,0
Armenia,1952,0
Armenia,1953,0
Armenia,1954,0
Armenia,1955,0
Armenia,1956,0
Armenia,1957,0
Armenia,1958,0
Armenia,1959,0
Armenia,1960,0
Armenia,1961,0
Armenia,1962,0
Armenia,1963,0
Armenia,1964,0
Armenia,1965,0
Armenia,1966,0
Armenia,1967,0
Armenia,1968,0
Armenia,1969,0
Armenia,1970,0
Armenia,1971,0
Armenia,1972,0
Armenia,1973,0
Armenia,1974,0
Armenia,1975,0
Armenia,1976,0
Armenia,1977,0
Armenia,1978,0
Armenia,1979,0
Armenia,1980,0
Armenia,1981,0
Armenia,1982,0
Armenia,1983,0
Armenia,1984,0
Armenia,1985,0
Armenia,1986,0
Armenia,1987,0
Armenia,1988,0
Armenia,1989,0
Armenia,1990,0
Armenia,1991,0
Armenia,1992,0
Armenia,1993,0
Armenia,1994,1
Armenia,1995,6
Armenia,1996,11
Armenia,1997,16
Armenia,1998,22
Armenia,1999,27
Armenia,2000,36
Armenia,2001,42
Armenia,2002,46
Armenia,2003,51
Armenia,2004,59
Armenia,2005,67
Armenia,2006,67
Armenia,2007,74
Armenia,2008,81
Armenia,2009,87
Armenia,2010,101
Armenia,2011,115
Armenia,2012,128
Armenia,2013,139
Armenia,2014,147
Armenia,2015,150
Armenia,2016,165
Armenia,2017,183
Armenia,2018,198
Armenia,2019,212
Armenia,2020,221
Armenia,2021,232
Armenia,2022,239
Armenia,2023,251
Armenia,2024,263
Armenia,2025,271
Armenia,2026,274
Artsakh,1872,0
Artsakh,1873,0
Artsakh,1874,0
Artsakh,1875,0
Artsakh,1876,0
Artsakh,1877,0
Artsakh,1878,0
Artsakh,1879,0
Artsakh,1880,0
Artsakh,1881,0
Artsakh,1882,0
Artsakh,1883,0
Artsakh,1884,0
Artsakh,1885,0
Artsakh,1886,0
Artsakh,1887,0
Artsakh,1888,0
Artsakh,1889,0
Artsakh,1890,0
Artsakh,1891,0
Artsakh,1892,0
Artsakh,1893,0
Artsakh,1894,0
Artsakh,1895,0
Artsakh,1896,0
Artsakh,1897,0
Artsakh,1898,0
Artsakh,1899,0
Artsakh,1900,0
Artsakh,1901,0
Artsakh,1902,0
Artsakh,1903,0
Artsakh,1904,0
Artsakh,1905,0
Artsakh,1906,0
Artsakh,1907,0
Artsakh,1908,0
Artsakh,1909,0
Artsakh,1910,0
Artsakh,1911,0
Artsakh,1912,0
Artsakh,1913,0
Artsakh,1914,0
Artsakh,1915,0
Artsakh,1916,0
Artsakh,1917,0
Artsakh,1918,0
Artsakh,1919,0
Artsakh,1920,0
Artsakh,1921,0
Artsakh,1922,0
Artsakh,1923,0
Artsakh,1924,0
Artsakh,1925,0
Artsakh,1926,0
Artsakh,1927,0
Artsakh,1928,0
Artsakh,1929,0
Artsakh,1930,0
Artsakh,1931,0
Artsakh,1932,0
Artsakh,1933,0
Artsakh,1934,0
Artsakh,1935,0
Artsakh,1936,0
Artsakh,1937,0
Artsakh,1938,0
Artsakh,1939,0
Artsakh,1940,0
Artsakh,1941,0
Artsakh,1942,0
Artsakh,1943,0
Artsakh,1944,0
Artsakh,1945,0
Artsakh,1946,0
Artsakh,1947,0
Artsakh,1948,0
Artsakh,1949,0
Artsakh,1950,0
Artsakh,1951,0
Artsakh,1952,0
Artsakh,1953,0
Artsakh,1954,0
Artsakh,1955,0
Artsakh,1956,0
Artsakh,1957,0
Artsakh,1958,0
Artsakh,1959,0
Artsakh,1960,0
Artsakh,1961,0
Artsakh,1962,0
Artsakh,1963,0
Artsakh,1964,0
Artsakh,1965,0
Artsakh,1966,0
Artsakh,1967,0
Artsakh,1968,0
Artsakh,1969,0
Artsakh,1970,0
Artsakh,1971,0
Artsakh,1972,0
Artsakh,1973,0
Artsakh,1974,0
Artsakh,1975,0
Artsakh,1976,0
Artsakh,1977,0
Artsakh,1978,0
Artsakh,1979,0
Artsakh,1980,0
Artsakh,1981,0
Artsakh,1982,0
Artsakh,1983,0
Artsakh,1984,0
Artsakh,1985,0
Artsakh,1986,0
Artsakh,1987,0
Artsakh,1988,0
Artsakh,1989,0
Artsakh,1990,0
Artsakh,1991,0
Artsakh,1992,0
Artsakh,1993,0
Artsakh,1994,0
Artsakh,1995,0
Artsakh,1996,0
Artsakh,1997,0
Artsakh,1998,0
Artsakh,1999,0
Artsakh,2000,0
Artsakh,2001,0
Artsakh,2002,0
Artsakh,2003,0
Artsakh,2004,0
Artsakh,2005,0
Artsakh,2006,0
Artsakh,2007,0
Artsakh,2008,0
Artsakh,2009,0
Artsakh,2010,0
Artsakh,2011,0
Artsakh,2012,4
Artsakh,2013,4
Artsakh,2014,23
Artsakh,2015,23
Artsakh,2016,23
Artsakh,2017,23
Artsakh,2018,23
Artsakh,2019,32
Artsakh,2020,32
Artsakh,2021,32
Artsakh,2022,32
Artsakh,2023,32
Artsakh,2024,32
Artsakh,2025,32
Artsakh,2026,32
Aruba,1872,0
Aruba,1873,0
Aruba,1874,0
Aruba,1875,0
Aruba,1876,0
Aruba,1877,0
Aruba,1878,0
Aruba,1879,0
Aruba,1880,0
Aruba,1881,0
Aruba,1882,0
Aruba,1883,0
Aruba,1884,0
Aruba,1885,0
Aruba,1886,0
Aruba,1887,0
Aruba,1888,0
Aruba,1889,0
Aruba,1890,0
Aruba,1891,0
Aruba,1892,0
Aruba,1893,0
Aruba,1894,0
Aruba,1895,0
Aruba,1896,0
Aruba,1897,0
Aruba,1898,0
Aruba,1899,0
Aruba,1900,0
Aruba,1901,0
Aruba,1902,0
Aruba,1903,0
Aruba,1904,0
Aruba,1905,0
Aruba,1906,0
Aruba,1907,0
Aruba,1908,0
Aruba,1909,0
Aruba,1910,0
Aruba,1911,0
Aruba,1912,0
Aruba,1913,0
Aruba,1914,0
Aruba,1915,0
Aruba,1916,0
Aruba,1917,0
Aruba,1918,0
Aruba,1919,0
Aruba,1920,0
Aruba,1921,0
Aruba,1922,0
Aruba,1923,0
Aruba,1924,0
Aruba,1925,0
Aruba,1926,0
Aruba,1927,0
Aruba,1928,0
Aruba,1929,0
Aruba,1930,1
Aruba,1931,1
Aruba,1932,1
Aruba,1933,2
Aruba,1934,3
Aruba,1935,3
Aruba,1936,3
Aruba,1937,5
Aruba,1938,10
Aruba,1939,10
Aruba,1940,10
Aruba,1941,13
Aruba,1942,15
Aruba,1943,22
Aruba,1944,37
Aruba,1945,41
Aruba,1946,53
Aruba,1947,54
Aruba,1948,54
Aruba,1949,54
Aruba,1950,54
Aruba,1951,54
Aruba,1952,57
Aruba,1953,63
Aruba,1954,65
Aruba,1955,73
Aruba,1956,73
Aruba,1957,75
Aruba,1958,75
Aruba,1959,75
Aruba,1960,75
Aruba,1961,75
Aruba,1962,75
Aruba,1963,75
Aruba,1964,75
Aruba,1965,75
Aruba,1966,75
Aruba,1967,75
Aruba,1968,75
Aruba,1969,75
Aruba,1970,75
Aruba,1971,75
Aruba,1972,75
Aruba,1973,75
Aruba,1974,75
Aruba,1975,75
Aruba,1976,75
Aruba,1977,75
Aruba,1978,75
Aruba,1979,75
Aruba,1980,75
Aruba,1981,75
Aruba,1982,75
Aruba,1983,75
Aruba,1984,75
Aruba,1985,75
Aruba,1986,75
Aruba,1987,75
Aruba,1988,75
Aruba,1989,76
Aruba,1990,77
Aruba,1991,78
Aruba,1992,78
Aruba,1993,78
Aruba,1994,78
Aruba,1995,83
Aruba,1996,86
Aruba,1997,88
Aruba,1998,92
Aruba,1999,92
Aruba,2000,99
Aruba,2001,103
Aruba,2002,103
Aruba,2003,103
Aruba,2004,106
Aruba,2005,106
Aruba,2006,106
Aruba,2007,106
Aruba,2008,107
Aruba,2009,107
Aruba,2010,110
Aruba,2011,118
Aruba,2012,127
Aruba,2013,128
Aruba,2014,140
Aruba,2015,145
Aruba,2016,146
Aruba,2017,146
Aruba,2018,149
Aruba,2019,156
Aruba,2020,156
Aruba,2021,159
Aruba,2022,164
Aruba,2023,178
Aruba,2024,185
Aruba,2025,191
Aruba,2026,199
Asturias,1872,0
Asturias,1873,0
Asturias,1874,0
Asturias,1875,0
Asturias,1876,0
Asturias,1877,0
Asturias,1878,0
Asturias,1879,0
Asturias,1880,0
Asturias,1881,0
Asturias,1882,0
Asturias,1883,0
Asturias,1884,0
Asturias,1885,0
Asturias,1886,0
Asturias,1887,0
Asturias,1888,0
Asturias,1889,0
Asturias,1890,0
Asturias,1891,0
Asturias,1892,0
Asturias,1893,0
Asturias,1894,0
Asturias,1895,0
Asturias,1896,0
Asturias,1897,0
Asturias,1898,0
Asturias,1899,0
Asturias,1900,0
Asturias,1901,0
Asturias,1902,0
Asturias,1903,0
Asturias,1904,0
Asturias,1905,0
Asturias,1906,0
Asturias,1907,0
Asturias,1908,0
Asturias,1909,0
Asturias,1910,0
Asturias,1911,0
Asturias,1912,0
Asturias,1913,0
Asturias,1914,0
Asturias,1915,0
Asturias,1916,0
Asturias,1917,0
Asturias,1918,0
Asturias,1919,0
Asturias,1920,0
Asturias,1921,0
Asturias,1922,0
Asturias,1923,3
Asturias,1924,3
Asturias,1925,3
Asturias,1926,3
Asturias,1927,3
Asturias,1928,3
Asturias,1929,3
Asturias,1930,3
Asturias,1931,3
Asturias,1932,3
Asturias,1933,3
Asturias,1934,3
Asturias,1935,3
Asturias,1936,3
Asturias,1937,3
Asturias,1938,3
Asturias,1939,3
Asturias,1940,3
Asturias,1941,3
Asturias,1942,3
Asturias,1943,3
Asturias,1944,3
Asturias,1945,3
Asturias,1946,3
Asturias,1947,3
Asturias,1948,3
Asturias,1949,3
Asturias,1950,3
Asturias,1951,3
Asturias,1952,3
Asturias,1953,3
Asturias,1954,3
Asturias,1955,3
Asturias,1956,3
Asturias,1957,3
Asturias,1958,3
Asturias,1959,3
Asturias,1960,3
Asturias,1961,3
Asturias,1962,3
Asturias,1963,3
Asturias,1964,3
Asturias,1965,3
Asturias,1966,3
Asturias,1967,3
Asturias,1968,3
Asturias,1969,3
Asturias,1970,3
Asturias,1971,3
Asturias,1972,3
Asturias,1973,3
Asturias,1974,3
Asturias,1975,3
Asturias,1976,3
Asturias,1977,3
Asturias,1978,3
Asturias,1979,3
Asturias,1980,3
Asturias,1981,3
Asturias,1982,3
Asturias,1983,3
Asturias,1984,3
Asturias,1985,3
Asturias,1986,3
Asturias,1987,3
Asturias,1988,3
Asturias,1989,3
Asturias,1990,3
Asturias,1991,3
Asturias,1992,3
Asturias,1993,3
Asturias,1994,3
Asturias,1995,3
Asturias,1996,3
Asturias,1997,3
Asturias,1998,3
Asturias,1999,3
Asturias,2000,3
Asturias,2001,3
Asturias,2002,3
Asturias,2003,3
Asturias,2004,3
Asturias,2005,3
Asturias,2006,3
Asturias,2007,3
Asturias,2008,3
Asturias,2009,3
Asturias,2010,3
Asturias,2011,3
Asturias,2012,3
Asturias,2013,3
Asturias,2014,3
Asturias,2015,3
Asturias,2016,3
Asturias,2017,3
Asturias,2018,3
Asturias,2019,3
Asturias,2020,3
Asturias,2021,3
Asturias,2022,3
Asturias,2023,3
Asturias,2024,3
Asturias,2025,3
Asturias,2026,3
Australia,1872,0
Australia,1873,0
Australia,1874,0
Australia,1875,0
Australia,1876,0
Australia,1877,0
Australia,1878,0
Australia,1879,0
Australia,1880,0
Australia,1881,0
Australia,1882,0
Australia,1883,0
Australia,1884,0
Australia,1885,0
Australia,1886,0
Australia,1887,0
Australia,1888,0
Australia,1889,0
Australia,1890,0
Australia,1891,0
Australia,1892,0
Australia,1893,0
Australia,1894,0
Australia,1895,0
Australia,1896,0
Australia,1897,0
Australia,1898,0
Australia,1899,0
Australia,1900,0
Australia,1901,0
Australia,1902,0
Australia,1903,0
Australia,1904,0
Australia,1905,0
Australia,1906,0
Australia,1907,0
Australia,1908,0
Australia,1909,0
Australia,1910,0
Australia,1911,0
Australia,1912,0
Australia,1913,0
Australia,1914,0
Australia,1915,0
Australia,1916,0
Australia,1917,0
Australia,1918,0
Australia,1919,0
Australia,1920,0
Australia,1921,0
Australia,1922,3
Australia,1923,8
Australia,1924,17
Australia,1925,17
Australia,1926,17
Australia,1927,17
Australia,1928,17
Australia,1929,17
Australia,1930,17
Australia,1931,17
Australia,1932,17
Australia,1933,31
Australia,1934,31
Australia,1935,31
Australia,1936,52
Australia,1937,52
Australia,1938,70
Australia,1939,70
Australia,1940,70
Australia,1941,70
Australia,1942,70
Australia,1943,70
Australia,1944,70
Australia,1945,70
Australia,1946,70
Australia,1947,82
Australia,1948,107
Australia,1949,107
Australia,1950,123
Australia,1951,123
Australia,1952,123
Australia,1953,123
Australia,1954,132
Australia,1955,133
Australia,1956,134
Australia,1957,134
Australia,1958,139
Australia,1959,139
Australia,1960,139
Australia,1961,139
Australia,1962,139
Australia,1963,139
Australia,1964,139
Australia,1965,148
Australia,1966,148
Australia,1967,163
Australia,1968,169
Australia,1969,183
Australia,1970,198
Australia,1971,202
Australia,1972,219
Australia,1973,243
Australia,1974,246
Australia,1975,247
Australia,1976,258
Australia,1977,282
Australia,1978,283
Australia,1979,283
Australia,1980,320
Australia,1981,342
Australia,1982,349
Australia,1983,356
Australia,1984,358
Australia,1985,381
Australia,1986,387
Australia,1987,390
Australia,1988,406
Australia,1989,412
Australia,1990,415
Australia,1991,418
Australia,1992,441
Australia,1993,452
Australia,1994,455
Australia,1995,463
Australia,1996,484
Australia,1997,530
Australia,1998,554
Australia,1999,554
Australia,2000,593
Australia,2001,673
Australia,2002,696
Australia,2003,702
Australia,2004,739
Australia,2005,766
Australia,2006,785
Australia,2007,800
Australia,2008,818
Australia,2009,831
Australia,2010,844
Australia,2011,878
Australia,2012,911
Australia,2013,930
Australia,2014,941
Australia,2015,974
Australia,2016,997
Australia,2017,1015
Australia,2018,1037
Australia,2019,1059
Australia,2020,1059
Australia,2021,1080
Australia,2022,1097
Australia,2023,1113
Australia,2024,1144
Australia,2025,1160
Australia,2026,1170
Austria,1872,0
Austria,1873,0
Austria,1874,0
Austria,1875,0
Austria,1876,0
Austria,1877,0
Austria,1878,0
Austria,1879,0
Austria,1880,0
Austria,1881,0
Austria,1882,0
Austria,1883,0
Austria,1884,0
Austria,1885,0
Austria,1886,0
Austria,1887,0
Austria,1888,0
Austria,1889,0
Austria,1890,0
Austria,1891,0
Austria,1892,0
Austria,1893,0
Austria,1894,0
Austria,1895,0
Austria,1896,0
Austria,1897,0
Austria,1898,0
Austria,1899,0
Austria,1900,0
Austria,1901,0
Austria,1902,5
Austria,1903,11
Austria,1904,16
Austria,1905,16
Austria,1906,17
Austria,1907,21
Austria,1908,33
Austria,1909,40
Austria,1910,42
Austria,1911,47
Austria,1912,63
Austria,1913,69
Austria,1914,74
Austria,1915,86
Austria,1916,96
Austria,1917,105
Austria,1918,110
Austria,1919,115
Austria,1920,122
Austria,1921,139
Austria,1922,154
Austria,1923,159
Austria,1924,189
Austria,1925,210
Austria,1926,233
Austria,1927,252
Austria,1928,274
Austria,1929,288
Austria,1930,297
Austria,1931,328
Austria,1932,358
Austria,1933,376
Austria,1934,407
Austria,1935,419
Austria,1936,441
Austria,1937,454
Austria,1938,454
Austria,1939,458
Austria,1940,458
Austria,1941,458
Austria,1942,458
Austria,1943,458
Austria,1944,458
Austria,1945,464
Austria,1946,473
Austria,1947,486
Austria,1948,499
Austria,1949,515
Austria,1950,540
Austria,1951,559
Austria,1952,574
Austria,1953,586
Austria,1954,614
Austria,1955,627
Austria,1956,640
Austria,1957,662
Austria,1958,676
Austria,1959,693
Austria,1960,709
Austria,1961,718
Austria,1962,728
Austria,1963,735
Austria,1964,741
Austria,1965,748
Austria,1966,753
Austria,1967,762
Austria,1968,774
Austria,1969,783
Austria,1970,788
Austria,1971,802
Austria,1972,816
Austria,1973,823
Austria,1974,828
Austria,1975,837
Austria,1976,851
Austria,1977,868
Austria,1978,883
Austria,1979,899
Austria,1980,912
Austria,1981,920
Austria,1982,942
Austria,1983,948
Austria,1984,959
Austria,1985,964
Austria,1986,974
Austria,1987,982
Austria,1988,996
Austria,1989,1006
Austria,1990,1020
Austria,1991,1026
Austria,1992,1044
Austria,1993,1056
Austria,1994,1068
Austria,1995,1092
Austria,1996,1099
Austria,1997,1113
Austria,1998,1136
Austria,1999,1151
Austria,2000,1162
Austria,2001,1171
Austria,2002,1181
Austria,2003,1195
Austria,2004,1209
Austria,2005,1220
Austria,2006,1232
Austria,2007,1239
Austria,2008,1258
Austria,2009,1268
Austria,2010,1280
Austria,2011,1293
Austria,2012,1306
Austria,2013,1323
Austria,2014,1333
Austria,2015,1352
Austria,2016,1364
Austria,2017,1375
Austria,2018,1390
Austria,2019,1409
Austria,2020,1423
Austria,2021,1447
Austria,2022,1459
Austria,2023,1479
Austria,2024,1511
Austria,2025,1534
Austria,2026,1547
Aymara,1872,0
Aymara,1873,0
Aymara,1874,0
Aymara,1875,0
Aymara,1876,0
Aymara,1877,0
Aymara,1878,0
Aymara,1879,0
Aymara,1880,0
Aymara,1881,0
Aymara,1882,0
Aymara,1883,0
Aymara,1884,0
Aymara,1885,0
Aymara,1886,0
Aymara,1887,0
Aymara,1888,0
Aymara,1889,0
Aymara,1890,0
Aymara,1891,0
Aymara,1892,0
Aymara,1893,0
Aymara,1894,0
Aymara,1895,0
Aymara,1896,0
Aymara,1897,0
Aymara,1898,0
Aymara,1899,0
Aymara,1900,0
Aymara,1901,0
Aymara,1902,0
Aymara,1903,0
Aymara,1904,0
Aymara,1905,0
Aymara,1906,0
Aymara,1907,0
Aymara,1908,0
Aymara,1909,0
Aymara,1910,0
Aymara,1911,0
Aymara,1912,0
Aymara,1913,0
Aymara,1914,0
Aymara,1915,0
Aymara,1916,0
Aymara,1917,0
Aymara,1918,0
Aymara,1919,0
Aymara,1920,0
Aymara,1921,0
Aymara,1922,0
Aymara,1923,0
Aymara,1924,0
Aymara,1925,0
Aymara,1926,0
Aymara,1927,0
Aymara,1928,0
Aymara,1929,0
Aymara,1930,0
Aymara,1931,0
Aymara,1932,0
Aymara,1933,0
Aymara,1934,0
Aymara,1935,0
Aymara,1936,0
Aymara,1937,0
Aymara,1938,0
Aymara,1939,0
Aymara,1940,0
Aymara,1941,0
Aymara,1942,0
Aymara,1943,0
Aymara,1944,0
Aymara,1945,0
Aymara,1946,0
Aymara,1947,0
Aymara,1948,0
Aymara,1949,0
Aymara,1950,0
Aymara,1951,0
Aymara,1952,0
Aymara,1953,0
Aymara,1954,0
Aymara,1955,0
Aymara,1956,0
Aymara,1957,0
Aymara,1958,0
Aymara,1959,0
Aymara,1960,0
Aymara,1961,0
Aymara,1962,0
Aymara,1963,0
Aymara,1964,0
Aymara,1965,0
Aymara,1966,0
Aymara,1967,0
Aymara,1968,0
Aymara,1969,0
Aymara,1970,0
Aymara,1971,0
Aymara,1972,0
Aymara,1973,0
Aymara,1974,0
Aymara,1975,0
Aymara,1976,0
Aymara,1977,0
Aymara,1978,0
Aymara,1979,0
Aymara,1980,0
Aymara,1981,0
Aymara,1982,0
Aymara,1983,0
Aymara,1984,0
Aymara,1985,0
Aymara,1986,0
Aymara,1987,0
Aymara,1988,0
Aymara,1989,0
Aymara,1990,0
Aymara,1991,0
Aymara,1992,0
Aymara,1993,0
Aymara,1994,0
Aymara,1995,0
Aymara,1996,0
Aymara,1997,0
Aymara,1998,0
Aymara,1999,0
Aymara,2000,0
Aymara,2001,0
Aymara,2002,0
Aymara,2003,0
Aymara,2004,0
Aymara,2005,0
Aymara,2006,0
Aymara,2007,0
Aymara,2008,0
Aymara,2009,0
Aymara,2010,0
Aymara,2011,0
Aymara,2012,0
Aymara,2013,0
Aymara,2014,0
Aymara,2015,0
Aymara,2016,0
Aymara,2017,0
Aymara,2018,0
Aymara,2019,0
Aymara,2020,0
Aymara,2021,0
Aymara,2022,1
Aymara,2023,1
Aymara,2024,1
Aymara,2025,1
Aymara,2026,1
Azerbaijan,1872,0
Azerbaijan,1873,0
Azerbaijan,1874,0
Azerbaijan,1875,0
Azerbaijan,1876,0
Azerbaijan,1877,0
Azerbaijan,1878,0
Azerbaijan,1879,0
Azerbaijan,1880,0
Azerbaijan,1881,0
Azerbaijan,1882,0
Azerbaijan,1883,0
Azerbaijan,1884,0
Azerbaijan,1885,0
Azerbaijan,1886,0
Azerbaijan,1887,0
Azerbaijan,1888,0
Azerbaijan,1889,0
Azerbaijan,1890,0
Azerbaijan,1891,0
Azerbaijan,1892,0
Azerbaijan,1893,0
Azerbaijan,1894,0
Azerbaijan,1895,0
Azerbaijan,1896,0
Azerbaijan,1897,0
Azerbaijan,1898,0
Azerbaijan,1899,0
Azerbaijan,1900,0
Azerbaijan,1901,0
Azerbaijan,1902,0
Azerbaijan,1903,0
Azerbaijan,1904,0
Azerbaijan,1905,0
Azerbaijan,1906,0
Azerbaijan,1907,0
Azerbaijan,1908,0
Azerbaijan,1909,0
Azerbaijan,1910,0
Azerbaijan,1911,0
Azerbaijan,1912,0
Azerbaijan,1913,0
Azerbaijan,1914,0
Azerbaijan,1915,0
Azerbaijan,1916,0
Azerbaijan,1917,0
Azerbaijan,1918,0
Azerbaijan,1919,0
Azerbaijan,1920,0
Azerbaijan,1921,0
Azerbaijan,1922,0
Azerbaijan,1923,0
Azerbaijan,1924,0
Azerbaijan,1925,0
Azerbaijan,1926,0
Azerbaijan,1927,0
Azerbaijan,1928,0
Azerbaijan,1929,0
Azerbaijan,1930,0
Azerbaijan,1931,0
Azerbaijan,1932,0
Azerbaijan,1933,0
Azerbaijan,1934,0
Azerbaijan,1935,0
Azerbaijan,1936,0
Azerbaijan,1937,0
Azerbaijan,1938,0
Azerbaijan,1939,0
Azerbaijan,1940,0
Azerbaijan,1941,0
Azerbaijan,1942,0
Azerbaijan,1943,0
Azerbaijan,1944,0
Azerbaijan,1945,0
Azerbaijan,1946,0
Azerbaijan,1947,0
Azerbaijan,1948,0
Azerbaijan,1949,0
Azerbaijan,1950,0
Azerbaijan,1951,0
Azerbaijan,1952,0
Azerbaijan,1953,0
Azerbaijan,1954,0
Azerbaijan,1955,0
Azerbaijan,1956,0
Azerbaijan,1957,0
Azerbaijan,1958,0
Azerbaijan,1959,0
Azerbaijan,1960,0
Azerbaijan,1961,0
Azerbaijan,1962,0
Azerbaijan,1963,0
Azerbaijan,1964,0
Azerbaijan,1965,0
Azerbaijan,1966,0
Azerbaijan,1967,0
Azerbaijan,1968,0
Azerbaijan,1969,0
Azerbaijan,1970,0
Azerbaijan,1971,0
Azerbaijan,1972,0
Azerbaijan,1973,0
Azerbaijan,1974,0
Azerbaijan,1975,0
Azerbaijan,1976,0
Azerbaijan,1977,0
Azerbaijan,1978,0
Azerbaijan,1979,0
Azerbaijan,1980,0
Azerbaijan,1981,0
Azerbaijan,1982,0
Azerbaijan,1983,0
Azerbaijan,1984,0
Azerbaijan,1985,0
Azerbaijan,1986,0
Azerbaijan,1987,0
Azerbaijan,1988,0
Azerbaijan,1989,0
Azerbaijan,1990,0
Azerbaijan,1991,0
Azerbaijan,1992,3
Azerbaijan,1993,9
Azerbaijan,1994,9
Azerbaijan,1995,11
Azerbaijan,1996,17
Azerbaijan,1997,22
Azerbaijan,1998,31
Azerbaijan,1999,39
Azerbaijan,2000,41
Azerbaijan,2001,46
Azerbaijan,2002,48
Azerbaijan,2003,56
Azerbaijan,2004,67
Azerbaijan,2005,69
Azerbaijan,2006,71
Azerbaijan,2007,82
Azerbaijan,2008,88
Azerbaijan,2009,96
Azerbaijan,2010,105
Azerbaijan,2011,114
Azerbaijan,2012,124
Azerbaijan,2013,135
Azerbaijan,2014,138
Azerbaijan,2015,146
Azerbaijan,2016,150
Azerbaijan,2017,160
Azerbaijan,2018,174
Azerbaijan,2019,182
Azerbaijan,2020,184
Azerbaijan,2021,195
Azerbaijan,2022,207
Azerbaijan,2023,216
Azerbaijan,2024,225
Azerbaijan,2025,229
Azerbaijan,2026,238
Bahamas,1872,0
Bahamas,1873,0
Bahamas,1874,0
Bahamas,1875,0
Bahamas,1876,0
Bahamas,1877,0
Bahamas,1878,0
Bahamas,1879,0
Bahamas,1880,0
Bahamas,1881,0
Bahamas,1882,0
Bahamas,1883,0
Bahamas,1884,0
Bahamas,1885,0
Bahamas,1886,0
Bahamas,1887,0
Bahamas,1888,0
Bahamas,1889,0
Bahamas,1890,0
Bahamas,1891,0
Bahamas,1892,0
Bahamas,1893,0
Bahamas,1894,0
Bahamas,1895,0
Bahamas,1896,0
Bahamas,1897,0
Bahamas,1898,0
Bahamas,1899,0
Bahamas,1900,0
Bahamas,1901,0
Bahamas,1902,0
Bahamas,1903,0
Bahamas,1904,0
Bahamas,1905,0
Bahamas,1906,0
Bahamas,1907,0
Bahamas,1908,0
Bahamas,1909,0
Bahamas,1910,0
Bahamas,1911,0
Bahamas,1912,0
Bahamas,1913,0
Bahamas,1914,0
Bahamas,1915,0
Bahamas,1916,0
Bahamas,1917,0
Bahamas,1918,0
Bahamas,1919,0
Bahamas,1920,0
Bahamas,1921,0
Bahamas,1922,0
Bahamas,1923,0
Bahamas,1924,0
Bahamas,1925,0
Bahamas,1926,0
Bahamas,1927,0
Bahamas,1928,0
Bahamas,1929,0
Bahamas,1930,0
Bahamas,1931,0
Bahamas,1932,0
Bahamas,1933,0
Bahamas,1934,0
Bahamas,1935,0
Bahamas,1936,0
Bahamas,1937,0
Bahamas,1938,0
Bahamas,1939,0
Bahamas,1940,0
Bahamas,1941,0
Bahamas,1942,0
Bahamas,1943,0
Bahamas,1944,0
Bahamas,1945,0
Bahamas,1946,0
Bahamas,1947,0
Bahamas,1948,0
Bahamas,1949,0
Bahamas,1950,0
Bahamas,1951,0
Bahamas,1952,0
Bahamas,1953,0
Bahamas,1954,0
Bahamas,1955,0
Bahamas,1956,0
Bahamas,1957,0
Bahamas,1958,0
Bahamas,1959,0
Bahamas,1960,0
Bahamas,1961,0
Bahamas,1962,0
Bahamas,1963,0
Bahamas,1964,0
Bahamas,1965,0
Bahamas,1966,0
Bahamas,1967,0
Bahamas,1968,0
Bahamas,1969,0
Bahamas,1970,0
Bahamas,1971,0
Bahamas,1972,0
Bahamas,1973,0
Bahamas,1974,0
Bahamas,1975,0
Bahamas,1976,0
Bahamas,1977,0
Bahamas,1978,0
Bahamas,1979,0
Bahamas,1980,0
Bahamas,1981,0
Bahamas,1982,0
Bahamas,1983,0
Bahamas,1984,0
Bahamas,1985,0
Bahamas,1986,0
Bahamas,1987,0
Bahamas,1988,0
Bahamas,1989,0
Bahamas,1990,0
Bahamas,1991,0
Bahamas,1992,0
Bahamas,1993,0
Bahamas,1994,0
Bahamas,1995,0
Bahamas,1996,0
Bahamas,1997,0
Bahamas,1998,0
Bahamas,1999,4
Bahamas,2000,9
Bahamas,2001,9
Bahamas,2002,9
Bahamas,2003,9
Bahamas,2004,11
Bahamas,2005,11
Bahamas,2006,18
Bahamas,2007,18
Bahamas,2008,21
Bahamas,2009,21
Bahamas,2010,21
Bahamas,2011,31
Bahamas,2012,31
Bahamas,2013,31
Bahamas,2014,31
Bahamas,2015,31
Bahamas,2016,31
Bahamas,2017,31
Bahamas,2018,32
Bahamas,2019,48
Bahamas,2020,48
Bahamas,2021,48
Bahamas,2022,54
Bahamas,2023,62
Bahamas,2024,73
Bahamas,2025,74
Bahamas,2026,75
Bahrain,1872,0
Bahrain,1873,0
Bahrain,1874,0
Bahrain,1875,0
Bahrain,1876,0
Bahrain,1877,0
Bahrain,1878,0
Bahrain,1879,0
Bahrain,1880,0
Bahrain,1881,0
Bahrain,1882,0
Bahrain,1883,0
Bahrain,1884,0
Bahrain,1885,0
Bahrain,1886,0
Bahrain,1887,0
Bahrain,1888,0
Bahrain,1889,0
Bahrain,1890,0
Bahrain,1891,0
Bahrain,1892,0
Bahrain,1893,0
Bahrain,1894,0
Bahrain,1895,0
Bahrain,1896,0
Bahrain,1897,0
Bahrain,1898,0
Bahrain,1899,0
Bahrain,1900,0
Bahrain,1901,0
Bahrain,1902,0
Bahrain,1903,0
Bahrain,1904,0
Bahrain,1905,0
Bahrain,1906,0
Bahrain,1907,0
Bahrain,1908,0
Bahrain,1909,0
Bahrain,1910,0
Bahrain,1911,0
Bahrain,1912,0
Bahrain,1913,0
Bahrain,1914,0
Bahrain,1915,0
Bahrain,1916,0
Bahrain,1917,0
Bahrain,1918,0
Bahrain,1919,0
Bahrain,1920,0
Bahrain,1921,0
Bahrain,1922,0
Bahrain,1923,0
Bahrain,1924,0
Bahrain,1925,0
Bahrain,1926,0
Bahrain,1927,0
Bahrain,1928,0
Bahrain,1929,0
Bahrain,1930,0
Bahrain,1931,0
Bahrain,1932,0
Bahrain,1933,0
Bahrain,1934,0
Bahrain,1935,0
Bahrain,1936,0
Bahrain,1937,0
Bahrain,1938,0
Bahrain,1939,0
Bahrain,1940,0
Bahrain,1941,0
Bahrain,1942,0
Bahrain,1943,0
Bahrain,1944,0
Bahrain,1945,0
Bahrain,1946,0
Bahrain,1947,0
Bahrain,1948,0
Bahrain,1949,0
Bahrain,1950,0
Bahrain,1951,0
Bahrain,1952,0
Bahrain,1953,0
Bahrain,1954,0
Bahrain,1955,0
Bahrain,1956,0
Bahrain,1957,0
Bahrain,1958,0
Bahrain,1959,0
Bahrain,1960,0
Bahrain,1961,0
Bahrain,1962,0
Bahrain,1963,0
Bahrain,1964,0
Bahrain,1965,0
Bahrain,1966,7
Bahrain,1967,7
Bahrain,1968,7
Bahrain,1969,7
Bahrain,1970,10
Bahrain,1971,18
Bahrain,1972,27
Bahrain,1973,27
Bahrain,1974,33
Bahrain,1975,33
Bahrain,1976,42
Bahrain,1977,49
Bahrain,1978,52
Bahrain,1979,62
Bahrain,1980,65
Bahrain,1981,67
Bahrain,1982,77
Bahrain,1983,77
Bahrain,1984,80
Bahrain,1985,98
Bahrain,1986,115
Bahrain,1987,117
Bahrain,1988,127
Bahrain,1989,127
Bahrain,1990,128
Bahrain,1991,128
Bahrain,1992,134
Bahrain,1993,143
Bahrain,1994,154
Bahrain,1995,154
Bahrain,1996,161
Bahrain,1997,168
Bahrain,1998,179
Bahrain,1999,179
Bahrain,2000,188
Bahrain,2001,216
Bahrain,2002,238
Bahrain,2003,265
Bahrain,2004,323
Bahrain,2005,348
Bahrain,2006,353
Bahrain,2007,375
Bahrain,2008,403
Bahrain,2009,444
Bahrain,2010,468
Bahrain,2011,480
Bahrain,2012,506
Bahrain,2013,520
Bahrain,2014,529
Bahrain,2015,543
Bahrain,2016,556
Bahrain,2017,573
Bahrain,2018,593
Bahrain,2019,611
Bahrain,2020,618
Bahrain,2021,654
Bahrain,2022,675
Bahrain,2023,689
Bahrain,2024,714
Bahrain,2025,725
Bahrain,2026,725
Bangladesh,1872,0
Bangladesh,1873,0
Bangladesh,1874,0
Bangladesh,1875,0
Bangladesh,1876,0
Bangladesh,1877,0
Bangladesh,1878,0
Bangladesh,1879,0
Bangladesh,1880,0
Bangladesh,1881,0
Bangladesh,1882,0
Bangladesh,1883,0
Bangladesh,1884,0
Bangladesh,1885,0
Bangladesh,1886,0
Bangladesh,1887,0
Bangladesh,1888,0
Bangladesh,1889,0
Bangladesh,1890,0
Bangladesh,1891,0
Bangladesh,1892,0
Bangladesh,1893,0
Bangladesh,1894,0
Bangladesh,1895,0
Bangladesh,1896,0
Bangladesh,1897,0
Bangladesh,1898,0
Bangladesh,1899,0
Bangladesh,1900,0
Bangladesh,1901,0
Bangladesh,1902,0
Bangladesh,1903,0
Bangladesh,1904,0
Bangladesh,1905,0
Bangladesh,1906,0
Bangladesh,1907,0
Bangladesh,1908,0
Bangladesh,1909,0
Bangladesh,1910,0
Bangladesh,1911,0
Bangladesh,1912,0
Bangladesh,1913,0
Bangladesh,1914,0
Bangladesh,1915,0
Bangladesh,1916,0
Bangladesh,1917,0
Bangladesh,1918,0
Bangladesh,1919,0
Bangladesh,1920,0
Bangladesh,1921,0
Bangladesh,1922,0
Bangladesh,1923,0
Bangladesh,1924,0
Bangladesh,1925,0
Bangladesh,1926,0
Bangladesh,1927,0
Bangladesh,1928,0
Bangladesh,1929,0
Bangladesh,1930,0
Bangladesh,1931,0
Bangladesh,1932,0
Bangladesh,1933,0
Bangladesh,1934,0
Bangladesh,1935,0
Bangladesh,1936,0
Bangladesh,1937,0
Bangladesh,1938,0
Bangladesh,1939,0
Bangladesh,1940,0
Bangladesh,1941,0
Bangladesh,1942,0
Bangladesh,1943,0
Bangladesh,1944,0
Bangladesh,1945,0
Bangladesh,1946,0
Bangladesh,1947,0
Bangladesh,1948,0
Bangladesh,1949,0
Bangladesh,1950,0
Bangladesh,1951,0
Bangladesh,1952,0
Bangladesh,1953,0
Bangladesh,1954,0
Bangladesh,1955,0
Bangladesh,1956,0
Bangladesh,1957,0
Bangladesh,1958,0
Bangladesh,1959,0
Bangladesh,1960,0
Bangladesh,1961,0
Bangladesh,1962,0
Bangladesh,1963,0
Bangladesh,1964,0
Bangladesh,1965,0
Bangladesh,1966,0
Bangladesh,1967,0
Bangladesh,1968,0
Bangladesh,1969,0
Bangladesh,1970,0
Bangladesh,1971,0
Bangladesh,1972,0
Bangladesh,1973,6
Bangladesh,1974,6
Bangladesh,1975,9
Bangladesh,1976,9
Bangladesh,1977,9
Bangladesh,1978,9
Bangladesh,1979,14
Bangladesh,1980,16
Bangladesh,1981,16
Bangladesh,1982,20
Bangladesh,1983,21
Bangladesh,1984,41
Bangladesh,1985,61
Bangladesh,1986,62
Bangladesh,1987,65
Bangladesh,1988,66
Bangladesh,1989,74
Bangladesh,1990,74
Bangladesh,1991,78
Bangladesh,1992,78
Bangladesh,1993,88
Bangladesh,1994,90
Bangladesh,1995,97
Bangladesh,1996,97
Bangladesh,1997,102
Bangladesh,1998,102
Bangladesh,1999,117
Bangladesh,2000,119
Bangladesh,2001,128
Bangladesh,2002,128
Bangladesh,2003,139
Bangladesh,2004,139
Bangladesh,2005,147
Bangladesh,2006,155
Bangladesh,2007,160
Bangladesh,2008,164
Bangladesh,2009,175
Bangladesh,2010,178
Bangladesh,2011,186
Bangladesh,2012,188
Bangladesh,2013,196
Bangladesh,2014,200
Bangladesh,2015,210
Bangladesh,2016,216
Bangladesh,2017,216
Bangladesh,2018,221
Bangladesh,2019,231
Bangladesh,2020,233
Bangladesh,2021,243
Bangladesh,2022,247
Bangladesh,2023,261
Bangladesh,2024,264
Bangladesh,2025,274
Bangladesh,2026,276
Barawa,1872,0
Barawa,1873,0
Barawa,1874,0
Barawa,1875,0
Barawa,1876,0
Barawa,1877,0
Barawa,1878,0
Barawa,1879,0
Barawa,1880,0
Barawa,1881,0
Barawa,1882,0
Barawa,1883,0
Barawa,1884,0
Barawa,1885,0
Barawa,1886,0
Barawa,1887,0
Barawa,1888,0
Barawa,1889,0
Barawa,1890,0
Barawa,1891,0
Barawa,1892,0
Barawa,1893,0
Barawa,1894,0
Barawa,1895,0
Barawa,1896,0
Barawa,1897,0
Barawa,1898,0
Barawa,1899,0
Barawa,1900,0
Barawa,1901,0
Barawa,1902,0
Barawa,1903,0
Barawa,1904,0
Barawa,1905,0
Barawa,1906,0
Barawa,1907,0
Barawa,1908,0
Barawa,1909,0
Barawa,1910,0
Barawa,1911,0
Barawa,1912,0
Barawa,1913,0
Barawa,1914,0
Barawa,1915,0
Barawa,1916,0
Barawa,1917,0
Barawa,1918,0
Barawa,1919,0
Barawa,1920,0
Barawa,1921,0
Barawa,1922,0
Barawa,1923,0
Barawa,1924,0
Barawa,1925,0
Barawa,1926,0
Barawa,1927,0
Barawa,1928,0
Barawa,1929,0
Barawa,1930,0
Barawa,1931,0
Barawa,1932,0
Barawa,1933,0
Barawa,1934,0
Barawa,1935,0
Barawa,1936,0
Barawa,1937,0
Barawa,1938,0
Barawa,1939,0
Barawa,1940,0
Barawa,1941,0
Barawa,1942,0
Barawa,1943,0
Barawa,1944,0
Barawa,1945,0
Barawa,1946,0
Barawa,1947,0
Barawa,1948,0
Barawa,1949,0
Barawa,1950,0
Barawa,1951,0
Barawa,1952,0
Barawa,1953,0
Barawa,1954,0
Barawa,1955,0
Barawa,1956,0
Barawa,1957,0
Barawa,1958,0
Barawa,1959,0
Barawa,1960,0
Barawa,1961,0
Barawa,1962,0
Barawa,1963,0
Barawa,1964,0
Barawa,1965,0
Barawa,1966,0
Barawa,1967,0
Barawa,1968,0
Barawa,1969,0
Barawa,1970,0
Barawa,1971,0
Barawa,1972,0
Barawa,1973,0
Barawa,1974,0
Barawa,1975,0
Barawa,1976,0
Barawa,1977,0
Barawa,1978,0
Barawa,1979,0
Barawa,1980,0
Barawa,1981,0
Barawa,1982,0
Barawa,1983,0
Barawa,1984,0
Barawa,1985,0
Barawa,1986,0
Barawa,1987,0
Barawa,1988,0
Barawa,1989,0
Barawa,1990,0
Barawa,1991,0
Barawa,1992,0
Barawa,1993,0
Barawa,1994,0
Barawa,1995,0
Barawa,1996,0
Barawa,1997,0
Barawa,1998,0
Barawa,1999,0
Barawa,2000,0
Barawa,2001,0
Barawa,2002,0
Barawa,2003,0
Barawa,2004,0
Barawa,2005,0
Barawa,2006,0
Barawa,2007,0
Barawa,2008,0
Barawa,2009,0
Barawa,2010,0
Barawa,2011,0
Barawa,2012,0
Barawa,2013,0
Barawa,2014,0
Barawa,2015,0
Barawa,2016,2
Barawa,2017,2
Barawa,2018,16
Barawa,2019,16
Barawa,2020,16
Barawa,2021,16
Barawa,2022,16
Barawa,2023,16
Barawa,2024,16
Barawa,2025,16
Barawa,2026,16
Barbados,1872,0
Barbados,1873,0
Barbados,1874,0
Barbados,1875,0
Barbados,1876,0
Barbados,1877,0
Barbados,1878,0
Barbados,1879,0
Barbados,1880,0
Barbados,1881,0
Barbados,1882,0
Barbados,1883,0
Barbados,1884,0
Barbados,1885,0
Barbados,1886,0
Barbados,1887,0
Barbados,1888,0
Barbados,1889,0
Barbados,1890,0
Barbados,1891,0
Barbados,1892,0
Barbados,1893,0
Barbados,1894,0
Barbados,1895,0
Barbados,1896,0
Barbados,1897,0
Barbados,1898,0
Barbados,1899,0
Barbados,1900,0
Barbados,1901,0
Barbados,1902,0
Barbados,1903,0
Barbados,1904,0
Barbados,1905,0
Barbados,1906,0
Barbados,1907,0
Barbados,1908,0
Barbados,1909,0
Barbados,1910,0
Barbados,1911,0
Barbados,1912,0
Barbados,1913,0
Barbados,1914,0
Barbados,1915,0
Barbados,1916,0
Barbados,1917,0
Barbados,1918,0
Barbados,1919,0
Barbados,1920,0
Barbados,1921,0
Barbados,1922,0
Barbados,1923,0
Barbados,1924,0
Barbados,1925,0
Barbados,1926,0
Barbados,1927,0
Barbados,1928,0
Barbados,1929,7
Barbados,1930,7
Barbados,1931,13
Barbados,1932,17
Barbados,1933,24
Barbados,1934,24
Barbados,1935,24
Barbados,1936,24
Barbados,1937,24
Barbados,1938,24
Barbados,1939,24
Barbados,1940,24
Barbados,1941,24
Barbados,1942,27
Barbados,1943,27
Barbados,1944,31
Barbados,1945,31
Barbados,1946,31
Barbados,1947,31
Barbados,1948,31
Barbados,1949,31
Barbados,1950,31
Barbados,1951,43
Barbados,1952,43
Barbados,1953,43
Barbados,1954,43
Barbados,1955,43
Barbados,1956,43
Barbados,1957,43
Barbados,1958,43
Barbados,1959,46
Barbados,1960,46
Barbados,1961,46
Barbados,1962,46
Barbados,1963,46
Barbados,1964,46
Barbados,1965,46
Barbados,1966,46
Barbados,1967,46
Barbados,1968,46
Barbados,1969,46
Barbados,1970,46
Barbados,1971,47
Barbados,1972,47
Barbados,1973,50
Barbados,1974,50
Barbados,1975,51
Barbados,1976,54
Barbados,1977,54
Barbados,1978,58
Barbados,1979,61
Barbados,1980,61
Barbados,1981,64
Barbados,1982,66
Barbados,1983,68
Barbados,1984,68
Barbados,1985,76
Barbados,1986,77
Barbados,1987,84
Barbados,1988,84
Barbados,1989,90
Barbados,1990,106
Barbados,1991,106
Barbados,1992,110
Barbados,1993,119
Barbados,1994,122
Barbados,1995,131
Barbados,1996,135
Barbados,1997,140
Barbados,1998,148
Barbados,1999,157
Barbados,2000,177
Barbados,2001,188
Barbados,2002,194
Barbados,2003,201
Barbados,2004,213
Barbados,2005,224
Barbados,2006,245
Barbados,2007,248
Barbados,2008,269
Barbados,2009,274
Barbados,2010,281
Barbados,2011,290
Barbados,2012,293
Barbados,2013,293
Barbados,2014,300
Barbados,2015,307
Barbados,2016,308
Barbados,2017,320
Barbados,2018,326
Barbados,2019,343
Barbados,2020,345
Barbados,2021,349
Barbados,2022,350
Barbados,2023,362
Barbados,2024,385
Barbados,2025,390
Barbados,2026,393
Basque Country,1872,0
Basque Country,1873,0
Basque Country,1874,0
Basque Country,1875,0
Basque Country,1876,0
Basque Country,1877,0
Basque Country,1878,0
Basque Country,1879,0
Basque Country,1880,0
Basque Country,1881,0
Basque Country,1882,0
Basque Country,1883,0
Basque Country,1884,0
Basque Country,1885,0
Basque Country,1886,0
Basque Country,1887,0
Basque Country,1888,0
Basque Country,1889,0
Basque Country,1890,0
Basque Country,1891,0
Basque Country,1892,0
Basque Country,1893,0
Basque Country,1894,0
Basque Country,1895,0
Basque Country,1896,0
Basque Country,1897,0
Basque Country,1898,0
Basque Country,1899,0
Basque Country,1900,0
Basque Country,1901,0
Basque Country,1902,0
Basque Country,1903,0
Basque Country,1904,0
Basque Country,1905,0
Basque Country,1906,0
Basque Country,1907,0
Basque Country,1908,0
Basque Country,1909,0
Basque Country,1910,0
Basque Country,1911,0
Basque Country,1912,0
Basque Country,1913,0
Basque Country,1914,0
Basque Country,1915,9
Basque Country,1916,17
Basque Country,1917,17
Basque Country,1918,17
Basque Country,1919,17
Basque Country,1920,17
Basque Country,1921,17
Basque Country,1922,19
Basque Country,1923,19
Basque Country,1924,21
Basque Country,1925,21
Basque Country,1926,21
Basque Country,1927,21
Basque Country,1928,21
Basque Country,1929,21
Basque Country,1930,22
Basque Country,1931,25
Basque Country,1932,25
Basque Country,1933,25
Basque Country,1934,25
Basque Country,1935,25
Basque Country,1936,25
Basque Country,1937,56
Basque Country,1938,78
Basque Country,1939,78
Basque Country,1940,78
Basque Country,1941,78
Basque Country,1942,78
Basque Country,1943,78
Basque Country,1944,78
Basque Country,1945,78
Basque Country,1946,78
Basque Country,1947,78
Basque Country,1948,78
Basque Country,1949,78
Basque Country,1950,78
Basque Country,1951,78
Basque Country,1952,78
Basque Country,1953,78
Basque Country,1954,78
Basque Country,1955,78
Basque Country,1956,78
Basque Country,1957,78
Basque Country,1958,78
Basque Country,1959,78
Basque Country,1960,78
Basque Country,1961,78
Basque Country,1962,78
Basque Country,1963,78
Basque Country,1964,78
Basque Country,1965,78
Basque Country,1966,78
Basque Country,1967,78
Basque Country,1968,78
Basque Country,1969,78
Basque Country,1970,78
Basque Country,1971,79
Basque Country,1972,79
Basque Country,1973,79
Basque Country,1974,79
Basque Country,1975,79
Basque Country,1976,79
Basque Country,1977,79
Basque Country,1978,79
Basque Country,1979,83
Basque Country,1980,84
Basque Country,1981,84
Basque Country,1982,84
Basque Country,1983,84
Basque Country,1984,84
Basque Country,1985,84
Basque Country,1986,84
Basque Country,1987,84
Basque Country,1988,84
Basque Country,1989,84
Basque Country,1990,86
Basque Country,1991,86
Basque Country,1992,86
Basque Country,1993,89
Basque Country,1994,90
Basque Country,1995,91
Basque Country,1996,94
Basque Country,1997,97
Basque Country,1998,102
Basque Country,1999,107
Basque Country,2000,110
Basque Country,2001,115
Basque Country,2002,116
Basque Country,2003,118
Basque Country,2004,120
Basque Country,2005,120
Basque Country,2006,126
Basque Country,2007,131
Basque Country,2008,131
Basque Country,2009,131
Basque Country,2010,134
Basque Country,2011,136
Basque Country,2012,142
Basque Country,2013,148
Basque Country,2014,149
Basque Country,2015,150
Basque Country,2016,154
Basque Country,2017,154
Basque Country,2018,158
Basque Country,2019,158
Basque Country,2020,160
Basque Country,2021,160
Basque Country,2022,160
Basque Country,2023,160
Basque Country,2024,161
Basque Country,2025,164
Basque Country,2026,164
Belarus,1872,0
Belarus,1873,0
Belarus,1874,0
Belarus,1875,0
Belarus,1876,0
Belarus,1877,0
Belarus,1878,0
Belarus,1879,0
Belarus,1880,0
Belarus,1881,0
Belarus,1882,0
Belarus,1883,0
Belarus,1884,0
Belarus,1885,0
Belarus,1886,0
Belarus,1887,0
Belarus,1888,0
Belarus,1889,0
Belarus,1890,0
Belarus,1891,0
Belarus,1892,0
Belarus,1893,0
Belarus,1894,0
Belarus,1895,0
Belarus,1896,0
Belarus,1897,0
Belarus,1898,0
Belarus,1899,0
Belarus,1900,0
Belarus,1901,0
Belarus,1902,0
Belarus,1903,0
Belarus,1904,0
Belarus,1905,0
Belarus,1906,0
Belarus,1907,0
Belarus,1908,0
Belarus,1909,0
Belarus,1910,0
Belarus,1911,0
Belarus,1912,0
Belarus,1913,0
Belarus,1914,0
Belarus,1915,0
Belarus,1916,0
Belarus,1917,0
Belarus,1918,0
Belarus,1919,0
Belarus,1920,0
Belarus,1921,0
Belarus,1922,0
Belarus,1923,0
Belarus,1924,0
Belarus,1925,0
Belarus,1926,0
Belarus,1927,0
Belarus,1928,9
Belarus,1929,9
Belarus,1930,9
Belarus,1931,9
Belarus,1932,9
Belarus,1933,9
Belarus,1934,9
Belarus,1935,9
Belarus,1936,9
Belarus,1937,9
Belarus,1938,9
Belarus,1939,9
Belarus,1940,9
Belarus,1941,9
Belarus,1942,9
Belarus,1943,9
Belarus,1944,9
Belarus,1945,9
Belarus,1946,9
Belarus,1947,9
Belarus,1948,9
Belarus,1949,9
Belarus,1950,9
Belarus,1951,9
Belarus,1952,9
Belarus,1953,9
Belarus,1954,9
Belarus,1955,9
Belarus,1956,13
Belarus,1957,13
Belarus,1958,13
Belarus,1959,13
Belarus,1960,13
Belarus,1961,13
Belarus,1962,13
Belarus,1963,13
Belarus,1964,13
Belarus,1965,13
Belarus,1966,13
Belarus,1967,15
Belarus,1968,15
Belarus,1969,15
Belarus,1970,15
Belarus,1971,15
Belarus,1972,15
Belarus,1973,15
Belarus,1974,15
Belarus,1975,15
Belarus,1976,15
Belarus,1977,15
Belarus,1978,15
Belarus,1979,22
Belarus,1980,22
Belarus,1981,22
Belarus,1982,22
Belarus,1983,22
Belarus,1984,22
Belarus,1985,22
Belarus,1986,22
Belarus,1987,22
Belarus,1988,22
Belarus,1989,22
Belarus,1990,22
Belarus,1991,22
Belarus,1992,23
Belarus,1993,25
Belarus,1994,29
Belarus,1995,36
Belarus,1996,46
Belarus,1997,50
Belarus,1998,60
Belarus,1999,64
Belarus,2000,71
Belarus,2001,78
Belarus,2002,90
Belarus,2003,100
Belarus,2004,121
Belarus,2005,131
Belarus,2006,145
Belarus,2007,160
Belarus,2008,174
Belarus,2009,192
Belarus,2010,207
Belarus,2011,215
Belarus,2012,223
Belarus,2013,238
Belarus,2014,255
Belarus,2015,263
Belarus,2016,269
Belarus,2017,277
Belarus,2018,291
Belarus,2019,295
Belarus,2020,308
Belarus,2021,318
Belarus,2022,326
Belarus,2023,335
Belarus,2024,338
Belarus,2025,354
Belarus,2026,363
Belgium,1872,0
Belgium,1873,0
Belgium,1874,0
Belgium,1875,0
Belgium,1876,0
Belgium,1877,0
Belgium,1878,0
Belgium,1879,0
Belgium,1880,0
Belgium,1881,0
Belgium,1882,0
Belgium,1883,0
Belgium,1884,0
Belgium,1885,0
Belgium,1886,0
Belgium,1887,0
Belgium,1888,0
Belgium,1889,0
Belgium,1890,0
Belgium,1891,0
Belgium,1892,0
Belgium,1893,0
Belgium,1894,0
Belgium,1895,0
Belgium,1896,0
Belgium,1897,0
Belgium,1898,0
Belgium,1899,0
Belgium,1900,0
Belgium,1901,0
Belgium,1902,0
Belgium,1903,0
Belgium,1904,3
Belgium,1905,11
Belgium,1906,24
Belgium,1907,28
Belgium,1908,34
Belgium,1909,41
Belgium,1910,51
Belgium,1911,62
Belgium,1912,76
Belgium,1913,96
Belgium,1914,103
Belgium,1915,103
Belgium,1916,103
Belgium,1917,103
Belgium,1918,103
Belgium,1919,118
Belgium,1920,127
Belgium,1921,133
Belgium,1922,142
Belgium,1923,151
Belgium,1924,158
Belgium,1925,164
Belgium,1926,178
Belgium,1927,188
Belgium,1928,207
Belgium,1929,215
Belgium,1930,236
Belgium,1931,249
Belgium,1932,262
Belgium,1933,275
Belgium,1934,288
Belgium,1935,299
Belgium,1936,304
Belgium,1937,312
Belgium,1938,328
Belgium,1939,341
Belgium,1940,350
Belgium,1941,350
Belgium,1942,350
Belgium,1943,350
Belgium,1944,351
Belgium,1945,354
Belgium,1946,368
Belgium,1947,376
Belgium,1948,387
Belgium,1949,401
Belgium,1950,424
Belgium,1951,440
Belgium,1952,450
Belgium,1953,467
Belgium,1954,489
Belgium,1955,496
Belgium,1956,508
Belgium,1957,526
Belgium,1958,534
Belgium,1959,541
Belgium,1960,554
Belgium,1961,569
Belgium,1962,580
Belgium,1963,591
Belgium,1964,598
Belgium,1965,612
Belgium,1966,621
Belgium,1967,634
Belgium,1968,651
Belgium,1969,655
Belgium,1970,663
Belgium,1971,677
Belgium,1972,692
Belgium,1973,697
Belgium,1974,705
Belgium,1975,708
Belgium,1976,712
Belgium,1977,717
Belgium,1978,720
Belgium,1979,730
Belgium,1980,749
Belgium,1981,757
Belgium,1982,772
Belgium,1983,780
Belgium,1984,790
Belgium,1985,796
Belgium,1986,820
Belgium,1987,827
Belgium,1988,836
Belgium,1989,856
Belgium,1990,869
Belgium,1991,877
Belgium,1992,890
Belgium,1993,899
Belgium,1994,911
Belgium,1995,925
Belgium,1996,932
Belgium,1997,950
Belgium,1998,961
Belgium,1999,981
Belgium,2000,997
Belgium,2001,1022
Belgium,2002,1036
Belgium,2003,1052
Belgium,2004,1058
Belgium,2005,1075
Belgium,2006,1087
Belgium,2007,1097
Belgium,2008,1107
Belgium,2009,1122
Belgium,2010,1134
Belgium,2011,1151
Belgium,2012,1167
Belgium,2013,1185
Belgium,2014,1213
Belgium,2015,1237
Belgium,2016,1275
Belgium,2017,1306
Belgium,2018,1347
Belgium,2019,1387
Belgium,2020,1406
Belgium,2021,1445
Belgium,2022,1463
Belgium,2023,1489
Belgium,2024,1504
Belgium,2025,1537
Belgium,2026,1564
Belize,1872,0
Belize,1873,0
Belize,1874,0
Belize,1875,0
Belize,1876,0
Belize,1877,0
Belize,1878,0
Belize,1879,0
Belize,1880,0
Belize,1881,0
Belize,1882,0
Belize,1883,0
Belize,1884,0
Belize,1885,0
Belize,1886,0
Belize,1887,0
Belize,1888,0
Belize,1889,0
Belize,1890,0
Belize,1891,0
Belize,1892,0
Belize,1893,0
Belize,1894,0
Belize,1895,0
Belize,1896,0
Belize,1897,0
Belize,1898,0
Belize,1899,0
Belize,1900,0
Belize,1901,0
Belize,1902,0
Belize,1903,0
Belize,1904,0
Belize,1905,0
Belize,1906,0
Belize,1907,0
Belize,1908,0
Belize,1909,0
Belize,1910,0
Belize,1911,0
Belize,1912,0
Belize,1913,0
Belize,1914,0
Belize,1915,0
Belize,1916,0
Belize,1917,0
Belize,1918,0
Belize,1919,0
Belize,1920,0
Belize,1921,0
Belize,1922,0
Belize,1923,0
Belize,1924,0
Belize,1925,0
Belize,1926,0
Belize,1927,0
Belize,1928,0
Belize,1929,0
Belize,1930,0
Belize,1931,0
Belize,1932,0
Belize,1933,0
Belize,1934,0
Belize,1935,0
Belize,1936,0
Belize,1937,0
Belize,1938,0
Belize,1939,0
Belize,1940,0
Belize,1941,0
Belize,1942,0
Belize,1943,0
Belize,1944,0
Belize,1945,0
Belize,1946,0
Belize,1947,0
Belize,1948,0
Belize,1949,0
Belize,1950,0
Belize,1951,0
Belize,1952,0
Belize,1953,0
Belize,1954,0
Belize,1955,0
Belize,1956,0
Belize,1957,0
Belize,1958,0
Belize,1959,0
Belize,1960,0
Belize,1961,0
Belize,1962,0
Belize,1963,0
Belize,1964,0
Belize,1965,0
Belize,1966,0
Belize,1967,0
Belize,1968,0
Belize,1969,0
Belize,1970,0
Belize,1971,0
Belize,1972,0
Belize,1973,0
Belize,1974,0
Belize,1975,0
Belize,1976,0
Belize,1977,0
Belize,1978,0
Belize,1979,0
Belize,1980,0
Belize,1981,0
Belize,1982,0
Belize,1983,0
Belize,1984,0
Belize,1985,0
Belize,1986,0
Belize,1987,0
Belize,1988,0
Belize,1989,0
Belize,1990,0
Belize,1991,0
Belize,1992,0
Belize,1993,0
Belize,1994,0
Belize,1995,1
Belize,1996,3
Belize,1997,4
Belize,1998,4
Belize,1999,5
Belize,2000,7
Belize,2001,17
Belize,2002,27
Belize,2003,27
Belize,2004,27
Belize,2005,27
Belize,2006,27
Belize,2007,30
Belize,2008,34
Belize,2009,37
Belize,2010,39
Belize,2011,59
Belize,2012,59
Belize,2013,62
Belize,2014,62
Belize,2015,69
Belize,2016,70
Belize,2017,72
Belize,2018,82
Belize,2019,91
Belize,2020,91
Belize,2021,96
Belize,2022,98
Belize,2023,104
Belize,2024,122
Belize,2025,130
Belize,2026,133
Benin,1872,0
Benin,1873,0
Benin,1874,0
Benin,1875,0
Benin,1876,0
Benin,1877,0
Benin,1878,0
Benin,1879,0
Benin,1880,0
Benin,1881,0
Benin,1882,0
Benin,1883,0
Benin,1884,0
Benin,1885,0
Benin,1886,0
Benin,1887,0
Benin,1888,0
Benin,1889,0
Benin,1890,0
Benin,1891,0
Benin,1892,0
Benin,1893,0
Benin,1894,0
Benin,1895,0
Benin,1896,0
Benin,1897,0
Benin,1898,0
Benin,1899,0
Benin,1900,0
Benin,1901,0
Benin,1902,0
Benin,1903,0
Benin,1904,0
Benin,1905,0
Benin,1906,0
Benin,1907,0
Benin,1908,0
Benin,1909,0
Benin,1910,0
Benin,1911,0
Benin,1912,0
Benin,1913,0
Benin,1914,0
Benin,1915,0
Benin,1916,0
Benin,1917,0
Benin,1918,0
Benin,1919,0
Benin,1920,0
Benin,1921,0
Benin,1922,0
Benin,1923,0
Benin,1924,0
Benin,1925,0
Benin,1926,0
Benin,1927,0
Benin,1928,0
Benin,1929,0
Benin,1930,0
Benin,1931,0
Benin,1932,0
Benin,1933,0
Benin,1934,0
Benin,1935,0
Benin,1936,0
Benin,1937,0
Benin,1938,0
Benin,1939,0
Benin,1940,0
Benin,1941,0
Benin,1942,0
Benin,1943,0
Benin,1944,0
Benin,1945,0
Benin,1946,0
Benin,1947,0
Benin,1948,0
Benin,1949,0
Benin,1950,0
Benin,1951,0
Benin,1952,0
Benin,1953,0
Benin,1954,0
Benin,1955,0
Benin,1956,0
Benin,1957,0
Benin,1958,0
Benin,1959,1
Benin,1960,3
Benin,1961,17
Benin,1962,17
Benin,1963,26
Benin,1964,30
Benin,1965,37
Benin,1966,42
Benin,1967,47
Benin,1968,49
Benin,1969,51
Benin,1970,55
Benin,1971,55
Benin,1972,63
Benin,1973,63
Benin,1974,65
Benin,1975,65
Benin,1976,65
Benin,1977,65
Benin,1978,65
Benin,1979,72
Benin,1980,73
Benin,1981,75
Benin,1982,84
Benin,1983,93
Benin,1984,103
Benin,1985,103
Benin,1986,103
Benin,1987,106
Benin,1988,108
Benin,1989,108
Benin,1990,109
Benin,1991,112
Benin,1992,115
Benin,1993,120
Benin,1994,120
Benin,1995,120
Benin,1996,130
Benin,1997,133
Benin,1998,137
Benin,1999,137
Benin,2000,143
Benin,2001,149
Benin,2002,154
Benin,2003,170
Benin,2004,182
Benin,2005,185
Benin,2006,188
Benin,2007,201
Benin,2008,217
Benin,2009,225
Benin,2010,232
Benin,2011,238
Benin,2012,243
Benin,2013,249
Benin,2014,256
Benin,2015,261
Benin,2016,271
Benin,2017,282
Benin,2018,284
Benin,2019,299
Benin,2020,302
Benin,2021,309
Benin,2022,318
Benin,2023,326
Benin,2024,338
Benin,2025,347
Benin,2026,352
Bermuda,1872,0
Bermuda,1873,0
Bermuda,1874,0
Bermuda,1875,0
Bermuda,1876,0
Bermuda,1877,0
Bermuda,1878,0
Bermuda,1879,0
Bermuda,1880,0
Bermuda,1881,0
Bermuda,1882,0
Bermuda,1883,0
Bermuda,1884,0
Bermuda,1885,0
Bermuda,1886,0
Bermuda,1887,0
Bermuda,1888,0
Bermuda,1889,0
Bermuda,1890,0
Bermuda,1891,0
Bermuda,1892,0
Bermuda,1893,0
Bermuda,1894,0
Bermuda,1895,0
Bermuda,1896,0
Bermuda,1897,0
Bermuda,1898,0
Bermuda,1899,0
Bermuda,1900,0
Bermuda,1901,0
Bermuda,1902,0
Bermuda,1903,0
Bermuda,1904,0
Bermuda,1905,0
Bermuda,1906,0
Bermuda,1907,0
Bermuda,1908,0
Bermuda,1909,0
Bermuda,1910,0
Bermuda,1911,0
Bermuda,1912,0
Bermuda,1913,0
Bermuda,1914,0
Bermuda,1915,0
Bermuda,1916,0
Bermuda,1917,0
Bermuda,1918,0
Bermuda,1919,0
Bermuda,1920,0
Bermuda,1921,0
Bermuda,1922,0
Bermuda,1923,0
Bermuda,1924,0
Bermuda,1925,0
Bermuda,1926,0
Bermuda,1927,0
Bermuda,1928,0
Bermuda,1929,0
Bermuda,1930,0
Bermuda,1931,0
Bermuda,1932,0
Bermuda,1933,0
Bermuda,1934,0
Bermuda,1935,0
Bermuda,1936,0
Bermuda,1937,0
Bermuda,1938,0
Bermuda,1939,0
Bermuda,1940,0
Bermuda,1941,0
Bermuda,1942,0
Bermuda,1943,0
Bermuda,1944,0
Bermuda,1945,0
Bermuda,1946,0
Bermuda,1947,0
Bermuda,1948,0
Bermuda,1949,0
Bermuda,1950,0
Bermuda,1951,0
Bermuda,1952,0
Bermuda,1953,0
Bermuda,1954,0
Bermuda,1955,0
Bermuda,1956,0
Bermuda,1957,0
Bermuda,1958,0
Bermuda,1959,0
Bermuda,1960,0
Bermuda,1961,0
Bermuda,1962,0
Bermuda,1963,0
Bermuda,1964,3
Bermuda,1965,3
Bermuda,1966,3
Bermuda,1967,3
Bermuda,1968,5
Bermuda,1969,12
Bermuda,1970,13
Bermuda,1971,13
Bermuda,1972,13
Bermuda,1973,17
Bermuda,1974,20
Bermuda,1975,23
Bermuda,1976,23
Bermuda,1977,23
Bermuda,1978,23
Bermuda,1979,24
Bermuda,1980,24
Bermuda,1981,24
Bermuda,1982,33
Bermuda,1983,33
Bermuda,1984,33
Bermuda,1985,33
Bermuda,1986,33
Bermuda,1987,33
Bermuda,1988,33
Bermuda,1989,39
Bermuda,1990,50
Bermuda,1991,52
Bermuda,1992,67
Bermuda,1993,67
Bermuda,1994,67
Bermuda,1995,67
Bermuda,1996,67
Bermuda,1997,71
Bermuda,1998,72
Bermuda,1999,88
Bermuda,2000,103
Bermuda,2001,103
Bermuda,2002,103
Bermuda,2003,104
Bermuda,2004,137
Bermuda,2005,137
Bermuda,2006,151
Bermuda,2007,159
Bermuda,2008,177
Bermuda,2009,177
Bermuda,2010,177
Bermuda,2011,185
Bermuda,2012,195
Bermuda,2013,215
Bermuda,2014,215
Bermuda,2015,225
Bermuda,2016,228
Bermuda,2017,234
Bermuda,2018,250
Bermuda,2019,263
Bermuda,2020,263
Bermuda,2021,279
Bermuda,2022,282
Bermuda,2023,291
Bermuda,2024,311
Bermuda,2025,325
Bermuda,2026,328
Bhutan,1872,0
Bhutan,1873,0
Bhutan,1874,0
Bhutan,1875,0
Bhutan,1876,0
Bhutan,1877,0
Bhutan,1878,0
Bhutan,1879,0
Bhutan,1880,0
Bhutan,1881,0
Bhutan,1882,0
Bhutan,1883,0
Bhutan,1884,0
Bhutan,1885,0
Bhutan,1886,0
Bhutan,1887,0
Bhutan,1888,0
Bhutan,1889,0
Bhutan,1890,0
Bhutan,1891,0
Bhutan,1892,0
Bhutan,1893,0
Bhutan,1894,0
Bhutan,1895,0
Bhutan,1896,0
Bhutan,1897,0
Bhutan,1898,0
Bhutan,1899,0
Bhutan,1900,0
Bhutan,1901,0
Bhutan,1902,0
Bhutan,1903,0
Bhutan,1904,0
Bhutan,1905,0
Bhutan,1906,0
Bhutan,1907,0
Bhutan,1908,0
Bhutan,1909,0
Bhutan,1910,0
Bhutan,1911,0
Bhutan,1912,0
Bhutan,1913,0
Bhutan,1914,0
Bhutan,1915,0
Bhutan,1916,0
Bhutan,1917,0
Bhutan,1918,0
Bhutan,1919,0
Bhutan,1920,0
Bhutan,1921,0
Bhutan,1922,0
Bhutan,1923,0
Bhutan,1924,0
Bhutan,1925,0
Bhutan,1926,0
Bhutan,1927,0
Bhutan,1928,0
Bhutan,1929,0
Bhutan,1930,0
Bhutan,1931,0
Bhutan,1932,0
Bhutan,1933,0
Bhutan,1934,0
Bhutan,1935,0
Bhutan,1936,0
Bhutan,1937,0
Bhutan,1938,0
Bhutan,1939,0
Bhutan,1940,0
Bhutan,1941,0
Bhutan,1942,0
Bhutan,1943,0
Bhutan,1944,0
Bhutan,1945,0
Bhutan,1946,0
Bhutan,1947,0
Bhutan,1948,0
Bhutan,1949,0
Bhutan,1950,0
Bhutan,1951,0
Bhutan,1952,0
Bhutan,1953,0
Bhutan,1954,0
Bhutan,1955,0
Bhutan,1956,0
Bhutan,1957,0
Bhutan,1958,0
Bhutan,1959,0
Bhutan,1960,0
Bhutan,1961,0
Bhutan,1962,0
Bhutan,1963,0
Bhutan,1964,0
Bhutan,1965,0
Bhutan,1966,0
Bhutan,1967,0
Bhutan,1968,0
Bhutan,1969,0
Bhutan,1970,0
Bhutan,1971,0
Bhutan,1972,0
Bhutan,1973,0
Bhutan,1974,0
Bhutan,1975,0
Bhutan,1976,0
Bhutan,1977,0
Bhutan,1978,0
Bhutan,1979,0
Bhutan,1980,0
Bhutan,1981,0
Bhutan,1982,1
Bhutan,1983,1
Bhutan,1984,1
Bhutan,1985,1
Bhutan,1986,1
Bhutan,1987,3
Bhutan,1988,3
Bhutan,1989,3
Bhutan,1990,3
Bhutan,1991,3
Bhutan,1992,3
Bhutan,1993,3
Bhutan,1994,3
Bhutan,1995,3
Bhutan,1996,3
Bhutan,1997,3
Bhutan,1998,3
Bhutan,1999,4
Bhutan,2000,6
Bhutan,2001,7
Bhutan,2002,11
Bhutan,2003,17
Bhutan,2004,17
Bhutan,2005,18
Bhutan,2006,18
Bhutan,2007,21
Bhutan,2008,28
Bhutan,2009,29
Bhutan,2010,29
Bhutan,2011,31
Bhutan,2012,31
Bhutan,2013,35
Bhutan,2014,35
Bhutan,2015,42
Bhutan,2016,47
Bhutan,2017,49
Bhutan,2018,49
Bhutan,2019,51
Bhutan,2020,51
Bhutan,2021,51
Bhutan,2022,51
Bhutan,2023,58
Bhutan,2024,59
Bhutan,2025,61
Bhutan,2026,61
Biafra,1872,0
Biafra,1873,0
Biafra,1874,0
Biafra,1875,0
Biafra,1876,0
Biafra,1877,0
Biafra,1878,0
Biafra,1879,0
Biafra,1880,0
Biafra,1881,0
Biafra,1882,0
Biafra,1883,0
Biafra,1884,0
Biafra,1885,0
Biafra,1886,0
Biafra,1887,0
Biafra,1888,0
Biafra,1889,0
Biafra,1890,0
Biafra,1891,0
Biafra,1892,0
Biafra,1893,0
Biafra,1894,0
Biafra,1895,0
Biafra,1896,0
Biafra,1897,0
Biafra,1898,0
Biafra,1899,0
Biafra,1900,0
Biafra,1901,0
Biafra,1902,0
Biafra,1903,0
Biafra,1904,0
Biafra,1905,0
Biafra,1906,0
Biafra,1907,0
Biafra,1908,0
Biafra,1909,0
Biafra,1910,0
Biafra,1911,0
Biafra,1912,0
Biafra,1913,0
Biafra,1914,0
Biafra,1915,0
Biafra,1916,0
Biafra,1917,0
Biafra,1918,0
Biafra,1919,0
Biafra,1920,0
Biafra,1921,0
Biafra,1922,0
Biafra,1923,0
Biafra,1924,0
Biafra,1925,0
Biafra,1926,0
Biafra,1927,0
Biafra,1928,0
Biafra,1929,0
Biafra,1930,0
Biafra,1931,0
Biafra,1932,0
Biafra,1933,0
Biafra,1934,0
Biafra,1935,0
Biafra,1936,0
Biafra,1937,0
Biafra,1938,0
Biafra,1939,0
Biafra,1940,0
Biafra,1941,0
Biafra,1942,0
Biafra,1943,0
Biafra,1944,0
Biafra,1945,0
Biafra,1946,0
Biafra,1947,0
Biafra,1948,0
Biafra,1949,0
Biafra,1950,0
Biafra,1951,0
Biafra,1952,0
Biafra,1953,0
Biafra,1954,0
Biafra,1955,0
Biafra,1956,0
Biafra,1957,0
Biafra,1958,0
Biafra,1959,0
Biafra,1960,0
Biafra,1961,0
Biafra,1962,0
Biafra,1963,0
Biafra,1964,0
Biafra,1965,0
Biafra,1966,0
Biafra,1967,0
Biafra,1968,0
Biafra,1969,0
Biafra,1970,0
Biafra,1971,0
Biafra,1972,0
Biafra,1973,0
Biafra,1974,0
Biafra,1975,0
Biafra,1976,0
Biafra,1977,0
Biafra,1978,0
Biafra,1979,0
Biafra,1980,0
Biafra,1981,0
Biafra,1982,0
Biafra,1983,0
Biafra,1984,0
Biafra,1985,0
Biafra,1986,0
Biafra,1987,0
Biafra,1988,0
Biafra,1989,0
Biafra,1990,0
Biafra,1991,0
Biafra,1992,0
Biafra,1993,0
Biafra,1994,0
Biafra,1995,0
Biafra,1996,0
Biafra,1997,0
Biafra,1998,0
Biafra,1999,0
Biafra,2000,0
Biafra,2001,0
Biafra,2002,0
Biafra,2003,0
Biafra,2004,0
Biafra,2005,0
Biafra,2006,0
Biafra,2007,0
Biafra,2008,0
Biafra,2009,0
Biafra,2010,0
Biafra,2011,0
Biafra,2012,0
Biafra,2013,0
Biafra,2014,0
Biafra,2015,0
Biafra,2016,0
Biafra,2017,0
Biafra,2018,0
Biafra,2019,0
Biafra,2020,0
Biafra,2021,0
Biafra,2022,2
Biafra,2023,2
Biafra,2024,2
Biafra,2025,2
Biafra,2026,2
Bolivia,1872,0
Bolivia,1873,0
Bolivia,1874,0
Bolivia,1875,0
Bolivia,1876,0
Bolivia,1877,0
Bolivia,1878,0
Bolivia,1879,0
Bolivia,1880,0
Bolivia,1881,0
Bolivia,1882,0
Bolivia,1883,0
Bolivia,1884,0
Bolivia,1885,0
Bolivia,1886,0
Bolivia,1887,0
Bolivia,1888,0
Bolivia,1889,0
Bolivia,1890,0
Bolivia,1891,0
Bolivia,1892,0
Bolivia,1893,0
Bolivia,1894,0
Bolivia,1895,0
Bolivia,1896,0
Bolivia,1897,0
Bolivia,1898,0
Bolivia,1899,0
Bolivia,1900,0
Bolivia,1901,0
Bolivia,1902,0
Bolivia,1903,0
Bolivia,1904,0
Bolivia,1905,0
Bolivia,1906,0
Bolivia,1907,0
Bolivia,1908,0
Bolivia,1909,0
Bolivia,1910,0
Bolivia,1911,0
Bolivia,1912,0
Bolivia,1913,0
Bolivia,1914,0
Bolivia,1915,0
Bolivia,1916,0
Bolivia,1917,0
Bolivia,1918,0
Bolivia,1919,0
Bolivia,1920,0
Bolivia,1921,0
Bolivia,1922,0
Bolivia,1923,0
Bolivia,1924,0
Bolivia,1925,0
Bolivia,1926,2
Bolivia,1927,5
Bolivia,1928,5
Bolivia,1929,5
Bolivia,1930,5
Bolivia,1931,5
Bolivia,1932,5
Bolivia,1933,5
Bolivia,1934,5
Bolivia,1935,5
Bolivia,1936,5
Bolivia,1937,5
Bolivia,1938,13
Bolivia,1939,13
Bolivia,1940,13
Bolivia,1941,13
Bolivia,1942,13
Bolivia,1943,13
Bolivia,1944,13
Bolivia,1945,16
Bolivia,1946,20
Bolivia,1947,28
Bolivia,1948,28
Bolivia,1949,41
Bolivia,1950,43
Bolivia,1951,43
Bolivia,1952,43
Bolivia,1953,49
Bolivia,1954,49
Bolivia,1955,49
Bolivia,1956,49
Bolivia,1957,63
Bolivia,1958,63
Bolivia,1959,67
Bolivia,1960,67
Bolivia,1961,69
Bolivia,1962,75
Bolivia,1963,95
Bolivia,1964,95
Bolivia,1965,99
Bolivia,1966,99
Bolivia,1967,99
Bolivia,1968,99
Bolivia,1969,104
Bolivia,1970,104
Bolivia,1971,107
Bolivia,1972,111
Bolivia,1973,118
Bolivia,1974,118
Bolivia,1975,124
Bolivia,1976,124
Bolivia,1977,137
Bolivia,1978,137
Bolivia,1979,145
Bolivia,1980,154
Bolivia,1981,160
Bolivia,1982,160
Bolivia,1983,170
Bolivia,1984,170
Bolivia,1985,178
Bolivia,1986,178
Bolivia,1987,179
Bolivia,1988,179
Bolivia,1989,189
Bolivia,1990,189
Bolivia,1991,191
Bolivia,1992,191
Bolivia,1993,226
Bolivia,1994,235
Bolivia,1995,247
Bolivia,1996,270
Bolivia,1997,295
Bolivia,1998,295
Bolivia,1999,304
Bolivia,2000,318
Bolivia,2001,334
Bolivia,2002,337
Bolivia,2003,346
Bolivia,2004,355
Bolivia,2005,364
Bolivia,2006,369
Bolivia,2007,378
Bolivia,2008,392
Bolivia,2009,402
Bolivia,2010,403
Bolivia,2011,413
Bolivia,2012,426
Bolivia,2013,433
Bolivia,2014,437
Bolivia,2015,446
Bolivia,2016,453
Bolivia,2017,463
Bolivia,2018,471
Bolivia,2019,479
Bolivia,2020,484
Bolivia,2021,504
Bolivia,2022,512
Bolivia,2023,519
Bolivia,2024,533
Bolivia,2025,538
Bolivia,2026,545
Bonaire,1872,0
Bonaire,1873,0
Bonaire,1874,0
Bonaire,1875,0
Bonaire,1876,0
Bonaire,1877,0
Bonaire,1878,0
Bonaire,1879,0
Bonaire,1880,0
Bonaire,1881,0
Bonaire,1882,0
Bonaire,1883,0
Bonaire,1884,0
Bonaire,1885,0
Bonaire,1886,0
Bonaire,1887,0
Bonaire,1888,0
Bonaire,1889,0
Bonaire,1890,0
Bonaire,1891,0
Bonaire,1892,0
Bonaire,1893,0
Bonaire,1894,0
Bonaire,1895,0
Bonaire,1896,0
Bonaire,1897,0
Bonaire,1898,0
Bonaire,1899,0
Bonaire,1900,0
Bonaire,1901,0
Bonaire,1902,0
Bonaire,1903,0
Bonaire,1904,0
Bonaire,1905,0
Bonaire,1906,0
Bonaire,1907,0
Bonaire,1908,0
Bonaire,1909,0
Bonaire,1910,0
Bonaire,1911,0
Bonaire,1912,0
Bonaire,1913,0
Bonaire,1914,0
Bonaire,1915,0
Bonaire,1916,0
Bonaire,1917,0
Bonaire,1918,0
Bonaire,1919,0
Bonaire,1920,0
Bonaire,1921,0
Bonaire,1922,0
Bonaire,1923,0
Bonaire,1924,0
Bonaire,1925,0
Bonaire,1926,0
Bonaire,1927,0
Bonaire,1928,0
Bonaire,1929,0
Bonaire,1930,0
Bonaire,1931,0
Bonaire,1932,0
Bonaire,1933,0
Bonaire,1934,0
Bonaire,1935,0
Bonaire,1936,0
Bonaire,1937,0
Bonaire,1938,0
Bonaire,1939,0
Bonaire,1940,0
Bonaire,1941,0
Bonaire,1942,0
Bonaire,1943,0
Bonaire,1944,0
Bonaire,1945,0
Bonaire,1946,0
Bonaire,1947,0
Bonaire,1948,0
Bonaire,1949,0
Bonaire,1950,0
Bonaire,1951,0
Bonaire,1952,0
Bonaire,1953,0
Bonaire,1954,0
Bonaire,1955,0
Bonaire,1956,0
Bonaire,1957,0
Bonaire,1958,0
Bonaire,1959,0
Bonaire,1960,0
Bonaire,1961,0
Bonaire,1962,0
Bonaire,1963,0
Bonaire,1964,0
Bonaire,1965,0
Bonaire,1966,0
Bonaire,1967,0
Bonaire,1968,0
Bonaire,1969,0
Bonaire,1970,0
Bonaire,1971,0
Bonaire,1972,0
Bonaire,1973,0
Bonaire,1974,0
Bonaire,1975,0
Bonaire,1976,0
Bonaire,1977,0
Bonaire,1978,0
Bonaire,1979,0
Bonaire,1980,0
Bonaire,1981,0
Bonaire,1982,0
Bonaire,1983,0
Bonaire,1984,0
Bonaire,1985,0
Bonaire,1986,0
Bonaire,1987,0
Bonaire,1988,0
Bonaire,1989,0
Bonaire,1990,0
Bonaire,1991,0
Bonaire,1992,0
Bonaire,1993,0
Bonaire,1994,0
Bonaire,1995,0
Bonaire,1996,0
Bonaire,1997,0
Bonaire,1998,0
Bonaire,1999,0
Bonaire,2000,0
Bonaire,2001,0
Bonaire,2002,0
Bonaire,2003,0
Bonaire,2004,0
Bonaire,2005,0
Bonaire,2006,0
Bonaire,2007,0
Bonaire,2008,0
Bonaire,2009,0
Bonaire,2010,5
Bonaire,2011,10
Bonaire,2012,12
Bonaire,2013,14
Bonaire,2014,20
Bonaire,2015,21
Bonaire,2016,21
Bonaire,2017,21
Bonaire,2018,21
Bonaire,2019,34
Bonaire,2020,34
Bonaire,2021,34
Bonaire,2022,44
Bonaire,2023,52
Bonaire,2024,57
Bonaire,2025,60
Bonaire,2026,63
Bosnia and Herzegovina,1872,0
Bosnia and Herzegovina,1873,0
Bosnia and Herzegovina,1874,0
Bosnia and Herzegovina,1875,0
Bosnia and Herzegovina,1876,0
Bosnia and Herzegovina,1877,0
Bosnia and Herzegovina,1878,0
Bosnia and Herzegovina,1879,0
Bosnia and Herzegovina,1880,0
Bosnia and Herzegovina,1881,0
Bosnia and Herzegovina,1882,0
Bosnia and Herzegovina,1883,0
Bosnia and Herzegovina,1884,0
Bosnia and Herzegovina,1885,0
Bosnia and Herzegovina,1886,0
Bosnia and Herzegovina,1887,0
Bosnia and Herzegovina,1888,0
Bosnia and Herzegovina,1889,0
Bosnia and Herzegovina,1890,0
Bosnia and Herzegovina,1891,0
Bosnia and Herzegovina,1892,0
Bosnia and Herzegovina,1893,0
Bosnia and Herzegovina,1894,0
Bosnia and Herzegovina,1895,0
Bosnia and Herzegovina,1896,0
Bosnia and Herzegovina,1897,0
Bosnia and Herzegovina,1898,0
Bosnia and Herzegovina,1899,0
Bosnia and Herzegovina,1900,0
Bosnia and Herzegovina,1901,0
Bosnia and Herzegovina,1902,0
Bosnia and Herzegovina,1903,0
Bosnia and Herzegovina,1904,0
Bosnia and Herzegovina,1905,0
Bosnia and Herzegovina,1906,0
Bosnia and Herzegovina,1907,0
Bosnia and Herzegovina,1908,0
Bosnia and Herzegovina,1909,0
Bosnia and Herzegovina,1910,0
Bosnia and Herzegovina,1911,0
Bosnia and Herzegovina,1912,0
Bosnia and Herzegovina,1913,0
Bosnia and Herzegovina,1914,0
Bosnia and Herzegovina,1915,0
Bosnia and Herzegovina,1916,0
Bosnia and Herzegovina,1917,0
Bosnia and Herzegovina,1918,0
Bosnia and Herzegovina,1919,0
Bosnia and Herzegovina,1920,0
Bosnia and Herzegovina,1921,0
Bosnia and Herzegovina,1922,0
Bosnia and Herzegovina,1923,0
Bosnia and Herzegovina,1924,0
Bosnia and Herzegovina,1925,0
Bosnia and Herzegovina,1926,0
Bosnia and Herzegovina,1927,0
Bosnia and Herzegovina,1928,0
Bosnia and Herzegovina,1929,0
Bosnia and Herzegovina,1930,0
Bosnia and Herzegovina,1931,0
Bosnia and Herzegovina,1932,0
Bosnia and Herzegovina,1933,0
Bosnia and Herzegovina,1934,0
Bosnia and Herzegovina,1935,0
Bosnia and Herzegovina,1936,0
Bosnia and Herzegovina,1937,0
Bosnia and Herzegovina,1938,0
Bosnia and Herzegovina,1939,0
Bosnia and Herzegovina,1940,0
Bosnia and Herzegovina,1941,0
Bosnia and Herzegovina,1942,0
Bosnia and Herzegovina,1943,0
Bosnia and Herzegovina,1944,0
Bosnia and Herzegovina,1945,0
Bosnia and Herzegovina,1946,0
Bosnia and Herzegovina,1947,0
Bosnia and Herzegovina,1948,0
Bosnia and Herzegovina,1949,0
Bosnia and Herzegovina,1950,0
Bosnia and Herzegovina,1951,0
Bosnia and Herzegovina,1952,0
Bosnia and Herzegovina,1953,0
Bosnia and Herzegovina,1954,0
Bosnia and Herzegovina,1955,0
Bosnia and Herzegovina,1956,0
Bosnia and Herzegovina,1957,0
Bosnia and Herzegovina,1958,0
Bosnia and Herzegovina,1959,0
Bosnia and Herzegovina,1960,0
Bosnia and Herzegovina,1961,0
Bosnia and Herzegovina,1962,0
Bosnia and Herzegovina,1963,0
Bosnia and Herzegovina,1964,0
Bosnia and Herzegovina,1965,0
Bosnia and Herzegovina,1966,0
Bosnia and Herzegovina,1967,0
Bosnia and Herzegovina,1968,0
Bosnia and Herzegovina,1969,0
Bosnia and Herzegovina,1970,0
Bosnia and Herzegovina,1971,0
Bosnia and Herzegovina,1972,0
Bosnia and Herzegovina,1973,0
Bosnia and Herzegovina,1974,0
Bosnia and Herzegovina,1975,0
Bosnia and Herzegovina,1976,0
Bosnia and Herzegovina,1977,0
Bosnia and Herzegovina,1978,0
Bosnia and Herzegovina,1979,0
Bosnia and Herzegovina,1980,0
Bosnia and Herzegovina,1981,0
Bosnia and Herzegovina,1982,0
Bosnia and Herzegovina,1983,0
Bosnia and Herzegovina,1984,0
Bosnia and Herzegovina,1985,0
Bosnia and Herzegovina,1986,0
Bosnia and Herzegovina,1987,0
Bosnia and Herzegovina,1988,0
Bosnia and Herzegovina,1989,0
Bosnia and Herzegovina,1990,0
Bosnia and Herzegovina,1991,0
Bosnia and Herzegovina,1992,0
Bosnia and Herzegovina,1993,0
Bosnia and Herzegovina,1994,0
Bosnia and Herzegovina,1995,0
Bosnia and Herzegovina,1996,5
Bosnia and Herzegovina,1997,21
Bosnia and Herzegovina,1998,27
Bosnia and Herzegovina,1999,38
Bosnia and Herzegovina,2000,45
Bosnia and Herzegovina,2001,69
Bosnia and Herzegovina,2002,74
Bosnia and Herzegovina,2003,83
Bosnia and Herzegovina,2004,88
Bosnia and Herzegovina,2005,100
Bosnia and Herzegovina,2006,113
Bosnia and Herzegovina,2007,124
Bosnia and Herzegovina,2008,144
Bosnia and Herzegovina,2009,161
Bosnia and Herzegovina,2010,176
Bosnia and Herzegovina,2011,191
Bosnia and Herzegovina,2012,211
Bosnia and Herzegovina,2013,232
Bosnia and Herzegovina,2014,244
Bosnia and Herzegovina,2015,261
Bosnia and Herzegovina,2016,279
Bosnia and Herzegovina,2017,297
Bosnia and Herzegovina,2018,306
Bosnia and Herzegovina,2019,326
Bosnia and Herzegovina,2020,330
Bosnia and Herzegovina,2021,340
Bosnia and Herzegovina,2022,349
Bosnia and Herzegovina,2023,358
Bosnia and Herzegovina,2024,363
Bosnia and Herzegovina,2025,385
Bosnia and Herzegovina,2026,393
Botswana,1872,0
Botswana,1873,0
Botswana,1874,0
Botswana,1875,0
Botswana,1876,0
Botswana,1877,0
Botswana,1878,0
Botswana,1879,0
Botswana,1880,0
Botswana,1881,0
Botswana,1882,0
Botswana,1883,0
Botswana,1884,0
Botswana,1885,0
Botswana,1886,0
Botswana,1887,0
Botswana,1888,0
Botswana,1889,0
Botswana,1890,0
Botswana,1891,0
Botswana,1892,0
Botswana,1893,0
Botswana,1894,0
Botswana,1895,0
Botswana,1896,0
Botswana,1897,0
Botswana,1898,0
Botswana,1899,0
Botswana,1900,0
Botswana,1901,0
Botswana,1902,0
Botswana,1903,0
Botswana,1904,0
Botswana,1905,0
Botswana,1906,0
Botswana,1907,0
Botswana,1908,0
Botswana,1909,0
Botswana,1910,0
Botswana,1911,0
Botswana,1912,0
Botswana,1913,0
Botswana,1914,0
Botswana,1915,0
Botswana,1916,0
Botswana,1917,0
Botswana,1918,0
Botswana,1919,0
Botswana,1920,0
Botswana,1921,0
Botswana,1922,0
Botswana,1923,0
Botswana,1924,0
Botswana,1925,0
Botswana,1926,0
Botswana,1927,0
Botswana,1928,0
Botswana,1929,0
Botswana,1930,0
Botswana,1931,0
Botswana,1932,0
Botswana,1933,0
Botswana,1934,0
Botswana,1935,0
Botswana,1936,0
Botswana,1937,0
Botswana,1938,0
Botswana,1939,0
Botswana,1940,0
Botswana,1941,0
Botswana,1942,0
Botswana,1943,0
Botswana,1944,0
Botswana,1945,0
Botswana,1946,0
Botswana,1947,0
Botswana,1948,0
Botswana,1949,0
Botswana,1950,0
Botswana,1951,0
Botswana,1952,0
Botswana,1953,0
Botswana,1954,0
Botswana,1955,0
Botswana,1956,0
Botswana,1957,0
Botswana,1958,0
Botswana,1959,0
Botswana,1960,0
Botswana,1961,0
Botswana,1962,0
Botswana,1963,0
Botswana,1964,0
Botswana,1965,0
Botswana,1966,0
Botswana,1967,0
Botswana,1968,1
Botswana,1969,1
Botswana,1970,1
Botswana,1971,1
Botswana,1972,1
Botswana,1973,1
Botswana,1974,1
Botswana,1975,1
Botswana,1976,4
Botswana,1977,5
Botswana,1978,6
Botswana,1979,6
Botswana,1980,6
Botswana,1981,8
Botswana,1982,8
Botswana,1983,8
Botswana,1984,9
Botswana,1985,9
Botswana,1986,12
Botswana,1987,12
Botswana,1988,12
Botswana,1989,14
Botswana,1990,20
Botswana,1991,23
Botswana,1992,24
Botswana,1993,25
Botswana,1994,30
Botswana,1995,33
Botswana,1996,33
Botswana,1997,35
Botswana,1998,38
Botswana,1999,40
Botswana,2000,48
Botswana,2001,57
Botswana,2002,67
Botswana,2003,80
Botswana,2004,88
Botswana,2005,95
Botswana,2006,100
Botswana,2007,105
Botswana,2008,114
Botswana,2009,119
Botswana,2010,132
Botswana,2011,140
Botswana,2012,153
Botswana,2013,171
Botswana,2014,182
Botswana,2015,197
Botswana,2016,207
Botswana,2017,208
Botswana,2018,224
Botswana,2019,228
Botswana,2020,230
Botswana,2021,236
Botswana,2022,243
Botswana,2023,253
Botswana,2024,261
Botswana,2025,267
Botswana,2026,268
Brazil,1872,0
Brazil,1873,0
Brazil,1874,0
Brazil,1875,0
Brazil,1876,0
Brazil,1877,0
Brazil,1878,0
Brazil,1879,0
Brazil,1880,0
Brazil,1881,0
Brazil,1882,0
Brazil,1883,0
Brazil,1884,0
Brazil,1885,0
Brazil,1886,0
Brazil,1887,0
Brazil,1888,0
Brazil,1889,0
Brazil,1890,0
Brazil,1891,0
Brazil,1892,0
Brazil,1893,0
Brazil,1894,0
Brazil,1895,0
Brazil,1896,0
Brazil,1897,0
Brazil,1898,0
Brazil,1899,0
Brazil,1900,0
Brazil,1901,0
Brazil,1902,0
Brazil,1903,0
Brazil,1904,0
Brazil,1905,0
Brazil,1906,0
Brazil,1907,0
Brazil,1908,0
Brazil,1909,0
Brazil,1910,0
Brazil,1911,0
Brazil,1912,0
Brazil,1913,0
Brazil,1914,1
Brazil,1915,1
Brazil,1916,5
Brazil,1917,13
Brazil,1918,13
Brazil,1919,28
Brazil,1920,29
Brazil,1921,33
Brazil,1922,45
Brazil,1923,51
Brazil,1924,51
Brazil,1925,62
Brazil,1926,62
Brazil,1927,62
Brazil,1928,62
Brazil,1929,62
Brazil,1930,78
Brazil,1931,80
Brazil,1932,82
Brazil,1933,82
Brazil,1934,90
Brazil,1935,90
Brazil,1936,93
Brazil,1937,107
Brazil,1938,121
Brazil,1939,125
Brazil,1940,136
Brazil,1941,136
Brazil,1942,151
Brazil,1943,151
Brazil,1944,161
Brazil,1945,192
Brazil,1946,208
Brazil,1947,211
Brazil,1948,214
Brazil,1949,260
Brazil,1950,293
Brazil,1951,293
Brazil,1952,307
Brazil,1953,324
Brazil,1954,340
Brazil,1955,349
Brazil,1956,390
Brazil,1957,424
Brazil,1958,452
Brazil,1959,488
Brazil,1960,530
Brazil,1961,541
Brazil,1962,574
Brazil,1963,608
Brazil,1964,617
Brazil,1965,642
Brazil,1966,675
Brazil,1967,679
Brazil,1968,731
Brazil,1969,761
Brazil,1970,797
Brazil,1971,805
Brazil,1972,813
Brazil,1973,832
Brazil,1974,851
Brazil,1975,869
Brazil,1976,891
Brazil,1977,917
Brazil,1978,934
Brazil,1979,955
Brazil,1980,972
Brazil,1981,1008
Brazil,1982,1039
Brazil,1983,1060
Brazil,1984,1061
Brazil,1985,1077
Brazil,1986,1102
Brazil,1987,1124
Brazil,1988,1136
Brazil,1989,1175
Brazil,1990,1184
Brazil,1991,1209
Brazil,1992,1232
Brazil,1993,1272
Brazil,1994,1303
Brazil,1995,1342
Brazil,1996,1373
Brazil,1997,1444
Brazil,1998,1480
Brazil,1999,1531
Brazil,2000,1563
Brazil,2001,1591
Brazil,2002,1634
Brazil,2003,1655
Brazil,2004,1696
Brazil,2005,1743
Brazil,2006,1768
Brazil,2007,1806
Brazil,2008,1824
Brazil,2009,1862
Brazil,2010,1888
Brazil,2011,1909
Brazil,2012,1947
Brazil,2013,1996
Brazil,2014,2030
Brazil,2015,2054
Brazil,2016,2082
Brazil,2017,2103
Brazil,2018,2132
Brazil,2019,2165
Brazil,2020,2177
Brazil,2021,2204
Brazil,2022,2239
Brazil,2023,2254
Brazil,2024,2276
Brazil,2025,2293
Brazil,2026,2315
British Virgin Islands,1872,0
British Virgin Islands,1873,0
British Virgin Islands,1874,0
British Virgin Islands,1875,0
British Virgin Islands,1876,0
British Virgin Islands,1877,0
British Virgin Islands,1878,0
British Virgin Islands,1879,0
British Virgin Islands,1880,0
British Virgin Islands,1881,0
British Virgin Islands,1882,0
British Virgin Islands,1883,0
British Virgin Islands,1884,0
British Virgin Islands,1885,0
British Virgin Islands,1886,0
British Virgin Islands,1887,0
British Virgin Islands,1888,0
British Virgin Islands,1889,0
British Virgin Islands,1890,0
British Virgin Islands,1891,0
British Virgin Islands,1892,0
British Virgin Islands,1893,0
British Virgin Islands,1894,0
British Virgin Islands,1895,0
British Virgin Islands,1896,0
British Virgin Islands,1897,0
British Virgin Islands,1898,0
British Virgin Islands,1899,0
British Virgin Islands,1900,0
British Virgin Islands,1901,0
British Virgin Islands,1902,0
British Virgin Islands,1903,0
British Virgin Islands,1904,0
British Virgin Islands,1905,0
British Virgin Islands,1906,0
British Virgin Islands,1907,0
British Virgin Islands,1908,0
British Virgin Islands,1909,0
British Virgin Islands,1910,0
British Virgin Islands,1911,0
British Virgin Islands,1912,0
British Virgin Islands,1913,0
British Virgin Islands,1914,0
British Virgin Islands,1915,0
British Virgin Islands,1916,0
British Virgin Islands,1917,0
British Virgin Islands,1918,0
British Virgin Islands,1919,0
British Virgin Islands,1920,0
British Virgin Islands,1921,0
British Virgin Islands,1922,0
British Virgin Islands,1923,0
British Virgin Islands,1924,0
British Virgin Islands,1925,0
British Virgin Islands,1926,0
British Virgin Islands,1927,0
British Virgin Islands,1928,0
British Virgin Islands,1929,0
British Virgin Islands,1930,0
British Virgin Islands,1931,0
British Virgin Islands,1932,0
British Virgin Islands,1933,0
British Virgin Islands,1934,0
British Virgin Islands,1935,0
British Virgin Islands,1936,0
British Virgin Islands,1937,0
British Virgin Islands,1938,0
British Virgin Islands,1939,0
British Virgin Islands,1940,0
British Virgin Islands,1941,0
British Virgin Islands,1942,0
British Virgin Islands,1943,0
British Virgin Islands,1944,0
British Virgin Islands,1945,0
British Virgin Islands,1946,0
British Virgin Islands,1947,0
British Virgin Islands,1948,0
British Virgin Islands,1949,0
British Virgin Islands,1950,0
British Virgin Islands,1951,0
British Virgin Islands,1952,0
British Virgin Islands,1953,0
British Virgin Islands,1954,0
British Virgin Islands,1955,0
British Virgin Islands,1956,0
British Virgin Islands,1957,0
British Virgin Islands,1958,0
British Virgin Islands,1959,0
British Virgin Islands,1960,0
British Virgin Islands,1961,0
British Virgin Islands,1962,0
British Virgin Islands,1963,0
British Virgin Islands,1964,0
British Virgin Islands,1965,0
British Virgin Islands,1966,0
British Virgin Islands,1967,0
British Virgin Islands,1968,0
British Virgin Islands,1969,0
British Virgin Islands,1970,0
British Virgin Islands,1971,0
British Virgin Islands,1972,0
British Virgin Islands,1973,0
British Virgin Islands,1974,0
British Virgin Islands,1975,0
British Virgin Islands,1976,0
British Virgin Islands,1977,0
British Virgin Islands,1978,0
British Virgin Islands,1979,0
British Virgin Islands,1980,0
British Virgin Islands,1981,0
British Virgin Islands,1982,0
British Virgin Islands,1983,0
British Virgin Islands,1984,0
British Virgin Islands,1985,1
British Virgin Islands,1986,1
British Virgin Islands,1987,1
British Virgin Islands,1988,1
British Virgin Islands,1989,3
British Virgin Islands,1990,3
British Virgin Islands,1991,4
British Virgin Islands,1992,4
British Virgin Islands,1993,6
British Virgin Islands,1994,6
British Virgin Islands,1995,6
British Virgin Islands,1996,6
British Virgin Islands,1997,13
British Virgin Islands,1998,14
British Virgin Islands,1999,25
British Virgin Islands,2000,37
British Virgin Islands,2001,44
British Virgin Islands,2002,48
British Virgin Islands,2003,48
British Virgin Islands,2004,58
British Virgin Islands,2005,58
British Virgin Islands,2006,58
British Virgin Islands,2007,59
British Virgin Islands,2008,64
British Virgin Islands,2009,64
British Virgin Islands,2010,67
British Virgin Islands,2011,68
British Virgin Islands,2012,69
British Virgin Islands,2013,69
British Virgin Islands,2014,71
British Virgin Islands,2015,73
British Virgin Islands,2016,73
British Virgin Islands,2017,73
British Virgin Islands,2018,77
British Virgin Islands,2019,85
British Virgin Islands,2020,85
British Virgin Islands,2021,85
British Virgin Islands,2022,87
British Virgin Islands,2023,95
British Virgin Islands,2024,97
British Virgin Islands,2025,107
British Virgin Islands,2026,114
Brittany,1872,0
Brittany,1873,0
Brittany,1874,0
Brittany,1875,0
Brittany,1876,0
Brittany,1877,0
Brittany,1878,0
Brittany,1879,0
Brittany,1880,0
Brittany,1881,0
Brittany,1882,0
Brittany,1883,0
Brittany,1884,0
Brittany,1885,0
Brittany,1886,0
Brittany,1887,0
Brittany,1888,0
Brittany,1889,0
Brittany,1890,0
Brittany,1891,0
Brittany,1892,0
Brittany,1893,0
Brittany,1894,0
Brittany,1895,0
Brittany,1896,0
Brittany,1897,0
Brittany,1898,0
Brittany,1899,0
Brittany,1900,0
Brittany,1901,0
Brittany,1902,0
Brittany,1903,0
Brittany,1904,0
Brittany,1905,0
Brittany,1906,0
Brittany,1907,0
Brittany,1908,0
Brittany,1909,0
Brittany,1910,0
Brittany,1911,0
Brittany,1912,0
Brittany,1913,0
Brittany,1914,0
Brittany,1915,0
Brittany,1916,0
Brittany,1917,0
Brittany,1918,0
Brittany,1919,0
Brittany,1920,0
Brittany,1921,0
Brittany,1922,1
Brittany,1923,6
Brittany,1924,7
Brittany,1925,8
Brittany,1926,8
Brittany,1927,8
Brittany,1928,8
Brittany,1929,8
Brittany,1930,8
Brittany,1931,8
Brittany,1932,8
Brittany,1933,8
Brittany,1934,8
Brittany,1935,8
Brittany,1936,8
Brittany,1937,8
Brittany,1938,8
Brittany,1939,11
Brittany,1940,11
Brittany,1941,11
Brittany,1942,11
Brittany,1943,11
Brittany,1944,11
Brittany,1945,11
Brittany,1946,11
Brittany,1947,11
Brittany,1948,11
Brittany,1949,11
Brittany,1950,11
Brittany,1951,11
Brittany,1952,11
Brittany,1953,11
Brittany,1954,11
Brittany,1955,11
Brittany,1956,11
Brittany,1957,11
Brittany,1958,11
Brittany,1959,11
Brittany,1960,11
Brittany,1961,11
Brittany,1962,11
Brittany,1963,11
Brittany,1964,11
Brittany,1965,11
Brittany,1966,11
Brittany,1967,11
Brittany,1968,11
Brittany,1969,11
Brittany,1970,11
Brittany,1971,11
Brittany,1972,11
Brittany,1973,11
Brittany,1974,11
Brittany,1975,11
Brittany,1976,11
Brittany,1977,11
Brittany,1978,11
Brittany,1979,11
Brittany,1980,11
Brittany,1981,11
Brittany,1982,11
Brittany,1983,11
Brittany,1984,11
Brittany,1985,11
Brittany,1986,11
Brittany,1987,11
Brittany,1988,11
Brittany,1989,11
Brittany,1990,11
Brittany,1991,11
Brittany,1992,11
Brittany,1993,11
Brittany,1994,11
Brittany,1995,11
Brittany,1996,11
Brittany,1997,11
Brittany,1998,12
Brittany,1999,12
Brittany,2000,12
Brittany,2001,12
Brittany,2002,12
Brittany,2003,12
Brittany,2004,12
Brittany,2005,12
Brittany,2006,12
Brittany,2007,12
Brittany,2008,15
Brittany,2009,15
Brittany,2010,17
Brittany,2011,17
Brittany,2012,17
Brittany,2013,18
Brittany,2014,18
Brittany,2015,18
Brittany,2016,18
Brittany,2017,18
Brittany,2018,18
Brittany,2019,18
Brittany,2020,18
Brittany,2021,18
Brittany,2022,18
Brittany,2023,18
Brittany,2024,18
Brittany,2025,18
Brittany,2026,18
Brunei,1872,0
Brunei,1873,0
Brunei,1874,0
Brunei,1875,0
Brunei,1876,0
Brunei,1877,0
Brunei,1878,0
Brunei,1879,0
Brunei,1880,0
Brunei,1881,0
Brunei,1882,0
Brunei,1883,0
Brunei,1884,0
Brunei,1885,0
Brunei,1886,0
Brunei,1887,0
Brunei,1888,0
Brunei,1889,0
Brunei,1890,0
Brunei,1891,0
Brunei,1892,0
Brunei,1893,0
Brunei,1894,0
Brunei,1895,0
Brunei,1896,0
Brunei,1897,0
Brunei,1898,0
Brunei,1899,0
Brunei,1900,0
Brunei,1901,0
Brunei,1902,0
Brunei,1903,0
Brunei,1904,0
Brunei,1905,0
Brunei,1906,0
Brunei,1907,0
Brunei,1908,0
Brunei,1909,0
Brunei,1910,0
Brunei,1911,0
Brunei,1912,0
Brunei,1913,0
Brunei,1914,0
Brunei,1915,0
Brunei,1916,0
Brunei,1917,0
Brunei,1918,0
Brunei,1919,0
Brunei,1920,0
Brunei,1921,0
Brunei,1922,0
Brunei,1923,0
Brunei,1924,0
Brunei,1925,0
Brunei,1926,0
Brunei,1927,0
Brunei,1928,0
Brunei,1929,0
Brunei,1930,0
Brunei,1931,0
Brunei,1932,0
Brunei,1933,0
Brunei,1934,0
Brunei,1935,0
Brunei,1936,0
Brunei,1937,0
Brunei,1938,0
Brunei,1939,0
Brunei,1940,0
Brunei,1941,0
Brunei,1942,0
Brunei,1943,0
Brunei,1944,0
Brunei,1945,0
Brunei,1946,0
Brunei,1947,0
Brunei,1948,0
Brunei,1949,0
Brunei,1950,0
Brunei,1951,0
Brunei,1952,0
Brunei,1953,0
Brunei,1954,0
Brunei,1955,0
Brunei,1956,0
Brunei,1957,0
Brunei,1958,0
Brunei,1959,0
Brunei,1960,0
Brunei,1961,0
Brunei,1962,0
Brunei,1963,0
Brunei,1964,0
Brunei,1965,0
Brunei,1966,0
Brunei,1967,0
Brunei,1968,0
Brunei,1969,0
Brunei,1970,0
Brunei,1971,0
Brunei,1972,0
Brunei,1973,0
Brunei,1974,0
Brunei,1975,1
Brunei,1976,1
Brunei,1977,2
Brunei,1978,2
Brunei,1979,2
Brunei,1980,2
Brunei,1981,2
Brunei,1982,2
Brunei,1983,6
Brunei,1984,7
Brunei,1985,15
Brunei,1986,15
Brunei,1987,16
Brunei,1988,16
Brunei,1989,19
Brunei,1990,19
Brunei,1991,20
Brunei,1992,20
Brunei,1993,25
Brunei,1994,25
Brunei,1995,27
Brunei,1996,28
Brunei,1997,29
Brunei,1998,31
Brunei,1999,35
Brunei,2000,35
Brunei,2001,35
Brunei,2002,35
Brunei,2003,36
Brunei,2004,36
Brunei,2005,36
Brunei,2006,44
Brunei,2007,44
Brunei,2008,53
Brunei,2009,54
Brunei,2010,54
Brunei,2011,54
Brunei,2012,60
Brunei,2013,60
Brunei,2014,65
Brunei,2015,68
Brunei,2016,80
Brunei,2017,80
Brunei,2018,82
Brunei,2019,84
Brunei,2020,84
Brunei,2021,84
Brunei,2022,95
Brunei,2023,95
Brunei,2024,105
Brunei,2025,107
Brunei,2026,107
Bulgaria,1872,0
Bulgaria,1873,0
Bulgaria,1874,0
Bulgaria,1875,0
Bulgaria,1876,0
Bulgaria,1877,0
Bulgaria,1878,0
Bulgaria,1879,0
Bulgaria,1880,0
Bulgaria,1881,0
Bulgaria,1882,0
Bulgaria,1883,0
Bulgaria,1884,0
Bulgaria,1885,0
Bulgaria,1886,0
Bulgaria,1887,0
Bulgaria,1888,0
Bulgaria,1889,0
Bulgaria,1890,0
Bulgaria,1891,0
Bulgaria,1892,0
Bulgaria,1893,0
Bulgaria,1894,0
Bulgaria,1895,0
Bulgaria,1896,0
Bulgaria,1897,0
Bulgaria,1898,0
Bulgaria,1899,0
Bulgaria,1900,0
Bulgaria,1901,0
Bulgaria,1902,0
Bulgaria,1903,0
Bulgaria,1904,0
Bulgaria,1905,0
Bulgaria,1906,0
Bulgaria,1907,0
Bulgaria,1908,0
Bulgaria,1909,0
Bulgaria,1910,0
Bulgaria,1911,0
Bulgaria,1912,0
Bulgaria,1913,0
Bulgaria,1914,0
Bulgaria,1915,0
Bulgaria,1916,0
Bulgaria,1917,0
Bulgaria,1918,0
Bulgaria,1919,0
Bulgaria,1920,0
Bulgaria,1921,0
Bulgaria,1922,0
Bulgaria,1923,0
Bulgaria,1924,0
Bulgaria,1925,3
Bulgaria,1926,5
Bulgaria,1927,9
Bulgaria,1928,9
Bulgaria,1929,12
Bulgaria,1930,21
Bulgaria,1931,33
Bulgaria,1932,50
Bulgaria,1933,52
Bulgaria,1934,64
Bulgaria,1935,80
Bulgaria,1936,86
Bulgaria,1937,90
Bulgaria,1938,91
Bulgaria,1939,95
Bulgaria,1940,99
Bulgaria,1941,99
Bulgaria,1942,99
Bulgaria,1943,101
Bulgaria,1944,101
Bulgaria,1945,101
Bulgaria,1946,104
Bulgaria,1947,109
Bulgaria,1948,115
Bulgaria,1949,120
Bulgaria,1950,123
Bulgaria,1951,123
Bulgaria,1952,124
Bulgaria,1953,130
Bulgaria,1954,135
Bulgaria,1955,145
Bulgaria,1956,162
Bulgaria,1957,177
Bulgaria,1958,180
Bulgaria,1959,187
Bulgaria,1960,199
Bulgaria,1961,206
Bulgaria,1962,214
Bulgaria,1963,221
Bulgaria,1964,221
Bulgaria,1965,240
Bulgaria,1966,256
Bulgaria,1967,263
Bulgaria,1968,271
Bulgaria,1969,281
Bulgaria,1970,298
Bulgaria,1971,312
Bulgaria,1972,321
Bulgaria,1973,351
Bulgaria,1974,378
Bulgaria,1975,386
Bulgaria,1976,405
Bulgaria,1977,417
Bulgaria,1978,426
Bulgaria,1979,434
Bulgaria,1980,444
Bulgaria,1981,471
Bulgaria,1982,494
Bulgaria,1983,509
Bulgaria,1984,518
Bulgaria,1985,534
Bulgaria,1986,547
Bulgaria,1987,558
Bulgaria,1988,578
Bulgaria,1989,585
Bulgaria,1990,590
Bulgaria,1991,604
Bulgaria,1992,617
Bulgaria,1993,632
Bulgaria,1994,656
Bulgaria,1995,672
Bulgaria,1996,692
Bulgaria,1997,705
Bulgaria,1998,710
Bulgaria,1999,721
Bulgaria,2000,738
Bulgaria,2001,754
Bulgaria,2002,762
Bulgaria,2003,778
Bulgaria,2004,796
Bulgaria,2005,816
Bulgaria,2006,828
Bulgaria,2007,844
Bulgaria,2008,852
Bulgaria,2009,873
Bulgaria,2010,878
Bulgaria,2011,881
Bulgaria,2012,889
Bulgaria,2013,903
Bulgaria,2014,910
Bulgaria,2015,915
Bulgaria,2016,926
Bulgaria,2017,935
Bulgaria,2018,944
Bulgaria,2019,951
Bulgaria,2020,957
Bulgaria,2021,969
Bulgaria,2022,983
Bulgaria,2023,990
Bulgaria,2024,996
Bulgaria,2025,1003
Bulgaria,2026,1016
Burkina Faso,1872,0
Burkina Faso,1873,0
Burkina Faso,1874,0
Burkina Faso,1875,0
Burkina Faso,1876,0
Burkina Faso,1877,0
Burkina Faso,1878,0
Burkina Faso,1879,0
Burkina Faso,1880,0
Burkina Faso,1881,0
Burkina Faso,1882,0
Burkina Faso,1883,0
Burkina Faso,1884,0
Burkina Faso,1885,0
Burkina Faso,1886,0
Burkina Faso,1887,0
Burkina Faso,1888,0
Burkina Faso,1889,0
Burkina Faso,1890,0
Burkina Faso,1891,0
Burkina Faso,1892,0
Burkina Faso,1893,0
Burkina Faso,1894,0
Burkina Faso,1895,0
Burkina Faso,1896,0
Burkina Faso,1897,0
Burkina Faso,1898,0
Burkina Faso,1899,0
Burkina Faso,1900,0
Burkina Faso,1901,0
Burkina Faso,1902,0
Burkina Faso,1903,0
Burkina Faso,1904,0
Burkina Faso,1905,0
Burkina Faso,1906,0
Burkina Faso,1907,0
Burkina Faso,1908,0
Burkina Faso,1909,0
Burkina Faso,1910,0
Burkina Faso,1911,0
Burkina Faso,1912,0
Burkina Faso,1913,0
Burkina Faso,1914,0
Burkina Faso,1915,0
Burkina Faso,1916,0
Burkina Faso,1917,0
Burkina Faso,1918,0
Burkina Faso,1919,0
Burkina Faso,1920,0
Burkina Faso,1921,0
Burkina Faso,1922,0
Burkina Faso,1923,0
Burkina Faso,1924,0
Burkina Faso,1925,0
Burkina Faso,1926,0
Burkina Faso,1927,0
Burkina Faso,1928,0
Burkina Faso,1929,0
Burkina Faso,1930,0
Burkina Faso,1931,0
Burkina Faso,1932,0
Burkina Faso,1933,0
Burkina Faso,1934,0
Burkina Faso,1935,0
Burkina Faso,1936,0
Burkina Faso,1937,0
Burkina Faso,1938,0
Burkina Faso,1939,0
Burkina Faso,1940,0
Burkina Faso,1941,0
Burkina Faso,1942,0
Burkina Faso,1943,0
Burkina Faso,1944,0
Burkina Faso,1945,0
Burkina Faso,1946,0
Burkina Faso,1947,0
Burkina Faso,1948,0
Burkina Faso,1949,0
Burkina Faso,1950,0
Burkina Faso,1951,0
Burkina Faso,1952,0
Burkina Faso,1953,0
Burkina Faso,1954,0
Burkina Faso,1955,0
Burkina Faso,1956,0
Burkina Faso,1957,0
Burkina Faso,1958,0
Burkina Faso,1959,0
Burkina Faso,1960,6
Burkina Faso,1961,12
Burkina Faso,1962,12
Burkina Faso,1963,14
Burkina Faso,1964,14
Burkina Faso,1965,14
Burkina Faso,1966,14
Burkina Faso,1967,27
Burkina Faso,1968,33
Burkina Faso,1969,33
Burkina Faso,1970,36
Burkina Faso,1971,37
Burkina Faso,1972,40
Burkina Faso,1973,45
Burkina Faso,1974,45
Burkina Faso,1975,50
Burkina Faso,1976,55
Burkina Faso,1977,56
Burkina Faso,1978,68
Burkina Faso,1979,73
Burkina Faso,1980,73
Burkina Faso,1981,75
Burkina Faso,1982,80
Burkina Faso,1983,80
Burkina Faso,1984,90
Burkina Faso,1985,90
Burkina Faso,1986,92
Burkina Faso,1987,102
Burkina Faso,1988,116
Burkina Faso,1989,116
Burkina Faso,1990,122
Burkina Faso,1991,133
Burkina Faso,1992,136
Burkina Faso,1993,140
Burkina Faso,1994,144
Burkina Faso,1995,151
Burkina Faso,1996,161
Burkina Faso,1997,174
Burkina Faso,1998,201
Burkina Faso,1999,225
Burkina Faso,2000,242
Burkina Faso,2001,257
Burkina Faso,2002,265
Burkina Faso,2003,278
Burkina Faso,2004,294
Burkina Faso,2005,303
Burkina Faso,2006,307
Burkina Faso,2007,312
Burkina Faso,2008,327
Burkina Faso,2009,338
Burkina Faso,2010,347
Burkina Faso,2011,359
Burkina Faso,2012,370
Burkina Faso,2013,394
Burkina Faso,2014,404
Burkina Faso,2015,420
Burkina Faso,2016,427
Burkina Faso,2017,453
Burkina Faso,2018,460
Burkina Faso,2019,465
Burkina Faso,2020,473
Burkina Faso,2021,487
Burkina Faso,2022,509
Burkina Faso,2023,518
Burkina Faso,2024,539
Burkina Faso,2025,572
Burkina Faso,2026,580
Burundi,1872,0
Burundi,1873,0
Burundi,1874,0
Burundi,1875,0
Burundi,1876,0
Burundi,1877,0
Burundi,1878,0
Burundi,1879,0
Burundi,1880,0
Burundi,1881,0
Burundi,1882,0
Burundi,1883,0
Burundi,1884,0
Burundi,1885,0
Burundi,1886,0
Burundi,1887,0
Burundi,1888,0
Burundi,1889,0
Burundi,1890,0
Burundi,1891,0
Burundi,1892,0
Burundi,1893,0
Burundi,1894,0
Burundi,1895,0
Burundi,1896,0
Burundi,1897,0
Burundi,1898,0
Burundi,1899,0
Burundi,1900,0
Burundi,1901,0
Burundi,1902,0
Burundi,1903,0
Burundi,1904,0
Burundi,1905,0
Burundi,1906,0
Burundi,1907,0
Burundi,1908,0
Burundi,1909,0
Burundi,1910,0
Burundi,1911,0
Burundi,1912,0
Burundi,1913,0
Burundi,1914,0
Burundi,1915,0
Burundi,1916,0
Burundi,1917,0
Burundi,1918,0
Burundi,1919,0
Burundi,1920,0
Burundi,1921,0
Burundi,1922,0
Burundi,1923,0
Burundi,1924,0
Burundi,1925,0
Burundi,1926,0
Burundi,1927,0
Burundi,1928,0
Burundi,1929,0
Burundi,1930,0
Burundi,1931,0
Burundi,1932,0
Burundi,1933,0
Burundi,1934,0
Burundi,1935,0
Burundi,1936,0
Burundi,1937,0
Burundi,1938,0
Burundi,1939,0
Burundi,1940,0
Burundi,1941,0
Burundi,1942,0
Burundi,1943,0
Burundi,1944,0
Burundi,1945,0
Burundi,1946,0
Burundi,1947,0
Burundi,1948,0
Burundi,1949,0
Burundi,1950,0
Burundi,1951,0
Burundi,1952,0
Burundi,1953,1
Burundi,1954,1
Burundi,1955,1
Burundi,1956,1
Burundi,1957,1
Burundi,1958,1
Burundi,1959,1
Burundi,1960,1
Burundi,1961,1
Burundi,1962,1
Burundi,1963,1
Burundi,1964,6
Burundi,1965,6
Burundi,1966,6
Burundi,1967,6
Burundi,1968,6
Burundi,1969,6
Burundi,1970,6
Burundi,1971,7
Burundi,1972,7
Burundi,1973,7
Burundi,1974,9
Burundi,1975,9
Burundi,1976,9
Burundi,1977,9
Burundi,1978,9
Burundi,1979,9
Burundi,1980,9
Burundi,1981,12
Burundi,1982,13
Burundi,1983,13
Burundi,1984,13
Burundi,1985,13
Burundi,1986,13
Burundi,1987,19
Burundi,1988,19
Burundi,1989,19
Burundi,1990,19
Burundi,1991,19
Burundi,1992,25
Burundi,1993,27
Burundi,1994,27
Burundi,1995,27
Burundi,1996,29
Burundi,1997,29
Burundi,1998,32
Burundi,1999,38
Burundi,2000,50
Burundi,2001,60
Burundi,2002,63
Burundi,2003,67
Burundi,2004,77
Burundi,2005,79
Burundi,2006,86
Burundi,2007,95
Burundi,2008,100
Burundi,2009,108
Burundi,2010,111
Burundi,2011,126
Burundi,2012,135
Burundi,2013,140
Burundi,2014,146
Burundi,2015,158
Burundi,2016,163
Burundi,2017,180
Burundi,2018,188
Burundi,2019,193
Burundi,2020,198
Burundi,2021,210
Burundi,2022,213
Burundi,2023,223
Burundi,2024,231
Burundi,2025,237
Burundi,2026,237
Cambodia,1872,0
Cambodia,1873,0
Cambodia,1874,0
Cambodia,1875,0
Cambodia,1876,0
Cambodia,1877,0
Cambodia,1878,0
Cambodia,1879,0
Cambodia,1880,0
Cambodia,1881,0
Cambodia,1882,0
Cambodia,1883,0
Cambodia,1884,0
Cambodia,1885,0
Cambodia,1886,0
Cambodia,1887,0
Cambodia,1888,0
Cambodia,1889,0
Cambodia,1890,0
Cambodia,1891,0
Cambodia,1892,0
Cambodia,1893,0
Cambodia,1894,0
Cambodia,1895,0
Cambodia,1896,0
Cambodia,1897,0
Cambodia,1898,0
Cambodia,1899,0
Cambodia,1900,0
Cambodia,1901,0
Cambodia,1902,0
Cambodia,1903,0
Cambodia,1904,0
Cambodia,1905,0
Cambodia,1906,0
Cambodia,1907,0
Cambodia,1908,0
Cambodia,1909,0
Cambodia,1910,0
Cambodia,1911,0
Cambodia,1912,0
Cambodia,1913,0
Cambodia,1914,0
Cambodia,1915,0
Cambodia,1916,0
Cambodia,1917,0
Cambodia,1918,0
Cambodia,1919,0
Cambodia,1920,0
Cambodia,1921,0
Cambodia,1922,0
Cambodia,1923,0
Cambodia,1924,0
Cambodia,1925,0
Cambodia,1926,0
Cambodia,1927,0
Cambodia,1928,0
Cambodia,1929,0
Cambodia,1930,0
Cambodia,1931,0
Cambodia,1932,0
Cambodia,1933,0
Cambodia,1934,0
Cambodia,1935,0
Cambodia,1936,0
Cambodia,1937,0
Cambodia,1938,0
Cambodia,1939,0
Cambodia,1940,0
Cambodia,1941,0
Cambodia,1942,0
Cambodia,1943,0
Cambodia,1944,0
Cambodia,1945,0
Cambodia,1946,0
Cambodia,1947,0
Cambodia,1948,0
Cambodia,1949,0
Cambodia,1950,0
Cambodia,1951,0
Cambodia,1952,0
Cambodia,1953,0
Cambodia,1954,7
Cambodia,1955,7
Cambodia,1956,12
Cambodia,1957,14
Cambodia,1958,14
Cambodia,1959,14
Cambodia,1960,14
Cambodia,1961,14
Cambodia,1962,14
Cambodia,1963,16
Cambodia,1964,16
Cambodia,1965,18
Cambodia,1966,28
Cambodia,1967,28
Cambodia,1968,28
Cambodia,1969,28
Cambodia,1970,35
Cambodia,1971,57
Cambodia,1972,90
Cambodia,1973,99
Cambodia,1974,108
Cambodia,1975,108
Cambodia,1976,108
Cambodia,1977,108
Cambodia,1978,108
Cambodia,1979,108
Cambodia,1980,108
Cambodia,1981,108
Cambodia,1982,108
Cambodia,1983,108
Cambodia,1984,108
Cambodia,1985,108
Cambodia,1986,108
Cambodia,1987,108
Cambodia,1988,108
Cambodia,1989,108
Cambodia,1990,108
Cambodia,1991,108
Cambodia,1992,108
Cambodia,1993,108
Cambodia,1994,108
Cambodia,1995,108
Cambodia,1996,109
Cambodia,1997,119
Cambodia,1998,122
Cambodia,1999,131
Cambodia,2000,137
Cambodia,2001,139
Cambodia,2002,144
Cambodia,2003,144
Cambodia,2004,146
Cambodia,2005,146
Cambodia,2006,157
Cambodia,2007,163
Cambodia,2008,178
Cambodia,2009,180
Cambodia,2010,184
Cambodia,2011,198
Cambodia,2012,201
Cambodia,2013,201
Cambodia,2014,210
Cambodia,2015,226
Cambodia,2016,252
Cambodia,2017,259
Cambodia,2018,269
Cambodia,2019,275
Cambodia,2020,275
Cambodia,2021,285
Cambodia,2022,298
Cambodia,2023,304
Cambodia,2024,320
Cambodia,2025,324
Cambodia,2026,330
Cameroon,1872,0
Cameroon,1873,0
Cameroon,1874,0
Cameroon,1875,0
Cameroon,1876,0
Cameroon,1877,0
Cameroon,1878,0
Cameroon,1879,0
Cameroon,1880,0
Cameroon,1881,0
Cameroon,1882,0
Cameroon,1883,0
Cameroon,1884,0
Cameroon,1885,0
Cameroon,1886,0
Cameroon,1887,0
Cameroon,1888,0
Cameroon,1889,0
Cameroon,1890,0
Cameroon,1891,0
Cameroon,1892,0
Cameroon,1893,0
Cameroon,1894,0
Cameroon,1895,0
Cameroon,1896,0
Cameroon,1897,0
Cameroon,1898,0
Cameroon,1899,0
Cameroon,1900,0
Cameroon,1901,0
Cameroon,1902,0
Cameroon,1903,0
Cameroon,1904,0
Cameroon,1905,0
Cameroon,1906,0
Cameroon,1907,0
Cameroon,1908,0
Cameroon,1909,0
Cameroon,1910,0
Cameroon,1911,0
Cameroon,1912,0
Cameroon,1913,0
Cameroon,1914,0
Cameroon,1915,0
Cameroon,1916,0
Cameroon,1917,0
Cameroon,1918,0
Cameroon,1919,0
Cameroon,1920,0
Cameroon,1921,0
Cameroon,1922,0
Cameroon,1923,0
Cameroon,1924,0
Cameroon,1925,0
Cameroon,1926,0
Cameroon,1927,0
Cameroon,1928,0
Cameroon,1929,0
Cameroon,1930,0
Cameroon,1931,0
Cameroon,1932,0
Cameroon,1933,0
Cameroon,1934,0
Cameroon,1935,0
Cameroon,1936,0
Cameroon,1937,0
Cameroon,1938,0
Cameroon,1939,0
Cameroon,1940,0
Cameroon,1941,0
Cameroon,1942,0
Cameroon,1943,0
Cameroon,1944,0
Cameroon,1945,0
Cameroon,1946,0
Cameroon,1947,0
Cameroon,1948,0
Cameroon,1949,0
Cameroon,1950,0
Cameroon,1951,0
Cameroon,1952,0
Cameroon,1953,3
Cameroon,1954,3
Cameroon,1955,3
Cameroon,1956,7
Cameroon,1957,7
Cameroon,1958,7
Cameroon,1959,7
Cameroon,1960,24
Cameroon,1961,30
Cameroon,1962,36
Cameroon,1963,43
Cameroon,1964,66
Cameroon,1965,66
Cameroon,1966,72
Cameroon,1967,74
Cameroon,1968,81
Cameroon,1969,91
Cameroon,1970,99
Cameroon,1971,108
Cameroon,1972,119
Cameroon,1973,122
Cameroon,1974,123
Cameroon,1975,133
Cameroon,1976,138
Cameroon,1977,142
Cameroon,1978,144
Cameroon,1979,152
Cameroon,1980,159
Cameroon,1981,184
Cameroon,1982,191
Cameroon,1983,205
Cameroon,1984,229
Cameroon,1985,244
Cameroon,1986,263
Cameroon,1987,285
Cameroon,1988,293
Cameroon,1989,310
Cameroon,1990,330
Cameroon,1991,343
Cameroon,1992,360
Cameroon,1993,379
Cameroon,1994,394
Cameroon,1995,404
Cameroon,1996,413
Cameroon,1997,436
Cameroon,1998,452
Cameroon,1999,460
Cameroon,2000,486
Cameroon,2001,499
Cameroon,2002,519
Cameroon,2003,524
Cameroon,2004,538
Cameroon,2005,551
Cameroon,2006,566
Cameroon,2007,576
Cameroon,2008,606
Cameroon,2009,621
Cameroon,2010,644
Cameroon,2011,659
Cameroon,2012,681
Cameroon,2013,691
Cameroon,2014,708
Cameroon,2015,725
Cameroon,2016,737
Cameroon,2017,757
Cameroon,2018,762
Cameroon,2019,773
Cameroon,2020,779
Cameroon,2021,793
Cameroon,2022,816
Cameroon,2023,827
Cameroon,2024,846
Cameroon,2025,862
Cameroon,2026,866
Canada,1872,0
Canada,1873,0
Canada,1874,0
Canada,1875,0
Canada,1876,0
Canada,1877,0
Canada,1878,0
Canada,1879,0
Canada,1880,0
Canada,1881,0
Canada,1882,0
Canada,1883,0
Canada,1884,0
Canada,1885,1
Canada,1886,3
Canada,1887,3
Canada,1888,3
Canada,1889,3
Canada,1890,3
Canada,1891,3
Canada,1892,3
Canada,1893,3
Canada,1894,3
Canada,1895,3
Canada,1896,3
Canada,1897,3
Canada,1898,3
Canada,1899,3
Canada,1900,3
Canada,1901,3
Canada,1902,3
Canada,1903,3
Canada,1904,3
Canada,1905,3
Canada,1906,3
Canada,1907,3
Canada,1908,3
Canada,1909,3
Canada,1910,3
Canada,1911,3
Canada,1912,3
Canada,1913,3
Canada,1914,3
Canada,1915,3
Canada,1916,3
Canada,1917,3
Canada,1918,3
Canada,1919,11
Canada,1920,11
Canada,1921,11
Canada,1922,11
Canada,1923,11
Canada,1924,19
Canada,1925,21
Canada,1926,23
Canada,1927,31
Canada,1928,31
Canada,1929,31
Canada,1930,31
Canada,1931,31
Canada,1932,31
Canada,1933,31
Canada,1934,31
Canada,1935,31
Canada,1936,31
Canada,1937,31
Canada,1938,31
Canada,1939,31
Canada,1940,31
Canada,1941,31
Canada,1942,31
Canada,1943,31
Canada,1944,31
Canada,1945,31
Canada,1946,31
Canada,1947,31
Canada,1948,31
Canada,1949,31
Canada,1950,31
Canada,1951,31
Canada,1952,31
Canada,1953,31
Canada,1954,31
Canada,1955,31
Canada,1956,31
Canada,1957,39
Canada,1958,39
Canada,1959,39
Canada,1960,39
Canada,1961,39
Canada,1962,39
Canada,1963,39
Canada,1964,39
Canada,1965,39
Canada,1966,39
Canada,1967,39
Canada,1968,47
Canada,1969,47
Canada,1970,47
Canada,1971,47
Canada,1972,55
Canada,1973,60
Canada,1974,60
Canada,1975,63
Canada,1976,68
Canada,1977,76
Canada,1978,76
Canada,1979,76
Canada,1980,88
Canada,1981,98
Canada,1982,98
Canada,1983,101
Canada,1984,104
Canada,1985,126
Canada,1986,131
Canada,1987,133
Canada,1988,147
Canada,1989,148
Canada,1990,150
Canada,1991,156
Canada,1992,174
Canada,1993,193
Canada,1994,195
Canada,1995,206
Canada,1996,220
Canada,1997,225
Canada,1998,226
Canada,1999,236
Canada,2000,250
Canada,2001,252
Canada,2002,261
Canada,2003,271
Canada,2004,284
Canada,2005,291
Canada,2006,295
Canada,2007,311
Canada,2008,329
Canada,2009,337
Canada,2010,342
Canada,2011,365
Canada,2012,374
Canada,2013,375
Canada,2014,377
Canada,2015,391
Canada,2016,402
Canada,2017,417
Canada,2018,432
Canada,2019,460
Canada,2020,468
Canada,2021,523
Canada,2022,546
Canada,2023,567
Canada,2024,581
Canada,2025,603
Canada,2026,617
Canary Islands,1872,0
Canary Islands,1873,0
Canary Islands,1874,0
Canary Islands,1875,0
Canary Islands,1876,0
Canary Islands,1877,0
Canary Islands,1878,0
Canary Islands,1879,0
Canary Islands,1880,0
Canary Islands,1881,0
Canary Islands,1882,0
Canary Islands,1883,0
Canary Islands,1884,0
Canary Islands,1885,0
Canary Islands,1886,0
Canary Islands,1887,0
Canary Islands,1888,0
Canary Islands,1889,0
Canary Islands,1890,0
Canary Islands,1891,0
Canary Islands,1892,0
Canary Islands,1893,0
Canary Islands,1894,0
Canary Islands,1895,0
Canary Islands,1896,0
Canary Islands,1897,0
Canary Islands,1898,0
Canary Islands,1899,0
Canary Islands,1900,0
Canary Islands,1901,0
Canary Islands,1902,0
Canary Islands,1903,0
Canary Islands,1904,0
Canary Islands,1905,0
Canary Islands,1906,0
Canary Islands,1907,0
Canary Islands,1908,0
Canary Islands,1909,0
Canary Islands,1910,0
Canary Islands,1911,0
Canary Islands,1912,0
Canary Islands,1913,0
Canary Islands,1914,0
Canary Islands,1915,0
Canary Islands,1916,0
Canary Islands,1917,0
Canary Islands,1918,0
Canary Islands,1919,0
Canary Islands,1920,0
Canary Islands,1921,0
Canary Islands,1922,0
Canary Islands,1923,0
Canary Islands,1924,0
Canary Islands,1925,0
Canary Islands,1926,0
Canary Islands,1927,0
Canary Islands,1928,0
Canary Islands,1929,0
Canary Islands,1930,0
Canary Islands,1931,0
Canary Islands,1932,0
Canary Islands,1933,0
Canary Islands,1934,0
Canary Islands,1935,0
Canary Islands,1936,0
Canary Islands,1937,0
Canary Islands,1938,0
Canary Islands,1939,0
Canary Islands,1940,0
Canary Islands,1941,0
Canary Islands,1942,0
Canary Islands,1943,0
Canary Islands,1944,0
Canary Islands,1945,0
Canary Islands,1946,0
Canary Islands,1947,0
Canary Islands,1948,0
Canary Islands,1949,0
Canary Islands,1950,0
Canary Islands,1951,0
Canary Islands,1952,0
Canary Islands,1953,0
Canary Islands,1954,0
Canary Islands,1955,0
Canary Islands,1956,0
Canary Islands,1957,0
Canary Islands,1958,0
Canary Islands,1959,0
Canary Islands,1960,0
Canary Islands,1961,0
Canary Islands,1962,0
Canary Islands,1963,0
Canary Islands,1964,0
Canary Islands,1965,0
Canary Islands,1966,0
Canary Islands,1967,0
Canary Islands,1968,0
Canary Islands,1969,0
Canary Islands,1970,0
Canary Islands,1971,0
Canary Islands,1972,0
Canary Islands,1973,0
Canary Islands,1974,0
Canary Islands,1975,0
Canary Islands,1976,0
Canary Islands,1977,0
Canary Islands,1978,0
Canary Islands,1979,0
Canary Islands,1980,0
Canary Islands,1981,0
Canary Islands,1982,0
Canary Islands,1983,0
Canary Islands,1984,0
Canary Islands,1985,0
Canary Islands,1986,0
Canary Islands,1987,0
Canary Islands,1988,0
Canary Islands,1989,0
Canary Islands,1990,0
Canary Islands,1991,0
Canary Islands,1992,0
Canary Islands,1993,0
Canary Islands,1994,0
Canary Islands,1995,0
Canary Islands,1996,5
Canary Islands,1997,5
Canary Islands,1998,9
Canary Islands,1999,9
Canary Islands,2000,9
Canary Islands,2001,9
Canary Islands,2002,9
Canary Islands,2003,9
Canary Islands,2004,9
Canary Islands,2005,9
Canary Islands,2006,9
Canary Islands,2007,11
Canary Islands,2008,11
Canary Islands,2009,11
Canary Islands,2010,11
Canary Islands,2011,11
Canary Islands,2012,11
Canary Islands,2013,11
Canary Islands,2014,11
Canary Islands,2015,11
Canary Islands,2016,11
Canary Islands,2017,11
Canary Islands,2018,11
Canary Islands,2019,11
Canary Islands,2020,11
Canary Islands,2021,11
Canary Islands,2022,11
Canary Islands,2023,11
Canary Islands,2024,11
Canary Islands,2025,11
Canary Islands,2026,11
Canton Ticino,1872,0
Canton Ticino,1873,0
Canton Ticino,1874,0
Canton Ticino,1875,0
Canton Ticino,1876,0
Canton Ticino,1877,0
Canton Ticino,1878,0
Canton Ticino,1879,0
Canton Ticino,1880,0
Canton Ticino,1881,0
Canton Ticino,1882,0
Canton Ticino,1883,0
Canton Ticino,1884,0
Canton Ticino,1885,0
Canton Ticino,1886,0
Canton Ticino,1887,0
Canton Ticino,1888,0
Canton Ticino,1889,0
Canton Ticino,1890,0
Canton Ticino,1891,0
Canton Ticino,1892,0
Canton Ticino,1893,0
Canton Ticino,1894,0
Canton Ticino,1895,0
Canton Ticino,1896,0
Canton Ticino,1897,0
Canton Ticino,1898,0
Canton Ticino,1899,0
Canton Ticino,1900,0
Canton Ticino,1901,0
Canton Ticino,1902,0
Canton Ticino,1903,0
Canton Ticino,1904,0
Canton Ticino,1905,0
Canton Ticino,1906,0
Canton Ticino,1907,0
Canton Ticino,1908,0
Canton Ticino,1909,0
Canton Ticino,1910,0
Canton Ticino,1911,0
Canton Ticino,1912,0
Canton Ticino,1913,0
Canton Ticino,1914,0
Canton Ticino,1915,0
Canton Ticino,1916,0
Canton Ticino,1917,0
Canton Ticino,1918,0
Canton Ticino,1919,0
Canton Ticino,1920,0
Canton Ticino,1921,0
Canton Ticino,1922,0
Canton Ticino,1923,0
Canton Ticino,1924,0
Canton Ticino,1925,0
Canton Ticino,1926,0
Canton Ticino,1927,0
Canton Ticino,1928,0
Canton Ticino,1929,0
Canton Ticino,1930,0
Canton Ticino,1931,0
Canton Ticino,1932,0
Canton Ticino,1933,0
Canton Ticino,1934,0
Canton Ticino,1935,0
Canton Ticino,1936,0
Canton Ticino,1937,0
Canton Ticino,1938,0
Canton Ticino,1939,0
Canton Ticino,1940,0
Canton Ticino,1941,0
Canton Ticino,1942,0
Canton Ticino,1943,0
Canton Ticino,1944,0
Canton Ticino,1945,0
Canton Ticino,1946,0
Canton Ticino,1947,0
Canton Ticino,1948,0
Canton Ticino,1949,0
Canton Ticino,1950,0
Canton Ticino,1951,0
Canton Ticino,1952,0
Canton Ticino,1953,0
Canton Ticino,1954,0
Canton Ticino,1955,0
Canton Ticino,1956,0
Canton Ticino,1957,0
Canton Ticino,1958,0
Canton Ticino,1959,0
Canton Ticino,1960,0
Canton Ticino,1961,0
Canton Ticino,1962,0
Canton Ticino,1963,0
Canton Ticino,1964,0
Canton Ticino,1965,0
Canton Ticino,1966,0
Canton Ticino,1967,0
Canton Ticino,1968,0
Canton Ticino,1969,0
Canton Ticino,1970,0
Canton Ticino,1971,0
Canton Ticino,1972,0
Canton Ticino,1973,0
Canton Ticino,1974,0
Canton Ticino,1975,0
Canton Ticino,1976,0
Canton Ticino,1977,0
Canton Ticino,1978,0
Canton Ticino,1979,0
Canton Ticino,1980,0
Canton Ticino,1981,0
Canton Ticino,1982,0
Canton Ticino,1983,0
Canton Ticino,1984,0
Canton Ticino,1985,0
Canton Ticino,1986,0
Canton Ticino,1987,0
Canton Ticino,1988,0
Canton Ticino,1989,0
Canton Ticino,1990,0
Canton Ticino,1991,0
Canton Ticino,1992,0
Canton Ticino,1993,0
Canton Ticino,1994,0
Canton Ticino,1995,0
Canton Ticino,1996,0
Canton Ticino,1997,0
Canton Ticino,1998,0
Canton Ticino,1999,0
Canton Ticino,2000,0
Canton Ticino,2001,0
Canton Ticino,2002,0
Canton Ticino,2003,0
Canton Ticino,2004,0
Canton Ticino,2005,0
Canton Ticino,2006,0
Canton Ticino,2007,0
Canton Ticino,2008,0
Canton Ticino,2009,0
Canton Ticino,2010,0
Canton Ticino,2011,0
Canton Ticino,2012,0
Canton Ticino,2013,0
Canton Ticino,2014,0
Canton Ticino,2015,0
Canton Ticino,2016,0
Canton Ticino,2017,0
Canton Ticino,2018,0
Canton Ticino,2019,0
Canton Ticino,2020,0
Canton Ticino,2021,0
Canton Ticino,2022,0
Canton Ticino,2023,2
Canton Ticino,2024,2
Canton Ticino,2025,2
Canton Ticino,2026,6
Cape Verde,1872,0
Cape Verde,1873,0
Cape Verde,1874,0
Cape Verde,1875,0
Cape Verde,1876,0
Cape Verde,1877,0
Cape Verde,1878,0
Cape Verde,1879,0
Cape Verde,1880,0
Cape Verde,1881,0
Cape Verde,1882,0
Cape Verde,1883,0
Cape Verde,1884,0
Cape Verde,1885,0
Cape Verde,1886,0
Cape Verde,1887,0
Cape Verde,1888,0
Cape Verde,1889,0
Cape Verde,1890,0
Cape Verde,1891,0
Cape Verde,1892,0
Cape Verde,1893,0
Cape Verde,1894,0
Cape Verde,1895,0
Cape Verde,1896,0
Cape Verde,1897,0
Cape Verde,1898,0
Cape Verde,1899,0
Cape Verde,1900,0
Cape Verde,1901,0
Cape Verde,1902,0
Cape Verde,1903,0
Cape Verde,1904,0
Cape Verde,1905,0
Cape Verde,1906,0
Cape Verde,1907,0
Cape Verde,1908,0
Cape Verde,1909,0
Cape Verde,1910,0
Cape Verde,1911,0
Cape Verde,1912,0
Cape Verde,1913,0
Cape Verde,1914,0
Cape Verde,1915,0
Cape Verde,1916,0
Cape Verde,1917,0
Cape Verde,1918,0
Cape Verde,1919,0
Cape Verde,1920,0
Cape Verde,1921,0
Cape Verde,1922,0
Cape Verde,1923,0
Cape Verde,1924,0
Cape Verde,1925,0
Cape Verde,1926,0
Cape Verde,1927,0
Cape Verde,1928,0
Cape Verde,1929,0
Cape Verde,1930,0
Cape Verde,1931,0
Cape Verde,1932,0
Cape Verde,1933,0
Cape Verde,1934,0
Cape Verde,1935,0
Cape Verde,1936,0
Cape Verde,1937,0
Cape Verde,1938,0
Cape Verde,1939,0
Cape Verde,1940,0
Cape Verde,1941,0
Cape Verde,1942,0
Cape Verde,1943,0
Cape Verde,1944,0
Cape Verde,1945,0
Cape Verde,1946,0
Cape Verde,1947,0
Cape Verde,1948,0
Cape Verde,1949,0
Cape Verde,1950,0
Cape Verde,1951,0
Cape Verde,1952,0
Cape Verde,1953,0
Cape Verde,1954,0
Cape Verde,1955,0
Cape Verde,1956,0
Cape Verde,1957,0
Cape Verde,1958,0
Cape Verde,1959,2
Cape Verde,1960,2
Cape Verde,1961,2
Cape Verde,1962,2
Cape Verde,1963,2
Cape Verde,1964,2
Cape Verde,1965,2
Cape Verde,1966,2
Cape Verde,1967,2
Cape Verde,1968,2
Cape Verde,1969,2
Cape Verde,1970,2
Cape Verde,1971,2
Cape Verde,1972,2
Cape Verde,1973,2
Cape Verde,1974,2
Cape Verde,1975,2
Cape Verde,1976,2
Cape Verde,1977,2
Cape Verde,1978,2
Cape Verde,1979,2
Cape Verde,1980,2
Cape Verde,1981,6
Cape Verde,1982,11
Cape Verde,1983,12
Cape Verde,1984,13
Cape Verde,1985,19
Cape Verde,1986,19
Cape Verde,1987,19
Cape Verde,1988,26
Cape Verde,1989,32
Cape Verde,1990,32
Cape Verde,1991,34
Cape Verde,1992,36
Cape Verde,1993,36
Cape Verde,1994,36
Cape Verde,1995,39
Cape Verde,1996,39
Cape Verde,1997,42
Cape Verde,1998,42
Cape Verde,1999,42
Cape Verde,2000,50
Cape Verde,2001,52
Cape Verde,2002,54
Cape Verde,2003,66
Cape Verde,2004,71
Cape Verde,2005,76
Cape Verde,2006,78
Cape Verde,2007,81
Cape Verde,2008,90
Cape Verde,2009,99
Cape Verde,2010,102
Cape Verde,2011,109
Cape Verde,2012,121
Cape Verde,2013,133
Cape Verde,2014,142
Cape Verde,2015,159
Cape Verde,2016,161
Cape Verde,2017,167
Cape Verde,2018,174
Cape Verde,2019,178
Cape Verde,2020,181
Cape Verde,2021,193
Cape Verde,2022,209
Cape Verde,2023,219
Cape Verde,2024,234
Cape Verde,2025,252
Cape Verde,2026,262
Cascadia,1872,0
Cascadia,1873,0
Cascadia,1874,0
Cascadia,1875,0
Cascadia,1876,0
Cascadia,1877,0
Cascadia,1878,0
Cascadia,1879,0
Cascadia,1880,0
Cascadia,1881,0
Cascadia,1882,0
Cascadia,1883,0
Cascadia,1884,0
Cascadia,1885,0
Cascadia,1886,0
Cascadia,1887,0
Cascadia,1888,0
Cascadia,1889,0
Cascadia,1890,0
Cascadia,1891,0
Cascadia,1892,0
Cascadia,1893,0
Cascadia,1894,0
Cascadia,1895,0
Cascadia,1896,0
Cascadia,1897,0
Cascadia,1898,0
Cascadia,1899,0
Cascadia,1900,0
Cascadia,1901,0
Cascadia,1902,0
Cascadia,1903,0
Cascadia,1904,0
Cascadia,1905,0
Cascadia,1906,0
Cascadia,1907,0
Cascadia,1908,0
Cascadia,1909,0
Cascadia,1910,0
Cascadia,1911,0
Cascadia,1912,0
Cascadia,1913,0
Cascadia,1914,0
Cascadia,1915,0
Cascadia,1916,0
Cascadia,1917,0
Cascadia,1918,0
Cascadia,1919,0
Cascadia,1920,0
Cascadia,1921,0
Cascadia,1922,0
Cascadia,1923,0
Cascadia,1924,0
Cascadia,1925,0
Cascadia,1926,0
Cascadia,1927,0
Cascadia,1928,0
Cascadia,1929,0
Cascadia,1930,0
Cascadia,1931,0
Cascadia,1932,0
Cascadia,1933,0
Cascadia,1934,0
Cascadia,1935,0
Cascadia,1936,0
Cascadia,1937,0
Cascadia,1938,0
Cascadia,1939,0
Cascadia,1940,0
Cascadia,1941,0
Cascadia,1942,0
Cascadia,1943,0
Cascadia,1944,0
Cascadia,1945,0
Cascadia,1946,0
Cascadia,1947,0
Cascadia,1948,0
Cascadia,1949,0
Cascadia,1950,0
Cascadia,1951,0
Cascadia,1952,0
Cascadia,1953,0
Cascadia,1954,0
Cascadia,1955,0
Cascadia,1956,0
Cascadia,1957,0
Cascadia,1958,0
Cascadia,1959,0
Cascadia,1960,0
Cascadia,1961,0
Cascadia,1962,0
Cascadia,1963,0
Cascadia,1964,0
Cascadia,1965,0
Cascadia,1966,0
Cascadia,1967,0
Cascadia,1968,0
Cascadia,1969,0
Cascadia,1970,0
Cascadia,1971,0
Cascadia,1972,0
Cascadia,1973,0
Cascadia,1974,0
Cascadia,1975,0
Cascadia,1976,0
Cascadia,1977,0
Cascadia,1978,0
Cascadia,1979,0
Cascadia,1980,0
Cascadia,1981,0
Cascadia,1982,0
Cascadia,1983,0
Cascadia,1984,0
Cascadia,1985,0
Cascadia,1986,0
Cascadia,1987,0
Cascadia,1988,0
Cascadia,1989,0
Cascadia,1990,0
Cascadia,1991,0
Cascadia,1992,0
Cascadia,1993,0
Cascadia,1994,0
Cascadia,1995,0
Cascadia,1996,0
Cascadia,1997,0
Cascadia,1998,0
Cascadia,1999,0
Cascadia,2000,0
Cascadia,2001,0
Cascadia,2002,0
Cascadia,2003,0
Cascadia,2004,0
Cascadia,2005,0
Cascadia,2006,0
Cascadia,2007,0
Cascadia,2008,0
Cascadia,2009,0
Cascadia,2010,0
Cascadia,2011,0
Cascadia,2012,0
Cascadia,2013,0
Cascadia,2014,0
Cascadia,2015,0
Cascadia,2016,0
Cascadia,2017,0
Cascadia,2018,17
Cascadia,2019,23
Cascadia,2020,23
Cascadia,2021,23
Cascadia,2022,23
Cascadia,2023,23
Cascadia,2024,23
Cascadia,2025,23
Cascadia,2026,23
Catalonia,1872,0
Catalonia,1873,0
Catalonia,1874,0
Catalonia,1875,0
Catalonia,1876,0
Catalonia,1877,0
Catalonia,1878,0
Catalonia,1879,0
Catalonia,1880,0
Catalonia,1881,0
Catalonia,1882,0
Catalonia,1883,0
Catalonia,1884,0
Catalonia,1885,0
Catalonia,1886,0
Catalonia,1887,0
Catalonia,1888,0
Catalonia,1889,0
Catalonia,1890,0
Catalonia,1891,0
Catalonia,1892,0
Catalonia,1893,0
Catalonia,1894,0
Catalonia,1895,0
Catalonia,1896,0
Catalonia,1897,0
Catalonia,1898,0
Catalonia,1899,0
Catalonia,1900,0
Catalonia,1901,0
Catalonia,1902,0
Catalonia,1903,0
Catalonia,1904,0
Catalonia,1905,0
Catalonia,1906,0
Catalonia,1907,0
Catalonia,1908,0
Catalonia,1909,0
Catalonia,1910,0
Catalonia,1911,0
Catalonia,1912,1
Catalonia,1913,1
Catalonia,1914,1
Catalonia,1915,4
Catalonia,1916,5
Catalonia,1917,5
Catalonia,1918,5
Catalonia,1919,5
Catalonia,1920,5
Catalonia,1921,10
Catalonia,1922,10
Catalonia,1923,10
Catalonia,1924,11
Catalonia,1925,13
Catalonia,1926,14
Catalonia,1927,14
Catalonia,1928,14
Catalonia,1929,14
Catalonia,1930,14
Catalonia,1931,16
Catalonia,1932,16
Catalonia,1933,16
Catalonia,1934,20
Catalonia,1935,20
Catalonia,1936,20
Catalonia,1937,20
Catalonia,1938,20
Catalonia,1939,20
Catalonia,1940,20
Catalonia,1941,20
Catalonia,1942,20
Catalonia,1943,20
Catalonia,1944,20
Catalonia,1945,20
Catalonia,1946,20
Catalonia,1947,23
Catalonia,1948,23
Catalonia,1949,23
Catalonia,1950,23
Catalonia,1951,23
Catalonia,1952,23
Catalonia,1953,23
Catalonia,1954,23
Catalonia,1955,23
Catalonia,1956,23
Catalonia,1957,23
Catalonia,1958,23
Catalonia,1959,23
Catalonia,1960,23
Catalonia,1961,23
Catalonia,1962,23
Catalonia,1963,23
Catalonia,1964,23
Catalonia,1965,23
Catalonia,1966,23
Catalonia,1967,23
Catalonia,1968,23
Catalonia,1969,23
Catalonia,1970,23
Catalonia,1971,25
Catalonia,1972,25
Catalonia,1973,25
Catalonia,1974,25
Catalonia,1975,25
Catalonia,1976,26
Catalonia,1977,26
Catalonia,1978,26
Catalonia,1979,26
Catalonia,1980,26
Catalonia,1981,26
Catalonia,1982,26
Catalonia,1983,26
Catalonia,1984,26
Catalonia,1985,26
Catalonia,1986,26
Catalonia,1987,26
Catalonia,1988,26
Catalonia,1989,26
Catalonia,1990,26
Catalonia,1991,26
Catalonia,1992,26
Catalonia,1993,26
Catalonia,1994,26
Catalonia,1995,26
Catalonia,1996,26
Catalonia,1997,27
Catalonia,1998,32
Catalonia,1999,33
Catalonia,2000,38
Catalonia,2001,39
Catalonia,2002,42
Catalonia,2003,46
Catalonia,2004,48
Catalonia,2005,49
Catalonia,2006,53
Catalonia,2007,54
Catalonia,2008,56
Catalonia,2009,60
Catalonia,2010,64
Catalonia,2011,64
Catalonia,2012,64
Catalonia,2013,69
Catalonia,2014,70
Catalonia,2015,70
Catalonia,2016,73
Catalonia,2017,73
Catalonia,2018,73
Catalonia,2019,75
Catalonia,2020,75
Catalonia,2021,75
Catalonia,2022,75
Catalonia,2023,75
Catalonia,2024,75
Catalonia,2025,75
Catalonia,2026,75
Cayman Islands,1872,0
Cayman Islands,1873,0
Cayman Islands,1874,0
Cayman Islands,1875,0
Cayman Islands,1876,0
Cayman Islands,1877,0
Cayman Islands,1878,0
Cayman Islands,1879,0
Cayman Islands,1880,0
Cayman Islands,1881,0
Cayman Islands,1882,0
Cayman Islands,1883,0
Cayman Islands,1884,0
Cayman Islands,1885,0
Cayman Islands,1886,0
Cayman Islands,1887,0
Cayman Islands,1888,0
Cayman Islands,1889,0
Cayman Islands,1890,0
Cayman Islands,1891,0
Cayman Islands,1892,0
Cayman Islands,1893,0
Cayman Islands,1894,0
Cayman Islands,1895,0
Cayman Islands,1896,0
Cayman Islands,1897,0
Cayman Islands,1898,0
Cayman Islands,1899,0
Cayman Islands,1900,0
Cayman Islands,1901,0
Cayman Islands,1902,0
Cayman Islands,1903,0
Cayman Islands,1904,0
Cayman Islands,1905,0
Cayman Islands,1906,0
Cayman Islands,1907,0
Cayman Islands,1908,0
Cayman Islands,1909,0
Cayman Islands,1910,0
Cayman Islands,1911,0
Cayman Islands,1912,0
Cayman Islands,1913,0
Cayman Islands,1914,0
Cayman Islands,1915,0
Cayman Islands,1916,0
Cayman Islands,1917,0
Cayman Islands,1918,0
Cayman Islands,1919,0
Cayman Islands,1920,0
Cayman Islands,1921,0
Cayman Islands,1922,0
Cayman Islands,1923,0
Cayman Islands,1924,0
Cayman Islands,1925,0
Cayman Islands,1926,0
Cayman Islands,1927,0
Cayman Islands,1928,0
Cayman Islands,1929,0
Cayman Islands,1930,0
Cayman Islands,1931,0
Cayman Islands,1932,0
Cayman Islands,1933,0
Cayman Islands,1934,0
Cayman Islands,1935,0
Cayman Islands,1936,0
Cayman Islands,1937,0
Cayman Islands,1938,0
Cayman Islands,1939,0
Cayman Islands,1940,0
Cayman Islands,1941,0
Cayman Islands,1942,0
Cayman Islands,1943,0
Cayman Islands,1944,0
Cayman Islands,1945,0
Cayman Islands,1946,0
Cayman Islands,1947,0
Cayman Islands,1948,0
Cayman Islands,1949,0
Cayman Islands,1950,0
Cayman Islands,1951,0
Cayman Islands,1952,0
Cayman Islands,1953,0
Cayman Islands,1954,0
Cayman Islands,1955,0
Cayman Islands,1956,0
Cayman Islands,1957,0
Cayman Islands,1958,0
Cayman Islands,1959,0
Cayman Islands,1960,0
Cayman Islands,1961,0
Cayman Islands,1962,0
Cayman Islands,1963,0
Cayman Islands,1964,0
Cayman Islands,1965,0
Cayman Islands,1966,0
Cayman Islands,1967,0
Cayman Islands,1968,0
Cayman Islands,1969,0
Cayman Islands,1970,0
Cayman Islands,1971,0
Cayman Islands,1972,0
Cayman Islands,1973,0
Cayman Islands,1974,0
Cayman Islands,1975,0
Cayman Islands,1976,0
Cayman Islands,1977,0
Cayman Islands,1978,0
Cayman Islands,1979,0
Cayman Islands,1980,0
Cayman Islands,1981,0
Cayman Islands,1982,0
Cayman Islands,1983,0
Cayman Islands,1984,0
Cayman Islands,1985,1
Cayman Islands,1986,1
Cayman Islands,1987,2
Cayman Islands,1988,2
Cayman Islands,1989,2
Cayman Islands,1990,4
Cayman Islands,1991,10
Cayman Islands,1992,12
Cayman Islands,1993,16
Cayman Islands,1994,32
Cayman Islands,1995,38
Cayman Islands,1996,38
Cayman Islands,1997,38
Cayman Islands,1998,44
Cayman Islands,1999,56
Cayman Islands,2000,59
Cayman Islands,2001,62
Cayman Islands,2002,63
Cayman Islands,2003,63
Cayman Islands,2004,66
Cayman Islands,2005,66
Cayman Islands,2006,67
Cayman Islands,2007,67
Cayman Islands,2008,76
Cayman Islands,2009,77
Cayman Islands,2010,82
Cayman Islands,2011,84
Cayman Islands,2012,84
Cayman Islands,2013,84
Cayman Islands,2014,84
Cayman Islands,2015,85
Cayman Islands,2016,85
Cayman Islands,2017,85
Cayman Islands,2018,85
Cayman Islands,2019,93
Cayman Islands,2020,93
Cayman Islands,2021,95
Cayman Islands,2022,97
Cayman Islands,2023,104
Cayman Islands,2024,109
Cayman Islands,2025,114
Cayman Islands,2026,117
Central African Republic,1872,0
Central African Republic,1873,0
Central African Republic,1874,0
Central African Republic,1875,0
Central African Republic,1876,0
Central African Republic,1877,0
Central African Republic,1878,0
Central African Republic,1879,0
Central African Republic,1880,0
Central African Republic,1881,0
Central African Republic,1882,0
Central African Republic,1883,0
Central African Republic,1884,0
Central African Republic,1885,0
Central African Republic,1886,0
Central African Republic,1887,0
Central African Republic,1888,0
Central African Republic,1889,0
Central African Republic,1890,0
Central African Republic,1891,0
Central African Republic,1892,0
Central African Republic,1893,0
Central African Republic,1894,0
Central African Republic,1895,0
Central African Republic,1896,0
Central African Republic,1897,0
Central African Republic,1898,0
Central African Republic,1899,0
Central African Republic,1900,0
Central African Republic,1901,0
Central African Republic,1902,0
Central African Republic,1903,0
Central African Republic,1904,0
Central African Republic,1905,0
Central African Republic,1906,0
Central African Republic,1907,0
Central African Republic,1908,0
Central African Republic,1909,0
Central African Republic,1910,0
Central African Republic,1911,0
Central African Republic,1912,0
Central African Republic,1913,0
Central African Republic,1914,0
Central African Republic,1915,0
Central African Republic,1916,0
Central African Republic,1917,0
Central African Republic,1918,0
Central African Republic,1919,0
Central African Republic,1920,0
Central African Republic,1921,0
Central African Republic,1922,0
Central African Republic,1923,0
Central African Republic,1924,0
Central African Republic,1925,0
Central African Republic,1926,0
Central African Republic,1927,0
Central African Republic,1928,0
Central African Republic,1929,0
Central African Republic,1930,0
Central African Republic,1931,0
Central African Republic,1932,0
Central African Republic,1933,0
Central African Republic,1934,0
Central African Republic,1935,0
Central African Republic,1936,0
Central African Republic,1937,0
Central African Republic,1938,0
Central African Republic,1939,0
Central African Republic,1940,0
Central African Republic,1941,0
Central African Republic,1942,0
Central African Republic,1943,0
Central African Republic,1944,0
Central African Republic,1945,0
Central African Republic,1946,0
Central African Republic,1947,0
Central African Republic,1948,0
Central African Republic,1949,0
Central African Republic,1950,0
Central African Republic,1951,0
Central African Republic,1952,0
Central African Republic,1953,0
Central African Republic,1954,0
Central African Republic,1955,0
Central African Republic,1956,0
Central African Republic,1957,0
Central African Republic,1958,0
Central African Republic,1959,0
Central African Republic,1960,3
Central African Republic,1961,4
Central African Republic,1962,9
Central African Republic,1963,9
Central African Republic,1964,10
Central African Republic,1965,10
Central African Republic,1966,11
Central African Republic,1967,11
Central African Republic,1968,11
Central African Republic,1969,11
Central African Republic,1970,11
Central African Republic,1971,11
Central African Republic,1972,11
Central African Republic,1973,16
Central African Republic,1974,16
Central African Republic,1975,16
Central African Republic,1976,16
Central African Republic,1977,16
Central African Republic,1978,16
Central African Republic,1979,16
Central African Republic,1980,16
Central African Republic,1981,16
Central African Republic,1982,16
Central African Republic,1983,16
Central African Republic,1984,21
Central African Republic,1985,22
Central African Republic,1986,25
Central African Republic,1987,28
Central African Republic,1988,30
Central African Republic,1989,35
Central African Republic,1990,38
Central African Republic,1991,38
Central African Republic,1992,38
Central African Republic,1993,38
Central African Republic,1994,38
Central African Republic,1995,38
Central African Republic,1996,38
Central African Republic,1997,38
Central African Republic,1998,38
Central African Republic,1999,51
Central African Republic,2000,53
Central African Republic,2001,53
Central African Republic,2002,55
Central African Republic,2003,56
Central African Republic,2004,56
Central African Republic,2005,56
Central African Republic,2006,56
Central African Republic,2007,56
Central African Republic,2008,56
Central African Republic,2009,56
Central African Republic,2010,58
Central African Republic,2011,62
Central African Republic,2012,70
Central African Republic,2013,73
Central African Republic,2014,74
Central African Republic,2015,78
Central African Republic,2016,85
Central African Republic,2017,88
Central African Republic,2018,98
Central African Republic,2019,102
Central African Republic,2020,103
Central African Republic,2021,109
Central African Republic,2022,112
Central African Republic,2023,122
Central African Republic,2024,139
Central African Republic,2025,145
Central African Republic,2026,146
Central Spain,1872,0
Central Spain,1873,0
Central Spain,1874,0
Central Spain,1875,0
Central Spain,1876,0
Central Spain,1877,0
Central Spain,1878,0
Central Spain,1879,0
Central Spain,1880,0
Central Spain,1881,0
Central Spain,1882,0
Central Spain,1883,0
Central Spain,1884,0
Central Spain,1885,0
Central Spain,1886,0
Central Spain,1887,0
Central Spain,1888,0
Central Spain,1889,0
Central Spain,1890,0
Central Spain,1891,0
Central Spain,1892,0
Central Spain,1893,0
Central Spain,1894,0
Central Spain,1895,0
Central Spain,1896,0
Central Spain,1897,0
Central Spain,1898,0
Central Spain,1899,0
Central Spain,1900,0
Central Spain,1901,0
Central Spain,1902,0
Central Spain,1903,0
Central Spain,1904,0
Central Spain,1905,0
Central Spain,1906,0
Central Spain,1907,0
Central Spain,1908,0
Central Spain,1909,0
Central Spain,1910,0
Central Spain,1911,0
Central Spain,1912,0
Central Spain,1913,0
Central Spain,1914,0
Central Spain,1915,0
Central Spain,1916,0
Central Spain,1917,0
Central Spain,1918,0
Central Spain,1919,0
Central Spain,1920,0
Central Spain,1921,0
Central Spain,1922,1
Central Spain,1923,2
Central Spain,1924,2
Central Spain,1925,2
Central Spain,1926,2
Central Spain,1927,2
Central Spain,1928,2
Central Spain,1929,2
Central Spain,1930,2
Central Spain,1931,2
Central Spain,1932,2
Central Spain,1933,2
Central Spain,1934,2
Central Spain,1935,2
Central Spain,1936,2
Central Spain,1937,2
Central Spain,1938,2
Central Spain,1939,2
Central Spain,1940,2
Central Spain,1941,2
Central Spain,1942,2
Central Spain,1943,2
Central Spain,1944,2
Central Spain,1945,2
Central Spain,1946,2
Central Spain,1947,2
Central Spain,1948,2
Central Spain,1949,2
Central Spain,1950,2
Central Spain,1951,2
Central Spain,1952,2
Central Spain,1953,2
Central Spain,1954,2
Central Spain,1955,2
Central Spain,1956,2
Central Spain,1957,2
Central Spain,1958,2
Central Spain,1959,2
Central Spain,1960,2
Central Spain,1961,2
Central Spain,1962,2
Central Spain,1963,2
Central Spain,1964,2
Central Spain,1965,2
Central Spain,1966,2
Central Spain,1967,2
Central Spain,1968,2
Central Spain,1969,2
Central Spain,1970,2
Central Spain,1971,2
Central Spain,1972,2
Central Spain,1973,2
Central Spain,1974,2
Central Spain,1975,2
Central Spain,1976,2
Central Spain,1977,2
Central Spain,1978,2
Central Spain,1979,2
Central Spain,1980,2
Central Spain,1981,2
Central Spain,1982,2
Central Spain,1983,2
Central Spain,1984,2
Central Spain,1985,2
Central Spain,1986,2
Central Spain,1987,2
Central Spain,1988,2
Central Spain,1989,2
Central Spain,1990,2
Central Spain,1991,2
Central Spain,1992,2
Central Spain,1993,2
Central Spain,1994,2
Central Spain,1995,2
Central Spain,1996,2
Central Spain,1997,2
Central Spain,1998,2
Central Spain,1999,2
Central Spain,2000,2
Central Spain,2001,2
Central Spain,2002,2
Central Spain,2003,2
Central Spain,2004,2
Central Spain,2005,2
Central Spain,2006,2
Central Spain,2007,2
Central Spain,2008,2
Central Spain,2009,2
Central Spain,2010,2
Central Spain,2011,2
Central Spain,2012,2
Central Spain,2013,2
Central Spain,2014,2
Central Spain,2015,2
Central Spain,2016,2
Central Spain,2017,2
Central Spain,2018,2
Central Spain,2019,2
Central Spain,2020,2
Central Spain,2021,2
Central Spain,2022,2
Central Spain,2023,2
Central Spain,2024,2
Central Spain,2025,2
Central Spain,2026,2
Chad,1872,0
Chad,1873,0
Chad,1874,0
Chad,1875,0
Chad,1876,0
Chad,1877,0
Chad,1878,0
Chad,1879,0
Chad,1880,0
Chad,1881,0
Chad,1882,0
Chad,1883,0
Chad,1884,0
Chad,1885,0
Chad,1886,0
Chad,1887,0
Chad,1888,0
Chad,1889,0
Chad,1890,0
Chad,1891,0
Chad,1892,0
Chad,1893,0
Chad,1894,0
Chad,1895,0
Chad,1896,0
Chad,1897,0
Chad,1898,0
Chad,1899,0
Chad,1900,0
Chad,1901,0
Chad,1902,0
Chad,1903,0
Chad,1904,0
Chad,1905,0
Chad,1906,0
Chad,1907,0
Chad,1908,0
Chad,1909,0
Chad,1910,0
Chad,1911,0
Chad,1912,0
Chad,1913,0
Chad,1914,0
Chad,1915,0
Chad,1916,0
Chad,1917,0
Chad,1918,0
Chad,1919,0
Chad,1920,0
Chad,1921,0
Chad,1922,0
Chad,1923,0
Chad,1924,0
Chad,1925,0
Chad,1926,0
Chad,1927,0
Chad,1928,0
Chad,1929,0
Chad,1930,0
Chad,1931,0
Chad,1932,0
Chad,1933,0
Chad,1934,0
Chad,1935,0
Chad,1936,0
Chad,1937,0
Chad,1938,0
Chad,1939,0
Chad,1940,0
Chad,1941,0
Chad,1942,0
Chad,1943,0
Chad,1944,0
Chad,1945,0
Chad,1946,0
Chad,1947,0
Chad,1948,0
Chad,1949,0
Chad,1950,0
Chad,1951,0
Chad,1952,0
Chad,1953,0
Chad,1954,0
Chad,1955,0
Chad,1956,0
Chad,1957,0
Chad,1958,0
Chad,1959,0
Chad,1960,0
Chad,1961,2
Chad,1962,2
Chad,1963,6
Chad,1964,6
Chad,1965,6
Chad,1966,6
Chad,1967,6
Chad,1968,6
Chad,1969,6
Chad,1970,6
Chad,1971,6
Chad,1972,6
Chad,1973,6
Chad,1974,6
Chad,1975,6
Chad,1976,11
Chad,1977,11
Chad,1978,11
Chad,1979,11
Chad,1980,11
Chad,1981,11
Chad,1982,11
Chad,1983,11
Chad,1984,15
Chad,1985,19
Chad,1986,22
Chad,1987,29
Chad,1988,31
Chad,1989,34
Chad,1990,38
Chad,1991,39
Chad,1992,39
Chad,1993,39
Chad,1994,39
Chad,1995,39
Chad,1996,39
Chad,1997,40
Chad,1998,41
Chad,1999,50
Chad,2000,54
Chad,2001,54
Chad,2002,58
Chad,2003,64
Chad,2004,64
Chad,2005,66
Chad,2006,67
Chad,2007,70
Chad,2008,77
Chad,2009,77
Chad,2010,83
Chad,2011,87
Chad,2012,91
Chad,2013,91
Chad,2014,94
Chad,2015,98
Chad,2016,98
Chad,2017,98
Chad,2018,98
Chad,2019,101
Chad,2020,102
Chad,2021,102
Chad,2022,104
Chad,2023,105
Chad,2024,109
Chad,2025,117
Chad,2026,117
Chagos Islands,1872,0
Chagos Islands,1873,0
Chagos Islands,1874,0
Chagos Islands,1875,0
Chagos Islands,1876,0
Chagos Islands,1877,0
Chagos Islands,1878,0
Chagos Islands,1879,0
Chagos Islands,1880,0
Chagos Islands,1881,0
Chagos Islands,1882,0
Chagos Islands,1883,0
Chagos Islands,1884,0
Chagos Islands,1885,0
Chagos Islands,1886,0
Chagos Islands,1887,0
Chagos Islands,1888,0
Chagos Islands,1889,0
Chagos Islands,1890,0
Chagos Islands,1891,0
Chagos Islands,1892,0
Chagos Islands,1893,0
Chagos Islands,1894,0
Chagos Islands,1895,0
Chagos Islands,1896,0
Chagos Islands,1897,0
Chagos Islands,1898,0
Chagos Islands,1899,0
Chagos Islands,1900,0
Chagos Islands,1901,0
Chagos Islands,1902,0
Chagos Islands,1903,0
Chagos Islands,1904,0
Chagos Islands,1905,0
Chagos Islands,1906,0
Chagos Islands,1907,0
Chagos Islands,1908,0
Chagos Islands,1909,0
Chagos Islands,1910,0
Chagos Islands,1911,0
Chagos Islands,1912,0
Chagos Islands,1913,0
Chagos Islands,1914,0
Chagos Islands,1915,0
Chagos Islands,1916,0
Chagos Islands,1917,0
Chagos Islands,1918,0
Chagos Islands,1919,0
Chagos Islands,1920,0
Chagos Islands,1921,0
Chagos Islands,1922,0
Chagos Islands,1923,0
Chagos Islands,1924,0
Chagos Islands,1925,0
Chagos Islands,1926,0
Chagos Islands,1927,0
Chagos Islands,1928,0
Chagos Islands,1929,0
Chagos Islands,1930,0
Chagos Islands,1931,0
Chagos Islands,1932,0
Chagos Islands,1933,0
Chagos Islands,1934,0
Chagos Islands,1935,0
Chagos Islands,1936,0
Chagos Islands,1937,0
Chagos Islands,1938,0
Chagos Islands,1939,0
Chagos Islands,1940,0
Chagos Islands,1941,0
Chagos Islands,1942,0
Chagos Islands,1943,0
Chagos Islands,1944,0
Chagos Islands,1945,0
Chagos Islands,1946,0
Chagos Islands,1947,0
Chagos Islands,1948,0
Chagos Islands,1949,0
Chagos Islands,1950,0
Chagos Islands,1951,0
Chagos Islands,1952,0
Chagos Islands,1953,0
Chagos Islands,1954,0
Chagos Islands,1955,0
Chagos Islands,1956,0
Chagos Islands,1957,0
Chagos Islands,1958,0
Chagos Islands,1959,0
Chagos Islands,1960,0
Chagos Islands,1961,0
Chagos Islands,1962,0
Chagos Islands,1963,0
Chagos Islands,1964,0
Chagos Islands,1965,0
Chagos Islands,1966,0
Chagos Islands,1967,0
Chagos Islands,1968,0
Chagos Islands,1969,0
Chagos Islands,1970,0
Chagos Islands,1971,0
Chagos Islands,1972,0
Chagos Islands,1973,0
Chagos Islands,1974,0
Chagos Islands,1975,0
Chagos Islands,1976,0
Chagos Islands,1977,0
Chagos Islands,1978,0
Chagos Islands,1979,0
Chagos Islands,1980,0
Chagos Islands,1981,0
Chagos Islands,1982,0
Chagos Islands,1983,0
Chagos Islands,1984,0
Chagos Islands,1985,0
Chagos Islands,1986,0
Chagos Islands,1987,0
Chagos Islands,1988,0
Chagos Islands,1989,0
Chagos Islands,1990,0
Chagos Islands,1991,0
Chagos Islands,1992,0
Chagos Islands,1993,0
Chagos Islands,1994,0
Chagos Islands,1995,0
Chagos Islands,1996,0
Chagos Islands,1997,0
Chagos Islands,1998,0
Chagos Islands,1999,0
Chagos Islands,2000,0
Chagos Islands,2001,0
Chagos Islands,2002,0
Chagos Islands,2003,0
Chagos Islands,2004,0
Chagos Islands,2005,0
Chagos Islands,2006,0
Chagos Islands,2007,0
Chagos Islands,2008,0
Chagos Islands,2009,0
Chagos Islands,2010,0
Chagos Islands,2011,6
Chagos Islands,2012,9
Chagos Islands,2013,9
Chagos Islands,2014,12
Chagos Islands,2015,13
Chagos Islands,2016,22
Chagos Islands,2017,22
Chagos Islands,2018,23
Chagos Islands,2019,28
Chagos Islands,2020,28
Chagos Islands,2021,28
Chagos Islands,2022,28
Chagos Islands,2023,28
Chagos Islands,2024,28
Chagos Islands,2025,28
Chagos Islands,2026,28
Chameria,1872,0
Chameria,1873,0
Chameria,1874,0
Chameria,1875,0
Chameria,1876,0
Chameria,1877,0
Chameria,1878,0
Chameria,1879,0
Chameria,1880,0
Chameria,1881,0
Chameria,1882,0
Chameria,1883,0
Chameria,1884,0
Chameria,1885,0
Chameria,1886,0
Chameria,1887,0
Chameria,1888,0
Chameria,1889,0
Chameria,1890,0
Chameria,1891,0
Chameria,1892,0
Chameria,1893,0
Chameria,1894,0
Chameria,1895,0
Chameria,1896,0
Chameria,1897,0
Chameria,1898,0
Chameria,1899,0
Chameria,1900,0
Chameria,1901,0
Chameria,1902,0
Chameria,1903,0
Chameria,1904,0
Chameria,1905,0
Chameria,1906,0
Chameria,1907,0
Chameria,1908,0
Chameria,1909,0
Chameria,1910,0
Chameria,1911,0
Chameria,1912,0
Chameria,1913,0
Chameria,1914,0
Chameria,1915,0
Chameria,1916,0
Chameria,1917,0
Chameria,1918,0
Chameria,1919,0
Chameria,1920,0
Chameria,1921,0
Chameria,1922,0
Chameria,1923,0
Chameria,1924,0
Chameria,1925,0
Chameria,1926,0
Chameria,1927,0
Chameria,1928,0
Chameria,1929,0
Chameria,1930,0
Chameria,1931,0
Chameria,1932,0
Chameria,1933,0
Chameria,1934,0
Chameria,1935,0
Chameria,1936,0
Chameria,1937,0
Chameria,1938,0
Chameria,1939,0
Chameria,1940,0
Chameria,1941,0
Chameria,1942,0
Chameria,1943,0
Chameria,1944,0
Chameria,1945,0
Chameria,1946,0
Chameria,1947,0
Chameria,1948,0
Chameria,1949,0
Chameria,1950,0
Chameria,1951,0
Chameria,1952,0
Chameria,1953,0
Chameria,1954,0
Chameria,1955,0
Chameria,1956,0
Chameria,1957,0
Chameria,1958,0
Chameria,1959,0
Chameria,1960,0
Chameria,1961,0
Chameria,1962,0
Chameria,1963,0
Chameria,1964,0
Chameria,1965,0
Chameria,1966,0
Chameria,1967,0
Chameria,1968,0
Chameria,1969,0
Chameria,1970,0
Chameria,1971,0
Chameria,1972,0
Chameria,1973,0
Chameria,1974,0
Chameria,1975,0
Chameria,1976,0
Chameria,1977,0
Chameria,1978,0
Chameria,1979,0
Chameria,1980,0
Chameria,1981,0
Chameria,1982,0
Chameria,1983,0
Chameria,1984,0
Chameria,1985,0
Chameria,1986,0
Chameria,1987,0
Chameria,1988,0
Chameria,1989,0
Chameria,1990,0
Chameria,1991,0
Chameria,1992,0
Chameria,1993,0
Chameria,1994,0
Chameria,1995,0
Chameria,1996,0
Chameria,1997,0
Chameria,1998,0
Chameria,1999,0
Chameria,2000,0
Chameria,2001,0
Chameria,2002,0
Chameria,2003,0
Chameria,2004,0
Chameria,2005,0
Chameria,2006,0
Chameria,2007,0
Chameria,2008,0
Chameria,2009,0
Chameria,2010,0
Chameria,2011,0
Chameria,2012,0
Chameria,2013,0
Chameria,2014,0
Chameria,2015,0
Chameria,2016,0
Chameria,2017,0
Chameria,2018,0
Chameria,2019,9
Chameria,2020,9
Chameria,2021,9
Chameria,2022,9
Chameria,2023,14
Chameria,2024,14
Chameria,2025,14
Chameria,2026,14
Chechnya,1872,0
Chechnya,1873,0
Chechnya,1874,0
Chechnya,1875,0
Chechnya,1876,0
Chechnya,1877,0
Chechnya,1878,0
Chechnya,1879,0
Chechnya,1880,0
Chechnya,1881,0
Chechnya,1882,0
Chechnya,1883,0
Chechnya,1884,0
Chechnya,1885,0
Chechnya,1886,0
Chechnya,1887,0
Chechnya,1888,0
Chechnya,1889,0
Chechnya,1890,0
Chechnya,1891,0
Chechnya,1892,0
Chechnya,1893,0
Chechnya,1894,0
Chechnya,1895,0
Chechnya,1896,0
Chechnya,1897,0
Chechnya,1898,0
Chechnya,1899,0
Chechnya,1900,0
Chechnya,1901,0
Chechnya,1902,0
Chechnya,1903,0
Chechnya,1904,0
Chechnya,1905,0
Chechnya,1906,0
Chechnya,1907,0
Chechnya,1908,0
Chechnya,1909,0
Chechnya,1910,0
Chechnya,1911,0
Chechnya,1912,0
Chechnya,1913,0
Chechnya,1914,0
Chechnya,1915,0
Chechnya,1916,0
Chechnya,1917,0
Chechnya,1918,0
Chechnya,1919,0
Chechnya,1920,0
Chechnya,1921,0
Chechnya,1922,0
Chechnya,1923,0
Chechnya,1924,0
Chechnya,1925,0
Chechnya,1926,0
Chechnya,1927,0
Chechnya,1928,0
Chechnya,1929,0
Chechnya,1930,0
Chechnya,1931,0
Chechnya,1932,0
Chechnya,1933,0
Chechnya,1934,0
Chechnya,1935,0
Chechnya,1936,0
Chechnya,1937,0
Chechnya,1938,0
Chechnya,1939,0
Chechnya,1940,0
Chechnya,1941,0
Chechnya,1942,0
Chechnya,1943,0
Chechnya,1944,0
Chechnya,1945,0
Chechnya,1946,0
Chechnya,1947,0
Chechnya,1948,0
Chechnya,1949,0
Chechnya,1950,0
Chechnya,1951,0
Chechnya,1952,0
Chechnya,1953,0
Chechnya,1954,0
Chechnya,1955,0
Chechnya,1956,0
Chechnya,1957,0
Chechnya,1958,0
Chechnya,1959,0
Chechnya,1960,0
Chechnya,1961,0
Chechnya,1962,0
Chechnya,1963,0
Chechnya,1964,0
Chechnya,1965,0
Chechnya,1966,0
Chechnya,1967,0
Chechnya,1968,0
Chechnya,1969,0
Chechnya,1970,0
Chechnya,1971,0
Chechnya,1972,0
Chechnya,1973,0
Chechnya,1974,0
Chechnya,1975,0
Chechnya,1976,0
Chechnya,1977,0
Chechnya,1978,0
Chechnya,1979,0
Chechnya,1980,0
Chechnya,1981,0
Chechnya,1982,0
Chechnya,1983,0
Chechnya,1984,0
Chechnya,1985,0
Chechnya,1986,0
Chechnya,1987,0
Chechnya,1988,0
Chechnya,1989,0
Chechnya,1990,0
Chechnya,1991,0
Chechnya,1992,0
Chechnya,1993,0
Chechnya,1994,0
Chechnya,1995,0
Chechnya,1996,0
Chechnya,1997,0
Chechnya,1998,0
Chechnya,1999,0
Chechnya,2000,0
Chechnya,2001,0
Chechnya,2002,0
Chechnya,2003,0
Chechnya,2004,0
Chechnya,2005,2
Chechnya,2006,3
Chechnya,2007,3
Chechnya,2008,3
Chechnya,2009,3
Chechnya,2010,3
Chechnya,2011,3
Chechnya,2012,3
Chechnya,2013,3
Chechnya,2014,3
Chechnya,2015,3
Chechnya,2016,3
Chechnya,2017,3
Chechnya,2018,3
Chechnya,2019,3
Chechnya,2020,3
Chechnya,2021,3
Chechnya,2022,3
Chechnya,2023,3
Chechnya,2024,3
Chechnya,2025,3
Chechnya,2026,3
Chile,1872,0
Chile,1873,0
Chile,1874,0
Chile,1875,0
Chile,1876,0
Chile,1877,0
Chile,1878,0
Chile,1879,0
Chile,1880,0
Chile,1881,0
Chile,1882,0
Chile,1883,0
Chile,1884,0
Chile,1885,0
Chile,1886,0
Chile,1887,0
Chile,1888,0
Chile,1889,0
Chile,1890,0
Chile,1891,0
Chile,1892,0
Chile,1893,0
Chile,1894,0
Chile,1895,0
Chile,1896,0
Chile,1897,0
Chile,1898,0
Chile,1899,0
Chile,1900,0
Chile,1901,0
Chile,1902,0
Chile,1903,0
Chile,1904,0
Chile,1905,0
Chile,1906,0
Chile,1907,0
Chile,1908,0
Chile,1909,0
Chile,1910,2
Chile,1911,2
Chile,1912,2
Chile,1913,2
Chile,1914,2
Chile,1915,2
Chile,1916,5
Chile,1917,5
Chile,1918,5
Chile,1919,6
Chile,1920,8
Chile,1921,8
Chile,1922,9
Chile,1923,9
Chile,1924,10
Chile,1925,10
Chile,1926,24
Chile,1927,26
Chile,1928,33
Chile,1929,33
Chile,1930,38
Chile,1931,38
Chile,1932,38
Chile,1933,38
Chile,1934,38
Chile,1935,40
Chile,1936,41
Chile,1937,52
Chile,1938,52
Chile,1939,64
Chile,1940,69
Chile,1941,78
Chile,1942,82
Chile,1943,82
Chile,1944,82
Chile,1945,97
Chile,1946,105
Chile,1947,119
Chile,1948,119
Chile,1949,129
Chile,1950,142
Chile,1951,142
Chile,1952,157
Chile,1953,171
Chile,1954,176
Chile,1955,197
Chile,1956,215
Chile,1957,228
Chile,1958,228
Chile,1959,241
Chile,1960,257
Chile,1961,273
Chile,1962,284
Chile,1963,286
Chile,1964,287
Chile,1965,308
Chile,1966,322
Chile,1967,339
Chile,1968,348
Chile,1969,361
Chile,1970,363
Chile,1971,378
Chile,1972,388
Chile,1973,418
Chile,1974,423
Chile,1975,431
Chile,1976,431
Chile,1977,442
Chile,1978,442
Chile,1979,458
Chile,1980,461
Chile,1981,478
Chile,1982,484
Chile,1983,510
Chile,1984,511
Chile,1985,537
Chile,1986,538
Chile,1987,552
Chile,1988,567
Chile,1989,594
Chile,1990,594
Chile,1991,613
Chile,1992,613
Chile,1993,624
Chile,1994,635
Chile,1995,647
Chile,1996,665
Chile,1997,703
Chile,1998,721
Chile,1999,736
Chile,2000,759
Chile,2001,777
Chile,2002,782
Chile,2003,792
Chile,2004,801
Chile,2005,813
Chile,2006,829
Chile,2007,848
Chile,2008,862
Chile,2009,889
Chile,2010,909
Chile,2011,935
Chile,2012,950
Chile,2013,983
Chile,2014,998
Chile,2015,1024
Chile,2016,1054
Chile,2017,1071
Chile,2018,1085
Chile,2019,1100
Chile,2020,1106
Chile,2021,1123
Chile,2022,1129
Chile,2023,1143
Chile,2024,1157
Chile,2025,1169
Chile,2026,1177
China,1872,0
China,1873,0
China,1874,0
China,1875,0
China,1876,0
China,1877,0
China,1878,0
China,1879,0
China,1880,0
China,1881,0
China,1882,0
China,1883,0
China,1884,0
China,1885,0
China,1886,0
China,1887,0
China,1888,0
China,1889,0
China,1890,0
China,1891,0
China,1892,0
China,1893,0
China,1894,0
China,1895,0
China,1896,0
China,1897,0
China,1898,0
China,1899,0
China,1900,0
China,1901,0
China,1902,0
China,1903,0
China,1904,0
China,1905,0
China,1906,0
China,1907,0
China,1908,0
China,1909,0
China,1910,0
China,1911,0
China,1912,0
China,1913,1
China,1914,1
China,1915,2
China,1916,2
China,1917,10
China,1918,10
China,1919,15
China,1920,15
China,1921,23
China,1922,23
China,1923,31
China,1924,31
China,1925,40
China,1926,40
China,1927,48
China,1928,48
China,1929,48
China,1930,59
China,1931,59
China,1932,59
China,1933,59
China,1934,67
China,1935,67
China,1936,67
China,1937,67
China,1938,67
China,1939,67
China,1940,67
China,1941,67
China,1942,68
China,1943,68
China,1944,68
China,1945,68
China,1946,68
China,1947,68
China,1948,68
China,1949,71
China,1950,71
China,1951,71
China,1952,72
China,1953,72
China,1954,72
China,1955,72
China,1956,81
China,1957,93
China,1958,93
China,1959,95
China,1960,106
China,1961,106
China,1962,106
China,1963,132
China,1964,132
China,1965,143
China,1966,183
China,1967,183
China,1968,183
China,1969,183
China,1970,183
China,1971,189
China,1972,206
China,1973,226
China,1974,253
China,1975,287
China,1976,291
China,1977,313
China,1978,337
China,1979,337
China,1980,360
China,1981,373
China,1982,387
China,1983,391
China,1984,428
China,1985,459
China,1986,496
China,1987,499
China,1988,519
China,1989,542
China,1990,555
China,1991,555
China,1992,576
China,1993,616
China,1994,633
China,1995,637
China,1996,665
China,1997,730
China,1998,762
China,1999,762
China,2000,812
China,2001,864
China,2002,869
China,2003,876
China,2004,921
China,2005,931
China,2006,940
China,2007,964
China,2008,983
China,2009,1013
China,2010,1034
China,2011,1073
China,2012,1083
China,2013,1104
China,2014,1118
China,2015,1154
China,2016,1166
China,2017,1185
China,2018,1194
China,2019,1224
China,2020,1224
China,2021,1248
China,2022,1251
China,2023,1264
China,2024,1278
China,2025,1279
China,2026,1285
Cilento,1872,0
Cilento,1873,0
Cilento,1874,0
Cilento,1875,0
Cilento,1876,0
Cilento,1877,0
Cilento,1878,0
Cilento,1879,0
Cilento,1880,0
Cilento,1881,0
Cilento,1882,0
Cilento,1883,0
Cilento,1884,0
Cilento,1885,0
Cilento,1886,0
Cilento,1887,0
Cilento,1888,0
Cilento,1889,0
Cilento,1890,0
Cilento,1891,0
Cilento,1892,0
Cilento,1893,0
Cilento,1894,0
Cilento,1895,0
Cilento,1896,0
Cilento,1897,0
Cilento,1898,0
Cilento,1899,0
Cilento,1900,0
Cilento,1901,0
Cilento,1902,0
Cilento,1903,0
Cilento,1904,0
Cilento,1905,0
Cilento,1906,0
Cilento,1907,0
Cilento,1908,0
Cilento,1909,0
Cilento,1910,0
Cilento,1911,0
Cilento,1912,0
Cilento,1913,0
Cilento,1914,0
Cilento,1915,0
Cilento,1916,0
Cilento,1917,0
Cilento,1918,0
Cilento,1919,0
Cilento,1920,0
Cilento,1921,0
Cilento,1922,0
Cilento,1923,0
Cilento,1924,0
Cilento,1925,0
Cilento,1926,0
Cilento,1927,0
Cilento,1928,0
Cilento,1929,0
Cilento,1930,0
Cilento,1931,0
Cilento,1932,0
Cilento,1933,0
Cilento,1934,0
Cilento,1935,0
Cilento,1936,0
Cilento,1937,0
Cilento,1938,0
Cilento,1939,0
Cilento,1940,0
Cilento,1941,0
Cilento,1942,0
Cilento,1943,0
Cilento,1944,0
Cilento,1945,0
Cilento,1946,0
Cilento,1947,0
Cilento,1948,0
Cilento,1949,0
Cilento,1950,0
Cilento,1951,0
Cilento,1952,0
Cilento,1953,0
Cilento,1954,0
Cilento,1955,0
Cilento,1956,0
Cilento,1957,0
Cilento,1958,0
Cilento,1959,0
Cilento,1960,0
Cilento,1961,0
Cilento,1962,0
Cilento,1963,0
Cilento,1964,0
Cilento,1965,0
Cilento,1966,0
Cilento,1967,0
Cilento,1968,0
Cilento,1969,0
Cilento,1970,0
Cilento,1971,0
Cilento,1972,0
Cilento,1973,0
Cilento,1974,0
Cilento,1975,0
Cilento,1976,0
Cilento,1977,0
Cilento,1978,0
Cilento,1979,0
Cilento,1980,0
Cilento,1981,0
Cilento,1982,0
Cilento,1983,0
Cilento,1984,0
Cilento,1985,0
Cilento,1986,0
Cilento,1987,0
Cilento,1988,0
Cilento,1989,0
Cilento,1990,0
Cilento,1991,0
Cilento,1992,0
Cilento,1993,0
Cilento,1994,0
Cilento,1995,0
Cilento,1996,0
Cilento,1997,0
Cilento,1998,0
Cilento,1999,0
Cilento,2000,0
Cilento,2001,0
Cilento,2002,0
Cilento,2003,0
Cilento,2004,0
Cilento,2005,0
Cilento,2006,0
Cilento,2007,0
Cilento,2008,0
Cilento,2009,0
Cilento,2010,0
Cilento,2011,0
Cilento,2012,0
Cilento,2013,0
Cilento,2014,0
Cilento,2015,0
Cilento,2016,0
Cilento,2017,0
Cilento,2018,0
Cilento,2019,0
Cilento,2020,0
Cilento,2021,0
Cilento,2022,0
Cilento,2023,0
Cilento,2024,0
Cilento,2025,0
Cilento,2026,0
Colombia,1872,0
Colombia,1873,0
Colombia,1874,0
Colombia,1875,0
Colombia,1876,0
Colombia,1877,0
Colombia,1878,0
Colombia,1879,0
Colombia,1880,0
Colombia,1881,0
Colombia,1882,0
Colombia,1883,0
Colombia,1884,0
Colombia,1885,0
Colombia,1886,0
Colombia,1887,0
Colombia,1888,0
Colombia,1889,0
Colombia,1890,0
Colombia,1891,0
Colombia,1892,0
Colombia,1893,0
Colombia,1894,0
Colombia,1895,0
Colombia,1896,0
Colombia,1897,0
Colombia,1898,0
Colombia,1899,0
Colombia,1900,0
Colombia,1901,0
Colombia,1902,0
Colombia,1903,0
Colombia,1904,0
Colombia,1905,0
Colombia,1906,0
Colombia,1907,0
Colombia,1908,0
Colombia,1909,0
Colombia,1910,0
Colombia,1911,0
Colombia,1912,0
Colombia,1913,0
Colombia,1914,0
Colombia,1915,0
Colombia,1916,0
Colombia,1917,0
Colombia,1918,0
Colombia,1919,0
Colombia,1920,0
Colombia,1921,0
Colombia,1922,0
Colombia,1923,0
Colombia,1924,0
Colombia,1925,0
Colombia,1926,0
Colombia,1927,0
Colombia,1928,0
Colombia,1929,0
Colombia,1930,0
Colombia,1931,0
Colombia,1932,0
Colombia,1933,0
Colombia,1934,0
Colombia,1935,0
Colombia,1936,0
Colombia,1937,0
Colombia,1938,16
Colombia,1939,16
Colombia,1940,16
Colombia,1941,16
Colombia,1942,16
Colombia,1943,16
Colombia,1944,16
Colombia,1945,23
Colombia,1946,43
Colombia,1947,45
Colombia,1948,45
Colombia,1949,49
Colombia,1950,49
Colombia,1951,49
Colombia,1952,49
Colombia,1953,49
Colombia,1954,49
Colombia,1955,49
Colombia,1956,49
Colombia,1957,63
Colombia,1958,63
Colombia,1959,63
Colombia,1960,63
Colombia,1961,67
Colombia,1962,74
Colombia,1963,89
Colombia,1964,89
Colombia,1965,93
Colombia,1966,95
Colombia,1967,95
Colombia,1968,95
Colombia,1969,109
Colombia,1970,109
Colombia,1971,109
Colombia,1972,113
Colombia,1973,120
Colombia,1974,120
Colombia,1975,131
Colombia,1976,132
Colombia,1977,134
Colombia,1978,134
Colombia,1979,141
Colombia,1980,142
Colombia,1981,151
Colombia,1982,151
Colombia,1983,158
Colombia,1984,160
Colombia,1985,184
Colombia,1986,184
Colombia,1987,193
Colombia,1988,202
Colombia,1989,221
Colombia,1990,231
Colombia,1991,241
Colombia,1992,242
Colombia,1993,270
Colombia,1994,290
Colombia,1995,305
Colombia,1996,332
Colombia,1997,351
Colombia,1998,356
Colombia,1999,379
Colombia,2000,395
Colombia,2001,427
Colombia,2002,430
Colombia,2003,439
Colombia,2004,461
Colombia,2005,486
Colombia,2006,494
Colombia,2007,518
Colombia,2008,529
Colombia,2009,546
Colombia,2010,553
Colombia,2011,568
Colombia,2012,584
Colombia,2013,600
Colombia,2014,621
Colombia,2015,636
Colombia,2016,655
Colombia,2017,672
Colombia,2018,690
Colombia,2019,706
Colombia,2020,712
Colombia,2021,729
Colombia,2022,745
Colombia,2023,761
Colombia,2024,794
Colombia,2025,816
Colombia,2026,828
Comoros,1872,0
Comoros,1873,0
Comoros,1874,0
Comoros,1875,0
Comoros,1876,0
Comoros,1877,0
Comoros,1878,0
Comoros,1879,0
Comoros,1880,0
Comoros,1881,0
Comoros,1882,0
Comoros,1883,0
Comoros,1884,0
Comoros,1885,0
Comoros,1886,0
Comoros,1887,0
Comoros,1888,0
Comoros,1889,0
Comoros,1890,0
Comoros,1891,0
Comoros,1892,0
Comoros,1893,0
Comoros,1894,0
Comoros,1895,0
Comoros,1896,0
Comoros,1897,0
Comoros,1898,0
Comoros,1899,0
Comoros,1900,0
Comoros,1901,0
Comoros,1902,0
Comoros,1903,0
Comoros,1904,0
Comoros,1905,0
Comoros,1906,0
Comoros,1907,0
Comoros,1908,0
Comoros,1909,0
Comoros,1910,0
Comoros,1911,0
Comoros,1912,0
Comoros,1913,0
Comoros,1914,0
Comoros,1915,0
Comoros,1916,0
Comoros,1917,0
Comoros,1918,0
Comoros,1919,0
Comoros,1920,0
Comoros,1921,0
Comoros,1922,0
Comoros,1923,0
Comoros,1924,0
Comoros,1925,0
Comoros,1926,0
Comoros,1927,0
Comoros,1928,0
Comoros,1929,0
Comoros,1930,0
Comoros,1931,0
Comoros,1932,0
Comoros,1933,0
Comoros,1934,0
Comoros,1935,0
Comoros,1936,0
Comoros,1937,0
Comoros,1938,0
Comoros,1939,0
Comoros,1940,0
Comoros,1941,0
Comoros,1942,0
Comoros,1943,0
Comoros,1944,0
Comoros,1945,0
Comoros,1946,0
Comoros,1947,0
Comoros,1948,0
Comoros,1949,0
Comoros,1950,0
Comoros,1951,0
Comoros,1952,0
Comoros,1953,0
Comoros,1954,0
Comoros,1955,0
Comoros,1956,0
Comoros,1957,0
Comoros,1958,0
Comoros,1959,0
Comoros,1960,0
Comoros,1961,0
Comoros,1962,0
Comoros,1963,0
Comoros,1964,0
Comoros,1965,0
Comoros,1966,0
Comoros,1967,0
Comoros,1968,0
Comoros,1969,0
Comoros,1970,0
Comoros,1971,0
Comoros,1972,0
Comoros,1973,0
Comoros,1974,0
Comoros,1975,0
Comoros,1976,0
Comoros,1977,0
Comoros,1978,0
Comoros,1979,4
Comoros,1980,4
Comoros,1981,4
Comoros,1982,4
Comoros,1983,4
Comoros,1984,4
Comoros,1985,6
Comoros,1986,6
Comoros,1987,6
Comoros,1988,6
Comoros,1989,6
Comoros,1990,8
Comoros,1991,8
Comoros,1992,8
Comoros,1993,8
Comoros,1994,8
Comoros,1995,8
Comoros,1996,8
Comoros,1997,8
Comoros,1998,8
Comoros,1999,8
Comoros,2000,8
Comoros,2001,8
Comoros,2002,8
Comoros,2003,8
Comoros,2004,8
Comoros,2005,8
Comoros,2006,12
Comoros,2007,15
Comoros,2008,15
Comoros,2009,17
Comoros,2010,17
Comoros,2011,22
Comoros,2012,22
Comoros,2013,22
Comoros,2014,24
Comoros,2015,25
Comoros,2016,30
Comoros,2017,35
Comoros,2018,43
Comoros,2019,56
Comoros,2020,59
Comoros,2021,71
Comoros,2022,84
Comoros,2023,101
Comoros,2024,115
Comoros,2025,133
Comoros,2026,134
Congo,1872,0
Congo,1873,0
Congo,1874,0
Congo,1875,0
Congo,1876,0
Congo,1877,0
Congo,1878,0
Congo,1879,0
Congo,1880,0
Congo,1881,0
Congo,1882,0
Congo,1883,0
Congo,1884,0
Congo,1885,0
Congo,1886,0
Congo,1887,0
Congo,1888,0
Congo,1889,0
Congo,1890,0
Congo,1891,0
Congo,1892,0
Congo,1893,0
Congo,1894,0
Congo,1895,0
Congo,1896,0
Congo,1897,0
Congo,1898,0
Congo,1899,0
Congo,1900,0
Congo,1901,0
Congo,1902,0
Congo,1903,0
Congo,1904,0
Congo,1905,0
Congo,1906,0
Congo,1907,0
Congo,1908,0
Congo,1909,0
Congo,1910,0
Congo,1911,0
Congo,1912,0
Congo,1913,0
Congo,1914,0
Congo,1915,0
Congo,1916,0
Congo,1917,0
Congo,1918,0
Congo,1919,0
Congo,1920,0
Congo,1921,0
Congo,1922,0
Congo,1923,0
Congo,1924,0
Congo,1925,0
Congo,1926,0
Congo,1927,0
Congo,1928,0
Congo,1929,0
Congo,1930,0
Congo,1931,0
Congo,1932,0
Congo,1933,0
Congo,1934,0
Congo,1935,0
Congo,1936,0
Congo,1937,0
Congo,1938,0
Congo,1939,0
Congo,1940,0
Congo,1941,0
Congo,1942,0
Congo,1943,0
Congo,1944,0
Congo,1945,0
Congo,1946,0
Congo,1947,0
Congo,1948,0
Congo,1949,0
Congo,1950,0
Congo,1951,0
Congo,1952,0
Congo,1953,0
Congo,1954,0
Congo,1955,0
Congo,1956,0
Congo,1957,0
Congo,1958,0
Congo,1959,0
Congo,1960,12
Congo,1961,12
Congo,1962,25
Congo,1963,37
Congo,1964,56
Congo,1965,72
Congo,1966,75
Congo,1967,97
Congo,1968,99
Congo,1969,106
Congo,1970,110
Congo,1971,115
Congo,1972,136
Congo,1973,146
Congo,1974,158
Congo,1975,163
Congo,1976,177
Congo,1977,194
Congo,1978,196
Congo,1979,205
Congo,1980,214
Congo,1981,219
Congo,1982,220
Congo,1983,232
Congo,1984,247
Congo,1985,257
Congo,1986,268
Congo,1987,272
Congo,1988,279
Congo,1989,281
Congo,1990,298
Congo,1991,303
Congo,1992,315
Congo,1993,315
Congo,1994,322
Congo,1995,325
Congo,1996,332
Congo,1997,336
Congo,1998,338
Congo,1999,353
Congo,2000,372
Congo,2001,378
Congo,2002,382
Congo,2003,386
Congo,2004,392
Congo,2005,396
Congo,2006,399
Congo,2007,403
Congo,2008,411
Congo,2009,416
Congo,2010,419
Congo,2011,427
Congo,2012,437
Congo,2013,440
Congo,2014,451
Congo,2015,474
Congo,2016,479
Congo,2017,486
Congo,2018,492
Congo,2019,496
Congo,2020,498
Congo,2021,504
Congo,2022,510
Congo,2023,516
Congo,2024,521
Congo,2025,523
Congo,2026,523
Cook Islands,1872,0
Cook Islands,1873,0
Cook Islands,1874,0
Cook Islands,1875,0
Cook Islands,1876,0
Cook Islands,1877,0
Cook Islands,1878,0
Cook Islands,1879,0
Cook Islands,1880,0
Cook Islands,1881,0
Cook Islands,1882,0
Cook Islands,1883,0
Cook Islands,1884,0
Cook Islands,1885,0
Cook Islands,1886,0
Cook Islands,1887,0
Cook Islands,1888,0
Cook Islands,1889,0
Cook Islands,1890,0
Cook Islands,1891,0
Cook Islands,1892,0
Cook Islands,1893,0
Cook Islands,1894,0
Cook Islands,1895,0
Cook Islands,1896,0
Cook Islands,1897,0
Cook Islands,1898,0
Cook Islands,1899,0
Cook Islands,1900,0
Cook Islands,1901,0
Cook Islands,1902,0
Cook Islands,1903,0
Cook Islands,1904,0
Cook Islands,1905,0
Cook Islands,1906,0
Cook Islands,1907,0
Cook Islands,1908,0
Cook Islands,1909,0
Cook Islands,1910,0
Cook Islands,1911,0
Cook Islands,1912,0
Cook Islands,1913,0
Cook Islands,1914,0
Cook Islands,1915,0
Cook Islands,1916,0
Cook Islands,1917,0
Cook Islands,1918,0
Cook Islands,1919,0
Cook Islands,1920,0
Cook Islands,1921,0
Cook Islands,1922,0
Cook Islands,1923,0
Cook Islands,1924,0
Cook Islands,1925,0
Cook Islands,1926,0
Cook Islands,1927,0
Cook Islands,1928,0
Cook Islands,1929,0
Cook Islands,1930,0
Cook Islands,1931,0
Cook Islands,1932,0
Cook Islands,1933,0
Cook Islands,1934,0
Cook Islands,1935,0
Cook Islands,1936,0
Cook Islands,1937,0
Cook Islands,1938,0
Cook Islands,1939,0
Cook Islands,1940,0
Cook Islands,1941,0
Cook Islands,1942,0
Cook Islands,1943,0
Cook Islands,1944,0
Cook Islands,1945,0
Cook Islands,1946,0
Cook Islands,1947,0
Cook Islands,1948,0
Cook Islands,1949,0
Cook Islands,1950,0
Cook Islands,1951,0
Cook Islands,1952,0
Cook Islands,1953,0
Cook Islands,1954,0
Cook Islands,1955,0
Cook Islands,1956,0
Cook Islands,1957,0
Cook Islands,1958,0
Cook Islands,1959,0
Cook Islands,1960,0
Cook Islands,1961,0
Cook Islands,1962,0
Cook Islands,1963,0
Cook Islands,1964,0
Cook Islands,1965,0
Cook Islands,1966,0
Cook Islands,1967,0
Cook Islands,1968,0
Cook Islands,1969,0
Cook Islands,1970,0
Cook Islands,1971,2
Cook Islands,1972,2
Cook Islands,1973,2
Cook Islands,1974,2
Cook Islands,1975,2
Cook Islands,1976,2
Cook Islands,1977,2
Cook Islands,1978,2
Cook Islands,1979,2
Cook Islands,1980,2
Cook Islands,1981,2
Cook Islands,1982,2
Cook Islands,1983,2
Cook Islands,1984,2
Cook Islands,1985,2
Cook Islands,1986,2
Cook Islands,1987,2
Cook Islands,1988,2
Cook Islands,1989,2
Cook Islands,1990,2
Cook Islands,1991,2
Cook Islands,1992,2
Cook Islands,1993,2
Cook Islands,1994,2
Cook Islands,1995,4
Cook Islands,1996,5
Cook Islands,1997,5
Cook Islands,1998,13
Cook Islands,1999,13
Cook Islands,2000,16
Cook Islands,2001,18
Cook Islands,2002,18
Cook Islands,2003,18
Cook Islands,2004,19
Cook Islands,2005,19
Cook Islands,2006,19
Cook Islands,2007,23
Cook Islands,2008,23
Cook Islands,2009,26
Cook Islands,2010,26
Cook Islands,2011,34
Cook Islands,2012,34
Cook Islands,2013,34
Cook Islands,2014,34
Cook Islands,2015,38
Cook Islands,2016,38
Cook Islands,2017,38
Cook Islands,2018,38
Cook Islands,2019,38
Cook Islands,2020,38
Cook Islands,2021,38
Cook Islands,2022,38
Cook Islands,2023,41
Cook Islands,2024,43
Cook Islands,2025,43
Cook Islands,2026,43
Corsica,1872,0
Corsica,1873,0
Corsica,1874,0
Corsica,1875,0
Corsica,1876,0
Corsica,1877,0
Corsica,1878,0
Corsica,1879,0
Corsica,1880,0
Corsica,1881,0
Corsica,1882,0
Corsica,1883,0
Corsica,1884,0
Corsica,1885,0
Corsica,1886,0
Corsica,1887,0
Corsica,1888,0
Corsica,1889,0
Corsica,1890,0
Corsica,1891,0
Corsica,1892,0
Corsica,1893,0
Corsica,1894,0
Corsica,1895,0
Corsica,1896,0
Corsica,1897,0
Corsica,1898,0
Corsica,1899,0
Corsica,1900,0
Corsica,1901,0
Corsica,1902,0
Corsica,1903,0
Corsica,1904,0
Corsica,1905,0
Corsica,1906,0
Corsica,1907,0
Corsica,1908,0
Corsica,1909,0
Corsica,1910,0
Corsica,1911,0
Corsica,1912,0
Corsica,1913,0
Corsica,1914,0
Corsica,1915,0
Corsica,1916,0
Corsica,1917,0
Corsica,1918,0
Corsica,1919,0
Corsica,1920,0
Corsica,1921,0
Corsica,1922,0
Corsica,1923,0
Corsica,1924,0
Corsica,1925,0
Corsica,1926,0
Corsica,1927,0
Corsica,1928,0
Corsica,1929,0
Corsica,1930,0
Corsica,1931,0
Corsica,1932,0
Corsica,1933,0
Corsica,1934,0
Corsica,1935,0
Corsica,1936,0
Corsica,1937,0
Corsica,1938,0
Corsica,1939,0
Corsica,1940,0
Corsica,1941,0
Corsica,1942,0
Corsica,1943,0
Corsica,1944,0
Corsica,1945,0
Corsica,1946,0
Corsica,1947,0
Corsica,1948,0
Corsica,1949,0
Corsica,1950,0
Corsica,1951,0
Corsica,1952,0
Corsica,1953,0
Corsica,1954,0
Corsica,1955,0
Corsica,1956,0
Corsica,1957,0
Corsica,1958,0
Corsica,1959,0
Corsica,1960,0
Corsica,1961,0
Corsica,1962,0
Corsica,1963,0
Corsica,1964,0
Corsica,1965,0
Corsica,1966,0
Corsica,1967,2
Corsica,1968,2
Corsica,1969,2
Corsica,1970,2
Corsica,1971,2
Corsica,1972,2
Corsica,1973,2
Corsica,1974,2
Corsica,1975,2
Corsica,1976,2
Corsica,1977,2
Corsica,1978,2
Corsica,1979,2
Corsica,1980,2
Corsica,1981,2
Corsica,1982,2
Corsica,1983,2
Corsica,1984,2
Corsica,1985,2
Corsica,1986,2
Corsica,1987,2
Corsica,1988,2
Corsica,1989,2
Corsica,1990,2
Corsica,1991,2
Corsica,1992,2
Corsica,1993,2
Corsica,1994,2
Corsica,1995,2
Corsica,1996,2
Corsica,1997,2
Corsica,1998,2
Corsica,1999,2
Corsica,2000,2
Corsica,2001,2
Corsica,2002,2
Corsica,2003,2
Corsica,2004,2
Corsica,2005,2
Corsica,2006,2
Corsica,2007,2
Corsica,2008,2
Corsica,2009,3
Corsica,2010,6
Corsica,2011,7
Corsica,2012,7
Corsica,2013,7
Corsica,2014,7
Corsica,2015,8
Corsica,2016,9
Corsica,2017,10
Corsica,2018,10
Corsica,2019,10
Corsica,2020,10
Corsica,2021,10
Corsica,2022,10
Corsica,2023,10
Corsica,2024,10
Corsica,2025,10
Corsica,2026,10
Costa Rica,1872,0
Costa Rica,1873,0
Costa Rica,1874,0
Costa Rica,1875,0
Costa Rica,1876,0
Costa Rica,1877,0
Costa Rica,1878,0
Costa Rica,1879,0
Costa Rica,1880,0
Costa Rica,1881,0
Costa Rica,1882,0
Costa Rica,1883,0
Costa Rica,1884,0
Costa Rica,1885,0
Costa Rica,1886,0
Costa Rica,1887,0
Costa Rica,1888,0
Costa Rica,1889,0
Costa Rica,1890,0
Costa Rica,1891,0
Costa Rica,1892,0
Costa Rica,1893,0
Costa Rica,1894,0
Costa Rica,1895,0
Costa Rica,1896,0
Costa Rica,1897,0
Costa Rica,1898,0
Costa Rica,1899,0
Costa Rica,1900,0
Costa Rica,1901,0
Costa Rica,1902,0
Costa Rica,1903,0
Costa Rica,1904,0
Costa Rica,1905,0
Costa Rica,1906,0
Costa Rica,1907,0
Costa Rica,1908,0
Costa Rica,1909,0
Costa Rica,1910,0
Costa Rica,1911,0
Costa Rica,1912,0
Costa Rica,1913,0
Costa Rica,1914,0
Costa Rica,1915,0
Costa Rica,1916,0
Costa Rica,1917,0
Costa Rica,1918,0
Costa Rica,1919,0
Costa Rica,1920,0
Costa Rica,1921,13
Costa Rica,1922,13
Costa Rica,1923,13
Costa Rica,1924,13
Costa Rica,1925,13
Costa Rica,1926,13
Costa Rica,1927,13
Costa Rica,1928,13
Costa Rica,1929,13
Costa Rica,1930,44
Costa Rica,1931,44
Costa Rica,1932,44
Costa Rica,1933,44
Costa Rica,1934,44
Costa Rica,1935,62
Costa Rica,1936,62
Costa Rica,1937,62
Costa Rica,1938,86
Costa Rica,1939,86
Costa Rica,1940,86
Costa Rica,1941,109
Costa Rica,1942,109
Costa Rica,1943,129
Costa Rica,1944,129
Costa Rica,1945,129
Costa Rica,1946,178
Costa Rica,1947,178
Costa Rica,1948,196
Costa Rica,1949,196
Costa Rica,1950,196
Costa Rica,1951,209
Costa Rica,1952,209
Costa Rica,1953,228
Costa Rica,1954,228
Costa Rica,1955,257
Costa Rica,1956,268
Costa Rica,1957,284
Costa Rica,1958,284
Costa Rica,1959,292
Costa Rica,1960,313
Costa Rica,1961,326
Costa Rica,1962,326
Costa Rica,1963,345
Costa Rica,1964,345
Costa Rica,1965,378
Costa Rica,1966,378
Costa Rica,1967,379
Costa Rica,1968,391
Costa Rica,1969,405
Costa Rica,1970,407
Costa Rica,1971,413
Costa Rica,1972,423
Costa Rica,1973,423
Costa Rica,1974,423
Costa Rica,1975,427
Costa Rica,1976,435
Costa Rica,1977,435
Costa Rica,1978,435
Costa Rica,1979,435
Costa Rica,1980,448
Costa Rica,1981,448
Costa Rica,1982,448
Costa Rica,1983,454
Costa Rica,1984,455
Costa Rica,1985,473
Costa Rica,1986,473
Costa Rica,1987,473
Costa Rica,1988,482
Costa Rica,1989,497
Costa Rica,1990,504
Costa Rica,1991,521
Costa Rica,1992,546
Costa Rica,1993,572
Costa Rica,1994,575
Costa Rica,1995,583
Costa Rica,1996,597
Costa Rica,1997,636
Costa Rica,1998,645
Costa Rica,1999,678
Costa Rica,2000,701
Costa Rica,2001,738
Costa Rica,2002,756
Costa Rica,2003,779
Costa Rica,2004,802
Costa Rica,2005,839
Costa Rica,2006,847
Costa Rica,2007,875
Costa Rica,2008,902
Costa Rica,2009,939
Costa Rica,2010,947
Costa Rica,2011,972
Costa Rica,2012,992
Costa Rica,2013,1020
Costa Rica,2014,1042
Costa Rica,2015,1052
Costa Rica,2016,1075
Costa Rica,2017,1092
Costa Rica,2018,1108
Costa Rica,2019,1122
Costa Rica,2020,1124
Costa Rica,2021,1138
Costa Rica,2022,1157
Costa Rica,2023,1172
Costa Rica,2024,1196
Costa Rica,2025,1235
Costa Rica,2026,1238
County of Nice,1872,0
County of Nice,1873,0
County of Nice,1874,0
County of Nice,1875,0
County of Nice,1876,0
County of Nice,1877,0
County of Nice,1878,0
County of Nice,1879,0
County of Nice,1880,0
County of Nice,1881,0
County of Nice,1882,0
County of Nice,1883,0
County of Nice,1884,0
County of Nice,1885,0
County of Nice,1886,0
County of Nice,1887,0
County of Nice,1888,0
County of Nice,1889,0
County of Nice,1890,0
County of Nice,1891,0
County of Nice,1892,0
County of Nice,1893,0
County of Nice,1894,0
County of Nice,1895,0
County of Nice,1896,0
County of Nice,1897,0
County of Nice,1898,0
County of Nice,1899,0
County of Nice,1900,0
County of Nice,1901,0
County of Nice,1902,0
County of Nice,1903,0
County of Nice,1904,0
County of Nice,1905,0
County of Nice,1906,0
County of Nice,1907,0
County of Nice,1908,0
County of Nice,1909,0
County of Nice,1910,0
County of Nice,1911,0
County of Nice,1912,0
County of Nice,1913,0
County of Nice,1914,0
County of Nice,1915,0
County of Nice,1916,0
County of Nice,1917,0
County of Nice,1918,0
County of Nice,1919,0
County of Nice,1920,0
County of Nice,1921,0
County of Nice,1922,0
County of Nice,1923,0
County of Nice,1924,0
County of Nice,1925,0
County of Nice,1926,0
County of Nice,1927,0
County of Nice,1928,0
County of Nice,1929,0
County of Nice,1930,0
County of Nice,1931,0
County of Nice,1932,0
County of Nice,1933,0
County of Nice,1934,0
County of Nice,1935,0
County of Nice,1936,0
County of Nice,1937,0
County of Nice,1938,0
County of Nice,1939,0
County of Nice,1940,0
County of Nice,1941,0
County of Nice,1942,0
County of Nice,1943,0
County of Nice,1944,0
County of Nice,1945,0
County of Nice,1946,0
County of Nice,1947,0
County of Nice,1948,0
County of Nice,1949,0
County of Nice,1950,0
County of Nice,1951,0
County of Nice,1952,0
County of Nice,1953,0
County of Nice,1954,0
County of Nice,1955,0
County of Nice,1956,0
County of Nice,1957,0
County of Nice,1958,0
County of Nice,1959,0
County of Nice,1960,0
County of Nice,1961,0
County of Nice,1962,0
County of Nice,1963,0
County of Nice,1964,0
County of Nice,1965,0
County of Nice,1966,0
County of Nice,1967,0
County of Nice,1968,0
County of Nice,1969,0
County of Nice,1970,0
County of Nice,1971,0
County of Nice,1972,0
County of Nice,1973,0
County of Nice,1974,0
County of Nice,1975,0
County of Nice,1976,0
County of Nice,1977,0
County of Nice,1978,0
County of Nice,1979,0
County of Nice,1980,0
County of Nice,1981,0
County of Nice,1982,0
County of Nice,1983,0
County of Nice,1984,0
County of Nice,1985,0
County of Nice,1986,0
County of Nice,1987,0
County of Nice,1988,0
County of Nice,1989,0
County of Nice,1990,0
County of Nice,1991,0
County of Nice,1992,0
County of Nice,1993,0
County of Nice,1994,0
County of Nice,1995,0
County of Nice,1996,0
County of Nice,1997,0
County of Nice,1998,0
County of Nice,1999,0
County of Nice,2000,0
County of Nice,2001,0
County of Nice,2002,0
County of Nice,2003,0
County of Nice,2004,0
County of Nice,2005,0
County of Nice,2006,0
County of Nice,2007,0
County of Nice,2008,0
County of Nice,2009,0
County of Nice,2010,0
County of Nice,2011,0
County of Nice,2012,0
County of Nice,2013,0
County of Nice,2014,8
County of Nice,2015,19
County of Nice,2016,19
County of Nice,2017,19
County of Nice,2018,19
County of Nice,2019,19
County of Nice,2020,19
County of Nice,2021,19
County of Nice,2022,19
County of Nice,2023,19
County of Nice,2024,19
County of Nice,2025,19
County of Nice,2026,19
Crimea,1872,0
Crimea,1873,0
Crimea,1874,0
Crimea,1875,0
Crimea,1876,0
Crimea,1877,0
Crimea,1878,0
Crimea,1879,0
Crimea,1880,0
Crimea,1881,0
Crimea,1882,0
Crimea,1883,0
Crimea,1884,0
Crimea,1885,0
Crimea,1886,0
Crimea,1887,0
Crimea,1888,0
Crimea,1889,0
Crimea,1890,0
Crimea,1891,0
Crimea,1892,0
Crimea,1893,0
Crimea,1894,0
Crimea,1895,0
Crimea,1896,0
Crimea,1897,0
Crimea,1898,0
Crimea,1899,0
Crimea,1900,0
Crimea,1901,0
Crimea,1902,0
Crimea,1903,0
Crimea,1904,0
Crimea,1905,0
Crimea,1906,0
Crimea,1907,0
Crimea,1908,0
Crimea,1909,0
Crimea,1910,0
Crimea,1911,0
Crimea,1912,0
Crimea,1913,0
Crimea,1914,0
Crimea,1915,0
Crimea,1916,0
Crimea,1917,0
Crimea,1918,0
Crimea,1919,0
Crimea,1920,0
Crimea,1921,0
Crimea,1922,0
Crimea,1923,0
Crimea,1924,0
Crimea,1925,0
Crimea,1926,0
Crimea,1927,0
Crimea,1928,0
Crimea,1929,0
Crimea,1930,0
Crimea,1931,0
Crimea,1932,0
Crimea,1933,0
Crimea,1934,0
Crimea,1935,0
Crimea,1936,0
Crimea,1937,0
Crimea,1938,0
Crimea,1939,0
Crimea,1940,0
Crimea,1941,0
Crimea,1942,0
Crimea,1943,0
Crimea,1944,0
Crimea,1945,0
Crimea,1946,0
Crimea,1947,0
Crimea,1948,0
Crimea,1949,0
Crimea,1950,0
Crimea,1951,0
Crimea,1952,0
Crimea,1953,0
Crimea,1954,0
Crimea,1955,0
Crimea,1956,0
Crimea,1957,0
Crimea,1958,0
Crimea,1959,0
Crimea,1960,0
Crimea,1961,0
Crimea,1962,0
Crimea,1963,0
Crimea,1964,0
Crimea,1965,0
Crimea,1966,0
Crimea,1967,0
Crimea,1968,0
Crimea,1969,0
Crimea,1970,0
Crimea,1971,0
Crimea,1972,0
Crimea,1973,0
Crimea,1974,0
Crimea,1975,0
Crimea,1976,0
Crimea,1977,0
Crimea,1978,0
Crimea,1979,0
Crimea,1980,0
Crimea,1981,0
Crimea,1982,0
Crimea,1983,0
Crimea,1984,0
Crimea,1985,0
Crimea,1986,0
Crimea,1987,0
Crimea,1988,0
Crimea,1989,0
Crimea,1990,0
Crimea,1991,0
Crimea,1992,0
Crimea,1993,0
Crimea,1994,0
Crimea,1995,0
Crimea,1996,0
Crimea,1997,0
Crimea,1998,0
Crimea,1999,0
Crimea,2000,0
Crimea,2001,0
Crimea,2002,0
Crimea,2003,0
Crimea,2004,0
Crimea,2005,0
Crimea,2006,7
Crimea,2007,7
Crimea,2008,7
Crimea,2009,7
Crimea,2010,7
Crimea,2011,7
Crimea,2012,7
Crimea,2013,7
Crimea,2014,7
Crimea,2015,7
Crimea,2016,7
Crimea,2017,7
Crimea,2018,7
Crimea,2019,7
Crimea,2020,7
Crimea,2021,7
Crimea,2022,7
Crimea,2023,7
Crimea,2024,7
Crimea,2025,7
Crimea,2026,7
Croatia,1872,0
Croatia,1873,0
Croatia,1874,0
Croatia,1875,0
Croatia,1876,0
Croatia,1877,0
Croatia,1878,0
Croatia,1879,0
Croatia,1880,0
Croatia,1881,0
Croatia,1882,0
Croatia,1883,0
Croatia,1884,0
Croatia,1885,0
Croatia,1886,0
Croatia,1887,0
Croatia,1888,0
Croatia,1889,0
Croatia,1890,0
Croatia,1891,0
Croatia,1892,0
Croatia,1893,0
Croatia,1894,0
Croatia,1895,0
Croatia,1896,0
Croatia,1897,0
Croatia,1898,0
Croatia,1899,0
Croatia,1900,0
Croatia,1901,0
Croatia,1902,0
Croatia,1903,0
Croatia,1904,0
Croatia,1905,0
Croatia,1906,0
Croatia,1907,0
Croatia,1908,0
Croatia,1909,0
Croatia,1910,0
Croatia,1911,0
Croatia,1912,0
Croatia,1913,0
Croatia,1914,0
Croatia,1915,0
Croatia,1916,0
Croatia,1917,0
Croatia,1918,0
Croatia,1919,0
Croatia,1920,0
Croatia,1921,0
Croatia,1922,0
Croatia,1923,0
Croatia,1924,0
Croatia,1925,0
Croatia,1926,0
Croatia,1927,0
Croatia,1928,0
Croatia,1929,0
Croatia,1930,0
Croatia,1931,0
Croatia,1932,0
Croatia,1933,0
Croatia,1934,0
Croatia,1935,0
Croatia,1936,0
Croatia,1937,0
Croatia,1938,0
Croatia,1939,0
Croatia,1940,6
Croatia,1941,12
Croatia,1942,24
Croatia,1943,25
Croatia,1944,32
Croatia,1945,32
Croatia,1946,32
Croatia,1947,32
Croatia,1948,32
Croatia,1949,32
Croatia,1950,36
Croatia,1951,36
Croatia,1952,36
Croatia,1953,36
Croatia,1954,36
Croatia,1955,36
Croatia,1956,41
Croatia,1957,41
Croatia,1958,41
Croatia,1959,41
Croatia,1960,41
Croatia,1961,41
Croatia,1962,41
Croatia,1963,41
Croatia,1964,41
Croatia,1965,41
Croatia,1966,41
Croatia,1967,41
Croatia,1968,41
Croatia,1969,41
Croatia,1970,41
Croatia,1971,41
Croatia,1972,41
Croatia,1973,41
Croatia,1974,41
Croatia,1975,41
Croatia,1976,41
Croatia,1977,41
Croatia,1978,41
Croatia,1979,41
Croatia,1980,41
Croatia,1981,41
Croatia,1982,41
Croatia,1983,41
Croatia,1984,41
Croatia,1985,41
Croatia,1986,41
Croatia,1987,41
Croatia,1988,41
Croatia,1989,41
Croatia,1990,45
Croatia,1991,46
Croatia,1992,50
Croatia,1993,53
Croatia,1994,68
Croatia,1995,84
Croatia,1996,110
Croatia,1997,129
Croatia,1998,160
Croatia,1999,174
Croatia,2000,179
Croatia,2001,199
Croatia,2002,207
Croatia,2003,226
Croatia,2004,244
Croatia,2005,263
Croatia,2006,294
Croatia,2007,319
Croatia,2008,338
Croatia,2009,359
Croatia,2010,374
Croatia,2011,391
Croatia,2012,408
Croatia,2013,425
Croatia,2014,449
Croatia,2015,466
Croatia,2016,498
Croatia,2017,511
Croatia,2018,535
Croatia,2019,555
Croatia,2020,569
Croatia,2021,598
Croatia,2022,618
Croatia,2023,635
Croatia,2024,655
Croatia,2025,683
Croatia,2026,694
Cuba,1872,0
Cuba,1873,0
Cuba,1874,0
Cuba,1875,0
Cuba,1876,0
Cuba,1877,0
Cuba,1878,0
Cuba,1879,0
Cuba,1880,0
Cuba,1881,0
Cuba,1882,0
Cuba,1883,0
Cuba,1884,0
Cuba,1885,0
Cuba,1886,0
Cuba,1887,0
Cuba,1888,0
Cuba,1889,0
Cuba,1890,0
Cuba,1891,0
Cuba,1892,0
Cuba,1893,0
Cuba,1894,0
Cuba,1895,0
Cuba,1896,0
Cuba,1897,0
Cuba,1898,0
Cuba,1899,0
Cuba,1900,0
Cuba,1901,0
Cuba,1902,0
Cuba,1903,0
Cuba,1904,0
Cuba,1905,0
Cuba,1906,0
Cuba,1907,0
Cuba,1908,0
Cuba,1909,0
Cuba,1910,0
Cuba,1911,0
Cuba,1912,0
Cuba,1913,0
Cuba,1914,0
Cuba,1915,0
Cuba,1916,0
Cuba,1917,0
Cuba,1918,0
Cuba,1919,0
Cuba,1920,0
Cuba,1921,0
Cuba,1922,0
Cuba,1923,0
Cuba,1924,0
Cuba,1925,0
Cuba,1926,0
Cuba,1927,0
Cuba,1928,0
Cuba,1929,0
Cuba,1930,22
Cuba,1931,22
Cuba,1932,22
Cuba,1933,22
Cuba,1934,35
Cuba,1935,43
Cuba,1936,43
Cuba,1937,43
Cuba,1938,51
Cuba,1939,55
Cuba,1940,56
Cuba,1941,56
Cuba,1942,58
Cuba,1943,58
Cuba,1944,58
Cuba,1945,58
Cuba,1946,58
Cuba,1947,68
Cuba,1948,69
Cuba,1949,75
Cuba,1950,75
Cuba,1951,75
Cuba,1952,75
Cuba,1953,75
Cuba,1954,75
Cuba,1955,77
Cuba,1956,77
Cuba,1957,78
Cuba,1958,78
Cuba,1959,78
Cuba,1960,81
Cuba,1961,83
Cuba,1962,83
Cuba,1963,83
Cuba,1964,83
Cuba,1965,86
Cuba,1966,86
Cuba,1967,91
Cuba,1968,91
Cuba,1969,91
Cuba,1970,92
Cuba,1971,98
Cuba,1972,98
Cuba,1973,98
Cuba,1974,98
Cuba,1975,108
Cuba,1976,121
Cuba,1977,124
Cuba,1978,124
Cuba,1979,124
Cuba,1980,133
Cuba,1981,137
Cuba,1982,137
Cuba,1983,137
Cuba,1984,139
Cuba,1985,141
Cuba,1986,142
Cuba,1987,149
Cuba,1988,150
Cuba,1989,150
Cuba,1990,150
Cuba,1991,150
Cuba,1992,159
Cuba,1993,159
Cuba,1994,159
Cuba,1995,181
Cuba,1996,213
Cuba,1997,218
Cuba,1998,224
Cuba,1999,248
Cuba,2000,262
Cuba,2001,278
Cuba,2002,287
Cuba,2003,301
Cuba,2004,319
Cuba,2005,329
Cuba,2006,354
Cuba,2007,362
Cuba,2008,397
Cuba,2009,397
Cuba,2010,412
Cuba,2011,417
Cuba,2012,428
Cuba,2013,434
Cuba,2014,440
Cuba,2015,445
Cuba,2016,447
Cuba,2017,447
Cuba,2018,467
Cuba,2019,474
Cuba,2020,474
Cuba,2021,484
Cuba,2022,501
Cuba,2023,507
Cuba,2024,521
Cuba,2025,529
Cuba,2026,532
Curaçao,1872,0
Curaçao,1873,0
Curaçao,1874,0
Curaçao,1875,0
Curaçao,1876,0
Curaçao,1877,0
Curaçao,1878,0
Curaçao,1879,0
Curaçao,1880,0
Curaçao,1881,0
Curaçao,1882,0
Curaçao,1883,0
Curaçao,1884,0
Curaçao,1885,0
Curaçao,1886,0
Curaçao,1887,0
Curaçao,1888,0
Curaçao,1889,0
Curaçao,1890,0
Curaçao,1891,0
Curaçao,1892,0
Curaçao,1893,0
Curaçao,1894,0
Curaçao,1895,0
Curaçao,1896,0
Curaçao,1897,0
Curaçao,1898,0
Curaçao,1899,0
Curaçao,1900,0
Curaçao,1901,0
Curaçao,1902,0
Curaçao,1903,0
Curaçao,1904,0
Curaçao,1905,0
Curaçao,1906,0
Curaçao,1907,0
Curaçao,1908,0
Curaçao,1909,0
Curaçao,1910,0
Curaçao,1911,0
Curaçao,1912,0
Curaçao,1913,0
Curaçao,1914,0
Curaçao,1915,0
Curaçao,1916,0
Curaçao,1917,0
Curaçao,1918,0
Curaçao,1919,0
Curaçao,1920,0
Curaçao,1921,0
Curaçao,1922,0
Curaçao,1923,0
Curaçao,1924,4
Curaçao,1925,4
Curaçao,1926,9
Curaçao,1927,9
Curaçao,1928,9
Curaçao,1929,9
Curaçao,1930,11
Curaçao,1931,12
Curaçao,1932,12
Curaçao,1933,17
Curaçao,1934,25
Curaçao,1935,38
Curaçao,1936,42
Curaçao,1937,44
Curaçao,1938,51
Curaçao,1939,51
Curaçao,1940,51
Curaçao,1941,75
Curaçao,1942,77
Curaçao,1943,85
Curaçao,1944,111
Curaçao,1945,113
Curaçao,1946,151
Curaçao,1947,162
Curaçao,1948,176
Curaçao,1949,179
Curaçao,1950,187
Curaçao,1951,187
Curaçao,1952,196
Curaçao,1953,213
Curaçao,1954,217
Curaçao,1955,228
Curaçao,1956,237
Curaçao,1957,248
Curaçao,1958,251
Curaçao,1959,251
Curaçao,1960,262
Curaçao,1961,268
Curaçao,1962,277
Curaçao,1963,295
Curaçao,1964,295
Curaçao,1965,302
Curaçao,1966,307
Curaçao,1967,311
Curaçao,1968,315
Curaçao,1969,324
Curaçao,1970,326
Curaçao,1971,329
Curaçao,1972,330
Curaçao,1973,337
Curaçao,1974,337
Curaçao,1975,337
Curaçao,1976,338
Curaçao,1977,338
Curaçao,1978,339
Curaçao,1979,339
Curaçao,1980,340
Curaçao,1981,343
Curaçao,1982,343
Curaçao,1983,343
Curaçao,1984,343
Curaçao,1985,343
Curaçao,1986,343
Curaçao,1987,343
Curaçao,1988,349
Curaçao,1989,364
Curaçao,1990,370
Curaçao,1991,370
Curaçao,1992,374
Curaçao,1993,374
Curaçao,1994,374
Curaçao,1995,385
Curaçao,1996,386
Curaçao,1997,387
Curaçao,1998,395
Curaçao,1999,397
Curaçao,2000,398
Curaçao,2001,398
Curaçao,2002,401
Curaçao,2003,401
Curaçao,2004,417
Curaçao,2005,417
Curaçao,2006,418
Curaçao,2007,418
Curaçao,2008,428
Curaçao,2009,430
Curaçao,2010,440
Curaçao,2011,458
Curaçao,2012,471
Curaçao,2013,474
Curaçao,2014,485
Curaçao,2015,495
Curaçao,2016,516
Curaçao,2017,524
Curaçao,2018,547
Curaçao,2019,553
Curaçao,2020,553
Curaçao,2021,570
Curaçao,2022,575
Curaçao,2023,584
Curaçao,2024,605
Curaçao,2025,629
Curaçao,2026,636
Cyprus,1872,0
Cyprus,1873,0
Cyprus,1874,0
Cyprus,1875,0
Cyprus,1876,0
Cyprus,1877,0
Cyprus,1878,0
Cyprus,1879,0
Cyprus,1880,0
Cyprus,1881,0
Cyprus,1882,0
Cyprus,1883,0
Cyprus,1884,0
Cyprus,1885,0
Cyprus,1886,0
Cyprus,1887,0
Cyprus,1888,0
Cyprus,1889,0
Cyprus,1890,0
Cyprus,1891,0
Cyprus,1892,0
Cyprus,1893,0
Cyprus,1894,0
Cyprus,1895,0
Cyprus,1896,0
Cyprus,1897,0
Cyprus,1898,0
Cyprus,1899,0
Cyprus,1900,0
Cyprus,1901,0
Cyprus,1902,0
Cyprus,1903,0
Cyprus,1904,0
Cyprus,1905,0
Cyprus,1906,0
Cyprus,1907,0
Cyprus,1908,0
Cyprus,1909,0
Cyprus,1910,0
Cyprus,1911,0
Cyprus,1912,0
Cyprus,1913,0
Cyprus,1914,0
Cyprus,1915,0
Cyprus,1916,0
Cyprus,1917,0
Cyprus,1918,0
Cyprus,1919,0
Cyprus,1920,0
Cyprus,1921,0
Cyprus,1922,0
Cyprus,1923,0
Cyprus,1924,0
Cyprus,1925,0
Cyprus,1926,0
Cyprus,1927,0
Cyprus,1928,0
Cyprus,1929,0
Cyprus,1930,0
Cyprus,1931,0
Cyprus,1932,0
Cyprus,1933,0
Cyprus,1934,0
Cyprus,1935,0
Cyprus,1936,0
Cyprus,1937,0
Cyprus,1938,0
Cyprus,1939,0
Cyprus,1940,0
Cyprus,1941,0
Cyprus,1942,0
Cyprus,1943,0
Cyprus,1944,0
Cyprus,1945,0
Cyprus,1946,0
Cyprus,1947,0
Cyprus,1948,0
Cyprus,1949,1
Cyprus,1950,1
Cyprus,1951,1
Cyprus,1952,1
Cyprus,1953,1
Cyprus,1954,1
Cyprus,1955,1
Cyprus,1956,1
Cyprus,1957,1
Cyprus,1958,1
Cyprus,1959,1
Cyprus,1960,3
Cyprus,1961,3
Cyprus,1962,3
Cyprus,1963,6
Cyprus,1964,6
Cyprus,1965,8
Cyprus,1966,9
Cyprus,1967,9
Cyprus,1968,12
Cyprus,1969,13
Cyprus,1970,15
Cyprus,1971,16
Cyprus,1972,16
Cyprus,1973,17
Cyprus,1974,19
Cyprus,1975,20
Cyprus,1976,22
Cyprus,1977,24
Cyprus,1978,24
Cyprus,1979,26
Cyprus,1980,29
Cyprus,1981,31
Cyprus,1982,33
Cyprus,1983,36
Cyprus,1984,40
Cyprus,1985,41
Cyprus,1986,43
Cyprus,1987,45
Cyprus,1988,47
Cyprus,1989,52
Cyprus,1990,54
Cyprus,1991,56
Cyprus,1992,69
Cyprus,1993,76
Cyprus,1994,84
Cyprus,1995,95
Cyprus,1996,104
Cyprus,1997,117
Cyprus,1998,126
Cyprus,1999,139
Cyprus,2000,155
Cyprus,2001,167
Cyprus,2002,175
Cyprus,2003,183
Cyprus,2004,194
Cyprus,2005,205
Cyprus,2006,215
Cyprus,2007,229
Cyprus,2008,235
Cyprus,2009,251
Cyprus,2010,257
Cyprus,2011,264
Cyprus,2012,268
Cyprus,2013,269
Cyprus,2014,278
Cyprus,2015,285
Cyprus,2016,289
Cyprus,2017,300
Cyprus,2018,305
Cyprus,2019,320
Cyprus,2020,324
Cyprus,2021,328
Cyprus,2022,337
Cyprus,2023,343
Cyprus,2024,354
Cyprus,2025,369
Cyprus,2026,375
Czech Republic,1872,0
Czech Republic,1873,0
Czech Republic,1874,0
Czech Republic,1875,0
Czech Republic,1876,0
Czech Republic,1877,0
Czech Republic,1878,0
Czech Republic,1879,0
Czech Republic,1880,0
Czech Republic,1881,0
Czech Republic,1882,0
Czech Republic,1883,0
Czech Republic,1884,0
Czech Republic,1885,0
Czech Republic,1886,0
Czech Republic,1887,0
Czech Republic,1888,0
Czech Republic,1889,0
Czech Republic,1890,0
Czech Republic,1891,0
Czech Republic,1892,0
Czech Republic,1893,0
Czech Republic,1894,0
Czech Republic,1895,0
Czech Republic,1896,0
Czech Republic,1897,0
Czech Republic,1898,0
Czech Republic,1899,0
Czech Republic,1900,0
Czech Republic,1901,0
Czech Republic,1902,0
Czech Republic,1903,0
Czech Republic,1904,0
Czech Republic,1905,0
Czech Republic,1906,0
Czech Republic,1907,0
Czech Republic,1908,0
Czech Republic,1909,0
Czech Republic,1910,0
Czech Republic,1911,0
Czech Republic,1912,0
Czech Republic,1913,0
Czech Republic,1914,0
Czech Republic,1915,0
Czech Republic,1916,0
Czech Republic,1917,0
Czech Republic,1918,0
Czech Republic,1919,0
Czech Republic,1920,0
Czech Republic,1921,0
Czech Republic,1922,0
Czech Republic,1923,0
Czech Republic,1924,0
Czech Republic,1925,0
Czech Republic,1926,0
Czech Republic,1927,0
Czech Republic,1928,0
Czech Republic,1929,0
Czech Republic,1930,0
Czech Republic,1931,0
Czech Republic,1932,0
Czech Republic,1933,0
Czech Republic,1934,0
Czech Republic,1935,0
Czech Republic,1936,0
Czech Republic,1937,0
Czech Republic,1938,0
Czech Republic,1939,0
Czech Republic,1940,0
Czech Republic,1941,0
Czech Republic,1942,0
Czech Republic,1943,0
Czech Republic,1944,0
Czech Republic,1945,0
Czech Republic,1946,0
Czech Republic,1947,0
Czech Republic,1948,0
Czech Republic,1949,0
Czech Republic,1950,0
Czech Republic,1951,0
Czech Republic,1952,0
Czech Republic,1953,0
Czech Republic,1954,0
Czech Republic,1955,0
Czech Republic,1956,0
Czech Republic,1957,0
Czech Republic,1958,0
Czech Republic,1959,0
Czech Republic,1960,0
Czech Republic,1961,0
Czech Republic,1962,0
Czech Republic,1963,0
Czech Republic,1964,0
Czech Republic,1965,0
Czech Republic,1966,0
Czech Republic,1967,0
Czech Republic,1968,0
Czech Republic,1969,0
Czech Republic,1970,0
Czech Republic,1971,0
Czech Republic,1972,0
Czech Republic,1973,0
Czech Republic,1974,0
Czech Republic,1975,0
Czech Republic,1976,0
Czech Republic,1977,0
Czech Republic,1978,0
Czech Republic,1979,0
Czech Republic,1980,0
Czech Republic,1981,0
Czech Republic,1982,0
Czech Republic,1983,0
Czech Republic,1984,0
Czech Republic,1985,0
Czech Republic,1986,0
Czech Republic,1987,0
Czech Republic,1988,0
Czech Republic,1989,0
Czech Republic,1990,0
Czech Republic,1991,0
Czech Republic,1992,0
Czech Republic,1993,0
Czech Republic,1994,20
Czech Republic,1995,42
Czech Republic,1996,67
Czech Republic,1997,89
Czech Republic,1998,106
Czech Republic,1999,130
Czech Republic,2000,151
Czech Republic,2001,173
Czech Republic,2002,196
Czech Republic,2003,226
Czech Republic,2004,250
Czech Republic,2005,285
Czech Republic,2006,311
Czech Republic,2007,328
Czech Republic,2008,345
Czech Republic,2009,361
Czech Republic,2010,373
Czech Republic,2011,391
Czech Republic,2012,405
Czech Republic,2013,420
Czech Republic,2014,435
Czech Republic,2015,449
Czech Republic,2016,467
Czech Republic,2017,489
Czech Republic,2018,500
Czech Republic,2019,516
Czech Republic,2020,527
Czech Republic,2021,558
Czech Republic,2022,570
Czech Republic,2023,587
Czech Republic,2024,612
Czech Republic,2025,632
Czech Republic,2026,645
Czechoslovakia,1872,0
Czechoslovakia,1873,0
Czechoslovakia,1874,0
Czechoslovakia,1875,0
Czechoslovakia,1876,0
Czechoslovakia,1877,0
Czechoslovakia,1878,0
Czechoslovakia,1879,0
Czechoslovakia,1880,0
Czechoslovakia,1881,0
Czechoslovakia,1882,0
Czechoslovakia,1883,0
Czechoslovakia,1884,0
Czechoslovakia,1885,0
Czechoslovakia,1886,0
Czechoslovakia,1887,0
Czechoslovakia,1888,0
Czechoslovakia,1889,0
Czechoslovakia,1890,0
Czechoslovakia,1891,0
Czechoslovakia,1892,0
Czechoslovakia,1893,0
Czechoslovakia,1894,0
Czechoslovakia,1895,0
Czechoslovakia,1896,0
Czechoslovakia,1897,0
Czechoslovakia,1898,0
Czechoslovakia,1899,0
Czechoslovakia,1900,0
Czechoslovakia,1901,0
Czechoslovakia,1902,0
Czechoslovakia,1903,1
Czechoslovakia,1904,1
Czechoslovakia,1905,1
Czechoslovakia,1906,6
Czechoslovakia,1907,13
Czechoslovakia,1908,15
Czechoslovakia,1909,15
Czechoslovakia,1910,19
Czechoslovakia,1911,19
Czechoslovakia,1912,19
Czechoslovakia,1913,19
Czechoslovakia,1914,19
Czechoslovakia,1915,19
Czechoslovakia,1916,19
Czechoslovakia,1917,19
Czechoslovakia,1918,19
Czechoslovakia,1919,37
Czechoslovakia,1920,52
Czechoslovakia,1921,60
Czechoslovakia,1922,69
Czechoslovakia,1923,86
Czechoslovakia,1924,98
Czechoslovakia,1925,111
Czechoslovakia,1926,131
Czechoslovakia,1927,157
Czechoslovakia,1928,176
Czechoslovakia,1929,199
Czechoslovakia,1930,211
Czechoslovakia,1931,231
Czechoslovakia,1932,241
Czechoslovakia,1933,253
Czechoslovakia,1934,275
Czechoslovakia,1935,281
Czechoslovakia,1936,291
Czechoslovakia,1937,321
Czechoslovakia,1938,349
Czechoslovakia,1939,364
Czechoslovakia,1940,364
Czechoslovakia,1941,364
Czechoslovakia,1942,364
Czechoslovakia,1943,364
Czechoslovakia,1944,364
Czechoslovakia,1945,364
Czechoslovakia,1946,371
Czechoslovakia,1947,392
Czechoslovakia,1948,400
Czechoslovakia,1949,414
Czechoslovakia,1950,421
Czechoslovakia,1951,424
Czechoslovakia,1952,429
Czechoslovakia,1953,443
Czechoslovakia,1954,444
Czechoslovakia,1955,456
Czechoslovakia,1956,472
Czechoslovakia,1957,486
Czechoslovakia,1958,502
Czechoslovakia,1959,517
Czechoslovakia,1960,532
Czechoslovakia,1961,559
Czechoslovakia,1962,579
Czechoslovakia,1963,585
Czechoslovakia,1964,594
Czechoslovakia,1965,606
Czechoslovakia,1966,612
Czechoslovakia,1967,622
Czechoslovakia,1968,632
Czechoslovakia,1969,644
Czechoslovakia,1970,658
Czechoslovakia,1971,669
Czechoslovakia,1972,682
Czechoslovakia,1973,692
Czechoslovakia,1974,707
Czechoslovakia,1975,725
Czechoslovakia,1976,744
Czechoslovakia,1977,753
Czechoslovakia,1978,765
Czechoslovakia,1979,785
Czechoslovakia,1980,807
Czechoslovakia,1981,825
Czechoslovakia,1982,839
Czechoslovakia,1983,851
Czechoslovakia,1984,860
Czechoslovakia,1985,869
Czechoslovakia,1986,882
Czechoslovakia,1987,891
Czechoslovakia,1988,906
Czechoslovakia,1989,921
Czechoslovakia,1990,939
Czechoslovakia,1991,958
Czechoslovakia,1992,969
Czechoslovakia,1993,984
Czechoslovakia,1994,984
Czechoslovakia,1995,984
Czechoslovakia,1996,984
Czechoslovakia,1997,984
Czechoslovakia,1998,984
Czechoslovakia,1999,984
Czechoslovakia,2000,984
Czechoslovakia,2001,984
Czechoslovakia,2002,984
Czechoslovakia,2003,984
Czechoslovakia,2004,984
Czechoslovakia,2005,984
Czechoslovakia,2006,984
Czechoslovakia,2007,984
Czechoslovakia,2008,984
Czechoslovakia,2009,984
Czechoslovakia,2010,984
Czechoslovakia,2011,984
Czechoslovakia,2012,984
Czechoslovakia,2013,984
Czechoslovakia,2014,984
Czechoslovakia,2015,984
Czechoslovakia,2016,984
Czechoslovakia,2017,984
Czechoslovakia,2018,984
Czechoslovakia,2019,984
Czechoslovakia,2020,984
Czechoslovakia,2021,984
Czechoslovakia,2022,984
Czechoslovakia,2023,984
Czechoslovakia,2024,984
Czechoslovakia,2025,984
Czechoslovakia,2026,984
DR Congo,1872,0
DR Congo,1873,0
DR Congo,1874,0
DR Congo,1875,0
DR Congo,1876,0
DR Congo,1877,0
DR Congo,1878,0
DR Congo,1879,0
DR Congo,1880,0
DR Congo,1881,0
DR Congo,1882,0
DR Congo,1883,0
DR Congo,1884,0
DR Congo,1885,0
DR Congo,1886,0
DR Congo,1887,0
DR Congo,1888,0
DR Congo,1889,0
DR Congo,1890,0
DR Congo,1891,0
DR Congo,1892,0
DR Congo,1893,0
DR Congo,1894,0
DR Congo,1895,0
DR Congo,1896,0
DR Congo,1897,0
DR Congo,1898,0
DR Congo,1899,0
DR Congo,1900,0
DR Congo,1901,0
DR Congo,1902,0
DR Congo,1903,0
DR Congo,1904,0
DR Congo,1905,0
DR Congo,1906,0
DR Congo,1907,0
DR Congo,1908,0
DR Congo,1909,0
DR Congo,1910,0
DR Congo,1911,0
DR Congo,1912,0
DR Congo,1913,0
DR Congo,1914,0
DR Congo,1915,0
DR Congo,1916,0
DR Congo,1917,0
DR Congo,1918,0
DR Congo,1919,0
DR Congo,1920,0
DR Congo,1921,0
DR Congo,1922,0
DR Congo,1923,0
DR Congo,1924,0
DR Congo,1925,0
DR Congo,1926,0
DR Congo,1927,0
DR Congo,1928,0
DR Congo,1929,0
DR Congo,1930,0
DR Congo,1931,0
DR Congo,1932,0
DR Congo,1933,0
DR Congo,1934,0
DR Congo,1935,0
DR Congo,1936,0
DR Congo,1937,0
DR Congo,1938,0
DR Congo,1939,0
DR Congo,1940,0
DR Congo,1941,0
DR Congo,1942,0
DR Congo,1943,0
DR Congo,1944,0
DR Congo,1945,0
DR Congo,1946,0
DR Congo,1947,0
DR Congo,1948,2
DR Congo,1949,2
DR Congo,1950,2
DR Congo,1951,2
DR Congo,1952,2
DR Congo,1953,4
DR Congo,1954,4
DR Congo,1955,4
DR Congo,1956,6
DR Congo,1957,6
DR Congo,1958,6
DR Congo,1959,6
DR Congo,1960,6
DR Congo,1961,6
DR Congo,1962,6
DR Congo,1963,14
DR Congo,1964,18
DR Congo,1965,55
DR Congo,1966,72
DR Congo,1967,111
DR Congo,1968,122
DR Congo,1969,143
DR Congo,1970,153
DR Congo,1971,159
DR Congo,1972,178
DR Congo,1973,204
DR Congo,1974,220
DR Congo,1975,227
DR Congo,1976,239
DR Congo,1977,244
DR Congo,1978,244
DR Congo,1979,266
DR Congo,1980,280
DR Congo,1981,297
DR Congo,1982,297
DR Congo,1983,297
DR Congo,1984,300
DR Congo,1985,314
DR Congo,1986,317
DR Congo,1987,324
DR Congo,1988,327
DR Congo,1989,338
DR Congo,1990,341
DR Congo,1991,344
DR Congo,1992,357
DR Congo,1993,366
DR Congo,1994,375
DR Congo,1995,385
DR Congo,1996,398
DR Congo,1997,408
DR Congo,1998,419
DR Congo,1999,427
DR Congo,2000,447
DR Congo,2001,458
DR Congo,2002,469
DR Congo,2003,488
DR Congo,2004,497
DR Congo,2005,518
DR Congo,2006,526
DR Congo,2007,534
DR Congo,2008,551
DR Congo,2009,556
DR Congo,2010,565
DR Congo,2011,589
DR Congo,2012,605
DR Congo,2013,609
DR Congo,2014,619
DR Congo,2015,644
DR Congo,2016,666
DR Congo,2017,687
DR Congo,2018,692
DR Congo,2019,706
DR Congo,2020,708
DR Congo,2021,719
DR Congo,2022,725
DR Congo,2023,737
DR Congo,2024,753
DR Congo,2025,775
DR Congo,2026,784
Darfur,1872,0
Darfur,1873,0
Darfur,1874,0
Darfur,1875,0
Darfur,1876,0
Darfur,1877,0
Darfur,1878,0
Darfur,1879,0
Darfur,1880,0
Darfur,1881,0
Darfur,1882,0
Darfur,1883,0
Darfur,1884,0
Darfur,1885,0
Darfur,1886,0
Darfur,1887,0
Darfur,1888,0
Darfur,1889,0
Darfur,1890,0
Darfur,1891,0
Darfur,1892,0
Darfur,1893,0
Darfur,1894,0
Darfur,1895,0
Darfur,1896,0
Darfur,1897,0
Darfur,1898,0
Darfur,1899,0
Darfur,1900,0
Darfur,1901,0
Darfur,1902,0
Darfur,1903,0
Darfur,1904,0
Darfur,1905,0
Darfur,1906,0
Darfur,1907,0
Darfur,1908,0
Darfur,1909,0
Darfur,1910,0
Darfur,1911,0
Darfur,1912,0
Darfur,1913,0
Darfur,1914,0
Darfur,1915,0
Darfur,1916,0
Darfur,1917,0
Darfur,1918,0
Darfur,1919,0
Darfur,1920,0
Darfur,1921,0
Darfur,1922,0
Darfur,1923,0
Darfur,1924,0
Darfur,1925,0
Darfur,1926,0
Darfur,1927,0
Darfur,1928,0
Darfur,1929,0
Darfur,1930,0
Darfur,1931,0
Darfur,1932,0
Darfur,1933,0
Darfur,1934,0
Darfur,1935,0
Darfur,1936,0
Darfur,1937,0
Darfur,1938,0
Darfur,1939,0
Darfur,1940,0
Darfur,1941,0
Darfur,1942,0
Darfur,1943,0
Darfur,1944,0
Darfur,1945,0
Darfur,1946,0
Darfur,1947,0
Darfur,1948,0
Darfur,1949,0
Darfur,1950,0
Darfur,1951,0
Darfur,1952,0
Darfur,1953,0
Darfur,1954,0
Darfur,1955,0
Darfur,1956,0
Darfur,1957,0
Darfur,1958,0
Darfur,1959,0
Darfur,1960,0
Darfur,1961,0
Darfur,1962,0
Darfur,1963,0
Darfur,1964,0
Darfur,1965,0
Darfur,1966,0
Darfur,1967,0
Darfur,1968,0
Darfur,1969,0
Darfur,1970,0
Darfur,1971,0
Darfur,1972,0
Darfur,1973,0
Darfur,1974,0
Darfur,1975,0
Darfur,1976,0
Darfur,1977,0
Darfur,1978,0
Darfur,1979,0
Darfur,1980,0
Darfur,1981,0
Darfur,1982,0
Darfur,1983,0
Darfur,1984,0
Darfur,1985,0
Darfur,1986,0
Darfur,1987,0
Darfur,1988,0
Darfur,1989,0
Darfur,1990,0
Darfur,1991,0
Darfur,1992,0
Darfur,1993,0
Darfur,1994,0
Darfur,1995,0
Darfur,1996,0
Darfur,1997,0
Darfur,1998,0
Darfur,1999,0
Darfur,2000,0
Darfur,2001,0
Darfur,2002,0
Darfur,2003,0
Darfur,2004,0
Darfur,2005,0
Darfur,2006,0
Darfur,2007,0
Darfur,2008,0
Darfur,2009,0
Darfur,2010,0
Darfur,2011,0
Darfur,2012,1
Darfur,2013,1
Darfur,2014,1
Darfur,2015,1
Darfur,2016,1
Darfur,2017,1
Darfur,2018,1
Darfur,2019,1
Darfur,2020,1
Darfur,2021,1
Darfur,2022,1
Darfur,2023,1
Darfur,2024,1
Darfur,2025,1
Darfur,2026,1
Denmark,1872,0
Denmark,1873,0
Denmark,1874,0
Denmark,1875,0
Denmark,1876,0
Denmark,1877,0
Denmark,1878,0
Denmark,1879,0
Denmark,1880,0
Denmark,1881,0
Denmark,1882,0
Denmark,1883,0
Denmark,1884,0
Denmark,1885,0
Denmark,1886,0
Denmark,1887,0
Denmark,1888,0
Denmark,1889,0
Denmark,1890,0
Denmark,1891,0
Denmark,1892,0
Denmark,1893,0
Denmark,1894,0
Denmark,1895,0
Denmark,1896,0
Denmark,1897,0
Denmark,1898,0
Denmark,1899,0
Denmark,1900,0
Denmark,1901,0
Denmark,1902,0
Denmark,1903,0
Denmark,1904,0
Denmark,1905,0
Denmark,1906,0
Denmark,1907,0
Denmark,1908,17
Denmark,1909,17
Denmark,1910,17
Denmark,1911,17
Denmark,1912,31
Denmark,1913,53
Denmark,1914,57
Denmark,1915,69
Denmark,1916,81
Denmark,1917,98
Denmark,1918,108
Denmark,1919,118
Denmark,1920,121
Denmark,1921,125
Denmark,1922,129
Denmark,1923,137
Denmark,1924,144
Denmark,1925,156
Denmark,1926,166
Denmark,1927,174
Denmark,1928,181
Denmark,1929,193
Denmark,1930,211
Denmark,1931,219
Denmark,1932,229
Denmark,1933,238
Denmark,1934,249
Denmark,1935,256
Denmark,1936,269
Denmark,1937,280
Denmark,1938,284
Denmark,1939,308
Denmark,1940,312
Denmark,1941,317
Denmark,1942,318
Denmark,1943,321
Denmark,1944,321
Denmark,1945,335
Denmark,1946,359
Denmark,1947,372
Denmark,1948,384
Denmark,1949,398
Denmark,1950,408
Denmark,1951,416
Denmark,1952,425
Denmark,1953,443
Denmark,1954,449
Denmark,1955,461
Denmark,1956,476
Denmark,1957,493
Denmark,1958,510
Denmark,1959,521
Denmark,1960,536
Denmark,1961,552
Denmark,1962,584
Denmark,1963,601
Denmark,1964,611
Denmark,1965,625
Denmark,1966,631
Denmark,1967,660
Denmark,1968,675
Denmark,1969,701
Denmark,1970,703
Denmark,1971,714
Denmark,1972,724
Denmark,1973,730
Denmark,1974,745
Denmark,1975,749
Denmark,1976,766
Denmark,1977,784
Denmark,1978,797
Denmark,1979,808
Denmark,1980,820
Denmark,1981,840
Denmark,1982,851
Denmark,1983,867
Denmark,1984,886
Denmark,1985,903
Denmark,1986,918
Denmark,1987,921
Denmark,1988,933
Denmark,1989,963
Denmark,1990,974
Denmark,1991,988
Denmark,1992,999
Denmark,1993,1016
Denmark,1994,1027
Denmark,1995,1048
Denmark,1996,1061
Denmark,1997,1071
Denmark,1998,1084
Denmark,1999,1103
Denmark,2000,1114
Denmark,2001,1136
Denmark,2002,1156
Denmark,2003,1176
Denmark,2004,1195
Denmark,2005,1218
Denmark,2006,1234
Denmark,2007,1253
Denmark,2008,1264
Denmark,2009,1279
Denmark,2010,1291
Denmark,2011,1310
Denmark,2012,1321
Denmark,2013,1342
Denmark,2014,1352
Denmark,2015,1363
Denmark,2016,1384
Denmark,2017,1403
Denmark,2018,1415
Denmark,2019,1444
Denmark,2020,1458
Denmark,2021,1503
Denmark,2022,1518
Denmark,2023,1537
Denmark,2024,1553
Denmark,2025,1579
Denmark,2026,1587
Djibouti,1872,0
Djibouti,1873,0
Djibouti,1874,0
Djibouti,1875,0
Djibouti,1876,0
Djibouti,1877,0
Djibouti,1878,0
Djibouti,1879,0
Djibouti,1880,0
Djibouti,1881,0
Djibouti,1882,0
Djibouti,1883,0
Djibouti,1884,0
Djibouti,1885,0
Djibouti,1886,0
Djibouti,1887,0
Djibouti,1888,0
Djibouti,1889,0
Djibouti,1890,0
Djibouti,1891,0
Djibouti,1892,0
Djibouti,1893,0
Djibouti,1894,0
Djibouti,1895,0
Djibouti,1896,0
Djibouti,1897,0
Djibouti,1898,0
Djibouti,1899,0
Djibouti,1900,0
Djibouti,1901,0
Djibouti,1902,0
Djibouti,1903,0
Djibouti,1904,0
Djibouti,1905,0
Djibouti,1906,0
Djibouti,1907,0
Djibouti,1908,0
Djibouti,1909,0
Djibouti,1910,0
Djibouti,1911,0
Djibouti,1912,0
Djibouti,1913,0
Djibouti,1914,0
Djibouti,1915,0
Djibouti,1916,0
Djibouti,1917,0
Djibouti,1918,0
Djibouti,1919,0
Djibouti,1920,0
Djibouti,1921,0
Djibouti,1922,0
Djibouti,1923,0
Djibouti,1924,0
Djibouti,1925,0
Djibouti,1926,0
Djibouti,1927,0
Djibouti,1928,0
Djibouti,1929,0
Djibouti,1930,0
Djibouti,1931,0
Djibouti,1932,0
Djibouti,1933,0
Djibouti,1934,0
Djibouti,1935,0
Djibouti,1936,0
Djibouti,1937,0
Djibouti,1938,0
Djibouti,1939,0
Djibouti,1940,0
Djibouti,1941,0
Djibouti,1942,0
Djibouti,1943,0
Djibouti,1944,0
Djibouti,1945,0
Djibouti,1946,0
Djibouti,1947,0
Djibouti,1948,1
Djibouti,1949,1
Djibouti,1950,1
Djibouti,1951,1
Djibouti,1952,1
Djibouti,1953,1
Djibouti,1954,4
Djibouti,1955,4
Djibouti,1956,4
Djibouti,1957,4
Djibouti,1958,4
Djibouti,1959,4
Djibouti,1960,6
Djibouti,1961,6
Djibouti,1962,6
Djibouti,1963,6
Djibouti,1964,6
Djibouti,1965,6
Djibouti,1966,6
Djibouti,1967,6
Djibouti,1968,6
Djibouti,1969,6
Djibouti,1970,6
Djibouti,1971,6
Djibouti,1972,6
Djibouti,1973,6
Djibouti,1974,6
Djibouti,1975,6
Djibouti,1976,6
Djibouti,1977,6
Djibouti,1978,6
Djibouti,1979,6
Djibouti,1980,6
Djibouti,1981,6
Djibouti,1982,6
Djibouti,1983,9
Djibouti,1984,10
Djibouti,1985,10
Djibouti,1986,12
Djibouti,1987,12
Djibouti,1988,16
Djibouti,1989,16
Djibouti,1990,16
Djibouti,1991,16
Djibouti,1992,16
Djibouti,1993,16
Djibouti,1994,18
Djibouti,1995,18
Djibouti,1996,18
Djibouti,1997,18
Djibouti,1998,19
Djibouti,1999,21
Djibouti,2000,28
Djibouti,2001,31
Djibouti,2002,31
Djibouti,2003,31
Djibouti,2004,31
Djibouti,2005,33
Djibouti,2006,36
Djibouti,2007,39
Djibouti,2008,43
Djibouti,2009,45
Djibouti,2010,45
Djibouti,2011,47
Djibouti,2012,47
Djibouti,2013,47
Djibouti,2014,47
Djibouti,2015,49
Djibouti,2016,49
Djibouti,2017,51
Djibouti,2018,51
Djibouti,2019,55
Djibouti,2020,55
Djibouti,2021,60
Djibouti,2022,62
Djibouti,2023,68
Djibouti,2024,71
Djibouti,2025,74
Djibouti,2026,74
Dominica,1872,0
Dominica,1873,0
Dominica,1874,0
Dominica,1875,0
Dominica,1876,0
Dominica,1877,0
Dominica,1878,0
Dominica,1879,0
Dominica,1880,0
Dominica,1881,0
Dominica,1882,0
Dominica,1883,0
Dominica,1884,0
Dominica,1885,0
Dominica,1886,0
Dominica,1887,0
Dominica,1888,0
Dominica,1889,0
Dominica,1890,0
Dominica,1891,0
Dominica,1892,0
Dominica,1893,0
Dominica,1894,0
Dominica,1895,0
Dominica,1896,0
Dominica,1897,0
Dominica,1898,0
Dominica,1899,0
Dominica,1900,0
Dominica,1901,0
Dominica,1902,0
Dominica,1903,0
Dominica,1904,0
Dominica,1905,0
Dominica,1906,0
Dominica,1907,0
Dominica,1908,0
Dominica,1909,0
Dominica,1910,0
Dominica,1911,0
Dominica,1912,0
Dominica,1913,0
Dominica,1914,0
Dominica,1915,0
Dominica,1916,0
Dominica,1917,0
Dominica,1918,0
Dominica,1919,0
Dominica,1920,0
Dominica,1921,0
Dominica,1922,0
Dominica,1923,0
Dominica,1924,0
Dominica,1925,0
Dominica,1926,0
Dominica,1927,0
Dominica,1928,0
Dominica,1929,0
Dominica,1930,0
Dominica,1931,0
Dominica,1932,1
Dominica,1933,1
Dominica,1934,1
Dominica,1935,1
Dominica,1936,1
Dominica,1937,1
Dominica,1938,7
Dominica,1939,10
Dominica,1940,10
Dominica,1941,10
Dominica,1942,10
Dominica,1943,10
Dominica,1944,10
Dominica,1945,10
Dominica,1946,10
Dominica,1947,10
Dominica,1948,10
Dominica,1949,10
Dominica,1950,10
Dominica,1951,10
Dominica,1952,10
Dominica,1953,10
Dominica,1954,10
Dominica,1955,10
Dominica,1956,10
Dominica,1957,10
Dominica,1958,10
Dominica,1959,10
Dominica,1960,10
Dominica,1961,13
Dominica,1962,13
Dominica,1963,13
Dominica,1964,18
Dominica,1965,22
Dominica,1966,30
Dominica,1967,35
Dominica,1968,38
Dominica,1969,41
Dominica,1970,43
Dominica,1971,51
Dominica,1972,53
Dominica,1973,62
Dominica,1974,66
Dominica,1975,66
Dominica,1976,66
Dominica,1977,66
Dominica,1978,66
Dominica,1979,66
Dominica,1980,66
Dominica,1981,68
Dominica,1982,68
Dominica,1983,69
Dominica,1984,69
Dominica,1985,73
Dominica,1986,73
Dominica,1987,73
Dominica,1988,74
Dominica,1989,74
Dominica,1990,76
Dominica,1991,76
Dominica,1992,76
Dominica,1993,79
Dominica,1994,85
Dominica,1995,88
Dominica,1996,95
Dominica,1997,108
Dominica,1998,118
Dominica,1999,126
Dominica,2000,134
Dominica,2001,141
Dominica,2002,141
Dominica,2003,141
Dominica,2004,155
Dominica,2005,155
Dominica,2006,155
Dominica,2007,156
Dominica,2008,158
Dominica,2009,162
Dominica,2010,178
Dominica,2011,178
Dominica,2012,182
Dominica,2013,183
Dominica,2014,187
Dominica,2015,192
Dominica,2016,201
Dominica,2017,207
Dominica,2018,209
Dominica,2019,216
Dominica,2020,216
Dominica,2021,221
Dominica,2022,227
Dominica,2023,236
Dominica,2024,244
Dominica,2025,250
Dominica,2026,250
Dominican Republic,1872,0
Dominican Republic,1873,0
Dominican Republic,1874,0
Dominican Republic,1875,0
Dominican Republic,1876,0
Dominican Republic,1877,0
Dominican Republic,1878,0
Dominican Republic,1879,0
Dominican Republic,1880,0
Dominican Republic,1881,0
Dominican Republic,1882,0
Dominican Republic,1883,0
Dominican Republic,1884,0
Dominican Republic,1885,0
Dominican Republic,1886,0
Dominican Republic,1887,0
Dominican Republic,1888,0
Dominican Republic,1889,0
Dominican Republic,1890,0
Dominican Republic,1891,0
Dominican Republic,1892,0
Dominican Republic,1893,0
Dominican Republic,1894,0
Dominican Republic,1895,0
Dominican Republic,1896,0
Dominican Republic,1897,0
Dominican Republic,1898,0
Dominican Republic,1899,0
Dominican Republic,1900,0
Dominican Republic,1901,0
Dominican Republic,1902,0
Dominican Republic,1903,0
Dominican Republic,1904,0
Dominican Republic,1905,0
Dominican Republic,1906,0
Dominican Republic,1907,0
Dominican Republic,1908,0
Dominican Republic,1909,0
Dominican Republic,1910,0
Dominican Republic,1911,0
Dominican Republic,1912,0
Dominican Republic,1913,0
Dominican Republic,1914,0
Dominican Republic,1915,0
Dominican Republic,1916,0
Dominican Republic,1917,0
Dominican Republic,1918,0
Dominican Republic,1919,0
Dominican Republic,1920,0
Dominican Republic,1921,0
Dominican Republic,1922,0
Dominican Republic,1923,0
Dominican Republic,1924,0
Dominican Republic,1925,0
Dominican Republic,1926,0
Dominican Republic,1927,0
Dominican Republic,1928,0
Dominican Republic,1929,0
Dominican Republic,1930,0
Dominican Republic,1931,0
Dominican Republic,1932,0
Dominican Republic,1933,0
Dominican Republic,1934,0
Dominican Republic,1935,0
Dominican Republic,1936,0
Dominican Republic,1937,0
Dominican Republic,1938,0
Dominican Republic,1939,0
Dominican Republic,1940,0
Dominican Republic,1941,0
Dominican Republic,1942,0
Dominican Republic,1943,0
Dominican Republic,1944,0
Dominican Republic,1945,0
Dominican Republic,1946,0
Dominican Republic,1947,0
Dominican Republic,1948,0
Dominican Republic,1949,1
Dominican Republic,1950,1
Dominican Republic,1951,1
Dominican Republic,1952,1
Dominican Republic,1953,1
Dominican Republic,1954,1
Dominican Republic,1955,1
Dominican Republic,1956,1
Dominican Republic,1957,1
Dominican Republic,1958,1
Dominican Republic,1959,1
Dominican Republic,1960,1
Dominican Republic,1961,1
Dominican Republic,1962,1
Dominican Republic,1963,1
Dominican Republic,1964,1
Dominican Republic,1965,1
Dominican Republic,1966,1
Dominican Republic,1967,1
Dominican Republic,1968,1
Dominican Republic,1969,1
Dominican Republic,1970,1
Dominican Republic,1971,1
Dominican Republic,1972,1
Dominican Republic,1973,1
Dominican Republic,1974,1
Dominican Republic,1975,1
Dominican Republic,1976,1
Dominican Republic,1977,1
Dominican Republic,1978,1
Dominican Republic,1979,1
Dominican Republic,1980,1
Dominican Republic,1981,1
Dominican Republic,1982,1
Dominican Republic,1983,1
Dominican Republic,1984,1
Dominican Republic,1985,1
Dominican Republic,1986,2
Dominican Republic,1987,4
Dominican Republic,1988,4
Dominican Republic,1989,4
Dominican Republic,1990,4
Dominican Republic,1991,9
Dominican Republic,1992,11
Dominican Republic,1993,16
Dominican Republic,1994,16
Dominican Republic,1995,20
Dominican Republic,1996,30
Dominican Republic,1997,30
Dominican Republic,1998,33
Dominican Republic,1999,35
Dominican Republic,2000,42
Dominican Republic,2001,46
Dominican Republic,2002,58
Dominican Republic,2003,58
Dominican Republic,2004,65
Dominican Republic,2005,65
Dominican Republic,2006,76
Dominican Republic,2007,76
Dominican Republic,2008,77
Dominican Republic,2009,77
Dominican Republic,2010,94
Dominican Republic,2011,114
Dominican Republic,2012,129
Dominican Republic,2013,132
Dominican Republic,2014,136
Dominican Republic,2015,143
Dominican Republic,2016,154
Dominican Republic,2017,158
Dominican Republic,2018,172
Dominican Republic,2019,178
Dominican Republic,2020,178
Dominican Republic,2021,186
Dominican Republic,2022,194
Dominican Republic,2023,211
Dominican Republic,2024,245
Dominican Republic,2025,261
Dominican Republic,2026,266
Donetsk PR,1872,0
Donetsk PR,1873,0
Donetsk PR,1874,0
Donetsk PR,1875,0
Donetsk PR,1876,0
Donetsk PR,1877,0
Donetsk PR,1878,0
Donetsk PR,1879,0
Donetsk PR,1880,0
Donetsk PR,1881,0
Donetsk PR,1882,0
Donetsk PR,1883,0
Donetsk PR,1884,0
Donetsk PR,1885,0
Donetsk PR,1886,0
Donetsk PR,1887,0
Donetsk PR,1888,0
Donetsk PR,1889,0
Donetsk PR,1890,0
Donetsk PR,1891,0
Donetsk PR,1892,0
Donetsk PR,1893,0
Donetsk PR,1894,0
Donetsk PR,1895,0
Donetsk PR,1896,0
Donetsk PR,1897,0
Donetsk PR,1898,0
Donetsk PR,1899,0
Donetsk PR,1900,0
Donetsk PR,1901,0
Donetsk PR,1902,0
Donetsk PR,1903,0
Donetsk PR,1904,0
Donetsk PR,1905,0
Donetsk PR,1906,0
Donetsk PR,1907,0
Donetsk PR,1908,0
Donetsk PR,1909,0
Donetsk PR,1910,0
Donetsk PR,1911,0
Donetsk PR,1912,0
Donetsk PR,1913,0
Donetsk PR,1914,0
Donetsk PR,1915,0
Donetsk PR,1916,0
Donetsk PR,1917,0
Donetsk PR,1918,0
Donetsk PR,1919,0
Donetsk PR,1920,0
Donetsk PR,1921,0
Donetsk PR,1922,0
Donetsk PR,1923,0
Donetsk PR,1924,0
Donetsk PR,1925,0
Donetsk PR,1926,0
Donetsk PR,1927,0
Donetsk PR,1928,0
Donetsk PR,1929,0
Donetsk PR,1930,0
Donetsk PR,1931,0
Donetsk PR,1932,0
Donetsk PR,1933,0
Donetsk PR,1934,0
Donetsk PR,1935,0
Donetsk PR,1936,0
Donetsk PR,1937,0
Donetsk PR,1938,0
Donetsk PR,1939,0
Donetsk PR,1940,0
Donetsk PR,1941,0
Donetsk PR,1942,0
Donetsk PR,1943,0
Donetsk PR,1944,0
Donetsk PR,1945,0
Donetsk PR,1946,0
Donetsk PR,1947,0
Donetsk PR,1948,0
Donetsk PR,1949,0
Donetsk PR,1950,0
Donetsk PR,1951,0
Donetsk PR,1952,0
Donetsk PR,1953,0
Donetsk PR,1954,0
Donetsk PR,1955,0
Donetsk PR,1956,0
Donetsk PR,1957,0
Donetsk PR,1958,0
Donetsk PR,1959,0
Donetsk PR,1960,0
Donetsk PR,1961,0
Donetsk PR,1962,0
Donetsk PR,1963,0
Donetsk PR,1964,0
Donetsk PR,1965,0
Donetsk PR,1966,0
Donetsk PR,1967,0
Donetsk PR,1968,0
Donetsk PR,1969,0
Donetsk PR,1970,0
Donetsk PR,1971,0
Donetsk PR,1972,0
Donetsk PR,1973,0
Donetsk PR,1974,0
Donetsk PR,1975,0
Donetsk PR,1976,0
Donetsk PR,1977,0
Donetsk PR,1978,0
Donetsk PR,1979,0
Donetsk PR,1980,0
Donetsk PR,1981,0
Donetsk PR,1982,0
Donetsk PR,1983,0
Donetsk PR,1984,0
Donetsk PR,1985,0
Donetsk PR,1986,0
Donetsk PR,1987,0
Donetsk PR,1988,0
Donetsk PR,1989,0
Donetsk PR,1990,0
Donetsk PR,1991,0
Donetsk PR,1992,0
Donetsk PR,1993,0
Donetsk PR,1994,0
Donetsk PR,1995,0
Donetsk PR,1996,0
Donetsk PR,1997,0
Donetsk PR,1998,0
Donetsk PR,1999,0
Donetsk PR,2000,0
Donetsk PR,2001,0
Donetsk PR,2002,0
Donetsk PR,2003,0
Donetsk PR,2004,0
Donetsk PR,2005,0
Donetsk PR,2006,0
Donetsk PR,2007,0
Donetsk PR,2008,0
Donetsk PR,2009,0
Donetsk PR,2010,0
Donetsk PR,2011,0
Donetsk PR,2012,0
Donetsk PR,2013,0
Donetsk PR,2014,0
Donetsk PR,2015,5
Donetsk PR,2016,6
Donetsk PR,2017,8
Donetsk PR,2018,8
Donetsk PR,2019,8
Donetsk PR,2020,8
Donetsk PR,2021,8
Donetsk PR,2022,8
Donetsk PR,2023,8
Donetsk PR,2024,8
Donetsk PR,2025,8
Donetsk PR,2026,8
Délvidék,1872,0
Délvidék,1873,0
Délvidék,1874,0
Délvidék,1875,0
Délvidék,1876,0
Délvidék,1877,0
Délvidék,1878,0
Délvidék,1879,0
Délvidék,1880,0
Délvidék,1881,0
Délvidék,1882,0
Délvidék,1883,0
Délvidék,1884,0
Délvidék,1885,0
Délvidék,1886,0
Délvidék,1887,0
Délvidék,1888,0
Délvidék,1889,0
Délvidék,1890,0
Délvidék,1891,0
Délvidék,1892,0
Délvidék,1893,0
Délvidék,1894,0
Délvidék,1895,0
Délvidék,1896,0
Délvidék,1897,0
Délvidék,1898,0
Délvidék,1899,0
Délvidék,1900,0
Délvidék,1901,0
Délvidék,1902,0
Délvidék,1903,0
Délvidék,1904,0
Délvidék,1905,0
Délvidék,1906,0
Délvidék,1907,0
Délvidék,1908,0
Délvidék,1909,0
Délvidék,1910,0
Délvidék,1911,0
Délvidék,1912,0
Délvidék,1913,0
Délvidék,1914,0
Délvidék,1915,0
Délvidék,1916,0
Délvidék,1917,0
Délvidék,1918,0
Délvidék,1919,0
Délvidék,1920,0
Délvidék,1921,0
Délvidék,1922,0
Délvidék,1923,0
Délvidék,1924,0
Délvidék,1925,0
Délvidék,1926,0
Délvidék,1927,0
Délvidék,1928,0
Délvidék,1929,0
Délvidék,1930,0
Délvidék,1931,0
Délvidék,1932,0
Délvidék,1933,0
Délvidék,1934,0
Délvidék,1935,0
Délvidék,1936,0
Délvidék,1937,0
Délvidék,1938,0
Délvidék,1939,0
Délvidék,1940,0
Délvidék,1941,0
Délvidék,1942,0
Délvidék,1943,0
Délvidék,1944,0
Délvidék,1945,0
Délvidék,1946,0
Délvidék,1947,0
Délvidék,1948,0
Délvidék,1949,0
Délvidék,1950,0
Délvidék,1951,0
Délvidék,1952,0
Délvidék,1953,0
Délvidék,1954,0
Délvidék,1955,0
Délvidék,1956,0
Délvidék,1957,0
Délvidék,1958,0
Délvidék,1959,0
Délvidék,1960,0
Délvidék,1961,0
Délvidék,1962,0
Délvidék,1963,0
Délvidék,1964,0
Délvidék,1965,0
Délvidék,1966,0
Délvidék,1967,0
Délvidék,1968,0
Délvidék,1969,0
Délvidék,1970,0
Délvidék,1971,0
Délvidék,1972,0
Délvidék,1973,0
Délvidék,1974,0
Délvidék,1975,0
Délvidék,1976,0
Délvidék,1977,0
Délvidék,1978,0
Délvidék,1979,0
Délvidék,1980,0
Délvidék,1981,0
Délvidék,1982,0
Délvidék,1983,0
Délvidék,1984,0
Délvidék,1985,0
Délvidék,1986,0
Délvidék,1987,0
Délvidék,1988,0
Délvidék,1989,0
Délvidék,1990,0
Délvidék,1991,0
Délvidék,1992,0
Délvidék,1993,0
Délvidék,1994,0
Délvidék,1995,0
Délvidék,1996,0
Délvidék,1997,0
Délvidék,1998,0
Délvidék,1999,0
Délvidék,2000,0
Délvidék,2001,0
Délvidék,2002,0
Délvidék,2003,0
Délvidék,2004,0
Délvidék,2005,0
Délvidék,2006,0
Délvidék,2007,0
Délvidék,2008,0
Délvidék,2009,0
Délvidék,2010,0
Délvidék,2011,0
Délvidék,2012,0
Délvidék,2013,0
Délvidék,2014,0
Délvidék,2015,0
Délvidék,2016,4
Délvidék,2017,4
Délvidék,2018,4
Délvidék,2019,4
Délvidék,2020,4
Délvidék,2021,4
Délvidék,2022,4
Délvidék,2023,4
Délvidék,2024,4
Délvidék,2025,4
Délvidék,2026,4
East Turkestan,1872,0
East Turkestan,1873,0
East Turkestan,1874,0
East Turkestan,1875,0
East Turkestan,1876,0
East Turkestan,1877,0
East Turkestan,1878,0
East Turkestan,1879,0
East Turkestan,1880,0
East Turkestan,1881,0
East Turkestan,1882,0
East Turkestan,1883,0
East Turkestan,1884,0
East Turkestan,1885,0
East Turkestan,1886,0
East Turkestan,1887,0
East Turkestan,1888,0
East Turkestan,1889,0
East Turkestan,1890,0
East Turkestan,1891,0
East Turkestan,1892,0
East Turkestan,1893,0
East Turkestan,1894,0
East Turkestan,1895,0
East Turkestan,1896,0
East Turkestan,1897,0
East Turkestan,1898,0
East Turkestan,1899,0
East Turkestan,1900,0
East Turkestan,1901,0
East Turkestan,1902,0
East Turkestan,1903,0
East Turkestan,1904,0
East Turkestan,1905,0
East Turkestan,1906,0
East Turkestan,1907,0
East Turkestan,1908,0
East Turkestan,1909,0
East Turkestan,1910,0
East Turkestan,1911,0
East Turkestan,1912,0
East Turkestan,1913,0
East Turkestan,1914,0
East Turkestan,1915,0
East Turkestan,1916,0
East Turkestan,1917,0
East Turkestan,1918,0
East Turkestan,1919,0
East Turkestan,1920,0
East Turkestan,1921,0
East Turkestan,1922,0
East Turkestan,1923,0
East Turkestan,1924,0
East Turkestan,1925,0
East Turkestan,1926,0
East Turkestan,1927,0
East Turkestan,1928,0
East Turkestan,1929,0
East Turkestan,1930,0
East Turkestan,1931,0
East Turkestan,1932,0
East Turkestan,1933,0
East Turkestan,1934,0
East Turkestan,1935,0
East Turkestan,1936,0
East Turkestan,1937,0
East Turkestan,1938,0
East Turkestan,1939,0
East Turkestan,1940,0
East Turkestan,1941,0
East Turkestan,1942,0
East Turkestan,1943,0
East Turkestan,1944,0
East Turkestan,1945,0
East Turkestan,1946,0
East Turkestan,1947,0
East Turkestan,1948,0
East Turkestan,1949,0
East Turkestan,1950,0
East Turkestan,1951,0
East Turkestan,1952,0
East Turkestan,1953,0
East Turkestan,1954,0
East Turkestan,1955,0
East Turkestan,1956,0
East Turkestan,1957,0
East Turkestan,1958,0
East Turkestan,1959,0
East Turkestan,1960,0
East Turkestan,1961,0
East Turkestan,1962,0
East Turkestan,1963,0
East Turkestan,1964,0
East Turkestan,1965,0
East Turkestan,1966,0
East Turkestan,1967,0
East Turkestan,1968,0
East Turkestan,1969,0
East Turkestan,1970,0
East Turkestan,1971,0
East Turkestan,1972,0
East Turkestan,1973,0
East Turkestan,1974,0
East Turkestan,1975,0
East Turkestan,1976,0
East Turkestan,1977,0
East Turkestan,1978,0
East Turkestan,1979,0
East Turkestan,1980,0
East Turkestan,1981,0
East Turkestan,1982,0
East Turkestan,1983,0
East Turkestan,1984,0
East Turkestan,1985,0
East Turkestan,1986,0
East Turkestan,1987,0
East Turkestan,1988,0
East Turkestan,1989,0
East Turkestan,1990,0
East Turkestan,1991,0
East Turkestan,1992,0
East Turkestan,1993,0
East Turkestan,1994,0
East Turkestan,1995,0
East Turkestan,1996,0
East Turkestan,1997,0
East Turkestan,1998,0
East Turkestan,1999,0
East Turkestan,2000,0
East Turkestan,2001,0
East Turkestan,2002,0
East Turkestan,2003,0
East Turkestan,2004,0
East Turkestan,2005,0
East Turkestan,2006,0
East Turkestan,2007,0
East Turkestan,2008,0
East Turkestan,2009,0
East Turkestan,2010,0
East Turkestan,2011,0
East Turkestan,2012,0
East Turkestan,2013,0
East Turkestan,2014,0
East Turkestan,2015,0
East Turkestan,2016,0
East Turkestan,2017,0
East Turkestan,2018,0
East Turkestan,2019,8
East Turkestan,2020,8
East Turkestan,2021,8
East Turkestan,2022,8
East Turkestan,2023,8
East Turkestan,2024,8
East Turkestan,2025,15
East Turkestan,2026,15
Ecuador,1872,0
Ecuador,1873,0
Ecuador,1874,0
Ecuador,1875,0
Ecuador,1876,0
Ecuador,1877,0
Ecuador,1878,0
Ecuador,1879,0
Ecuador,1880,0
Ecuador,1881,0
Ecuador,1882,0
Ecuador,1883,0
Ecuador,1884,0
Ecuador,1885,0
Ecuador,1886,0
Ecuador,1887,0
Ecuador,1888,0
Ecuador,1889,0
Ecuador,1890,0
Ecuador,1891,0
Ecuador,1892,0
Ecuador,1893,0
Ecuador,1894,0
Ecuador,1895,0
Ecuador,1896,0
Ecuador,1897,0
Ecuador,1898,0
Ecuador,1899,0
Ecuador,1900,0
Ecuador,1901,0
Ecuador,1902,0
Ecuador,1903,0
Ecuador,1904,0
Ecuador,1905,0
Ecuador,1906,0
Ecuador,1907,0
Ecuador,1908,0
Ecuador,1909,0
Ecuador,1910,0
Ecuador,1911,0
Ecuador,1912,0
Ecuador,1913,0
Ecuador,1914,0
Ecuador,1915,0
Ecuador,1916,0
Ecuador,1917,0
Ecuador,1918,0
Ecuador,1919,0
Ecuador,1920,0
Ecuador,1921,0
Ecuador,1922,0
Ecuador,1923,0
Ecuador,1924,0
Ecuador,1925,0
Ecuador,1926,0
Ecuador,1927,0
Ecuador,1928,0
Ecuador,1929,0
Ecuador,1930,0
Ecuador,1931,0
Ecuador,1932,0
Ecuador,1933,0
Ecuador,1934,0
Ecuador,1935,0
Ecuador,1936,0
Ecuador,1937,0
Ecuador,1938,10
Ecuador,1939,14
Ecuador,1940,14
Ecuador,1941,15
Ecuador,1942,19
Ecuador,1943,19
Ecuador,1944,19
Ecuador,1945,28
Ecuador,1946,28
Ecuador,1947,31
Ecuador,1948,31
Ecuador,1949,38
Ecuador,1950,38
Ecuador,1951,38
Ecuador,1952,38
Ecuador,1953,39
Ecuador,1954,39
Ecuador,1955,43
Ecuador,1956,43
Ecuador,1957,50
Ecuador,1958,50
Ecuador,1959,56
Ecuador,1960,59
Ecuador,1961,59
Ecuador,1962,59
Ecuador,1963,73
Ecuador,1964,73
Ecuador,1965,80
Ecuador,1966,83
Ecuador,1967,83
Ecuador,1968,83
Ecuador,1969,89
Ecuador,1970,91
Ecuador,1971,91
Ecuador,1972,95
Ecuador,1973,105
Ecuador,1974,105
Ecuador,1975,116
Ecuador,1976,118
Ecuador,1977,127
Ecuador,1978,127
Ecuador,1979,136
Ecuador,1980,136
Ecuador,1981,139
Ecuador,1982,139
Ecuador,1983,143
Ecuador,1984,147
Ecuador,1985,162
Ecuador,1986,162
Ecuador,1987,168
Ecuador,1988,176
Ecuador,1989,188
Ecuador,1990,188
Ecuador,1991,200
Ecuador,1992,205
Ecuador,1993,231
Ecuador,1994,234
Ecuador,1995,246
Ecuador,1996,270
Ecuador,1997,295
Ecuador,1998,296
Ecuador,1999,310
Ecuador,2000,328
Ecuador,2001,346
Ecuador,2002,359
Ecuador,2003,371
Ecuador,2004,388
Ecuador,2005,412
Ecuador,2006,423
Ecuador,2007,450
Ecuador,2008,462
Ecuador,2009,473
Ecuador,2010,481
Ecuador,2011,507
Ecuador,2012,519
Ecuador,2013,539
Ecuador,2014,550
Ecuador,2015,571
Ecuador,2016,591
Ecuador,2017,605
Ecuador,2018,616
Ecuador,2019,629
Ecuador,2020,642
Ecuador,2021,663
Ecuador,2022,673
Ecuador,2023,685
Ecuador,2024,703
Ecuador,2025,710
Ecuador,2026,719
Egypt,1872,0
Egypt,1873,0
Egypt,1874,0
Egypt,1875,0
Egypt,1876,0
Egypt,1877,0
Egypt,1878,0
Egypt,1879,0
Egypt,1880,0
Egypt,1881,0
Egypt,1882,0
Egypt,1883,0
Egypt,1884,0
Egypt,1885,0
Egypt,1886,0
Egypt,1887,0
Egypt,1888,0
Egypt,1889,0
Egypt,1890,0
Egypt,1891,0
Egypt,1892,0
Egypt,1893,0
Egypt,1894,0
Egypt,1895,0
Egypt,1896,0
Egypt,1897,0
Egypt,1898,0
Egypt,1899,0
Egypt,1900,0
Egypt,1901,0
Egypt,1902,0
Egypt,1903,0
Egypt,1904,0
Egypt,1905,0
Egypt,1906,0
Egypt,1907,0
Egypt,1908,0
Egypt,1909,0
Egypt,1910,0
Egypt,1911,0
Egypt,1912,0
Egypt,1913,0
Egypt,1914,0
Egypt,1915,0
Egypt,1916,0
Egypt,1917,0
Egypt,1918,0
Egypt,1919,0
Egypt,1920,5
Egypt,1921,5
Egypt,1922,5
Egypt,1923,5
Egypt,1924,19
Egypt,1925,19
Egypt,1926,19
Egypt,1927,19
Egypt,1928,34
Egypt,1929,34
Egypt,1930,34
Egypt,1931,34
Egypt,1932,34
Egypt,1933,34
Egypt,1934,47
Egypt,1935,47
Egypt,1936,50
Egypt,1937,50
Egypt,1938,50
Egypt,1939,50
Egypt,1940,50
Egypt,1941,50
Egypt,1942,50
Egypt,1943,50
Egypt,1944,50
Egypt,1945,50
Egypt,1946,50
Egypt,1947,50
Egypt,1948,51
Egypt,1949,56
Egypt,1950,58
Egypt,1951,58
Egypt,1952,59
Egypt,1953,61
Egypt,1954,63
Egypt,1955,65
Egypt,1956,65
Egypt,1957,76
Egypt,1958,78
Egypt,1959,84
Egypt,1960,87
Egypt,1961,87
Egypt,1962,92
Egypt,1963,139
Egypt,1964,140
Egypt,1965,140
Egypt,1966,144
Egypt,1967,151
Egypt,1968,151
Egypt,1969,157
Egypt,1970,168
Egypt,1971,176
Egypt,1972,188
Egypt,1973,218
Egypt,1974,231
Egypt,1975,250
Egypt,1976,264
Egypt,1977,278
Egypt,1978,284
Egypt,1979,288
Egypt,1980,294
Egypt,1981,301
Egypt,1982,304
Egypt,1983,315
Egypt,1984,328
Egypt,1985,339
Egypt,1986,346
Egypt,1987,358
Egypt,1988,377
Egypt,1989,401
Egypt,1990,414
Egypt,1991,446
Egypt,1992,464
Egypt,1993,483
Egypt,1994,505
Egypt,1995,529
Egypt,1996,546
Egypt,1997,584
Egypt,1998,603
Egypt,1999,619
Egypt,2000,642
Egypt,2001,683
Egypt,2002,703
Egypt,2003,732
Egypt,2004,761
Egypt,2005,793
Egypt,2006,813
Egypt,2007,822
Egypt,2008,862
Egypt,2009,892
Egypt,2010,920
Egypt,2011,941
Egypt,2012,982
Egypt,2013,1018
Egypt,2014,1028
Egypt,2015,1042
Egypt,2016,1055
Egypt,2017,1070
Egypt,2018,1089
Egypt,2019,1102
Egypt,2020,1106
Egypt,2021,1133
Egypt,2022,1148
Egypt,2023,1171
Egypt,2024,1198
Egypt,2025,1213
Egypt,2026,1233
El Salvador,1872,0
El Salvador,1873,0
El Salvador,1874,0
El Salvador,1875,0
El Salvador,1876,0
El Salvador,1877,0
El Salvador,1878,0
El Salvador,1879,0
El Salvador,1880,0
El Salvador,1881,0
El Salvador,1882,0
El Salvador,1883,0
El Salvador,1884,0
El Salvador,1885,0
El Salvador,1886,0
El Salvador,1887,0
El Salvador,1888,0
El Salvador,1889,0
El Salvador,1890,0
El Salvador,1891,0
El Salvador,1892,0
El Salvador,1893,0
El Salvador,1894,0
El Salvador,1895,0
El Salvador,1896,0
El Salvador,1897,0
El Salvador,1898,0
El Salvador,1899,0
El Salvador,1900,0
El Salvador,1901,0
El Salvador,1902,0
El Salvador,1903,0
El Salvador,1904,0
El Salvador,1905,0
El Salvador,1906,0
El Salvador,1907,0
El Salvador,1908,0
El Salvador,1909,0
El Salvador,1910,0
El Salvador,1911,0
El Salvador,1912,0
El Salvador,1913,0
El Salvador,1914,0
El Salvador,1915,0
El Salvador,1916,0
El Salvador,1917,0
El Salvador,1918,0
El Salvador,1919,0
El Salvador,1920,0
El Salvador,1921,0
El Salvador,1922,0
El Salvador,1923,0
El Salvador,1924,0
El Salvador,1925,0
El Salvador,1926,0
El Salvador,1927,0
El Salvador,1928,5
El Salvador,1929,14
El Salvador,1930,27
El Salvador,1931,27
El Salvador,1932,27
El Salvador,1933,27
El Salvador,1934,27
El Salvador,1935,42
El Salvador,1936,42
El Salvador,1937,45
El Salvador,1938,52
El Salvador,1939,52
El Salvador,1940,52
El Salvador,1941,67
El Salvador,1942,67
El Salvador,1943,95
El Salvador,1944,95
El Salvador,1945,95
El Salvador,1946,115
El Salvador,1947,115
El Salvador,1948,121
El Salvador,1949,126
El Salvador,1950,130
El Salvador,1951,130
El Salvador,1952,130
El Salvador,1953,140
El Salvador,1954,140
El Salvador,1955,150
El Salvador,1956,150
El Salvador,1957,150
El Salvador,1958,150
El Salvador,1959,151
El Salvador,1960,151
El Salvador,1961,151
El Salvador,1962,151
El Salvador,1963,170
El Salvador,1964,170
El Salvador,1965,184
El Salvador,1966,184
El Salvador,1967,190
El Salvador,1968,207
El Salvador,1969,219
El Salvador,1970,219
El Salvador,1971,223
El Salvador,1972,223
El Salvador,1973,223
El Salvador,1974,223
El Salvador,1975,223
El Salvador,1976,234
El Salvador,1977,243
El Salvador,1978,244
El Salvador,1979,245
El Salvador,1980,262
El Salvador,1981,268
El Salvador,1982,273
El Salvador,1983,273
El Salvador,1984,289
El Salvador,1985,298
El Salvador,1986,298
El Salvador,1987,303
El Salvador,1988,311
El Salvador,1989,315
El Salvador,1990,315
El Salvador,1991,321
El Salvador,1992,352
El Salvador,1993,364
El Salvador,1994,367
El Salvador,1995,375
El Salvador,1996,398
El Salvador,1997,414
El Salvador,1998,417
El Salvador,1999,426
El Salvador,2000,458
El Salvador,2001,468
El Salvador,2002,469
El Salvador,2003,482
El Salvador,2004,492
El Salvador,2005,493
El Salvador,2006,494
El Salvador,2007,505
El Salvador,2008,541
El Salvador,2009,562
El Salvador,2010,567
El Salvador,2011,610
El Salvador,2012,623
El Salvador,2013,630
El Salvador,2014,635
El Salvador,2015,645
El Salvador,2016,650
El Salvador,2017,663
El Salvador,2018,670
El Salvador,2019,689
El Salvador,2020,689
El Salvador,2021,719
El Salvador,2022,730
El Salvador,2023,738
El Salvador,2024,756
El Salvador,2025,763
El Salvador,2026,766
Elba Island,1872,0
Elba Island,1873,0
Elba Island,1874,0
Elba Island,1875,0
Elba Island,1876,0
Elba Island,1877,0
Elba Island,1878,0
Elba Island,1879,0
Elba Island,1880,0
Elba Island,1881,0
Elba Island,1882,0
Elba Island,1883,0
Elba Island,1884,0
Elba Island,1885,0
Elba Island,1886,0
Elba Island,1887,0
Elba Island,1888,0
Elba Island,1889,0
Elba Island,1890,0
Elba Island,1891,0
Elba Island,1892,0
Elba Island,1893,0
Elba Island,1894,0
Elba Island,1895,0
Elba Island,1896,0
Elba Island,1897,0
Elba Island,1898,0
Elba Island,1899,0
Elba Island,1900,0
Elba Island,1901,0
Elba Island,1902,0
Elba Island,1903,0
Elba Island,1904,0
Elba Island,1905,0
Elba Island,1906,0
Elba Island,1907,0
Elba Island,1908,0
Elba Island,1909,0
Elba Island,1910,0
Elba Island,1911,0
Elba Island,1912,0
Elba Island,1913,0
Elba Island,1914,0
Elba Island,1915,0
Elba Island,1916,0
Elba Island,1917,0
Elba Island,1918,0
Elba Island,1919,0
Elba Island,1920,0
Elba Island,1921,0
Elba Island,1922,0
Elba Island,1923,0
Elba Island,1924,0
Elba Island,1925,0
Elba Island,1926,0
Elba Island,1927,0
Elba Island,1928,0
Elba Island,1929,0
Elba Island,1930,0
Elba Island,1931,0
Elba Island,1932,0
Elba Island,1933,0
Elba Island,1934,0
Elba Island,1935,0
Elba Island,1936,0
Elba Island,1937,0
Elba Island,1938,0
Elba Island,1939,0
Elba Island,1940,0
Elba Island,1941,0
Elba Island,1942,0
Elba Island,1943,0
Elba Island,1944,0
Elba Island,1945,0
Elba Island,1946,0
Elba Island,1947,0
Elba Island,1948,0
Elba Island,1949,0
Elba Island,1950,0
Elba Island,1951,0
Elba Island,1952,0
Elba Island,1953,0
Elba Island,1954,0
Elba Island,1955,0
Elba Island,1956,0
Elba Island,1957,0
Elba Island,1958,0
Elba Island,1959,0
Elba Island,1960,0
Elba Island,1961,0
Elba Island,1962,0
Elba Island,1963,0
Elba Island,1964,0
Elba Island,1965,0
Elba Island,1966,0
Elba Island,1967,0
Elba Island,1968,0
Elba Island,1969,0
Elba Island,1970,0
Elba Island,1971,0
Elba Island,1972,0
Elba Island,1973,0
Elba Island,1974,0
Elba Island,1975,0
Elba Island,1976,0
Elba Island,1977,0
Elba Island,1978,0
Elba Island,1979,0
Elba Island,1980,0
Elba Island,1981,0
Elba Island,1982,0
Elba Island,1983,0
Elba Island,1984,0
Elba Island,1985,0
Elba Island,1986,0
Elba Island,1987,0
Elba Island,1988,0
Elba Island,1989,0
Elba Island,1990,0
Elba Island,1991,0
Elba Island,1992,0
Elba Island,1993,0
Elba Island,1994,0
Elba Island,1995,0
Elba Island,1996,0
Elba Island,1997,0
Elba Island,1998,0
Elba Island,1999,0
Elba Island,2000,0
Elba Island,2001,0
Elba Island,2002,0
Elba Island,2003,0
Elba Island,2004,0
Elba Island,2005,0
Elba Island,2006,0
Elba Island,2007,0
Elba Island,2008,0
Elba Island,2009,0
Elba Island,2010,0
Elba Island,2011,0
Elba Island,2012,0
Elba Island,2013,0
Elba Island,2014,0
Elba Island,2015,0
Elba Island,2016,0
Elba Island,2017,0
Elba Island,2018,0
Elba Island,2019,0
Elba Island,2020,0
Elba Island,2021,0
Elba Island,2022,9
Elba Island,2023,9
Elba Island,2024,9
Elba Island,2025,9
Elba Island,2026,9
Ellan Vannin,1872,0
Ellan Vannin,1873,0
Ellan Vannin,1874,0
Ellan Vannin,1875,0
Ellan Vannin,1876,0
Ellan Vannin,1877,0
Ellan Vannin,1878,0
Ellan Vannin,1879,0
Ellan Vannin,1880,0
Ellan Vannin,1881,0
Ellan Vannin,1882,0
Ellan Vannin,1883,0
Ellan Vannin,1884,0
Ellan Vannin,1885,0
Ellan Vannin,1886,0
Ellan Vannin,1887,0
Ellan Vannin,1888,0
Ellan Vannin,1889,0
Ellan Vannin,1890,0
Ellan Vannin,1891,0
Ellan Vannin,1892,0
Ellan Vannin,1893,0
Ellan Vannin,1894,0
Ellan Vannin,1895,0
Ellan Vannin,1896,0
Ellan Vannin,1897,0
Ellan Vannin,1898,0
Ellan Vannin,1899,0
Ellan Vannin,1900,0
Ellan Vannin,1901,0
Ellan Vannin,1902,0
Ellan Vannin,1903,0
Ellan Vannin,1904,0
Ellan Vannin,1905,0
Ellan Vannin,1906,0
Ellan Vannin,1907,0
Ellan Vannin,1908,0
Ellan Vannin,1909,0
Ellan Vannin,1910,0
Ellan Vannin,1911,0
Ellan Vannin,1912,0
Ellan Vannin,1913,0
Ellan Vannin,1914,0
Ellan Vannin,1915,0
Ellan Vannin,1916,0
Ellan Vannin,1917,0
Ellan Vannin,1918,0
Ellan Vannin,1919,0
Ellan Vannin,1920,0
Ellan Vannin,1921,0
Ellan Vannin,1922,0
Ellan Vannin,1923,0
Ellan Vannin,1924,0
Ellan Vannin,1925,0
Ellan Vannin,1926,0
Ellan Vannin,1927,0
Ellan Vannin,1928,0
Ellan Vannin,1929,0
Ellan Vannin,1930,0
Ellan Vannin,1931,0
Ellan Vannin,1932,0
Ellan Vannin,1933,0
Ellan Vannin,1934,0
Ellan Vannin,1935,0
Ellan Vannin,1936,0
Ellan Vannin,1937,0
Ellan Vannin,1938,0
Ellan Vannin,1939,0
Ellan Vannin,1940,0
Ellan Vannin,1941,0
Ellan Vannin,1942,0
Ellan Vannin,1943,0
Ellan Vannin,1944,0
Ellan Vannin,1945,0
Ellan Vannin,1946,0
Ellan Vannin,1947,0
Ellan Vannin,1948,0
Ellan Vannin,1949,0
Ellan Vannin,1950,0
Ellan Vannin,1951,0
Ellan Vannin,1952,0
Ellan Vannin,1953,0
Ellan Vannin,1954,0
Ellan Vannin,1955,0
Ellan Vannin,1956,0
Ellan Vannin,1957,0
Ellan Vannin,1958,0
Ellan Vannin,1959,0
Ellan Vannin,1960,0
Ellan Vannin,1961,0
Ellan Vannin,1962,0
Ellan Vannin,1963,0
Ellan Vannin,1964,0
Ellan Vannin,1965,0
Ellan Vannin,1966,0
Ellan Vannin,1967,0
Ellan Vannin,1968,0
Ellan Vannin,1969,0
Ellan Vannin,1970,0
Ellan Vannin,1971,0
Ellan Vannin,1972,0
Ellan Vannin,1973,0
Ellan Vannin,1974,0
Ellan Vannin,1975,0
Ellan Vannin,1976,0
Ellan Vannin,1977,0
Ellan Vannin,1978,0
Ellan Vannin,1979,0
Ellan Vannin,1980,0
Ellan Vannin,1981,0
Ellan Vannin,1982,0
Ellan Vannin,1983,0
Ellan Vannin,1984,0
Ellan Vannin,1985,0
Ellan Vannin,1986,0
Ellan Vannin,1987,0
Ellan Vannin,1988,0
Ellan Vannin,1989,0
Ellan Vannin,1990,0
Ellan Vannin,1991,0
Ellan Vannin,1992,0
Ellan Vannin,1993,0
Ellan Vannin,1994,0
Ellan Vannin,1995,0
Ellan Vannin,1996,0
Ellan Vannin,1997,0
Ellan Vannin,1998,0
Ellan Vannin,1999,0
Ellan Vannin,2000,0
Ellan Vannin,2001,0
Ellan Vannin,2002,0
Ellan Vannin,2003,0
Ellan Vannin,2004,0
Ellan Vannin,2005,0
Ellan Vannin,2006,0
Ellan Vannin,2007,0
Ellan Vannin,2008,0
Ellan Vannin,2009,0
Ellan Vannin,2010,0
Ellan Vannin,2011,0
Ellan Vannin,2012,0
Ellan Vannin,2013,0
Ellan Vannin,2014,23
Ellan Vannin,2015,39
Ellan Vannin,2016,39
Ellan Vannin,2017,45
Ellan Vannin,2018,54
Ellan Vannin,2019,54
Ellan Vannin,2020,54
Ellan Vannin,2021,54
Ellan Vannin,2022,54
Ellan Vannin,2023,54
Ellan Vannin,2024,54
Ellan Vannin,2025,54
Ellan Vannin,2026,54
England,1872,0
England,1873,4
England,1874,5
England,1875,7
England,1876,7
England,1877,8
England,1878,10
England,1879,17
England,1880,24
England,1881,25
England,1882,42
England,1883,56
England,1884,68
England,1885,74
England,1886,84
England,1887,97
England,1888,112
England,1889,124
England,1890,137
England,1891,149
England,1892,157
England,1893,174
England,1894,183
England,1895,196
England,1896,208
England,1897,219
England,1898,228
England,1899,247
England,1900,251
England,1901,262
England,1902,265
England,1903,272
England,1904,278
England,1905,283
England,1906,290
England,1907,293
England,1908,332
England,1909,360
England,1910,362
England,1911,368
England,1912,377
England,1913,383
England,1914,386
England,1915,386
England,1916,386
England,1917,386
England,1918,386
England,1919,387
England,1920,395
England,1921,398
England,1922,401
England,1923,425
England,1924,437
England,1925,442
England,1926,451
England,1927,477
England,1928,491
England,1929,512
England,1930,529
England,1931,551
England,1932,559
England,1933,573
England,1934,585
England,1935,594
England,1936,609
England,1937,640
England,1938,664
England,1939,671
England,1940,671
England,1941,671
England,1942,671
England,1943,671
England,1944,671
England,1945,675
England,1946,703
England,1947,731
England,1948,750
England,1949,774
England,1950,796
England,1951,812
England,1952,833
England,1953,855
England,1954,876
England,1955,898
England,1956,923
England,1957,945
England,1958,966
England,1959,984
England,1960,1011
England,1961,1041
England,1962,1064
England,1963,1094
England,1964,1124
England,1965,1137
England,1966,1175
England,1967,1187
England,1968,1197
England,1969,1221
England,1970,1241
England,1971,1260
England,1972,1267
England,1973,1290
England,1974,1302
England,1975,1321
England,1976,1339
England,1977,1352
England,1978,1369
England,1979,1392
England,1980,1415
England,1981,1422
England,1982,1456
England,1983,1471
England,1984,1489
England,1985,1508
England,1986,1533
England,1987,1553
England,1988,1562
England,1989,1579
England,1990,1599
England,1991,1618
England,1992,1634
England,1993,1657
England,1994,1667
England,1995,1677
England,1996,1699
England,1997,1716
England,1998,1734
England,1999,1749
England,2000,1760
England,2001,1784
England,2002,1804
England,2003,1824
England,2004,1852
England,2005,1871
England,2006,1899
England,2007,1920
England,2008,1945
England,2009,1973
England,2010,1994
England,2011,2009
England,2012,2034
England,2013,2061
England,2014,2084
England,2015,2107
England,2016,2128
England,2017,2142
England,2018,2170
England,2019,2208
England,2020,2221
England,2021,2273
England,2022,2295
England,2023,2321
England,2024,2350
England,2025,2376
England,2026,2401
Equatorial Guinea,1872,0
Equatorial Guinea,1873,0
Equatorial Guinea,1874,0
Equatorial Guinea,1875,0
Equatorial Guinea,1876,0
Equatorial Guinea,1877,0
Equatorial Guinea,1878,0
Equatorial Guinea,1879,0
Equatorial Guinea,1880,0
Equatorial Guinea,1881,0
Equatorial Guinea,1882,0
Equatorial Guinea,1883,0
Equatorial Guinea,1884,0
Equatorial Guinea,1885,0
Equatorial Guinea,1886,0
Equatorial Guinea,1887,0
Equatorial Guinea,1888,0
Equatorial Guinea,1889,0
Equatorial Guinea,1890,0
Equatorial Guinea,1891,0
Equatorial Guinea,1892,0
Equatorial Guinea,1893,0
Equatorial Guinea,1894,0
Equatorial Guinea,1895,0
Equatorial Guinea,1896,0
Equatorial Guinea,1897,0
Equatorial Guinea,1898,0
Equatorial Guinea,1899,0
Equatorial Guinea,1900,0
Equatorial Guinea,1901,0
Equatorial Guinea,1902,0
Equatorial Guinea,1903,0
Equatorial Guinea,1904,0
Equatorial Guinea,1905,0
Equatorial Guinea,1906,0
Equatorial Guinea,1907,0
Equatorial Guinea,1908,0
Equatorial Guinea,1909,0
Equatorial Guinea,1910,0
Equatorial Guinea,1911,0
Equatorial Guinea,1912,0
Equatorial Guinea,1913,0
Equatorial Guinea,1914,0
Equatorial Guinea,1915,0
Equatorial Guinea,1916,0
Equatorial Guinea,1917,0
Equatorial Guinea,1918,0
Equatorial Guinea,1919,0
Equatorial Guinea,1920,0
Equatorial Guinea,1921,0
Equatorial Guinea,1922,0
Equatorial Guinea,1923,0
Equatorial Guinea,1924,0
Equatorial Guinea,1925,0
Equatorial Guinea,1926,0
Equatorial Guinea,1927,0
Equatorial Guinea,1928,0
Equatorial Guinea,1929,0
Equatorial Guinea,1930,0
Equatorial Guinea,1931,0
Equatorial Guinea,1932,0
Equatorial Guinea,1933,0
Equatorial Guinea,1934,0
Equatorial Guinea,1935,0
Equatorial Guinea,1936,0
Equatorial Guinea,1937,0
Equatorial Guinea,1938,0
Equatorial Guinea,1939,0
Equatorial Guinea,1940,0
Equatorial Guinea,1941,0
Equatorial Guinea,1942,0
Equatorial Guinea,1943,0
Equatorial Guinea,1944,0
Equatorial Guinea,1945,0
Equatorial Guinea,1946,0
Equatorial Guinea,1947,0
Equatorial Guinea,1948,0
Equatorial Guinea,1949,0
Equatorial Guinea,1950,0
Equatorial Guinea,1951,0
Equatorial Guinea,1952,0
Equatorial Guinea,1953,0
Equatorial Guinea,1954,0
Equatorial Guinea,1955,0
Equatorial Guinea,1956,0
Equatorial Guinea,1957,0
Equatorial Guinea,1958,0
Equatorial Guinea,1959,0
Equatorial Guinea,1960,0
Equatorial Guinea,1961,0
Equatorial Guinea,1962,0
Equatorial Guinea,1963,0
Equatorial Guinea,1964,0
Equatorial Guinea,1965,0
Equatorial Guinea,1966,0
Equatorial Guinea,1967,0
Equatorial Guinea,1968,0
Equatorial Guinea,1969,0
Equatorial Guinea,1970,0
Equatorial Guinea,1971,0
Equatorial Guinea,1972,0
Equatorial Guinea,1973,0
Equatorial Guinea,1974,0
Equatorial Guinea,1975,2
Equatorial Guinea,1976,2
Equatorial Guinea,1977,2
Equatorial Guinea,1978,2
Equatorial Guinea,1979,2
Equatorial Guinea,1980,2
Equatorial Guinea,1981,3
Equatorial Guinea,1982,3
Equatorial Guinea,1983,3
Equatorial Guinea,1984,5
Equatorial Guinea,1985,6
Equatorial Guinea,1986,6
Equatorial Guinea,1987,6
Equatorial Guinea,1988,8
Equatorial Guinea,1989,8
Equatorial Guinea,1990,11
Equatorial Guinea,1991,11
Equatorial Guinea,1992,11
Equatorial Guinea,1993,11
Equatorial Guinea,1994,11
Equatorial Guinea,1995,11
Equatorial Guinea,1996,11
Equatorial Guinea,1997,11
Equatorial Guinea,1998,11
Equatorial Guinea,1999,16
Equatorial Guinea,2000,19
Equatorial Guinea,2001,19
Equatorial Guinea,2002,20
Equatorial Guinea,2003,27
Equatorial Guinea,2004,27
Equatorial Guinea,2005,27
Equatorial Guinea,2006,31
Equatorial Guinea,2007,36
Equatorial Guinea,2008,40
Equatorial Guinea,2009,40
Equatorial Guinea,2010,41
Equatorial Guinea,2011,51
Equatorial Guinea,2012,60
Equatorial Guinea,2013,65
Equatorial Guinea,2014,68
Equatorial Guinea,2015,77
Equatorial Guinea,2016,83
Equatorial Guinea,2017,87
Equatorial Guinea,2018,88
Equatorial Guinea,2019,99
Equatorial Guinea,2020,103
Equatorial Guinea,2021,111
Equatorial Guinea,2022,118
Equatorial Guinea,2023,125
Equatorial Guinea,2024,143
Equatorial Guinea,2025,154
Equatorial Guinea,2026,156
Eritrea,1872,0
Eritrea,1873,0
Eritrea,1874,0
Eritrea,1875,0
Eritrea,1876,0
Eritrea,1877,0
Eritrea,1878,0
Eritrea,1879,0
Eritrea,1880,0
Eritrea,1881,0
Eritrea,1882,0
Eritrea,1883,0
Eritrea,1884,0
Eritrea,1885,0
Eritrea,1886,0
Eritrea,1887,0
Eritrea,1888,0
Eritrea,1889,0
Eritrea,1890,0
Eritrea,1891,0
Eritrea,1892,0
Eritrea,1893,0
Eritrea,1894,0
Eritrea,1895,0
Eritrea,1896,0
Eritrea,1897,0
Eritrea,1898,0
Eritrea,1899,0
Eritrea,1900,0
Eritrea,1901,0
Eritrea,1902,0
Eritrea,1903,0
Eritrea,1904,0
Eritrea,1905,0
Eritrea,1906,0
Eritrea,1907,0
Eritrea,1908,0
Eritrea,1909,0
Eritrea,1910,0
Eritrea,1911,0
Eritrea,1912,0
Eritrea,1913,0
Eritrea,1914,0
Eritrea,1915,0
Eritrea,1916,0
Eritrea,1917,0
Eritrea,1918,0
Eritrea,1919,0
Eritrea,1920,0
Eritrea,1921,0
Eritrea,1922,0
Eritrea,1923,0
Eritrea,1924,0
Eritrea,1925,0
Eritrea,1926,0
Eritrea,1927,0
Eritrea,1928,0
Eritrea,1929,0
Eritrea,1930,0
Eritrea,1931,0
Eritrea,1932,0
Eritrea,1933,0
Eritrea,1934,0
Eritrea,1935,0
Eritrea,1936,0
Eritrea,1937,0
Eritrea,1938,0
Eritrea,1939,0
Eritrea,1940,0
Eritrea,1941,0
Eritrea,1942,0
Eritrea,1943,0
Eritrea,1944,0
Eritrea,1945,0
Eritrea,1946,0
Eritrea,1947,0
Eritrea,1948,0
Eritrea,1949,0
Eritrea,1950,0
Eritrea,1951,0
Eritrea,1952,0
Eritrea,1953,0
Eritrea,1954,0
Eritrea,1955,0
Eritrea,1956,0
Eritrea,1957,0
Eritrea,1958,0
Eritrea,1959,0
Eritrea,1960,0
Eritrea,1961,0
Eritrea,1962,0
Eritrea,1963,0
Eritrea,1964,0
Eritrea,1965,0
Eritrea,1966,0
Eritrea,1967,0
Eritrea,1968,0
Eritrea,1969,0
Eritrea,1970,0
Eritrea,1971,0
Eritrea,1972,0
Eritrea,1973,0
Eritrea,1974,0
Eritrea,1975,0
Eritrea,1976,0
Eritrea,1977,0
Eritrea,1978,0
Eritrea,1979,0
Eritrea,1980,0
Eritrea,1981,0
Eritrea,1982,0
Eritrea,1983,0
Eritrea,1984,0
Eritrea,1985,0
Eritrea,1986,0
Eritrea,1987,0
Eritrea,1988,0
Eritrea,1989,0
Eritrea,1990,0
Eritrea,1991,0
Eritrea,1992,2
Eritrea,1993,2
Eritrea,1994,2
Eritrea,1995,2
Eritrea,1996,2
Eritrea,1997,2
Eritrea,1998,3
Eritrea,1999,6
Eritrea,2000,10
Eritrea,2001,11
Eritrea,2002,16
Eritrea,2003,20
Eritrea,2004,20
Eritrea,2005,22
Eritrea,2006,24
Eritrea,2007,38
Eritrea,2008,38
Eritrea,2009,42
Eritrea,2010,42
Eritrea,2011,44
Eritrea,2012,46
Eritrea,2013,46
Eritrea,2014,46
Eritrea,2015,47
Eritrea,2016,47
Eritrea,2017,47
Eritrea,2018,47
Eritrea,2019,48
Eritrea,2020,48
Eritrea,2021,48
Eritrea,2022,48
Eritrea,2023,48
Eritrea,2024,48
Eritrea,2025,48
Eritrea,2026,48
Estonia,1872,0
Estonia,1873,0
Estonia,1874,0
Estonia,1875,0
Estonia,1876,0
Estonia,1877,0
Estonia,1878,0
Estonia,1879,0
Estonia,1880,0
Estonia,1881,0
Estonia,1882,0
Estonia,1883,0
Estonia,1884,0
Estonia,1885,0
Estonia,1886,0
Estonia,1887,0
Estonia,1888,0
Estonia,1889,0
Estonia,1890,0
Estonia,1891,0
Estonia,1892,0
Estonia,1893,0
Estonia,1894,0
Estonia,1895,0
Estonia,1896,0
Estonia,1897,0
Estonia,1898,0
Estonia,1899,0
Estonia,1900,0
Estonia,1901,0
Estonia,1902,0
Estonia,1903,0
Estonia,1904,0
Estonia,1905,0
Estonia,1906,0
Estonia,1907,0
Estonia,1908,0
Estonia,1909,0
Estonia,1910,0
Estonia,1911,0
Estonia,1912,0
Estonia,1913,0
Estonia,1914,0
Estonia,1915,0
Estonia,1916,0
Estonia,1917,0
Estonia,1918,0
Estonia,1919,0
Estonia,1920,0
Estonia,1921,0
Estonia,1922,3
Estonia,1923,14
Estonia,1924,18
Estonia,1925,23
Estonia,1926,29
Estonia,1927,42
Estonia,1928,51
Estonia,1929,65
Estonia,1930,74
Estonia,1931,87
Estonia,1932,92
Estonia,1933,105
Estonia,1934,109
Estonia,1935,119
Estonia,1936,127
Estonia,1937,141
Estonia,1938,150
Estonia,1939,155
Estonia,1940,160
Estonia,1941,160
Estonia,1942,161
Estonia,1943,161
Estonia,1944,161
Estonia,1945,165
Estonia,1946,165
Estonia,1947,165
Estonia,1948,167
Estonia,1949,169
Estonia,1950,169
Estonia,1951,169
Estonia,1952,169
Estonia,1953,169
Estonia,1954,169
Estonia,1955,169
Estonia,1956,169
Estonia,1957,169
Estonia,1958,169
Estonia,1959,169
Estonia,1960,169
Estonia,1961,169
Estonia,1962,169
Estonia,1963,169
Estonia,1964,169
Estonia,1965,169
Estonia,1966,169
Estonia,1967,169
Estonia,1968,169
Estonia,1969,169
Estonia,1970,169
Estonia,1971,169
Estonia,1972,169
Estonia,1973,169
Estonia,1974,169
Estonia,1975,169
Estonia,1976,169
Estonia,1977,169
Estonia,1978,169
Estonia,1979,169
Estonia,1980,169
Estonia,1981,169
Estonia,1982,169
Estonia,1983,169
Estonia,1984,169
Estonia,1985,169
Estonia,1986,169
Estonia,1987,169
Estonia,1988,169
Estonia,1989,169
Estonia,1990,169
Estonia,1991,170
Estonia,1992,173
Estonia,1993,178
Estonia,1994,179
Estonia,1995,183
Estonia,1996,200
Estonia,1997,213
Estonia,1998,229
Estonia,1999,250
Estonia,2000,264
Estonia,2001,279
Estonia,2002,291
Estonia,2003,303
Estonia,2004,321
Estonia,2005,334
Estonia,2006,338
Estonia,2007,343
Estonia,2008,357
Estonia,2009,368
Estonia,2010,381
Estonia,2011,394
Estonia,2012,404
Estonia,2013,417
Estonia,2014,425
Estonia,2015,437
Estonia,2016,448
Estonia,2017,468
Estonia,2018,476
Estonia,2019,481
Estonia,2020,487
Estonia,2021,500
Estonia,2022,513
Estonia,2023,518
Estonia,2024,529
Estonia,2025,541
Estonia,2026,544
Eswatini,1872,0
Eswatini,1873,0
Eswatini,1874,0
Eswatini,1875,0
Eswatini,1876,0
Eswatini,1877,0
Eswatini,1878,0
Eswatini,1879,0
Eswatini,1880,0
Eswatini,1881,0
Eswatini,1882,0
Eswatini,1883,0
Eswatini,1884,0
Eswatini,1885,0
Eswatini,1886,0
Eswatini,1887,0
Eswatini,1888,0
Eswatini,1889,0
Eswatini,1890,0
Eswatini,1891,0
Eswatini,1892,0
Eswatini,1893,0
Eswatini,1894,0
Eswatini,1895,0
Eswatini,1896,0
Eswatini,1897,0
Eswatini,1898,0
Eswatini,1899,0
Eswatini,1900,0
Eswatini,1901,0
Eswatini,1902,0
Eswatini,1903,0
Eswatini,1904,0
Eswatini,1905,0
Eswatini,1906,0
Eswatini,1907,0
Eswatini,1908,0
Eswatini,1909,0
Eswatini,1910,0
Eswatini,1911,0
Eswatini,1912,0
Eswatini,1913,0
Eswatini,1914,0
Eswatini,1915,0
Eswatini,1916,0
Eswatini,1917,0
Eswatini,1918,0
Eswatini,1919,0
Eswatini,1920,0
Eswatini,1921,0
Eswatini,1922,0
Eswatini,1923,0
Eswatini,1924,0
Eswatini,1925,0
Eswatini,1926,0
Eswatini,1927,0
Eswatini,1928,0
Eswatini,1929,0
Eswatini,1930,0
Eswatini,1931,0
Eswatini,1932,0
Eswatini,1933,0
Eswatini,1934,0
Eswatini,1935,0
Eswatini,1936,0
Eswatini,1937,0
Eswatini,1938,0
Eswatini,1939,0
Eswatini,1940,0
Eswatini,1941,0
Eswatini,1942,0
Eswatini,1943,0
Eswatini,1944,0
Eswatini,1945,0
Eswatini,1946,0
Eswatini,1947,0
Eswatini,1948,0
Eswatini,1949,0
Eswatini,1950,0
Eswatini,1951,0
Eswatini,1952,0
Eswatini,1953,0
Eswatini,1954,0
Eswatini,1955,0
Eswatini,1956,0
Eswatini,1957,0
Eswatini,1958,0
Eswatini,1959,0
Eswatini,1960,0
Eswatini,1961,0
Eswatini,1962,0
Eswatini,1963,0
Eswatini,1964,0
Eswatini,1965,0
Eswatini,1966,0
Eswatini,1967,0
Eswatini,1968,4
Eswatini,1969,4
Eswatini,1970,4
Eswatini,1971,4
Eswatini,1972,4
Eswatini,1973,4
Eswatini,1974,4
Eswatini,1975,4
Eswatini,1976,4
Eswatini,1977,4
Eswatini,1978,9
Eswatini,1979,9
Eswatini,1980,9
Eswatini,1981,11
Eswatini,1982,11
Eswatini,1983,11
Eswatini,1984,15
Eswatini,1985,15
Eswatini,1986,15
Eswatini,1987,15
Eswatini,1988,17
Eswatini,1989,18
Eswatini,1990,28
Eswatini,1991,33
Eswatini,1992,35
Eswatini,1993,38
Eswatini,1994,38
Eswatini,1995,38
Eswatini,1996,38
Eswatini,1997,41
Eswatini,1998,44
Eswatini,1999,59
Eswatini,2000,64
Eswatini,2001,75
Eswatini,2002,87
Eswatini,2003,100
Eswatini,2004,104
Eswatini,2005,108
Eswatini,2006,116
Eswatini,2007,118
Eswatini,2008,127
Eswatini,2009,136
Eswatini,2010,138
Eswatini,2011,143
Eswatini,2012,145
Eswatini,2013,145
Eswatini,2014,148
Eswatini,2015,166
Eswatini,2016,177
Eswatini,2017,178
Eswatini,2018,181
Eswatini,2019,187
Eswatini,2020,187
Eswatini,2021,198
Eswatini,2022,214
Eswatini,2023,218
Eswatini,2024,226
Eswatini,2025,231
Eswatini,2026,231
Ethiopia,1872,0
Ethiopia,1873,0
Ethiopia,1874,0
Ethiopia,1875,0
Ethiopia,1876,0
Ethiopia,1877,0
Ethiopia,1878,0
Ethiopia,1879,0
Ethiopia,1880,0
Ethiopia,1881,0
Ethiopia,1882,0
Ethiopia,1883,0
Ethiopia,1884,0
Ethiopia,1885,0
Ethiopia,1886,0
Ethiopia,1887,0
Ethiopia,1888,0
Ethiopia,1889,0
Ethiopia,1890,0
Ethiopia,1891,0
Ethiopia,1892,0
Ethiopia,1893,0
Ethiopia,1894,0
Ethiopia,1895,0
Ethiopia,1896,0
Ethiopia,1897,0
Ethiopia,1898,0
Ethiopia,1899,0
Ethiopia,1900,0
Ethiopia,1901,0
Ethiopia,1902,0
Ethiopia,1903,0
Ethiopia,1904,0
Ethiopia,1905,0
Ethiopia,1906,0
Ethiopia,1907,0
Ethiopia,1908,0
Ethiopia,1909,0
Ethiopia,1910,0
Ethiopia,1911,0
Ethiopia,1912,0
Ethiopia,1913,0
Ethiopia,1914,0
Ethiopia,1915,0
Ethiopia,1916,0
Ethiopia,1917,0
Ethiopia,1918,0
Ethiopia,1919,0
Ethiopia,1920,0
Ethiopia,1921,0
Ethiopia,1922,0
Ethiopia,1923,0
Ethiopia,1924,0
Ethiopia,1925,0
Ethiopia,1926,0
Ethiopia,1927,0
Ethiopia,1928,0
Ethiopia,1929,0
Ethiopia,1930,0
Ethiopia,1931,0
Ethiopia,1932,0
Ethiopia,1933,0
Ethiopia,1934,0
Ethiopia,1935,0
Ethiopia,1936,0
Ethiopia,1937,0
Ethiopia,1938,0
Ethiopia,1939,0
Ethiopia,1940,0
Ethiopia,1941,0
Ethiopia,1942,0
Ethiopia,1943,0
Ethiopia,1944,0
Ethiopia,1945,0
Ethiopia,1946,0
Ethiopia,1947,5
Ethiopia,1948,7
Ethiopia,1949,13
Ethiopia,1950,13
Ethiopia,1951,13
Ethiopia,1952,13
Ethiopia,1953,13
Ethiopia,1954,27
Ethiopia,1955,27
Ethiopia,1956,29
Ethiopia,1957,29
Ethiopia,1958,29
Ethiopia,1959,29
Ethiopia,1960,29
Ethiopia,1961,35
Ethiopia,1962,53
Ethiopia,1963,78
Ethiopia,1964,81
Ethiopia,1965,88
Ethiopia,1966,94
Ethiopia,1967,109
Ethiopia,1968,123
Ethiopia,1969,150
Ethiopia,1970,154
Ethiopia,1971,155
Ethiopia,1972,159
Ethiopia,1973,163
Ethiopia,1974,163
Ethiopia,1975,164
Ethiopia,1976,173
Ethiopia,1977,178
Ethiopia,1978,178
Ethiopia,1979,180
Ethiopia,1980,183
Ethiopia,1981,191
Ethiopia,1982,193
Ethiopia,1983,218
Ethiopia,1984,228
Ethiopia,1985,228
Ethiopia,1986,240
Ethiopia,1987,246
Ethiopia,1988,249
Ethiopia,1989,255
Ethiopia,1990,255
Ethiopia,1991,255
Ethiopia,1992,274
Ethiopia,1993,278
Ethiopia,1994,279
Ethiopia,1995,291
Ethiopia,1996,296
Ethiopia,1997,298
Ethiopia,1998,298
Ethiopia,1999,302
Ethiopia,2000,317
Ethiopia,2001,328
Ethiopia,2002,334
Ethiopia,2003,338
Ethiopia,2004,350
Ethiopia,2005,373
Ethiopia,2006,385
Ethiopia,2007,390
Ethiopia,2008,390
Ethiopia,2009,395
Ethiopia,2010,406
Ethiopia,2011,421
Ethiopia,2012,433
Ethiopia,2013,450
Ethiopia,2014,458
Ethiopia,2015,477
Ethiopia,2016,485
Ethiopia,2017,490
Ethiopia,2018,491
Ethiopia,2019,494
Ethiopia,2020,499
Ethiopia,2021,517
Ethiopia,2022,527
Ethiopia,2023,532
Ethiopia,2024,539
Ethiopia,2025,547
Ethiopia,2026,549
Falkland Islands,1872,0
Falkland Islands,1873,0
Falkland Islands,1874,0
Falkland Islands,1875,0
Falkland Islands,1876,0
Falkland Islands,1877,0
Falkland Islands,1878,0
Falkland Islands,1879,0
Falkland Islands,1880,0
Falkland Islands,1881,0
Falkland Islands,1882,0
Falkland Islands,1883,0
Falkland Islands,1884,0
Falkland Islands,1885,0
Falkland Islands,1886,0
Falkland Islands,1887,0
Falkland Islands,1888,0
Falkland Islands,1889,0
Falkland Islands,1890,0
Falkland Islands,1891,0
Falkland Islands,1892,0
Falkland Islands,1893,0
Falkland Islands,1894,0
Falkland Islands,1895,0
Falkland Islands,1896,0
Falkland Islands,1897,0
Falkland Islands,1898,0
Falkland Islands,1899,0
Falkland Islands,1900,0
Falkland Islands,1901,0
Falkland Islands,1902,0
Falkland Islands,1903,0
Falkland Islands,1904,0
Falkland Islands,1905,0
Falkland Islands,1906,0
Falkland Islands,1907,0
Falkland Islands,1908,0
Falkland Islands,1909,0
Falkland Islands,1910,0
Falkland Islands,1911,0
Falkland Islands,1912,0
Falkland Islands,1913,0
Falkland Islands,1914,0
Falkland Islands,1915,0
Falkland Islands,1916,0
Falkland Islands,1917,0
Falkland Islands,1918,0
Falkland Islands,1919,0
Falkland Islands,1920,0
Falkland Islands,1921,0
Falkland Islands,1922,0
Falkland Islands,1923,0
Falkland Islands,1924,0
Falkland Islands,1925,0
Falkland Islands,1926,0
Falkland Islands,1927,0
Falkland Islands,1928,0
Falkland Islands,1929,0
Falkland Islands,1930,0
Falkland Islands,1931,0
Falkland Islands,1932,0
Falkland Islands,1933,0
Falkland Islands,1934,0
Falkland Islands,1935,0
Falkland Islands,1936,0
Falkland Islands,1937,0
Falkland Islands,1938,0
Falkland Islands,1939,0
Falkland Islands,1940,0
Falkland Islands,1941,0
Falkland Islands,1942,0
Falkland Islands,1943,0
Falkland Islands,1944,0
Falkland Islands,1945,0
Falkland Islands,1946,0
Falkland Islands,1947,0
Falkland Islands,1948,0
Falkland Islands,1949,0
Falkland Islands,1950,0
Falkland Islands,1951,0
Falkland Islands,1952,0
Falkland Islands,1953,0
Falkland Islands,1954,0
Falkland Islands,1955,0
Falkland Islands,1956,0
Falkland Islands,1957,0
Falkland Islands,1958,0
Falkland Islands,1959,0
Falkland Islands,1960,0
Falkland Islands,1961,0
Falkland Islands,1962,0
Falkland Islands,1963,0
Falkland Islands,1964,0
Falkland Islands,1965,0
Falkland Islands,1966,0
Falkland Islands,1967,0
Falkland Islands,1968,0
Falkland Islands,1969,0
Falkland Islands,1970,0
Falkland Islands,1971,0
Falkland Islands,1972,0
Falkland Islands,1973,0
Falkland Islands,1974,0
Falkland Islands,1975,0
Falkland Islands,1976,0
Falkland Islands,1977,0
Falkland Islands,1978,0
Falkland Islands,1979,0
Falkland Islands,1980,0
Falkland Islands,1981,0
Falkland Islands,1982,0
Falkland Islands,1983,0
Falkland Islands,1984,0
Falkland Islands,1985,0
Falkland Islands,1986,0
Falkland Islands,1987,0
Falkland Islands,1988,0
Falkland Islands,1989,0
Falkland Islands,1990,0
Falkland Islands,1991,0
Falkland Islands,1992,0
Falkland Islands,1993,0
Falkland Islands,1994,0
Falkland Islands,1995,0
Falkland Islands,1996,0
Falkland Islands,1997,0
Falkland Islands,1998,0
Falkland Islands,1999,0
Falkland Islands,2000,0
Falkland Islands,2001,4
Falkland Islands,2002,4
Falkland Islands,2003,4
Falkland Islands,2004,4
Falkland Islands,2005,7
Falkland Islands,2006,7
Falkland Islands,2007,7
Falkland Islands,2008,7
Falkland Islands,2009,10
Falkland Islands,2010,10
Falkland Islands,2011,14
Falkland Islands,2012,14
Falkland Islands,2013,22
Falkland Islands,2014,22
Falkland Islands,2015,25
Falkland Islands,2016,25
Falkland Islands,2017,28
Falkland Islands,2018,28
Falkland Islands,2019,28
Falkland Islands,2020,28
Falkland Islands,2021,28
Falkland Islands,2022,28
Falkland Islands,2023,31
Falkland Islands,2024,31
Falkland Islands,2025,31
Falkland Islands,2026,31
Faroe Islands,1872,0
Faroe Islands,1873,0
Faroe Islands,1874,0
Faroe Islands,1875,0
Faroe Islands,1876,0
Faroe Islands,1877,0
Faroe Islands,1878,0
Faroe Islands,1879,0
Faroe Islands,1880,0
Faroe Islands,1881,0
Faroe Islands,1882,0
Faroe Islands,1883,0
Faroe Islands,1884,0
Faroe Islands,1885,0
Faroe Islands,1886,0
Faroe Islands,1887,0
Faroe Islands,1888,0
Faroe Islands,1889,0
Faroe Islands,1890,0
Faroe Islands,1891,0
Faroe Islands,1892,0
Faroe Islands,1893,0
Faroe Islands,1894,0
Faroe Islands,1895,0
Faroe Islands,1896,0
Faroe Islands,1897,0
Faroe Islands,1898,0
Faroe Islands,1899,0
Faroe Islands,1900,0
Faroe Islands,1901,0
Faroe Islands,1902,0
Faroe Islands,1903,0
Faroe Islands,1904,0
Faroe Islands,1905,0
Faroe Islands,1906,0
Faroe Islands,1907,0
Faroe Islands,1908,0
Faroe Islands,1909,0
Faroe Islands,1910,0
Faroe Islands,1911,0
Faroe Islands,1912,0
Faroe Islands,1913,0
Faroe Islands,1914,0
Faroe Islands,1915,0
Faroe Islands,1916,0
Faroe Islands,1917,0
Faroe Islands,1918,0
Faroe Islands,1919,0
Faroe Islands,1920,0
Faroe Islands,1921,0
Faroe Islands,1922,0
Faroe Islands,1923,0
Faroe Islands,1924,0
Faroe Islands,1925,0
Faroe Islands,1926,0
Faroe Islands,1927,0
Faroe Islands,1928,0
Faroe Islands,1929,0
Faroe Islands,1930,0
Faroe Islands,1931,0
Faroe Islands,1932,0
Faroe Islands,1933,0
Faroe Islands,1934,0
Faroe Islands,1935,0
Faroe Islands,1936,0
Faroe Islands,1937,0
Faroe Islands,1938,0
Faroe Islands,1939,0
Faroe Islands,1940,0
Faroe Islands,1941,0
Faroe Islands,1942,0
Faroe Islands,1943,0
Faroe Islands,1944,0
Faroe Islands,1945,0
Faroe Islands,1946,0
Faroe Islands,1947,0
Faroe Islands,1948,0
Faroe Islands,1949,0
Faroe Islands,1950,0
Faroe Islands,1951,0
Faroe Islands,1952,0
Faroe Islands,1953,0
Faroe Islands,1954,0
Faroe Islands,1955,0
Faroe Islands,1956,0
Faroe Islands,1957,0
Faroe Islands,1958,0
Faroe Islands,1959,0
Faroe Islands,1960,0
Faroe Islands,1961,0
Faroe Islands,1962,0
Faroe Islands,1963,0
Faroe Islands,1964,0
Faroe Islands,1965,0
Faroe Islands,1966,0
Faroe Islands,1967,0
Faroe Islands,1968,0
Faroe Islands,1969,0
Faroe Islands,1970,0
Faroe Islands,1971,0
Faroe Islands,1972,0
Faroe Islands,1973,0
Faroe Islands,1974,2
Faroe Islands,1975,2
Faroe Islands,1976,3
Faroe Islands,1977,3
Faroe Islands,1978,3
Faroe Islands,1979,3
Faroe Islands,1980,10
Faroe Islands,1981,10
Faroe Islands,1982,11
Faroe Islands,1983,14
Faroe Islands,1984,19
Faroe Islands,1985,19
Faroe Islands,1986,19
Faroe Islands,1987,19
Faroe Islands,1988,19
Faroe Islands,1989,40
Faroe Islands,1990,44
Faroe Islands,1991,59
Faroe Islands,1992,60
Faroe Islands,1993,61
Faroe Islands,1994,63
Faroe Islands,1995,71
Faroe Islands,1996,78
Faroe Islands,1997,85
Faroe Islands,1998,86
Faroe Islands,1999,89
Faroe Islands,2000,95
Faroe Islands,2001,98
Faroe Islands,2002,106
Faroe Islands,2003,115
Faroe Islands,2004,124
Faroe Islands,2005,126
Faroe Islands,2006,126
Faroe Islands,2007,130
Faroe Islands,2008,134
Faroe Islands,2009,140
Faroe Islands,2010,143
Faroe Islands,2011,146
Faroe Islands,2012,148
Faroe Islands,2013,152
Faroe Islands,2014,158
Faroe Islands,2015,162
Faroe Islands,2016,167
Faroe Islands,2017,169
Faroe Islands,2018,178
Faroe Islands,2019,182
Faroe Islands,2020,192
Faroe Islands,2021,204
Faroe Islands,2022,213
Faroe Islands,2023,215
Faroe Islands,2024,225
Faroe Islands,2025,237
Faroe Islands,2026,240
Felvidék,1872,0
Felvidék,1873,0
Felvidék,1874,0
Felvidék,1875,0
Felvidék,1876,0
Felvidék,1877,0
Felvidék,1878,0
Felvidék,1879,0
Felvidék,1880,0
Felvidék,1881,0
Felvidék,1882,0
Felvidék,1883,0
Felvidék,1884,0
Felvidék,1885,0
Felvidék,1886,0
Felvidék,1887,0
Felvidék,1888,0
Felvidék,1889,0
Felvidék,1890,0
Felvidék,1891,0
Felvidék,1892,0
Felvidék,1893,0
Felvidék,1894,0
Felvidék,1895,0
Felvidék,1896,0
Felvidék,1897,0
Felvidék,1898,0
Felvidék,1899,0
Felvidék,1900,0
Felvidék,1901,0
Felvidék,1902,0
Felvidék,1903,0
Felvidék,1904,0
Felvidék,1905,0
Felvidék,1906,0
Felvidék,1907,0
Felvidék,1908,0
Felvidék,1909,0
Felvidék,1910,0
Felvidék,1911,0
Felvidék,1912,0
Felvidék,1913,0
Felvidék,1914,0
Felvidék,1915,0
Felvidék,1916,0
Felvidék,1917,0
Felvidék,1918,0
Felvidék,1919,0
Felvidék,1920,0
Felvidék,1921,0
Felvidék,1922,0
Felvidék,1923,0
Felvidék,1924,0
Felvidék,1925,0
Felvidék,1926,0
Felvidék,1927,0
Felvidék,1928,0
Felvidék,1929,0
Felvidék,1930,0
Felvidék,1931,0
Felvidék,1932,0
Felvidék,1933,0
Felvidék,1934,0
Felvidék,1935,0
Felvidék,1936,0
Felvidék,1937,0
Felvidék,1938,0
Felvidék,1939,0
Felvidék,1940,0
Felvidék,1941,0
Felvidék,1942,0
Felvidék,1943,0
Felvidék,1944,0
Felvidék,1945,0
Felvidék,1946,0
Felvidék,1947,0
Felvidék,1948,0
Felvidék,1949,0
Felvidék,1950,0
Felvidék,1951,0
Felvidék,1952,0
Felvidék,1953,0
Felvidék,1954,0
Felvidék,1955,0
Felvidék,1956,0
Felvidék,1957,0
Felvidék,1958,0
Felvidék,1959,0
Felvidék,1960,0
Felvidék,1961,0
Felvidék,1962,0
Felvidék,1963,0
Felvidék,1964,0
Felvidék,1965,0
Felvidék,1966,0
Felvidék,1967,0
Felvidék,1968,0
Felvidék,1969,0
Felvidék,1970,0
Felvidék,1971,0
Felvidék,1972,0
Felvidék,1973,0
Felvidék,1974,0
Felvidék,1975,0
Felvidék,1976,0
Felvidék,1977,0
Felvidék,1978,0
Felvidék,1979,0
Felvidék,1980,0
Felvidék,1981,0
Felvidék,1982,0
Felvidék,1983,0
Felvidék,1984,0
Felvidék,1985,0
Felvidék,1986,0
Felvidék,1987,0
Felvidék,1988,0
Felvidék,1989,0
Felvidék,1990,0
Felvidék,1991,0
Felvidék,1992,0
Felvidék,1993,0
Felvidék,1994,0
Felvidék,1995,0
Felvidék,1996,0
Felvidék,1997,0
Felvidék,1998,0
Felvidék,1999,0
Felvidék,2000,0
Felvidék,2001,0
Felvidék,2002,0
Felvidék,2003,0
Felvidék,2004,0
Felvidék,2005,0
Felvidék,2006,0
Felvidék,2007,0
Felvidék,2008,0
Felvidék,2009,0
Felvidék,2010,0
Felvidék,2011,0
Felvidék,2012,0
Felvidék,2013,0
Felvidék,2014,0
Felvidék,2015,8
Felvidék,2016,11
Felvidék,2017,14
Felvidék,2018,14
Felvidék,2019,14
Felvidék,2020,14
Felvidék,2021,14
Felvidék,2022,14
Felvidék,2023,14
Felvidék,2024,14
Felvidék,2025,14
Felvidék,2026,14
Fiji,1872,0
Fiji,1873,0
Fiji,1874,0
Fiji,1875,0
Fiji,1876,0
Fiji,1877,0
Fiji,1878,0
Fiji,1879,0
Fiji,1880,0
Fiji,1881,0
Fiji,1882,0
Fiji,1883,0
Fiji,1884,0
Fiji,1885,0
Fiji,1886,0
Fiji,1887,0
Fiji,1888,0
Fiji,1889,0
Fiji,1890,0
Fiji,1891,0
Fiji,1892,0
Fiji,1893,0
Fiji,1894,0
Fiji,1895,0
Fiji,1896,0
Fiji,1897,0
Fiji,1898,0
Fiji,1899,0
Fiji,1900,0
Fiji,1901,0
Fiji,1902,0
Fiji,1903,0
Fiji,1904,0
Fiji,1905,0
Fiji,1906,0
Fiji,1907,0
Fiji,1908,0
Fiji,1909,0
Fiji,1910,0
Fiji,1911,0
Fiji,1912,0
Fiji,1913,0
Fiji,1914,0
Fiji,1915,0
Fiji,1916,0
Fiji,1917,0
Fiji,1918,0
Fiji,1919,0
Fiji,1920,0
Fiji,1921,0
Fiji,1922,0
Fiji,1923,0
Fiji,1924,0
Fiji,1925,0
Fiji,1926,0
Fiji,1927,0
Fiji,1928,0
Fiji,1929,0
Fiji,1930,0
Fiji,1931,0
Fiji,1932,0
Fiji,1933,0
Fiji,1934,0
Fiji,1935,0
Fiji,1936,0
Fiji,1937,0
Fiji,1938,0
Fiji,1939,0
Fiji,1940,0
Fiji,1941,0
Fiji,1942,0
Fiji,1943,0
Fiji,1944,0
Fiji,1945,0
Fiji,1946,0
Fiji,1947,0
Fiji,1948,0
Fiji,1949,0
Fiji,1950,0
Fiji,1951,4
Fiji,1952,6
Fiji,1953,6
Fiji,1954,6
Fiji,1955,6
Fiji,1956,6
Fiji,1957,6
Fiji,1958,6
Fiji,1959,6
Fiji,1960,6
Fiji,1961,6
Fiji,1962,6
Fiji,1963,16
Fiji,1964,16
Fiji,1965,16
Fiji,1966,16
Fiji,1967,16
Fiji,1968,17
Fiji,1969,29
Fiji,1970,29
Fiji,1971,51
Fiji,1972,51
Fiji,1973,53
Fiji,1974,53
Fiji,1975,68
Fiji,1976,68
Fiji,1977,69
Fiji,1978,69
Fiji,1979,100
Fiji,1980,113
Fiji,1981,129
Fiji,1982,129
Fiji,1983,157
Fiji,1984,159
Fiji,1985,160
Fiji,1986,163
Fiji,1987,163
Fiji,1988,183
Fiji,1989,190
Fiji,1990,192
Fiji,1991,216
Fiji,1992,228
Fiji,1993,243
Fiji,1994,255
Fiji,1995,277
Fiji,1996,277
Fiji,1997,290
Fiji,1998,306
Fiji,1999,306
Fiji,2000,319
Fiji,2001,353
Fiji,2002,355
Fiji,2003,386
Fiji,2004,408
Fiji,2005,411
Fiji,2006,411
Fiji,2007,442
Fiji,2008,447
Fiji,2009,447
Fiji,2010,447
Fiji,2011,476
Fiji,2012,477
Fiji,2013,477
Fiji,2014,477
Fiji,2015,490
Fiji,2016,495
Fiji,2017,517
Fiji,2018,520
Fiji,2019,551
Fiji,2020,551
Fiji,2021,551
Fiji,2022,560
Fiji,2023,575
Fiji,2024,607
Fiji,2025,607
Fiji,2026,608
Finland,1872,0
Finland,1873,0
Finland,1874,0
Finland,1875,0
Finland,1876,0
Finland,1877,0
Finland,1878,0
Finland,1879,0
Finland,1880,0
Finland,1881,0
Finland,1882,0
Finland,1883,0
Finland,1884,0
Finland,1885,0
Finland,1886,0
Finland,1887,0
Finland,1888,0
Finland,1889,0
Finland,1890,0
Finland,1891,0
Finland,1892,0
Finland,1893,0
Finland,1894,0
Finland,1895,0
Finland,1896,0
Finland,1897,0
Finland,1898,0
Finland,1899,0
Finland,1900,0
Finland,1901,0
Finland,1902,0
Finland,1903,0
Finland,1904,0
Finland,1905,0
Finland,1906,0
Finland,1907,0
Finland,1908,0
Finland,1909,0
Finland,1910,0
Finland,1911,2
Finland,1912,9
Finland,1913,9
Finland,1914,12
Finland,1915,12
Finland,1916,12
Finland,1917,12
Finland,1918,12
Finland,1919,15
Finland,1920,22
Finland,1921,35
Finland,1922,48
Finland,1923,62
Finland,1924,77
Finland,1925,89
Finland,1926,102
Finland,1927,109
Finland,1928,116
Finland,1929,123
Finland,1930,130
Finland,1931,146
Finland,1932,157
Finland,1933,169
Finland,1934,180
Finland,1935,186
Finland,1936,192
Finland,1937,193
Finland,1938,203
Finland,1939,212
Finland,1940,214
Finland,1941,214
Finland,1942,214
Finland,1943,215
Finland,1944,215
Finland,1945,218
Finland,1946,220
Finland,1947,226
Finland,1948,228
Finland,1949,234
Finland,1950,243
Finland,1951,250
Finland,1952,265
Finland,1953,274
Finland,1954,279
Finland,1955,283
Finland,1956,288
Finland,1957,294
Finland,1958,296
Finland,1959,302
Finland,1960,308
Finland,1961,315
Finland,1962,317
Finland,1963,320
Finland,1964,328
Finland,1965,338
Finland,1966,344
Finland,1967,348
Finland,1968,353
Finland,1969,363
Finland,1970,366
Finland,1971,368
Finland,1972,371
Finland,1973,374
Finland,1974,381
Finland,1975,385
Finland,1976,398
Finland,1977,404
Finland,1978,414
Finland,1979,421
Finland,1980,425
Finland,1981,435
Finland,1982,448
Finland,1983,450
Finland,1984,459
Finland,1985,467
Finland,1986,476
Finland,1987,482
Finland,1988,491
Finland,1989,499
Finland,1990,507
Finland,1991,512
Finland,1992,518
Finland,1993,534
Finland,1994,555
Finland,1995,568
Finland,1996,576
Finland,1997,589
Finland,1998,599
Finland,1999,614
Finland,2000,627
Finland,2001,651
Finland,2002,666
Finland,2003,685
Finland,2004,702
Finland,2005,724
Finland,2006,735
Finland,2007,741
Finland,2008,750
Finland,2009,763
Finland,2010,776
Finland,2011,786
Finland,2012,804
Finland,2013,818
Finland,2014,829
Finland,2015,835
Finland,2016,839
Finland,2017,851
Finland,2018,865
Finland,2019,883
Finland,2020,893
Finland,2021,906
Finland,2022,917
Finland,2023,935
Finland,2024,944
Finland,2025,956
Finland,2026,960
France,1872,0
France,1873,0
France,1874,0
France,1875,0
France,1876,0
France,1877,0
France,1878,0
France,1879,0
France,1880,0
France,1881,0
France,1882,0
France,1883,0
France,1884,0
France,1885,0
France,1886,0
France,1887,0
France,1888,0
France,1889,0
France,1890,0
France,1891,0
France,1892,0
France,1893,0
France,1894,0
France,1895,0
France,1896,0
France,1897,0
France,1898,0
France,1899,0
France,1900,0
France,1901,0
France,1902,0
France,1903,0
France,1904,3
France,1905,4
France,1906,4
France,1907,6
France,1908,11
France,1909,13
France,1910,15
France,1911,24
France,1912,40
France,1913,53
France,1914,64
France,1915,64
France,1916,64
France,1917,64
France,1918,64
France,1919,85
France,1920,97
France,1921,99
France,1922,101
France,1923,106
France,1924,117
France,1925,119
France,1926,135
France,1927,140
France,1928,154
France,1929,163
France,1930,179
France,1931,189
France,1932,205
France,1933,214
France,1934,234
France,1935,242
France,1936,247
France,1937,254
France,1938,271
France,1939,282
France,1940,285
France,1941,285
France,1942,285
France,1943,285
France,1944,288
France,1945,292
France,1946,301
France,1947,316
France,1948,329
France,1949,341
France,1950,350
France,1951,361
France,1952,375
France,1953,404
France,1954,416
France,1955,427
France,1956,439
France,1957,454
France,1958,493
France,1959,509
France,1960,532
France,1961,539
France,1962,546
France,1963,572
France,1964,577
France,1965,584
France,1966,597
France,1967,609
France,1968,613
France,1969,622
France,1970,634
France,1971,647
France,1972,655
France,1973,664
France,1974,673
France,1975,679
France,1976,688
France,1977,700
France,1978,720
France,1979,737
France,1980,752
France,1981,764
France,1982,789
France,1983,800
France,1984,827
France,1985,837
France,1986,851
France,1987,856
France,1988,868
France,1989,878
France,1990,892
France,1991,912
France,1992,923
France,1993,939
France,1994,952
France,1995,973
France,1996,994
France,1997,1006
France,1998,1037
France,1999,1055
France,2000,1089
France,2001,1119
France,2002,1145
France,2003,1185
France,2004,1204
France,2005,1223
France,2006,1253
France,2007,1271
France,2008,1287
France,2009,1303
France,2010,1316
France,2011,1333
France,2012,1354
France,2013,1374
France,2014,1408
France,2015,1425
France,2016,1461
France,2017,1484
France,2018,1516
France,2019,1543
France,2020,1562
France,2021,1598
France,2022,1626
France,2023,1660
France,2024,1682
France,2025,1706
France,2026,1735
Franconia,1872,0
Franconia,1873,0
Franconia,1874,0
Franconia,1875,0
Franconia,1876,0
Franconia,1877,0
Franconia,1878,0
Franconia,1879,0
Franconia,1880,0
Franconia,1881,0
Franconia,1882,0
Franconia,1883,0
Franconia,1884,0
Franconia,1885,0
Franconia,1886,0
Franconia,1887,0
Franconia,1888,0
Franconia,1889,0
Franconia,1890,0
Franconia,1891,0
Franconia,1892,0
Franconia,1893,0
Franconia,1894,0
Franconia,1895,0
Franconia,1896,0
Franconia,1897,0
Franconia,1898,0
Franconia,1899,0
Franconia,1900,0
Franconia,1901,0
Franconia,1902,0
Franconia,1903,0
Franconia,1904,0
Franconia,1905,0
Franconia,1906,0
Franconia,1907,0
Franconia,1908,0
Franconia,1909,0
Franconia,1910,0
Franconia,1911,0
Franconia,1912,0
Franconia,1913,0
Franconia,1914,0
Franconia,1915,0
Franconia,1916,0
Franconia,1917,0
Franconia,1918,0
Franconia,1919,0
Franconia,1920,0
Franconia,1921,0
Franconia,1922,0
Franconia,1923,0
Franconia,1924,0
Franconia,1925,0
Franconia,1926,0
Franconia,1927,0
Franconia,1928,0
Franconia,1929,0
Franconia,1930,0
Franconia,1931,0
Franconia,1932,0
Franconia,1933,0
Franconia,1934,0
Franconia,1935,0
Franconia,1936,0
Franconia,1937,0
Franconia,1938,0
Franconia,1939,0
Franconia,1940,0
Franconia,1941,0
Franconia,1942,0
Franconia,1943,0
Franconia,1944,0
Franconia,1945,0
Franconia,1946,0
Franconia,1947,0
Franconia,1948,0
Franconia,1949,0
Franconia,1950,0
Franconia,1951,0
Franconia,1952,0
Franconia,1953,0
Franconia,1954,0
Franconia,1955,0
Franconia,1956,0
Franconia,1957,0
Franconia,1958,0
Franconia,1959,0
Franconia,1960,0
Franconia,1961,0
Franconia,1962,0
Franconia,1963,0
Franconia,1964,0
Franconia,1965,0
Franconia,1966,0
Franconia,1967,0
Franconia,1968,0
Franconia,1969,0
Franconia,1970,0
Franconia,1971,0
Franconia,1972,0
Franconia,1973,0
Franconia,1974,0
Franconia,1975,0
Franconia,1976,0
Franconia,1977,0
Franconia,1978,0
Franconia,1979,0
Franconia,1980,0
Franconia,1981,0
Franconia,1982,0
Franconia,1983,0
Franconia,1984,0
Franconia,1985,0
Franconia,1986,0
Franconia,1987,0
Franconia,1988,0
Franconia,1989,0
Franconia,1990,0
Franconia,1991,0
Franconia,1992,0
Franconia,1993,0
Franconia,1994,0
Franconia,1995,0
Franconia,1996,0
Franconia,1997,0
Franconia,1998,0
Franconia,1999,0
Franconia,2000,0
Franconia,2001,0
Franconia,2002,0
Franconia,2003,0
Franconia,2004,0
Franconia,2005,0
Franconia,2006,0
Franconia,2007,0
Franconia,2008,0
Franconia,2009,0
Franconia,2010,0
Franconia,2011,0
Franconia,2012,0
Franconia,2013,0
Franconia,2014,4
Franconia,2015,4
Franconia,2016,4
Franconia,2017,4
Franconia,2018,4
Franconia,2019,8
Franconia,2020,8
Franconia,2021,8
Franconia,2022,8
Franconia,2023,8
Franconia,2024,8
Franconia,2025,8
Franconia,2026,8
French Guiana,1872,0
French Guiana,1873,0
French Guiana,1874,0
French Guiana,1875,0
French Guiana,1876,0
French Guiana,1877,0
French Guiana,1878,0
French Guiana,1879,0
French Guiana,1880,0
French Guiana,1881,0
French Guiana,1882,0
French Guiana,1883,0
French Guiana,1884,0
French Guiana,1885,0
French Guiana,1886,0
French Guiana,1887,0
French Guiana,1888,0
French Guiana,1889,0
French Guiana,1890,0
French Guiana,1891,0
French Guiana,1892,0
French Guiana,1893,0
French Guiana,1894,0
French Guiana,1895,0
French Guiana,1896,0
French Guiana,1897,0
French Guiana,1898,0
French Guiana,1899,0
French Guiana,1900,0
French Guiana,1901,0
French Guiana,1902,0
French Guiana,1903,0
French Guiana,1904,0
French Guiana,1905,0
French Guiana,1906,0
French Guiana,1907,0
French Guiana,1908,0
French Guiana,1909,0
French Guiana,1910,0
French Guiana,1911,0
French Guiana,1912,0
French Guiana,1913,0
French Guiana,1914,0
French Guiana,1915,0
French Guiana,1916,0
French Guiana,1917,0
French Guiana,1918,0
French Guiana,1919,0
French Guiana,1920,0
French Guiana,1921,0
French Guiana,1922,0
French Guiana,1923,0
French Guiana,1924,0
French Guiana,1925,0
French Guiana,1926,0
French Guiana,1927,0
French Guiana,1928,0
French Guiana,1929,0
French Guiana,1930,0
French Guiana,1931,0
French Guiana,1932,0
French Guiana,1933,0
French Guiana,1934,0
French Guiana,1935,0
French Guiana,1936,1
French Guiana,1937,1
French Guiana,1938,1
French Guiana,1939,1
French Guiana,1940,1
French Guiana,1941,1
French Guiana,1942,1
French Guiana,1943,1
French Guiana,1944,1
French Guiana,1945,1
French Guiana,1946,1
French Guiana,1947,2
French Guiana,1948,9
French Guiana,1949,10
French Guiana,1950,10
French Guiana,1951,10
French Guiana,1952,10
French Guiana,1953,10
French Guiana,1954,10
French Guiana,1955,10
French Guiana,1956,10
French Guiana,1957,10
French Guiana,1958,10
French Guiana,1959,10
French Guiana,1960,10
French Guiana,1961,10
French Guiana,1962,12
French Guiana,1963,12
French Guiana,1964,18
French Guiana,1965,18
French Guiana,1966,21
French Guiana,1967,23
French Guiana,1968,24
French Guiana,1969,29
French Guiana,1970,31
French Guiana,1971,31
French Guiana,1972,31
French Guiana,1973,31
French Guiana,1974,31
French Guiana,1975,32
French Guiana,1976,32
French Guiana,1977,32
French Guiana,1978,41
French Guiana,1979,41
French Guiana,1980,41
French Guiana,1981,45
French Guiana,1982,45
French Guiana,1983,46
French Guiana,1984,46
French Guiana,1985,46
French Guiana,1986,46
French Guiana,1987,48
French Guiana,1988,48
French Guiana,1989,53
French Guiana,1990,56
French Guiana,1991,58
French Guiana,1992,63
French Guiana,1993,66
French Guiana,1994,67
French Guiana,1995,76
French Guiana,1996,78
French Guiana,1997,80
French Guiana,1998,83
French Guiana,1999,84
French Guiana,2000,84
French Guiana,2001,84
French Guiana,2002,85
French Guiana,2003,88
French Guiana,2004,95
French Guiana,2005,95
French Guiana,2006,95
French Guiana,2007,97
French Guiana,2008,103
French Guiana,2009,112
French Guiana,2010,122
French Guiana,2011,122
French Guiana,2012,158
French Guiana,2013,158
French Guiana,2014,189
French Guiana,2015,192
French Guiana,2016,208
French Guiana,2017,215
French Guiana,2018,224
French Guiana,2019,233
French Guiana,2020,233
French Guiana,2021,237
French Guiana,2022,244
French Guiana,2023,260
French Guiana,2024,267
French Guiana,2025,267
French Guiana,2026,267
Frøya,1872,0
Frøya,1873,0
Frøya,1874,0
Frøya,1875,0
Frøya,1876,0
Frøya,1877,0
Frøya,1878,0
Frøya,1879,0
Frøya,1880,0
Frøya,1881,0
Frøya,1882,0
Frøya,1883,0
Frøya,1884,0
Frøya,1885,0
Frøya,1886,0
Frøya,1887,0
Frøya,1888,0
Frøya,1889,0
Frøya,1890,0
Frøya,1891,0
Frøya,1892,0
Frøya,1893,0
Frøya,1894,0
Frøya,1895,0
Frøya,1896,0
Frøya,1897,0
Frøya,1898,0
Frøya,1899,0
Frøya,1900,0
Frøya,1901,0
Frøya,1902,0
Frøya,1903,0
Frøya,1904,0
Frøya,1905,0
Frøya,1906,0
Frøya,1907,0
Frøya,1908,0
Frøya,1909,0
Frøya,1910,0
Frøya,1911,0
Frøya,1912,0
Frøya,1913,0
Frøya,1914,0
Frøya,1915,0
Frøya,1916,0
Frøya,1917,0
Frøya,1918,0
Frøya,1919,0
Frøya,1920,0
Frøya,1921,0
Frøya,1922,0
Frøya,1923,0
Frøya,1924,0
Frøya,1925,0
Frøya,1926,0
Frøya,1927,0
Frøya,1928,0
Frøya,1929,0
Frøya,1930,0
Frøya,1931,0
Frøya,1932,0
Frøya,1933,0
Frøya,1934,0
Frøya,1935,0
Frøya,1936,0
Frøya,1937,0
Frøya,1938,0
Frøya,1939,0
Frøya,1940,0
Frøya,1941,0
Frøya,1942,0
Frøya,1943,0
Frøya,1944,0
Frøya,1945,0
Frøya,1946,0
Frøya,1947,0
Frøya,1948,0
Frøya,1949,0
Frøya,1950,0
Frøya,1951,0
Frøya,1952,0
Frøya,1953,0
Frøya,1954,0
Frøya,1955,0
Frøya,1956,0
Frøya,1957,0
Frøya,1958,0
Frøya,1959,0
Frøya,1960,0
Frøya,1961,0
Frøya,1962,0
Frøya,1963,0
Frøya,1964,0
Frøya,1965,0
Frøya,1966,0
Frøya,1967,0
Frøya,1968,0
Frøya,1969,0
Frøya,1970,0
Frøya,1971,0
Frøya,1972,0
Frøya,1973,0
Frøya,1974,0
Frøya,1975,0
Frøya,1976,0
Frøya,1977,0
Frøya,1978,0
Frøya,1979,0
Frøya,1980,0
Frøya,1981,0
Frøya,1982,0
Frøya,1983,0
Frøya,1984,0
Frøya,1985,0
Frøya,1986,0
Frøya,1987,0
Frøya,1988,0
Frøya,1989,0
Frøya,1990,0
Frøya,1991,0
Frøya,1992,0
Frøya,1993,0
Frøya,1994,0
Frøya,1995,0
Frøya,1996,0
Frøya,1997,8
Frøya,1998,8
Frøya,1999,18
Frøya,2000,18
Frøya,2001,18
Frøya,2002,18
Frøya,2003,37
Frøya,2004,37
Frøya,2005,37
Frøya,2006,37
Frøya,2007,42
Frøya,2008,42
Frøya,2009,45
Frøya,2010,45
Frøya,2011,45
Frøya,2012,45
Frøya,2013,46
Frøya,2014,46
Frøya,2015,46
Frøya,2016,46
Frøya,2017,53
Frøya,2018,53
Frøya,2019,53
Frøya,2020,53
Frøya,2021,53
Frøya,2022,53
Frøya,2023,59
Frøya,2024,59
Frøya,2025,60
Frøya,2026,60
Gabon,1872,0
Gabon,1873,0
Gabon,1874,0
Gabon,1875,0
Gabon,1876,0
Gabon,1877,0
Gabon,1878,0
Gabon,1879,0
Gabon,1880,0
Gabon,1881,0
Gabon,1882,0
Gabon,1883,0
Gabon,1884,0
Gabon,1885,0
Gabon,1886,0
Gabon,1887,0
Gabon,1888,0
Gabon,1889,0
Gabon,1890,0
Gabon,1891,0
Gabon,1892,0
Gabon,1893,0
Gabon,1894,0
Gabon,1895,0
Gabon,1896,0
Gabon,1897,0
Gabon,1898,0
Gabon,1899,0
Gabon,1900,0
Gabon,1901,0
Gabon,1902,0
Gabon,1903,0
Gabon,1904,0
Gabon,1905,0
Gabon,1906,0
Gabon,1907,0
Gabon,1908,0
Gabon,1909,0
Gabon,1910,0
Gabon,1911,0
Gabon,1912,0
Gabon,1913,0
Gabon,1914,0
Gabon,1915,0
Gabon,1916,0
Gabon,1917,0
Gabon,1918,0
Gabon,1919,0
Gabon,1920,0
Gabon,1921,0
Gabon,1922,0
Gabon,1923,0
Gabon,1924,0
Gabon,1925,0
Gabon,1926,0
Gabon,1927,0
Gabon,1928,0
Gabon,1929,0
Gabon,1930,0
Gabon,1931,0
Gabon,1932,0
Gabon,1933,0
Gabon,1934,0
Gabon,1935,0
Gabon,1936,0
Gabon,1937,0
Gabon,1938,0
Gabon,1939,0
Gabon,1940,0
Gabon,1941,0
Gabon,1942,0
Gabon,1943,0
Gabon,1944,0
Gabon,1945,0
Gabon,1946,0
Gabon,1947,0
Gabon,1948,0
Gabon,1949,0
Gabon,1950,0
Gabon,1951,0
Gabon,1952,0
Gabon,1953,0
Gabon,1954,0
Gabon,1955,0
Gabon,1956,0
Gabon,1957,0
Gabon,1958,0
Gabon,1959,0
Gabon,1960,4
Gabon,1961,6
Gabon,1962,11
Gabon,1963,17
Gabon,1964,17
Gabon,1965,20
Gabon,1966,23
Gabon,1967,24
Gabon,1968,24
Gabon,1969,24
Gabon,1970,29
Gabon,1971,29
Gabon,1972,29
Gabon,1973,29
Gabon,1974,29
Gabon,1975,29
Gabon,1976,39
Gabon,1977,47
Gabon,1978,49
Gabon,1979,54
Gabon,1980,56
Gabon,1981,56
Gabon,1982,58
Gabon,1983,60
Gabon,1984,67
Gabon,1985,78
Gabon,1986,81
Gabon,1987,84
Gabon,1988,94
Gabon,1989,107
Gabon,1990,111
Gabon,1991,113
Gabon,1992,124
Gabon,1993,137
Gabon,1994,145
Gabon,1995,166
Gabon,1996,186
Gabon,1997,192
Gabon,1998,199
Gabon,1999,224
Gabon,2000,239
Gabon,2001,245
Gabon,2002,245
Gabon,2003,265
Gabon,2004,275
Gabon,2005,278
Gabon,2006,284
Gabon,2007,291
Gabon,2008,303
Gabon,2009,313
Gabon,2010,325
Gabon,2011,332
Gabon,2012,345
Gabon,2013,351
Gabon,2014,361
Gabon,2015,379
Gabon,2016,386
Gabon,2017,393
Gabon,2018,398
Gabon,2019,405
Gabon,2020,408
Gabon,2021,418
Gabon,2022,431
Gabon,2023,438
Gabon,2024,449
Gabon,2025,474
Gabon,2026,477
Galicia,1872,0
Galicia,1873,0
Galicia,1874,0
Galicia,1875,0
Galicia,1876,0
Galicia,1877,0
Galicia,1878,0
Galicia,1879,0
Galicia,1880,0
Galicia,1881,0
Galicia,1882,0
Galicia,1883,0
Galicia,1884,0
Galicia,1885,0
Galicia,1886,0
Galicia,1887,0
Galicia,1888,0
Galicia,1889,0
Galicia,1890,0
Galicia,1891,0
Galicia,1892,0
Galicia,1893,0
Galicia,1894,0
Galicia,1895,0
Galicia,1896,0
Galicia,1897,0
Galicia,1898,0
Galicia,1899,0
Galicia,1900,0
Galicia,1901,0
Galicia,1902,0
Galicia,1903,0
Galicia,1904,0
Galicia,1905,0
Galicia,1906,0
Galicia,1907,0
Galicia,1908,0
Galicia,1909,0
Galicia,1910,0
Galicia,1911,0
Galicia,1912,0
Galicia,1913,0
Galicia,1914,0
Galicia,1915,0
Galicia,1916,0
Galicia,1917,0
Galicia,1918,0
Galicia,1919,0
Galicia,1920,0
Galicia,1921,0
Galicia,1922,4
Galicia,1923,9
Galicia,1924,9
Galicia,1925,9
Galicia,1926,9
Galicia,1927,9
Galicia,1928,9
Galicia,1929,9
Galicia,1930,9
Galicia,1931,9
Galicia,1932,9
Galicia,1933,9
Galicia,1934,9
Galicia,1935,9
Galicia,1936,9
Galicia,1937,9
Galicia,1938,9
Galicia,1939,9
Galicia,1940,9
Galicia,1941,9
Galicia,1942,9
Galicia,1943,9
Galicia,1944,9
Galicia,1945,9
Galicia,1946,9
Galicia,1947,9
Galicia,1948,9
Galicia,1949,9
Galicia,1950,9
Galicia,1951,9
Galicia,1952,9
Galicia,1953,9
Galicia,1954,9
Galicia,1955,9
Galicia,1956,9
Galicia,1957,9
Galicia,1958,9
Galicia,1959,9
Galicia,1960,9
Galicia,1961,9
Galicia,1962,9
Galicia,1963,9
Galicia,1964,9
Galicia,1965,9
Galicia,1966,9
Galicia,1967,9
Galicia,1968,9
Galicia,1969,9
Galicia,1970,9
Galicia,1971,9
Galicia,1972,9
Galicia,1973,9
Galicia,1974,9
Galicia,1975,9
Galicia,1976,9
Galicia,1977,9
Galicia,1978,9
Galicia,1979,9
Galicia,1980,9
Galicia,1981,9
Galicia,1982,9
Galicia,1983,9
Galicia,1984,9
Galicia,1985,9
Galicia,1986,9
Galicia,1987,9
Galicia,1988,9
Galicia,1989,9
Galicia,1990,9
Galicia,1991,9
Galicia,1992,9
Galicia,1993,9
Galicia,1994,9
Galicia,1995,9
Galicia,1996,9
Galicia,1997,9
Galicia,1998,9
Galicia,1999,9
Galicia,2000,9
Galicia,2001,9
Galicia,2002,9
Galicia,2003,9
Galicia,2004,9
Galicia,2005,12
Galicia,2006,13
Galicia,2007,14
Galicia,2008,17
Galicia,2009,17
Galicia,2010,17
Galicia,2011,19
Galicia,2012,19
Galicia,2013,20
Galicia,2014,20
Galicia,2015,20
Galicia,2016,21
Galicia,2017,21
Galicia,2018,21
Galicia,2019,21
Galicia,2020,21
Galicia,2021,21
Galicia,2022,21
Galicia,2023,21
Galicia,2024,21
Galicia,2025,21
Galicia,2026,21
Gambia,1872,0
Gambia,1873,0
Gambia,1874,0
Gambia,1875,0
Gambia,1876,0
Gambia,1877,0
Gambia,1878,0
Gambia,1879,0
Gambia,1880,0
Gambia,1881,0
Gambia,1882,0
Gambia,1883,0
Gambia,1884,0
Gambia,1885,0
Gambia,1886,0
Gambia,1887,0
Gambia,1888,0
Gambia,1889,0
Gambia,1890,0
Gambia,1891,0
Gambia,1892,0
Gambia,1893,0
Gambia,1894,0
Gambia,1895,0
Gambia,1896,0
Gambia,1897,0
Gambia,1898,0
Gambia,1899,0
Gambia,1900,0
Gambia,1901,0
Gambia,1902,0
Gambia,1903,0
Gambia,1904,0
Gambia,1905,0
Gambia,1906,0
Gambia,1907,0
Gambia,1908,0
Gambia,1909,0
Gambia,1910,0
Gambia,1911,0
Gambia,1912,0
Gambia,1913,0
Gambia,1914,0
Gambia,1915,0
Gambia,1916,0
Gambia,1917,0
Gambia,1918,0
Gambia,1919,0
Gambia,1920,0
Gambia,1921,0
Gambia,1922,0
Gambia,1923,0
Gambia,1924,0
Gambia,1925,0
Gambia,1926,0
Gambia,1927,0
Gambia,1928,0
Gambia,1929,0
Gambia,1930,0
Gambia,1931,0
Gambia,1932,0
Gambia,1933,0
Gambia,1934,0
Gambia,1935,0
Gambia,1936,0
Gambia,1937,0
Gambia,1938,0
Gambia,1939,0
Gambia,1940,0
Gambia,1941,0
Gambia,1942,0
Gambia,1943,0
Gambia,1944,0
Gambia,1945,0
Gambia,1946,0
Gambia,1947,0
Gambia,1948,0
Gambia,1949,0
Gambia,1950,0
Gambia,1951,0
Gambia,1952,0
Gambia,1953,3
Gambia,1954,3
Gambia,1955,3
Gambia,1956,3
Gambia,1957,3
Gambia,1958,3
Gambia,1959,6
Gambia,1960,8
Gambia,1961,11
Gambia,1962,11
Gambia,1963,16
Gambia,1964,16
Gambia,1965,16
Gambia,1966,16
Gambia,1967,16
Gambia,1968,17
Gambia,1969,19
Gambia,1970,19
Gambia,1971,22
Gambia,1972,22
Gambia,1973,24
Gambia,1974,24
Gambia,1975,24
Gambia,1976,27
Gambia,1977,28
Gambia,1978,29
Gambia,1979,38
Gambia,1980,44
Gambia,1981,46
Gambia,1982,52
Gambia,1983,61
Gambia,1984,78
Gambia,1985,82
Gambia,1986,90
Gambia,1987,90
Gambia,1988,94
Gambia,1989,94
Gambia,1990,96
Gambia,1991,100
Gambia,1992,100
Gambia,1993,110
Gambia,1994,110
Gambia,1995,111
Gambia,1996,115
Gambia,1997,123
Gambia,1998,123
Gambia,1999,123
Gambia,2000,129
Gambia,2001,132
Gambia,2002,140
Gambia,2003,147
Gambia,2004,147
Gambia,2005,149
Gambia,2006,151
Gambia,2007,158
Gambia,2008,164
Gambia,2009,164
Gambia,2010,172
Gambia,2011,180
Gambia,2012,185
Gambia,2013,187
Gambia,2014,187
Gambia,2015,191
Gambia,2016,192
Gambia,2017,195
Gambia,2018,201
Gambia,2019,211
Gambia,2020,215
Gambia,2021,222
Gambia,2022,231
Gambia,2023,239
Gambia,2024,254
Gambia,2025,277
Gambia,2026,279
Georgia,1872,0
Georgia,1873,0
Georgia,1874,0
Georgia,1875,0
Georgia,1876,0
Georgia,1877,0
Georgia,1878,0
Georgia,1879,0
Georgia,1880,0
Georgia,1881,0
Georgia,1882,0
Georgia,1883,0
Georgia,1884,0
Georgia,1885,0
Georgia,1886,0
Georgia,1887,0
Georgia,1888,0
Georgia,1889,0
Georgia,1890,0
Georgia,1891,0
Georgia,1892,0
Georgia,1893,0
Georgia,1894,0
Georgia,1895,0
Georgia,1896,0
Georgia,1897,0
Georgia,1898,0
Georgia,1899,0
Georgia,1900,0
Georgia,1901,0
Georgia,1902,0
Georgia,1903,0
Georgia,1904,0
Georgia,1905,0
Georgia,1906,0
Georgia,1907,0
Georgia,1908,0
Georgia,1909,0
Georgia,1910,0
Georgia,1911,0
Georgia,1912,0
Georgia,1913,0
Georgia,1914,0
Georgia,1915,0
Georgia,1916,0
Georgia,1917,0
Georgia,1918,0
Georgia,1919,0
Georgia,1920,0
Georgia,1921,0
Georgia,1922,0
Georgia,1923,0
Georgia,1924,0
Georgia,1925,0
Georgia,1926,0
Georgia,1927,0
Georgia,1928,0
Georgia,1929,0
Georgia,1930,0
Georgia,1931,0
Georgia,1932,0
Georgia,1933,0
Georgia,1934,0
Georgia,1935,0
Georgia,1936,0
Georgia,1937,0
Georgia,1938,0
Georgia,1939,0
Georgia,1940,0
Georgia,1941,0
Georgia,1942,0
Georgia,1943,0
Georgia,1944,0
Georgia,1945,0
Georgia,1946,0
Georgia,1947,0
Georgia,1948,0
Georgia,1949,0
Georgia,1950,0
Georgia,1951,0
Georgia,1952,0
Georgia,1953,0
Georgia,1954,0
Georgia,1955,0
Georgia,1956,0
Georgia,1957,0
Georgia,1958,0
Georgia,1959,0
Georgia,1960,0
Georgia,1961,0
Georgia,1962,0
Georgia,1963,0
Georgia,1964,0
Georgia,1965,0
Georgia,1966,0
Georgia,1967,0
Georgia,1968,0
Georgia,1969,0
Georgia,1970,0
Georgia,1971,0
Georgia,1972,0
Georgia,1973,0
Georgia,1974,0
Georgia,1975,0
Georgia,1976,0
Georgia,1977,0
Georgia,1978,0
Georgia,1979,5
Georgia,1980,5
Georgia,1981,5
Georgia,1982,5
Georgia,1983,5
Georgia,1984,5
Georgia,1985,5
Georgia,1986,5
Georgia,1987,5
Georgia,1988,5
Georgia,1989,5
Georgia,1990,7
Georgia,1991,11
Georgia,1992,17
Georgia,1993,17
Georgia,1994,31
Georgia,1995,39
Georgia,1996,46
Georgia,1997,60
Georgia,1998,74
Georgia,1999,81
Georgia,2000,90
Georgia,2001,105
Georgia,2002,111
Georgia,2003,120
Georgia,2004,126
Georgia,2005,141
Georgia,2006,155
Georgia,2007,166
Georgia,2008,174
Georgia,2009,182
Georgia,2010,189
Georgia,2011,197
Georgia,2012,204
Georgia,2013,208
Georgia,2014,216
Georgia,2015,227
Georgia,2016,234
Georgia,2017,252
Georgia,2018,271
Georgia,2019,281
Georgia,2020,288
Georgia,2021,298
Georgia,2022,315
Georgia,2023,341
Georgia,2024,358
Georgia,2025,376
Georgia,2026,383
German DR,1872,0
German DR,1873,0
German DR,1874,0
German DR,1875,0
German DR,1876,0
German DR,1877,0
German DR,1878,0
German DR,1879,0
German DR,1880,0
German DR,1881,0
German DR,1882,0
German DR,1883,0
German DR,1884,0
German DR,1885,0
German DR,1886,0
German DR,1887,0
German DR,1888,0
German DR,1889,0
German DR,1890,0
German DR,1891,0
German DR,1892,0
German DR,1893,0
German DR,1894,0
German DR,1895,0
German DR,1896,0
German DR,1897,0
German DR,1898,0
German DR,1899,0
German DR,1900,0
German DR,1901,0
German DR,1902,0
German DR,1903,0
German DR,1904,0
German DR,1905,0
German DR,1906,0
German DR,1907,0
German DR,1908,0
German DR,1909,0
German DR,1910,0
German DR,1911,0
German DR,1912,0
German DR,1913,0
German DR,1914,0
German DR,1915,0
German DR,1916,0
German DR,1917,0
German DR,1918,0
German DR,1919,0
German DR,1920,0
German DR,1921,0
German DR,1922,0
German DR,1923,0
German DR,1924,0
German DR,1925,0
German DR,1926,0
German DR,1927,0
German DR,1928,0
German DR,1929,0
German DR,1930,0
German DR,1931,0
German DR,1932,0
German DR,1933,0
German DR,1934,0
German DR,1935,0
German DR,1936,0
German DR,1937,0
German DR,1938,0
German DR,1939,0
German DR,1940,0
German DR,1941,0
German DR,1942,0
German DR,1943,0
German DR,1944,0
German DR,1945,0
German DR,1946,0
German DR,1947,0
German DR,1948,0
German DR,1949,0
German DR,1950,0
German DR,1951,0
German DR,1952,1
German DR,1953,1
German DR,1954,2
German DR,1955,6
German DR,1956,12
German DR,1957,20
German DR,1958,35
German DR,1959,43
German DR,1960,54
German DR,1961,60
German DR,1962,78
German DR,1963,92
German DR,1964,104
German DR,1965,113
German DR,1966,134
German DR,1967,155
German DR,1968,156
German DR,1969,178
German DR,1970,196
German DR,1971,209
German DR,1972,219
German DR,1973,243
German DR,1974,268
German DR,1975,288
German DR,1976,300
German DR,1977,319
German DR,1978,329
German DR,1979,347
German DR,1980,355
German DR,1981,369
German DR,1982,381
German DR,1983,399
German DR,1984,420
German DR,1985,439
German DR,1986,448
German DR,1987,464
German DR,1988,475
German DR,1989,493
German DR,1990,506
German DR,1991,506
German DR,1992,506
German DR,1993,506
German DR,1994,506
German DR,1995,506
German DR,1996,506
German DR,1997,506
German DR,1998,506
German DR,1999,506
German DR,2000,506
German DR,2001,506
German DR,2002,506
German DR,2003,506
German DR,2004,506
German DR,2005,506
German DR,2006,506
German DR,2007,506
German DR,2008,506
German DR,2009,506
German DR,2010,506
German DR,2011,506
German DR,2012,506
German DR,2013,506
German DR,2014,506
German DR,2015,506
German DR,2016,506
German DR,2017,506
German DR,2018,506
German DR,2019,506
German DR,2020,506
German DR,2021,506
German DR,2022,506
German DR,2023,506
German DR,2024,506
German DR,2025,506
German DR,2026,506
Germany,1872,0
Germany,1873,0
Germany,1874,0
Germany,1875,0
Germany,1876,0
Germany,1877,0
Germany,1878,0
Germany,1879,0
Germany,1880,0
Germany,1881,0
Germany,1882,0
Germany,1883,0
Germany,1884,0
Germany,1885,0
Germany,1886,0
Germany,1887,0
Germany,1888,0
Germany,1889,0
Germany,1890,0
Germany,1891,0
Germany,1892,0
Germany,1893,0
Germany,1894,0
Germany,1895,0
Germany,1896,0
Germany,1897,0
Germany,1898,0
Germany,1899,0
Germany,1900,0
Germany,1901,0
Germany,1902,0
Germany,1903,0
Germany,1904,0
Germany,1905,0
Germany,1906,0
Germany,1907,0
Germany,1908,5
Germany,1909,9
Germany,1910,15
Germany,1911,29
Germany,1912,61
Germany,1913,65
Germany,1914,69
Germany,1915,69
Germany,1916,69
Germany,1917,69
Germany,1918,69
Germany,1919,69
Germany,1920,73
Germany,1921,79
Germany,1922,83
Germany,1923,89
Germany,1924,99
Germany,1925,109
Germany,1926,121
Germany,1927,130
Germany,1928,142
Germany,1929,159
Germany,1930,176
Germany,1931,183
Germany,1932,194
Germany,1933,211
Germany,1934,244
Germany,1935,292
Germany,1936,313
Germany,1937,349
Germany,1938,368
Germany,1939,407
Germany,1940,445
Germany,1941,479
Germany,1942,515
Germany,1943,515
Germany,1944,515
Germany,1945,515
Germany,1946,515
Germany,1947,515
Germany,1948,515
Germany,1949,515
Germany,1950,516
Germany,1951,530
Germany,1952,547
Germany,1953,556
Germany,1954,594
Germany,1955,603
Germany,1956,616
Germany,1957,624
Germany,1958,651
Germany,1959,669
Germany,1960,686
Germany,1961,699
Germany,1962,716
Germany,1963,725
Germany,1964,735
Germany,1965,754
Germany,1966,787
Germany,1967,807
Germany,1968,821
Germany,1969,841
Germany,1970,869
Germany,1971,893
Germany,1972,912
Germany,1973,930
Germany,1974,957
Germany,1975,968
Germany,1976,989
Germany,1977,1012
Germany,1978,1033
Germany,1979,1053
Germany,1980,1082
Germany,1981,1117
Germany,1982,1141
Germany,1983,1161
Germany,1984,1176
Germany,1985,1197
Germany,1986,1219
Germany,1987,1229
Germany,1988,1244
Germany,1989,1256
Germany,1990,1288
Germany,1991,1301
Germany,1992,1319
Germany,1993,1347
Germany,1994,1375
Germany,1995,1401
Germany,1996,1434
Germany,1997,1455
Germany,1998,1487
Germany,1999,1510
Germany,2000,1533
Germany,2001,1556
Germany,2002,1602
Germany,2003,1617
Germany,2004,1652
Germany,2005,1684
Germany,2006,1739
Germany,2007,1763
Germany,2008,1799
Germany,2009,1825
Germany,2010,1865
Germany,2011,1901
Germany,2012,1933
Germany,2013,1968
Germany,2014,2005
Germany,2015,2025
Germany,2016,2059
Germany,2017,2102
Germany,2018,2116
Germany,2019,2149
Germany,2020,2163
Germany,2021,2213
Germany,2022,2234
Germany,2023,2251
Germany,2024,2286
Germany,2025,2308
Germany,2026,2331
Ghana,1872,0
Ghana,1873,0
Ghana,1874,0
Ghana,1875,0
Ghana,1876,0
Ghana,1877,0
Ghana,1878,0
Ghana,1879,0
Ghana,1880,0
Ghana,1881,0
Ghana,1882,0
Ghana,1883,0
Ghana,1884,0
Ghana,1885,0
Ghana,1886,0
Ghana,1887,0
Ghana,1888,0
Ghana,1889,0
Ghana,1890,0
Ghana,1891,0
Ghana,1892,0
Ghana,1893,0
Ghana,1894,0
Ghana,1895,0
Ghana,1896,0
Ghana,1897,0
Ghana,1898,0
Ghana,1899,0
Ghana,1900,0
Ghana,1901,0
Ghana,1902,0
Ghana,1903,0
Ghana,1904,0
Ghana,1905,0
Ghana,1906,0
Ghana,1907,0
Ghana,1908,0
Ghana,1909,0
Ghana,1910,0
Ghana,1911,0
Ghana,1912,0
Ghana,1913,0
Ghana,1914,0
Ghana,1915,0
Ghana,1916,0
Ghana,1917,0
Ghana,1918,0
Ghana,1919,0
Ghana,1920,0
Ghana,1921,0
Ghana,1922,0
Ghana,1923,0
Ghana,1924,0
Ghana,1925,0
Ghana,1926,0
Ghana,1927,0
Ghana,1928,0
Ghana,1929,0
Ghana,1930,0
Ghana,1931,0
Ghana,1932,0
Ghana,1933,0
Ghana,1934,0
Ghana,1935,0
Ghana,1936,0
Ghana,1937,0
Ghana,1938,0
Ghana,1939,0
Ghana,1940,0
Ghana,1941,0
Ghana,1942,0
Ghana,1943,0
Ghana,1944,0
Ghana,1945,0
Ghana,1946,0
Ghana,1947,0
Ghana,1948,0
Ghana,1949,0
Ghana,1950,1
Ghana,1951,1
Ghana,1952,1
Ghana,1953,2
Ghana,1954,4
Ghana,1955,12
Ghana,1956,17
Ghana,1957,23
Ghana,1958,30
Ghana,1959,35
Ghana,1960,61
Ghana,1961,74
Ghana,1962,107
Ghana,1963,117
Ghana,1964,120
Ghana,1965,167
Ghana,1966,183
Ghana,1967,205
Ghana,1968,223
Ghana,1969,240
Ghana,1970,250
Ghana,1971,259
Ghana,1972,275
Ghana,1973,290
Ghana,1974,302
Ghana,1975,319
Ghana,1976,327
Ghana,1977,336
Ghana,1978,359
Ghana,1979,360
Ghana,1980,369
Ghana,1981,379
Ghana,1982,412
Ghana,1983,426
Ghana,1984,449
Ghana,1985,457
Ghana,1986,472
Ghana,1987,485
Ghana,1988,490
Ghana,1989,493
Ghana,1990,497
Ghana,1991,511
Ghana,1992,520
Ghana,1993,540
Ghana,1994,555
Ghana,1995,566
Ghana,1996,586
Ghana,1997,599
Ghana,1998,609
Ghana,1999,614
Ghana,2000,636
Ghana,2001,654
Ghana,2002,663
Ghana,2003,681
Ghana,2004,688
Ghana,2005,704
Ghana,2006,725
Ghana,2007,739
Ghana,2008,764
Ghana,2009,784
Ghana,2010,799
Ghana,2011,817
Ghana,2012,836
Ghana,2013,877
Ghana,2014,897
Ghana,2015,924
Ghana,2016,931
Ghana,2017,952
Ghana,2018,958
Ghana,2019,970
Ghana,2020,977
Ghana,2021,988
Ghana,2022,1005
Ghana,2023,1013
Ghana,2024,1028
Ghana,2025,1049
Ghana,2026,1054
Gibraltar,1872,0
Gibraltar,1873,0
Gibraltar,1874,0
Gibraltar,1875,0
Gibraltar,1876,0
Gibraltar,1877,0
Gibraltar,1878,0
Gibraltar,1879,0
Gibraltar,1880,0
Gibraltar,1881,0
Gibraltar,1882,0
Gibraltar,1883,0
Gibraltar,1884,0
Gibraltar,1885,0
Gibraltar,1886,0
Gibraltar,1887,0
Gibraltar,1888,0
Gibraltar,1889,0
Gibraltar,1890,0
Gibraltar,1891,0
Gibraltar,1892,0
Gibraltar,1893,0
Gibraltar,1894,0
Gibraltar,1895,0
Gibraltar,1896,0
Gibraltar,1897,0
Gibraltar,1898,0
Gibraltar,1899,0
Gibraltar,1900,0
Gibraltar,1901,0
Gibraltar,1902,0
Gibraltar,1903,0
Gibraltar,1904,0
Gibraltar,1905,0
Gibraltar,1906,0
Gibraltar,1907,0
Gibraltar,1908,0
Gibraltar,1909,0
Gibraltar,1910,0
Gibraltar,1911,0
Gibraltar,1912,0
Gibraltar,1913,0
Gibraltar,1914,0
Gibraltar,1915,0
Gibraltar,1916,0
Gibraltar,1917,0
Gibraltar,1918,0
Gibraltar,1919,0
Gibraltar,1920,0
Gibraltar,1921,0
Gibraltar,1922,0
Gibraltar,1923,0
Gibraltar,1924,0
Gibraltar,1925,0
Gibraltar,1926,0
Gibraltar,1927,0
Gibraltar,1928,0
Gibraltar,1929,0
Gibraltar,1930,0
Gibraltar,1931,0
Gibraltar,1932,0
Gibraltar,1933,0
Gibraltar,1934,0
Gibraltar,1935,0
Gibraltar,1936,0
Gibraltar,1937,0
Gibraltar,1938,0
Gibraltar,1939,0
Gibraltar,1940,0
Gibraltar,1941,0
Gibraltar,1942,0
Gibraltar,1943,0
Gibraltar,1944,0
Gibraltar,1945,0
Gibraltar,1946,0
Gibraltar,1947,0
Gibraltar,1948,0
Gibraltar,1949,0
Gibraltar,1950,0
Gibraltar,1951,0
Gibraltar,1952,0
Gibraltar,1953,0
Gibraltar,1954,0
Gibraltar,1955,0
Gibraltar,1956,0
Gibraltar,1957,0
Gibraltar,1958,0
Gibraltar,1959,0
Gibraltar,1960,0
Gibraltar,1961,0
Gibraltar,1962,0
Gibraltar,1963,0
Gibraltar,1964,0
Gibraltar,1965,0
Gibraltar,1966,0
Gibraltar,1967,0
Gibraltar,1968,0
Gibraltar,1969,0
Gibraltar,1970,0
Gibraltar,1971,0
Gibraltar,1972,0
Gibraltar,1973,0
Gibraltar,1974,0
Gibraltar,1975,0
Gibraltar,1976,0
Gibraltar,1977,0
Gibraltar,1978,0
Gibraltar,1979,0
Gibraltar,1980,0
Gibraltar,1981,0
Gibraltar,1982,0
Gibraltar,1983,0
Gibraltar,1984,0
Gibraltar,1985,0
Gibraltar,1986,0
Gibraltar,1987,0
Gibraltar,1988,0
Gibraltar,1989,0
Gibraltar,1990,0
Gibraltar,1991,0
Gibraltar,1992,0
Gibraltar,1993,1
Gibraltar,1994,1
Gibraltar,1995,7
Gibraltar,1996,7
Gibraltar,1997,20
Gibraltar,1998,20
Gibraltar,1999,29
Gibraltar,2000,34
Gibraltar,2001,41
Gibraltar,2002,43
Gibraltar,2003,72
Gibraltar,2004,72
Gibraltar,2005,76
Gibraltar,2006,84
Gibraltar,2007,93
Gibraltar,2008,94
Gibraltar,2009,106
Gibraltar,2010,106
Gibraltar,2011,127
Gibraltar,2012,127
Gibraltar,2013,127
Gibraltar,2014,130
Gibraltar,2015,135
Gibraltar,2016,137
Gibraltar,2017,138
Gibraltar,2018,144
Gibraltar,2019,147
Gibraltar,2020,150
Gibraltar,2021,154
Gibraltar,2022,160
Gibraltar,2023,160
Gibraltar,2024,166
Gibraltar,2025,169
Gibraltar,2026,177
Gotland,1872,0
Gotland,1873,0
Gotland,1874,0
Gotland,1875,0
Gotland,1876,0
Gotland,1877,0
Gotland,1878,0
Gotland,1879,0
Gotland,1880,0
Gotland,1881,0
Gotland,1882,0
Gotland,1883,0
Gotland,1884,0
Gotland,1885,0
Gotland,1886,0
Gotland,1887,0
Gotland,1888,0
Gotland,1889,0
Gotland,1890,0
Gotland,1891,0
Gotland,1892,0
Gotland,1893,0
Gotland,1894,0
Gotland,1895,0
Gotland,1896,0
Gotland,1897,0
Gotland,1898,0
Gotland,1899,0
Gotland,1900,0
Gotland,1901,0
Gotland,1902,0
Gotland,1903,0
Gotland,1904,0
Gotland,1905,0
Gotland,1906,0
Gotland,1907,0
Gotland,1908,0
Gotland,1909,0
Gotland,1910,0
Gotland,1911,0
Gotland,1912,0
Gotland,1913,0
Gotland,1914,0
Gotland,1915,0
Gotland,1916,0
Gotland,1917,0
Gotland,1918,0
Gotland,1919,0
Gotland,1920,0
Gotland,1921,0
Gotland,1922,0
Gotland,1923,0
Gotland,1924,0
Gotland,1925,0
Gotland,1926,0
Gotland,1927,0
Gotland,1928,0
Gotland,1929,0
Gotland,1930,0
Gotland,1931,0
Gotland,1932,0
Gotland,1933,0
Gotland,1934,0
Gotland,1935,0
Gotland,1936,0
Gotland,1937,0
Gotland,1938,0
Gotland,1939,0
Gotland,1940,0
Gotland,1941,0
Gotland,1942,0
Gotland,1943,0
Gotland,1944,0
Gotland,1945,0
Gotland,1946,0
Gotland,1947,0
Gotland,1948,0
Gotland,1949,0
Gotland,1950,0
Gotland,1951,0
Gotland,1952,0
Gotland,1953,0
Gotland,1954,0
Gotland,1955,0
Gotland,1956,0
Gotland,1957,0
Gotland,1958,0
Gotland,1959,0
Gotland,1960,0
Gotland,1961,0
Gotland,1962,0
Gotland,1963,0
Gotland,1964,0
Gotland,1965,0
Gotland,1966,0
Gotland,1967,0
Gotland,1968,0
Gotland,1969,0
Gotland,1970,0
Gotland,1971,0
Gotland,1972,0
Gotland,1973,0
Gotland,1974,0
Gotland,1975,0
Gotland,1976,0
Gotland,1977,0
Gotland,1978,0
Gotland,1979,0
Gotland,1980,0
Gotland,1981,0
Gotland,1982,0
Gotland,1983,0
Gotland,1984,0
Gotland,1985,0
Gotland,1986,0
Gotland,1987,0
Gotland,1988,0
Gotland,1989,0
Gotland,1990,0
Gotland,1991,0
Gotland,1992,0
Gotland,1993,0
Gotland,1994,0
Gotland,1995,0
Gotland,1996,0
Gotland,1997,0
Gotland,1998,0
Gotland,1999,27
Gotland,2000,27
Gotland,2001,27
Gotland,2002,27
Gotland,2003,34
Gotland,2004,34
Gotland,2005,34
Gotland,2006,34
Gotland,2007,39
Gotland,2008,39
Gotland,2009,48
Gotland,2010,48
Gotland,2011,59
Gotland,2012,59
Gotland,2013,59
Gotland,2014,59
Gotland,2015,64
Gotland,2016,64
Gotland,2017,81
Gotland,2018,81
Gotland,2019,81
Gotland,2020,81
Gotland,2021,81
Gotland,2022,81
Gotland,2023,81
Gotland,2024,81
Gotland,2025,81
Gotland,2026,81
Gozo,1872,0
Gozo,1873,0
Gozo,1874,0
Gozo,1875,0
Gozo,1876,0
Gozo,1877,0
Gozo,1878,0
Gozo,1879,0
Gozo,1880,0
Gozo,1881,0
Gozo,1882,0
Gozo,1883,0
Gozo,1884,0
Gozo,1885,0
Gozo,1886,0
Gozo,1887,0
Gozo,1888,0
Gozo,1889,0
Gozo,1890,0
Gozo,1891,0
Gozo,1892,0
Gozo,1893,0
Gozo,1894,0
Gozo,1895,0
Gozo,1896,0
Gozo,1897,0
Gozo,1898,0
Gozo,1899,0
Gozo,1900,0
Gozo,1901,0
Gozo,1902,0
Gozo,1903,0
Gozo,1904,0
Gozo,1905,0
Gozo,1906,0
Gozo,1907,0
Gozo,1908,0
Gozo,1909,0
Gozo,1910,0
Gozo,1911,0
Gozo,1912,0
Gozo,1913,0
Gozo,1914,0
Gozo,1915,0
Gozo,1916,0
Gozo,1917,0
Gozo,1918,0
Gozo,1919,0
Gozo,1920,0
Gozo,1921,0
Gozo,1922,0
Gozo,1923,0
Gozo,1924,0
Gozo,1925,0
Gozo,1926,0
Gozo,1927,0
Gozo,1928,0
Gozo,1929,0
Gozo,1930,0
Gozo,1931,0
Gozo,1932,0
Gozo,1933,0
Gozo,1934,0
Gozo,1935,0
Gozo,1936,0
Gozo,1937,0
Gozo,1938,0
Gozo,1939,0
Gozo,1940,0
Gozo,1941,0
Gozo,1942,0
Gozo,1943,0
Gozo,1944,0
Gozo,1945,0
Gozo,1946,0
Gozo,1947,0
Gozo,1948,0
Gozo,1949,0
Gozo,1950,0
Gozo,1951,0
Gozo,1952,0
Gozo,1953,0
Gozo,1954,0
Gozo,1955,0
Gozo,1956,0
Gozo,1957,0
Gozo,1958,0
Gozo,1959,0
Gozo,1960,0
Gozo,1961,0
Gozo,1962,0
Gozo,1963,0
Gozo,1964,0
Gozo,1965,0
Gozo,1966,0
Gozo,1967,0
Gozo,1968,0
Gozo,1969,0
Gozo,1970,0
Gozo,1971,0
Gozo,1972,0
Gozo,1973,0
Gozo,1974,0
Gozo,1975,0
Gozo,1976,0
Gozo,1977,0
Gozo,1978,0
Gozo,1979,0
Gozo,1980,0
Gozo,1981,0
Gozo,1982,0
Gozo,1983,0
Gozo,1984,0
Gozo,1985,0
Gozo,1986,0
Gozo,1987,0
Gozo,1988,0
Gozo,1989,0
Gozo,1990,0
Gozo,1991,0
Gozo,1992,0
Gozo,1993,0
Gozo,1994,0
Gozo,1995,0
Gozo,1996,0
Gozo,1997,0
Gozo,1998,0
Gozo,1999,0
Gozo,2000,0
Gozo,2001,0
Gozo,2002,0
Gozo,2003,0
Gozo,2004,0
Gozo,2005,0
Gozo,2006,0
Gozo,2007,0
Gozo,2008,0
Gozo,2009,4
Gozo,2010,7
Gozo,2011,7
Gozo,2012,24
Gozo,2013,24
Gozo,2014,24
Gozo,2015,24
Gozo,2016,24
Gozo,2017,24
Gozo,2018,24
Gozo,2019,24
Gozo,2020,24
Gozo,2021,24
Gozo,2022,24
Gozo,2023,28
Gozo,2024,28
Gozo,2025,31
Gozo,2026,31
Greece,1872,0
Greece,1873,0
Greece,1874,0
Greece,1875,0
Greece,1876,0
Greece,1877,0
Greece,1878,0
Greece,1879,0
Greece,1880,0
Greece,1881,0
Greece,1882,0
Greece,1883,0
Greece,1884,0
Greece,1885,0
Greece,1886,0
Greece,1887,0
Greece,1888,0
Greece,1889,0
Greece,1890,0
Greece,1891,0
Greece,1892,0
Greece,1893,0
Greece,1894,0
Greece,1895,0
Greece,1896,0
Greece,1897,0
Greece,1898,0
Greece,1899,0
Greece,1900,0
Greece,1901,0
Greece,1902,0
Greece,1903,0
Greece,1904,0
Greece,1905,0
Greece,1906,0
Greece,1907,0
Greece,1908,0
Greece,1909,0
Greece,1910,0
Greece,1911,0
Greece,1912,0
Greece,1913,0
Greece,1914,0
Greece,1915,0
Greece,1916,0
Greece,1917,0
Greece,1918,0
Greece,1919,3
Greece,1920,3
Greece,1921,3
Greece,1922,3
Greece,1923,3
Greece,1924,3
Greece,1925,3
Greece,1926,3
Greece,1927,3
Greece,1928,3
Greece,1929,4
Greece,1930,13
Greece,1931,17
Greece,1932,21
Greece,1933,24
Greece,1934,28
Greece,1935,34
Greece,1936,41
Greece,1937,41
Greece,1938,46
Greece,1939,46
Greece,1940,46
Greece,1941,46
Greece,1942,46
Greece,1943,46
Greece,1944,46
Greece,1945,46
Greece,1946,46
Greece,1947,46
Greece,1948,48
Greece,1949,58
Greece,1950,58
Greece,1951,59
Greece,1952,59
Greece,1953,60
Greece,1954,63
Greece,1955,63
Greece,1956,63
Greece,1957,65
Greece,1958,67
Greece,1959,68
Greece,1960,70
Greece,1961,73
Greece,1962,76
Greece,1963,80
Greece,1964,89
Greece,1965,93
Greece,1966,95
Greece,1967,106
Greece,1968,110
Greece,1969,125
Greece,1970,129
Greece,1971,134
Greece,1972,138
Greece,1973,146
Greece,1974,157
Greece,1975,167
Greece,1976,169
Greece,1977,172
Greece,1978,195
Greece,1979,199
Greece,1980,206
Greece,1981,218
Greece,1982,225
Greece,1983,238
Greece,1984,247
Greece,1985,253
Greece,1986,264
Greece,1987,273
Greece,1988,288
Greece,1989,302
Greece,1990,318
Greece,1991,328
Greece,1992,336
Greece,1993,345
Greece,1994,363
Greece,1995,380
Greece,1996,394
Greece,1997,405
Greece,1998,412
Greece,1999,441
Greece,2000,453
Greece,2001,469
Greece,2002,477
Greece,2003,493
Greece,2004,510
Greece,2005,522
Greece,2006,533
Greece,2007,554
Greece,2008,575
Greece,2009,588
Greece,2010,599
Greece,2011,613
Greece,2012,630
Greece,2013,643
Greece,2014,649
Greece,2015,655
Greece,2016,672
Greece,2017,681
Greece,2018,686
Greece,2019,699
Greece,2020,708
Greece,2021,722
Greece,2022,736
Greece,2023,752
Greece,2024,771
Greece,2025,792
Greece,2026,794
Greenland,1872,0
Greenland,1873,0
Greenland,1874,0
Greenland,1875,0
Greenland,1876,0
Greenland,1877,0
Greenland,1878,0
Greenland,1879,0
Greenland,1880,0
Greenland,1881,0
Greenland,1882,0
Greenland,1883,0
Greenland,1884,0
Greenland,1885,0
Greenland,1886,0
Greenland,1887,0
Greenland,1888,0
Greenland,1889,0
Greenland,1890,0
Greenland,1891,0
Greenland,1892,0
Greenland,1893,0
Greenland,1894,0
Greenland,1895,0
Greenland,1896,0
Greenland,1897,0
Greenland,1898,0
Greenland,1899,0
Greenland,1900,0
Greenland,1901,0
Greenland,1902,0
Greenland,1903,0
Greenland,1904,0
Greenland,1905,0
Greenland,1906,0
Greenland,1907,0
Greenland,1908,0
Greenland,1909,0
Greenland,1910,0
Greenland,1911,0
Greenland,1912,0
Greenland,1913,0
Greenland,1914,0
Greenland,1915,0
Greenland,1916,0
Greenland,1917,0
Greenland,1918,0
Greenland,1919,0
Greenland,1920,0
Greenland,1921,0
Greenland,1922,0
Greenland,1923,0
Greenland,1924,0
Greenland,1925,0
Greenland,1926,0
Greenland,1927,0
Greenland,1928,0
Greenland,1929,0
Greenland,1930,0
Greenland,1931,0
Greenland,1932,0
Greenland,1933,0
Greenland,1934,0
Greenland,1935,0
Greenland,1936,0
Greenland,1937,0
Greenland,1938,0
Greenland,1939,0
Greenland,1940,0
Greenland,1941,0
Greenland,1942,0
Greenland,1943,0
Greenland,1944,0
Greenland,1945,0
Greenland,1946,0
Greenland,1947,0
Greenland,1948,0
Greenland,1949,0
Greenland,1950,0
Greenland,1951,0
Greenland,1952,0
Greenland,1953,0
Greenland,1954,0
Greenland,1955,0
Greenland,1956,0
Greenland,1957,0
Greenland,1958,0
Greenland,1959,0
Greenland,1960,0
Greenland,1961,0
Greenland,1962,0
Greenland,1963,0
Greenland,1964,0
Greenland,1965,0
Greenland,1966,0
Greenland,1967,0
Greenland,1968,0
Greenland,1969,0
Greenland,1970,0
Greenland,1971,0
Greenland,1972,0
Greenland,1973,0
Greenland,1974,0
Greenland,1975,0
Greenland,1976,0
Greenland,1977,0
Greenland,1978,0
Greenland,1979,0
Greenland,1980,1
Greenland,1981,1
Greenland,1982,1
Greenland,1983,3
Greenland,1984,5
Greenland,1985,5
Greenland,1986,5
Greenland,1987,5
Greenland,1988,5
Greenland,1989,9
Greenland,1990,9
Greenland,1991,17
Greenland,1992,17
Greenland,1993,26
Greenland,1994,26
Greenland,1995,33
Greenland,1996,33
Greenland,1997,36
Greenland,1998,36
Greenland,1999,47
Greenland,2000,47
Greenland,2001,57
Greenland,2002,57
Greenland,2003,79
Greenland,2004,79
Greenland,2005,87
Greenland,2006,92
Greenland,2007,92
Greenland,2008,92
Greenland,2009,99
Greenland,2010,99
Greenland,2011,104
Greenland,2012,104
Greenland,2013,125
Greenland,2014,125
Greenland,2015,133
Greenland,2016,133
Greenland,2017,140
Greenland,2018,140
Greenland,2019,140
Greenland,2020,140
Greenland,2021,140
Greenland,2022,140
Greenland,2023,145
Greenland,2024,145
Greenland,2025,145
Greenland,2026,153
Grenada,1872,0
Grenada,1873,0
Grenada,1874,0
Grenada,1875,0
Grenada,1876,0
Grenada,1877,0
Grenada,1878,0
Grenada,1879,0
Grenada,1880,0
Grenada,1881,0
Grenada,1882,0
Grenada,1883,0
Grenada,1884,0
Grenada,1885,0
Grenada,1886,0
Grenada,1887,0
Grenada,1888,0
Grenada,1889,0
Grenada,1890,0
Grenada,1891,0
Grenada,1892,0
Grenada,1893,0
Grenada,1894,0
Grenada,1895,0
Grenada,1896,0
Grenada,1897,0
Grenada,1898,0
Grenada,1899,0
Grenada,1900,0
Grenada,1901,0
Grenada,1902,0
Grenada,1903,0
Grenada,1904,0
Grenada,1905,0
Grenada,1906,0
Grenada,1907,0
Grenada,1908,0
Grenada,1909,0
Grenada,1910,0
Grenada,1911,0
Grenada,1912,0
Grenada,1913,0
Grenada,1914,0
Grenada,1915,0
Grenada,1916,0
Grenada,1917,0
Grenada,1918,0
Grenada,1919,0
Grenada,1920,0
Grenada,1921,0
Grenada,1922,0
Grenada,1923,0
Grenada,1924,0
Grenada,1925,0
Grenada,1926,0
Grenada,1927,0
Grenada,1928,0
Grenada,1929,0
Grenada,1930,0
Grenada,1931,0
Grenada,1932,0
Grenada,1933,0
Grenada,1934,0
Grenada,1935,0
Grenada,1936,0
Grenada,1937,0
Grenada,1938,8
Grenada,1939,8
Grenada,1940,8
Grenada,1941,8
Grenada,1942,8
Grenada,1943,8
Grenada,1944,8
Grenada,1945,8
Grenada,1946,8
Grenada,1947,8
Grenada,1948,8
Grenada,1949,8
Grenada,1950,8
Grenada,1951,13
Grenada,1952,13
Grenada,1953,13
Grenada,1954,13
Grenada,1955,13
Grenada,1956,13
Grenada,1957,13
Grenada,1958,13
Grenada,1959,13
Grenada,1960,13
Grenada,1961,28
Grenada,1962,30
Grenada,1963,30
Grenada,1964,30
Grenada,1965,30
Grenada,1966,41
Grenada,1967,48
Grenada,1968,54
Grenada,1969,61
Grenada,1970,74
Grenada,1971,80
Grenada,1972,82
Grenada,1973,91
Grenada,1974,94
Grenada,1975,94
Grenada,1976,94
Grenada,1977,94
Grenada,1978,97
Grenada,1979,98
Grenada,1980,102
Grenada,1981,104
Grenada,1982,104
Grenada,1983,104
Grenada,1984,108
Grenada,1985,109
Grenada,1986,110
Grenada,1987,111
Grenada,1988,111
Grenada,1989,118
Grenada,1990,123
Grenada,1991,123
Grenada,1992,123
Grenada,1993,124
Grenada,1994,128
Grenada,1995,132
Grenada,1996,142
Grenada,1997,157
Grenada,1998,172
Grenada,1999,181
Grenada,2000,185
Grenada,2001,209
Grenada,2002,242
Grenada,2003,242
Grenada,2004,265
Grenada,2005,265
Grenada,2006,269
Grenada,2007,269
Grenada,2008,303
Grenada,2009,305
Grenada,2010,315
Grenada,2011,325
Grenada,2012,327
Grenada,2013,327
Grenada,2014,336
Grenada,2015,342
Grenada,2016,347
Grenada,2017,355
Grenada,2018,363
Grenada,2019,373
Grenada,2020,373
Grenada,2021,376
Grenada,2022,385
Grenada,2023,395
Grenada,2024,404
Grenada,2025,422
Grenada,2026,422
Guadeloupe,1872,0
Guadeloupe,1873,0
Guadeloupe,1874,0
Guadeloupe,1875,0
Guadeloupe,1876,0
Guadeloupe,1877,0
Guadeloupe,1878,0
Guadeloupe,1879,0
Guadeloupe,1880,0
Guadeloupe,1881,0
Guadeloupe,1882,0
Guadeloupe,1883,0
Guadeloupe,1884,0
Guadeloupe,1885,0
Guadeloupe,1886,0
Guadeloupe,1887,0
Guadeloupe,1888,0
Guadeloupe,1889,0
Guadeloupe,1890,0
Guadeloupe,1891,0
Guadeloupe,1892,0
Guadeloupe,1893,0
Guadeloupe,1894,0
Guadeloupe,1895,0
Guadeloupe,1896,0
Guadeloupe,1897,0
Guadeloupe,1898,0
Guadeloupe,1899,0
Guadeloupe,1900,0
Guadeloupe,1901,0
Guadeloupe,1902,0
Guadeloupe,1903,0
Guadeloupe,1904,0
Guadeloupe,1905,0
Guadeloupe,1906,0
Guadeloupe,1907,0
Guadeloupe,1908,0
Guadeloupe,1909,0
Guadeloupe,1910,0
Guadeloupe,1911,0
Guadeloupe,1912,0
Guadeloupe,1913,0
Guadeloupe,1914,0
Guadeloupe,1915,0
Guadeloupe,1916,0
Guadeloupe,1917,0
Guadeloupe,1918,0
Guadeloupe,1919,0
Guadeloupe,1920,0
Guadeloupe,1921,0
Guadeloupe,1922,0
Guadeloupe,1923,0
Guadeloupe,1924,0
Guadeloupe,1925,0
Guadeloupe,1926,0
Guadeloupe,1927,0
Guadeloupe,1928,0
Guadeloupe,1929,0
Guadeloupe,1930,0
Guadeloupe,1931,0
Guadeloupe,1932,0
Guadeloupe,1933,0
Guadeloupe,1934,0
Guadeloupe,1935,0
Guadeloupe,1936,0
Guadeloupe,1937,0
Guadeloupe,1938,0
Guadeloupe,1939,0
Guadeloupe,1940,0
Guadeloupe,1941,1
Guadeloupe,1942,1
Guadeloupe,1943,1
Guadeloupe,1944,1
Guadeloupe,1945,1
Guadeloupe,1946,1
Guadeloupe,1947,1
Guadeloupe,1948,12
Guadeloupe,1949,12
Guadeloupe,1950,12
Guadeloupe,1951,13
Guadeloupe,1952,19
Guadeloupe,1953,22
Guadeloupe,1954,26
Guadeloupe,1955,28
Guadeloupe,1956,31
Guadeloupe,1957,37
Guadeloupe,1958,38
Guadeloupe,1959,46
Guadeloupe,1960,48
Guadeloupe,1961,50
Guadeloupe,1962,61
Guadeloupe,1963,67
Guadeloupe,1964,71
Guadeloupe,1965,71
Guadeloupe,1966,73
Guadeloupe,1967,78
Guadeloupe,1968,83
Guadeloupe,1969,83
Guadeloupe,1970,83
Guadeloupe,1971,85
Guadeloupe,1972,89
Guadeloupe,1973,89
Guadeloupe,1974,89
Guadeloupe,1975,97
Guadeloupe,1976,99
Guadeloupe,1977,100
Guadeloupe,1978,105
Guadeloupe,1979,106
Guadeloupe,1980,106
Guadeloupe,1981,120
Guadeloupe,1982,120
Guadeloupe,1983,128
Guadeloupe,1984,128
Guadeloupe,1985,135
Guadeloupe,1986,136
Guadeloupe,1987,143
Guadeloupe,1988,147
Guadeloupe,1989,152
Guadeloupe,1990,154
Guadeloupe,1991,156
Guadeloupe,1992,157
Guadeloupe,1993,159
Guadeloupe,1994,172
Guadeloupe,1995,177
Guadeloupe,1996,177
Guadeloupe,1997,177
Guadeloupe,1998,182
Guadeloupe,1999,190
Guadeloupe,2000,190
Guadeloupe,2001,204
Guadeloupe,2002,219
Guadeloupe,2003,226
Guadeloupe,2004,235
Guadeloupe,2005,238
Guadeloupe,2006,254
Guadeloupe,2007,275
Guadeloupe,2008,305
Guadeloupe,2009,310
Guadeloupe,2010,333
Guadeloupe,2011,335
Guadeloupe,2012,372
Guadeloupe,2013,372
Guadeloupe,2014,375
Guadeloupe,2015,375
Guadeloupe,2016,380
Guadeloupe,2017,383
Guadeloupe,2018,386
Guadeloupe,2019,406
Guadeloupe,2020,406
Guadeloupe,2021,412
Guadeloupe,2022,417
Guadeloupe,2023,448
Guadeloupe,2024,456
Guadeloupe,2025,463
Guadeloupe,2026,463
Guam,1872,0
Guam,1873,0
Guam,1874,0
Guam,1875,0
Guam,1876,0
Guam,1877,0
Guam,1878,0
Guam,1879,0
Guam,1880,0
Guam,1881,0
Guam,1882,0
Guam,1883,0
Guam,1884,0
Guam,1885,0
Guam,1886,0
Guam,1887,0
Guam,1888,0
Guam,1889,0
Guam,1890,0
Guam,1891,0
Guam,1892,0
Guam,1893,0
Guam,1894,0
Guam,1895,0
Guam,1896,0
Guam,1897,0
Guam,1898,0
Guam,1899,0
Guam,1900,0
Guam,1901,0
Guam,1902,0
Guam,1903,0
Guam,1904,0
Guam,1905,0
Guam,1906,0
Guam,1907,0
Guam,1908,0
Guam,1909,0
Guam,1910,0
Guam,1911,0
Guam,1912,0
Guam,1913,0
Guam,1914,0
Guam,1915,0
Guam,1916,0
Guam,1917,0
Guam,1918,0
Guam,1919,0
Guam,1920,0
Guam,1921,0
Guam,1922,0
Guam,1923,0
Guam,1924,0
Guam,1925,0
Guam,1926,0
Guam,1927,0
Guam,1928,0
Guam,1929,0
Guam,1930,0
Guam,1931,0
Guam,1932,0
Guam,1933,0
Guam,1934,0
Guam,1935,0
Guam,1936,0
Guam,1937,0
Guam,1938,0
Guam,1939,0
Guam,1940,0
Guam,1941,0
Guam,1942,0
Guam,1943,0
Guam,1944,0
Guam,1945,0
Guam,1946,0
Guam,1947,0
Guam,1948,0
Guam,1949,0
Guam,1950,0
Guam,1951,0
Guam,1952,0
Guam,1953,0
Guam,1954,0
Guam,1955,0
Guam,1956,0
Guam,1957,0
Guam,1958,0
Guam,1959,0
Guam,1960,0
Guam,1961,0
Guam,1962,0
Guam,1963,0
Guam,1964,0
Guam,1965,0
Guam,1966,0
Guam,1967,0
Guam,1968,0
Guam,1969,0
Guam,1970,0
Guam,1971,0
Guam,1972,0
Guam,1973,0
Guam,1974,0
Guam,1975,1
Guam,1976,1
Guam,1977,1
Guam,1978,1
Guam,1979,13
Guam,1980,13
Guam,1981,13
Guam,1982,13
Guam,1983,13
Guam,1984,13
Guam,1985,13
Guam,1986,13
Guam,1987,13
Guam,1988,13
Guam,1989,13
Guam,1990,13
Guam,1991,14
Guam,1992,14
Guam,1993,15
Guam,1994,15
Guam,1995,15
Guam,1996,15
Guam,1997,16
Guam,1998,33
Guam,1999,40
Guam,2000,40
Guam,2001,40
Guam,2002,40
Guam,2003,40
Guam,2004,40
Guam,2005,41
Guam,2006,41
Guam,2007,56
Guam,2008,63
Guam,2009,70
Guam,2010,71
Guam,2011,75
Guam,2012,94
Guam,2013,96
Guam,2014,106
Guam,2015,111
Guam,2016,113
Guam,2017,113
Guam,2018,118
Guam,2019,125
Guam,2020,125
Guam,2021,126
Guam,2022,126
Guam,2023,127
Guam,2024,132
Guam,2025,132
Guam,2026,140
Guatemala,1872,0
Guatemala,1873,0
Guatemala,1874,0
Guatemala,1875,0
Guatemala,1876,0
Guatemala,1877,0
Guatemala,1878,0
Guatemala,1879,0
Guatemala,1880,0
Guatemala,1881,0
Guatemala,1882,0
Guatemala,1883,0
Guatemala,1884,0
Guatemala,1885,0
Guatemala,1886,0
Guatemala,1887,0
Guatemala,1888,0
Guatemala,1889,0
Guatemala,1890,0
Guatemala,1891,0
Guatemala,1892,0
Guatemala,1893,0
Guatemala,1894,0
Guatemala,1895,0
Guatemala,1896,0
Guatemala,1897,0
Guatemala,1898,0
Guatemala,1899,0
Guatemala,1900,0
Guatemala,1901,0
Guatemala,1902,0
Guatemala,1903,0
Guatemala,1904,0
Guatemala,1905,0
Guatemala,1906,0
Guatemala,1907,0
Guatemala,1908,0
Guatemala,1909,0
Guatemala,1910,0
Guatemala,1911,0
Guatemala,1912,0
Guatemala,1913,0
Guatemala,1914,0
Guatemala,1915,0
Guatemala,1916,0
Guatemala,1917,0
Guatemala,1918,0
Guatemala,1919,0
Guatemala,1920,0
Guatemala,1921,0
Guatemala,1922,0
Guatemala,1923,10
Guatemala,1924,10
Guatemala,1925,10
Guatemala,1926,10
Guatemala,1927,10
Guatemala,1928,10
Guatemala,1929,10
Guatemala,1930,13
Guatemala,1931,13
Guatemala,1932,13
Guatemala,1933,13
Guatemala,1934,13
Guatemala,1935,19
Guatemala,1936,19
Guatemala,1937,19
Guatemala,1938,19
Guatemala,1939,19
Guatemala,1940,19
Guatemala,1941,19
Guatemala,1942,19
Guatemala,1943,40
Guatemala,1944,40
Guatemala,1945,40
Guatemala,1946,72
Guatemala,1947,72
Guatemala,1948,92
Guatemala,1949,92
Guatemala,1950,93
Guatemala,1951,93
Guatemala,1952,93
Guatemala,1953,101
Guatemala,1954,101
Guatemala,1955,111
Guatemala,1956,111
Guatemala,1957,115
Guatemala,1958,115
Guatemala,1959,115
Guatemala,1960,122
Guatemala,1961,125
Guatemala,1962,125
Guatemala,1963,135
Guatemala,1964,135
Guatemala,1965,147
Guatemala,1966,148
Guatemala,1967,169
Guatemala,1968,173
Guatemala,1969,185
Guatemala,1970,185
Guatemala,1971,186
Guatemala,1972,191
Guatemala,1973,196
Guatemala,1974,196
Guatemala,1975,196
Guatemala,1976,213
Guatemala,1977,226
Guatemala,1978,226
Guatemala,1979,226
Guatemala,1980,246
Guatemala,1981,246
Guatemala,1982,246
Guatemala,1983,249
Guatemala,1984,259
Guatemala,1985,267
Guatemala,1986,267
Guatemala,1987,269
Guatemala,1988,280
Guatemala,1989,292
Guatemala,1990,292
Guatemala,1991,293
Guatemala,1992,305
Guatemala,1993,305
Guatemala,1994,305
Guatemala,1995,307
Guatemala,1996,328
Guatemala,1997,341
Guatemala,1998,349
Guatemala,1999,367
Guatemala,2000,400
Guatemala,2001,415
Guatemala,2002,417
Guatemala,2003,432
Guatemala,2004,460
Guatemala,2005,495
Guatemala,2006,501
Guatemala,2007,510
Guatemala,2008,529
Guatemala,2009,532
Guatemala,2010,549
Guatemala,2011,577
Guatemala,2012,596
Guatemala,2013,599
Guatemala,2014,603
Guatemala,2015,614
Guatemala,2016,628
Guatemala,2017,628
Guatemala,2018,632
Guatemala,2019,668
Guatemala,2020,670
Guatemala,2021,696
Guatemala,2022,713
Guatemala,2023,730
Guatemala,2024,748
Guatemala,2025,773
Guatemala,2026,774
Guernsey,1872,0
Guernsey,1873,0
Guernsey,1874,0
Guernsey,1875,0
Guernsey,1876,0
Guernsey,1877,0
Guernsey,1878,0
Guernsey,1879,0
Guernsey,1880,0
Guernsey,1881,0
Guernsey,1882,0
Guernsey,1883,0
Guernsey,1884,0
Guernsey,1885,0
Guernsey,1886,0
Guernsey,1887,0
Guernsey,1888,0
Guernsey,1889,0
Guernsey,1890,0
Guernsey,1891,0
Guernsey,1892,0
Guernsey,1893,0
Guernsey,1894,0
Guernsey,1895,0
Guernsey,1896,0
Guernsey,1897,0
Guernsey,1898,0
Guernsey,1899,0
Guernsey,1900,0
Guernsey,1901,0
Guernsey,1902,0
Guernsey,1903,0
Guernsey,1904,0
Guernsey,1905,7
Guernsey,1906,10
Guernsey,1907,13
Guernsey,1908,16
Guernsey,1909,21
Guernsey,1910,23
Guernsey,1911,26
Guernsey,1912,38
Guernsey,1913,42
Guernsey,1914,48
Guernsey,1915,48
Guernsey,1916,48
Guernsey,1917,48
Guernsey,1918,48
Guernsey,1919,50
Guernsey,1920,51
Guernsey,1921,54
Guernsey,1922,67
Guernsey,1923,73
Guernsey,1924,74
Guernsey,1925,86
Guernsey,1926,87
Guernsey,1927,88
Guernsey,1928,93
Guernsey,1929,105
Guernsey,1930,108
Guernsey,1931,111
Guernsey,1932,117
Guernsey,1933,121
Guernsey,1934,125
Guernsey,1935,131
Guernsey,1936,133
Guernsey,1937,142
Guernsey,1938,149
Guernsey,1939,149
Guernsey,1940,149
Guernsey,1941,149
Guernsey,1942,149
Guernsey,1943,149
Guernsey,1944,149
Guernsey,1945,149
Guernsey,1946,149
Guernsey,1947,150
Guernsey,1948,156
Guernsey,1949,157
Guernsey,1950,162
Guernsey,1951,165
Guernsey,1952,175
Guernsey,1953,175
Guernsey,1954,182
Guernsey,1955,182
Guernsey,1956,187
Guernsey,1957,193
Guernsey,1958,202
Guernsey,1959,204
Guernsey,1960,210
Guernsey,1961,211
Guernsey,1962,218
Guernsey,1963,219
Guernsey,1964,222
Guernsey,1965,224
Guernsey,1966,238
Guernsey,1967,239
Guernsey,1968,242
Guernsey,1969,244
Guernsey,1970,249
Guernsey,1971,249
Guernsey,1972,257
Guernsey,1973,258
Guernsey,1974,266
Guernsey,1975,271
Guernsey,1976,277
Guernsey,1977,278
Guernsey,1978,292
Guernsey,1979,297
Guernsey,1980,304
Guernsey,1981,305
Guernsey,1982,311
Guernsey,1983,313
Guernsey,1984,321
Guernsey,1985,325
Guernsey,1986,334
Guernsey,1987,337
Guernsey,1988,343
Guernsey,1989,343
Guernsey,1990,348
Guernsey,1991,353
Guernsey,1992,365
Guernsey,1993,376
Guernsey,1994,377
Guernsey,1995,385
Guernsey,1996,387
Guernsey,1997,400
Guernsey,1998,401
Guernsey,1999,415
Guernsey,2000,417
Guernsey,2001,436
Guernsey,2002,437
Guernsey,2003,467
Guernsey,2004,467
Guernsey,2005,486
Guernsey,2006,488
Guernsey,2007,494
Guernsey,2008,495
Guernsey,2009,515
Guernsey,2010,516
Guernsey,2011,539
Guernsey,2012,548
Guernsey,2013,550
Guernsey,2014,558
Guernsey,2015,577
Guernsey,2016,578
Guernsey,2017,589
Guernsey,2018,591
Guernsey,2019,606
Guernsey,2020,606
Guernsey,2021,606
Guernsey,2022,609
Guernsey,2023,616
Guernsey,2024,616
Guernsey,2025,616
Guernsey,2026,616
Guinea,1872,0
Guinea,1873,0
Guinea,1874,0
Guinea,1875,0
Guinea,1876,0
Guinea,1877,0
Guinea,1878,0
Guinea,1879,0
Guinea,1880,0
Guinea,1881,0
Guinea,1882,0
Guinea,1883,0
Guinea,1884,0
Guinea,1885,0
Guinea,1886,0
Guinea,1887,0
Guinea,1888,0
Guinea,1889,0
Guinea,1890,0
Guinea,1891,0
Guinea,1892,0
Guinea,1893,0
Guinea,1894,0
Guinea,1895,0
Guinea,1896,0
Guinea,1897,0
Guinea,1898,0
Guinea,1899,0
Guinea,1900,0
Guinea,1901,0
Guinea,1902,0
Guinea,1903,0
Guinea,1904,0
Guinea,1905,0
Guinea,1906,0
Guinea,1907,0
Guinea,1908,0
Guinea,1909,0
Guinea,1910,0
Guinea,1911,0
Guinea,1912,0
Guinea,1913,0
Guinea,1914,0
Guinea,1915,0
Guinea,1916,0
Guinea,1917,0
Guinea,1918,0
Guinea,1919,0
Guinea,1920,0
Guinea,1921,0
Guinea,1922,0
Guinea,1923,0
Guinea,1924,0
Guinea,1925,0
Guinea,1926,0
Guinea,1927,0
Guinea,1928,0
Guinea,1929,0
Guinea,1930,0
Guinea,1931,0
Guinea,1932,0
Guinea,1933,0
Guinea,1934,0
Guinea,1935,0
Guinea,1936,0
Guinea,1937,0
Guinea,1938,0
Guinea,1939,0
Guinea,1940,0
Guinea,1941,0
Guinea,1942,0
Guinea,1943,0
Guinea,1944,0
Guinea,1945,0
Guinea,1946,0
Guinea,1947,0
Guinea,1948,0
Guinea,1949,0
Guinea,1950,0
Guinea,1951,0
Guinea,1952,0
Guinea,1953,0
Guinea,1954,0
Guinea,1955,0
Guinea,1956,0
Guinea,1957,0
Guinea,1958,0
Guinea,1959,0
Guinea,1960,0
Guinea,1961,0
Guinea,1962,3
Guinea,1963,11
Guinea,1964,13
Guinea,1965,23
Guinea,1966,35
Guinea,1967,46
Guinea,1968,58
Guinea,1969,76
Guinea,1970,98
Guinea,1971,120
Guinea,1972,131
Guinea,1973,151
Guinea,1974,160
Guinea,1975,176
Guinea,1976,199
Guinea,1977,215
Guinea,1978,215
Guinea,1979,233
Guinea,1980,249
Guinea,1981,260
Guinea,1982,268
Guinea,1983,278
Guinea,1984,289
Guinea,1985,298
Guinea,1986,305
Guinea,1987,309
Guinea,1988,320
Guinea,1989,328
Guinea,1990,330
Guinea,1991,333
Guinea,1992,339
Guinea,1993,354
Guinea,1994,365
Guinea,1995,381
Guinea,1996,390
Guinea,1997,408
Guinea,1998,413
Guinea,1999,416
Guinea,2000,435
Guinea,2001,436
Guinea,2002,440
Guinea,2003,452
Guinea,2004,470
Guinea,2005,485
Guinea,2006,496
Guinea,2007,511
Guinea,2008,538
Guinea,2009,549
Guinea,2010,557
Guinea,2011,568
Guinea,2012,582
Guinea,2013,593
Guinea,2014,607
Guinea,2015,622
Guinea,2016,627
Guinea,2017,640
Guinea,2018,645
Guinea,2019,656
Guinea,2020,660
Guinea,2021,671
Guinea,2022,677
Guinea,2023,690
Guinea,2024,718
Guinea,2025,728
Guinea,2026,730
Guinea-Bissau,1872,0
Guinea-Bissau,1873,0
Guinea-Bissau,1874,0
Guinea-Bissau,1875,0
Guinea-Bissau,1876,0
Guinea-Bissau,1877,0
Guinea-Bissau,1878,0
Guinea-Bissau,1879,0
Guinea-Bissau,1880,0
Guinea-Bissau,1881,0
Guinea-Bissau,1882,0
Guinea-Bissau,1883,0
Guinea-Bissau,1884,0
Guinea-Bissau,1885,0
Guinea-Bissau,1886,0
Guinea-Bissau,1887,0
Guinea-Bissau,1888,0
Guinea-Bissau,1889,0
Guinea-Bissau,1890,0
Guinea-Bissau,1891,0
Guinea-Bissau,1892,0
Guinea-Bissau,1893,0
Guinea-Bissau,1894,0
Guinea-Bissau,1895,0
Guinea-Bissau,1896,0
Guinea-Bissau,1897,0
Guinea-Bissau,1898,0
Guinea-Bissau,1899,0
Guinea-Bissau,1900,0
Guinea-Bissau,1901,0
Guinea-Bissau,1902,0
Guinea-Bissau,1903,0
Guinea-Bissau,1904,0
Guinea-Bissau,1905,0
Guinea-Bissau,1906,0
Guinea-Bissau,1907,0
Guinea-Bissau,1908,0
Guinea-Bissau,1909,0
Guinea-Bissau,1910,0
Guinea-Bissau,1911,0
Guinea-Bissau,1912,0
Guinea-Bissau,1913,0
Guinea-Bissau,1914,0
Guinea-Bissau,1915,0
Guinea-Bissau,1916,0
Guinea-Bissau,1917,0
Guinea-Bissau,1918,0
Guinea-Bissau,1919,0
Guinea-Bissau,1920,0
Guinea-Bissau,1921,0
Guinea-Bissau,1922,0
Guinea-Bissau,1923,0
Guinea-Bissau,1924,0
Guinea-Bissau,1925,0
Guinea-Bissau,1926,0
Guinea-Bissau,1927,0
Guinea-Bissau,1928,0
Guinea-Bissau,1929,0
Guinea-Bissau,1930,0
Guinea-Bissau,1931,0
Guinea-Bissau,1932,0
Guinea-Bissau,1933,0
Guinea-Bissau,1934,0
Guinea-Bissau,1935,0
Guinea-Bissau,1936,0
Guinea-Bissau,1937,0
Guinea-Bissau,1938,0
Guinea-Bissau,1939,0
Guinea-Bissau,1940,0
Guinea-Bissau,1941,0
Guinea-Bissau,1942,0
Guinea-Bissau,1943,0
Guinea-Bissau,1944,0
Guinea-Bissau,1945,0
Guinea-Bissau,1946,0
Guinea-Bissau,1947,0
Guinea-Bissau,1948,0
Guinea-Bissau,1949,0
Guinea-Bissau,1950,0
Guinea-Bissau,1951,0
Guinea-Bissau,1952,0
Guinea-Bissau,1953,4
Guinea-Bissau,1954,4
Guinea-Bissau,1955,4
Guinea-Bissau,1956,4
Guinea-Bissau,1957,4
Guinea-Bissau,1958,4
Guinea-Bissau,1959,4
Guinea-Bissau,1960,11
Guinea-Bissau,1961,11
Guinea-Bissau,1962,11
Guinea-Bissau,1963,11
Guinea-Bissau,1964,11
Guinea-Bissau,1965,11
Guinea-Bissau,1966,11
Guinea-Bissau,1967,11
Guinea-Bissau,1968,11
Guinea-Bissau,1969,11
Guinea-Bissau,1970,11
Guinea-Bissau,1971,11
Guinea-Bissau,1972,11
Guinea-Bissau,1973,11
Guinea-Bissau,1974,11
Guinea-Bissau,1975,12
Guinea-Bissau,1976,14
Guinea-Bissau,1977,15
Guinea-Bissau,1978,15
Guinea-Bissau,1979,21
Guinea-Bissau,1980,24
Guinea-Bissau,1981,28
Guinea-Bissau,1982,29
Guinea-Bissau,1983,38
Guinea-Bissau,1984,43
Guinea-Bissau,1985,44
Guinea-Bissau,1986,47
Guinea-Bissau,1987,50
Guinea-Bissau,1988,54
Guinea-Bissau,1989,58
Guinea-Bissau,1990,59
Guinea-Bissau,1991,64
Guinea-Bissau,1992,69
Guinea-Bissau,1993,73
Guinea-Bissau,1994,73
Guinea-Bissau,1995,77
Guinea-Bissau,1996,81
Guinea-Bissau,1997,83
Guinea-Bissau,1998,83
Guinea-Bissau,1999,83
Guinea-Bissau,2000,87
Guinea-Bissau,2001,96
Guinea-Bissau,2002,96
Guinea-Bissau,2003,97
Guinea-Bissau,2004,97
Guinea-Bissau,2005,100
Guinea-Bissau,2006,100
Guinea-Bissau,2007,103
Guinea-Bissau,2008,103
Guinea-Bissau,2009,103
Guinea-Bissau,2010,105
Guinea-Bissau,2011,114
Guinea-Bissau,2012,114
Guinea-Bissau,2013,114
Guinea-Bissau,2014,118
Guinea-Bissau,2015,122
Guinea-Bissau,2016,127
Guinea-Bissau,2017,131
Guinea-Bissau,2018,136
Guinea-Bissau,2019,144
Guinea-Bissau,2020,144
Guinea-Bissau,2021,155
Guinea-Bissau,2022,168
Guinea-Bissau,2023,174
Guinea-Bissau,2024,183
Guinea-Bissau,2025,188
Guinea-Bissau,2026,189
Guyana,1872,0
Guyana,1873,0
Guyana,1874,0
Guyana,1875,0
Guyana,1876,0
Guyana,1877,0
Guyana,1878,0
Guyana,1879,0
Guyana,1880,0
Guyana,1881,0
Guyana,1882,0
Guyana,1883,0
Guyana,1884,0
Guyana,1885,0
Guyana,1886,0
Guyana,1887,0
Guyana,1888,0
Guyana,1889,0
Guyana,1890,0
Guyana,1891,0
Guyana,1892,0
Guyana,1893,0
Guyana,1894,0
Guyana,1895,0
Guyana,1896,0
Guyana,1897,0
Guyana,1898,0
Guyana,1899,0
Guyana,1900,0
Guyana,1901,0
Guyana,1902,0
Guyana,1903,0
Guyana,1904,0
Guyana,1905,1
Guyana,1906,1
Guyana,1907,1
Guyana,1908,1
Guyana,1909,1
Guyana,1910,1
Guyana,1911,1
Guyana,1912,1
Guyana,1913,1
Guyana,1914,1
Guyana,1915,1
Guyana,1916,1
Guyana,1917,1
Guyana,1918,1
Guyana,1919,1
Guyana,1920,1
Guyana,1921,3
Guyana,1922,3
Guyana,1923,4
Guyana,1924,4
Guyana,1925,4
Guyana,1926,4
Guyana,1927,4
Guyana,1928,5
Guyana,1929,9
Guyana,1930,9
Guyana,1931,27
Guyana,1932,32
Guyana,1933,40
Guyana,1934,40
Guyana,1935,40
Guyana,1936,40
Guyana,1937,42
Guyana,1938,43
Guyana,1939,43
Guyana,1940,43
Guyana,1941,43
Guyana,1942,43
Guyana,1943,45
Guyana,1944,50
Guyana,1945,52
Guyana,1946,55
Guyana,1947,59
Guyana,1948,61
Guyana,1949,61
Guyana,1950,66
Guyana,1951,67
Guyana,1952,67
Guyana,1953,67
Guyana,1954,67
Guyana,1955,67
Guyana,1956,71
Guyana,1957,71
Guyana,1958,71
Guyana,1959,75
Guyana,1960,75
Guyana,1961,75
Guyana,1962,75
Guyana,1963,75
Guyana,1964,80
Guyana,1965,80
Guyana,1966,80
Guyana,1967,82
Guyana,1968,82
Guyana,1969,82
Guyana,1970,84
Guyana,1971,87
Guyana,1972,87
Guyana,1973,91
Guyana,1974,91
Guyana,1975,91
Guyana,1976,93
Guyana,1977,99
Guyana,1978,101
Guyana,1979,101
Guyana,1980,110
Guyana,1981,110
Guyana,1982,110
Guyana,1983,113
Guyana,1984,120
Guyana,1985,124
Guyana,1986,126
Guyana,1987,136
Guyana,1988,136
Guyana,1989,136
Guyana,1990,137
Guyana,1991,147
Guyana,1992,150
Guyana,1993,153
Guyana,1994,154
Guyana,1995,154
Guyana,1996,158
Guyana,1997,163
Guyana,1998,177
Guyana,1999,180
Guyana,2000,180
Guyana,2001,184
Guyana,2002,187
Guyana,2003,187
Guyana,2004,190
Guyana,2005,199
Guyana,2006,234
Guyana,2007,238
Guyana,2008,248
Guyana,2009,253
Guyana,2010,262
Guyana,2011,278
Guyana,2012,297
Guyana,2013,297
Guyana,2014,297
Guyana,2015,305
Guyana,2016,318
Guyana,2017,320
Guyana,2018,332
Guyana,2019,349
Guyana,2020,349
Guyana,2021,353
Guyana,2022,366
Guyana,2023,389
Guyana,2024,411
Guyana,2025,423
Guyana,2026,428
Găgăuzia,1872,0
Găgăuzia,1873,0
Găgăuzia,1874,0
Găgăuzia,1875,0
Găgăuzia,1876,0
Găgăuzia,1877,0
Găgăuzia,1878,0
Găgăuzia,1879,0
Găgăuzia,1880,0
Găgăuzia,1881,0
Găgăuzia,1882,0
Găgăuzia,1883,0
Găgăuzia,1884,0
Găgăuzia,1885,0
Găgăuzia,1886,0
Găgăuzia,1887,0
Găgăuzia,1888,0
Găgăuzia,1889,0
Găgăuzia,1890,0
Găgăuzia,1891,0
Găgăuzia,1892,0
Găgăuzia,1893,0
Găgăuzia,1894,0
Găgăuzia,1895,0
Găgăuzia,1896,0
Găgăuzia,1897,0
Găgăuzia,1898,0
Găgăuzia,1899,0
Găgăuzia,1900,0
Găgăuzia,1901,0
Găgăuzia,1902,0
Găgăuzia,1903,0
Găgăuzia,1904,0
Găgăuzia,1905,0
Găgăuzia,1906,0
Găgăuzia,1907,0
Găgăuzia,1908,0
Găgăuzia,1909,0
Găgăuzia,1910,0
Găgăuzia,1911,0
Găgăuzia,1912,0
Găgăuzia,1913,0
Găgăuzia,1914,0
Găgăuzia,1915,0
Găgăuzia,1916,0
Găgăuzia,1917,0
Găgăuzia,1918,0
Găgăuzia,1919,0
Găgăuzia,1920,0
Găgăuzia,1921,0
Găgăuzia,1922,0
Găgăuzia,1923,0
Găgăuzia,1924,0
Găgăuzia,1925,0
Găgăuzia,1926,0
Găgăuzia,1927,0
Găgăuzia,1928,0
Găgăuzia,1929,0
Găgăuzia,1930,0
Găgăuzia,1931,0
Găgăuzia,1932,0
Găgăuzia,1933,0
Găgăuzia,1934,0
Găgăuzia,1935,0
Găgăuzia,1936,0
Găgăuzia,1937,0
Găgăuzia,1938,0
Găgăuzia,1939,0
Găgăuzia,1940,0
Găgăuzia,1941,0
Găgăuzia,1942,0
Găgăuzia,1943,0
Găgăuzia,1944,0
Găgăuzia,1945,0
Găgăuzia,1946,0
Găgăuzia,1947,0
Găgăuzia,1948,0
Găgăuzia,1949,0
Găgăuzia,1950,0
Găgăuzia,1951,0
Găgăuzia,1952,0
Găgăuzia,1953,0
Găgăuzia,1954,0
Găgăuzia,1955,0
Găgăuzia,1956,0
Găgăuzia,1957,0
Găgăuzia,1958,0
Găgăuzia,1959,0
Găgăuzia,1960,0
Găgăuzia,1961,0
Găgăuzia,1962,0
Găgăuzia,1963,0
Găgăuzia,1964,0
Găgăuzia,1965,0
Găgăuzia,1966,0
Găgăuzia,1967,0
Găgăuzia,1968,0
Găgăuzia,1969,0
Găgăuzia,1970,0
Găgăuzia,1971,0
Găgăuzia,1972,0
Găgăuzia,1973,0
Găgăuzia,1974,0
Găgăuzia,1975,0
Găgăuzia,1976,0
Găgăuzia,1977,0
Găgăuzia,1978,0
Găgăuzia,1979,0
Găgăuzia,1980,0
Găgăuzia,1981,0
Găgăuzia,1982,0
Găgăuzia,1983,0
Găgăuzia,1984,0
Găgăuzia,1985,0
Găgăuzia,1986,0
Găgăuzia,1987,0
Găgăuzia,1988,0
Găgăuzia,1989,0
Găgăuzia,1990,0
Găgăuzia,1991,0
Găgăuzia,1992,0
Găgăuzia,1993,0
Găgăuzia,1994,0
Găgăuzia,1995,0
Găgăuzia,1996,0
Găgăuzia,1997,0
Găgăuzia,1998,0
Găgăuzia,1999,0
Găgăuzia,2000,0
Găgăuzia,2001,0
Găgăuzia,2002,0
Găgăuzia,2003,0
Găgăuzia,2004,0
Găgăuzia,2005,0
Găgăuzia,2006,2
Găgăuzia,2007,2
Găgăuzia,2008,2
Găgăuzia,2009,2
Găgăuzia,2010,2
Găgăuzia,2011,2
Găgăuzia,2012,2
Găgăuzia,2013,2
Găgăuzia,2014,2
Găgăuzia,2015,2
Găgăuzia,2016,2
Găgăuzia,2017,2
Găgăuzia,2018,2
Găgăuzia,2019,2
Găgăuzia,2020,2
Găgăuzia,2021,2
Găgăuzia,2022,2
Găgăuzia,2023,2
Găgăuzia,2024,2
Găgăuzia,2025,2
Găgăuzia,2026,2
Haiti,1872,0
Haiti,1873,0
Haiti,1874,0
Haiti,1875,0
Haiti,1876,0
Haiti,1877,0
Haiti,1878,0
Haiti,1879,0
Haiti,1880,0
Haiti,1881,0
Haiti,1882,0
Haiti,1883,0
Haiti,1884,0
Haiti,1885,0
Haiti,1886,0
Haiti,1887,0
Haiti,1888,0
Haiti,1889,0
Haiti,1890,0
Haiti,1891,0
Haiti,1892,0
Haiti,1893,0
Haiti,1894,0
Haiti,1895,0
Haiti,1896,0
Haiti,1897,0
Haiti,1898,0
Haiti,1899,0
Haiti,1900,0
Haiti,1901,0
Haiti,1902,0
Haiti,1903,0
Haiti,1904,0
Haiti,1905,0
Haiti,1906,0
Haiti,1907,0
Haiti,1908,0
Haiti,1909,0
Haiti,1910,0
Haiti,1911,0
Haiti,1912,0
Haiti,1913,0
Haiti,1914,0
Haiti,1915,0
Haiti,1916,0
Haiti,1917,0
Haiti,1918,0
Haiti,1919,0
Haiti,1920,0
Haiti,1921,0
Haiti,1922,0
Haiti,1923,0
Haiti,1924,0
Haiti,1925,1
Haiti,1926,6
Haiti,1927,6
Haiti,1928,6
Haiti,1929,6
Haiti,1930,6
Haiti,1931,6
Haiti,1932,10
Haiti,1933,10
Haiti,1934,12
Haiti,1935,12
Haiti,1936,12
Haiti,1937,12
Haiti,1938,21
Haiti,1939,26
Haiti,1940,26
Haiti,1941,26
Haiti,1942,26
Haiti,1943,26
Haiti,1944,27
Haiti,1945,27
Haiti,1946,27
Haiti,1947,27
Haiti,1948,29
Haiti,1949,43
Haiti,1950,44
Haiti,1951,48
Haiti,1952,60
Haiti,1953,65
Haiti,1954,67
Haiti,1955,67
Haiti,1956,76
Haiti,1957,85
Haiti,1958,85
Haiti,1959,85
Haiti,1960,85
Haiti,1961,98
Haiti,1962,110
Haiti,1963,115
Haiti,1964,115
Haiti,1965,118
Haiti,1966,129
Haiti,1967,141
Haiti,1968,158
Haiti,1969,170
Haiti,1970,171
Haiti,1971,190
Haiti,1972,216
Haiti,1973,246
Haiti,1974,251
Haiti,1975,259
Haiti,1976,278
Haiti,1977,287
Haiti,1978,292
Haiti,1979,307
Haiti,1980,316
Haiti,1981,318
Haiti,1982,318
Haiti,1983,318
Haiti,1984,324
Haiti,1985,324
Haiti,1986,324
Haiti,1987,324
Haiti,1988,324
Haiti,1989,324
Haiti,1990,324
Haiti,1991,330
Haiti,1992,333
Haiti,1993,333
Haiti,1994,338
Haiti,1995,338
Haiti,1996,354
Haiti,1997,359
Haiti,1998,378
Haiti,1999,400
Haiti,2000,432
Haiti,2001,465
Haiti,2002,475
Haiti,2003,493
Haiti,2004,524
Haiti,2005,531
Haiti,2006,546
Haiti,2007,573
Haiti,2008,590
Haiti,2009,598
Haiti,2010,599
Haiti,2011,620
Haiti,2012,639
Haiti,2013,646
Haiti,2014,655
Haiti,2015,665
Haiti,2016,673
Haiti,2017,684
Haiti,2018,701
Haiti,2019,717
Haiti,2020,717
Haiti,2021,746
Haiti,2022,762
Haiti,2023,778
Haiti,2024,812
Haiti,2025,832
Haiti,2026,840
Hitra,1872,0
Hitra,1873,0
Hitra,1874,0
Hitra,1875,0
Hitra,1876,0
Hitra,1877,0
Hitra,1878,0
Hitra,1879,0
Hitra,1880,0
Hitra,1881,0
Hitra,1882,0
Hitra,1883,0
Hitra,1884,0
Hitra,1885,0
Hitra,1886,0
Hitra,1887,0
Hitra,1888,0
Hitra,1889,0
Hitra,1890,0
Hitra,1891,0
Hitra,1892,0
Hitra,1893,0
Hitra,1894,0
Hitra,1895,0
Hitra,1896,0
Hitra,1897,0
Hitra,1898,0
Hitra,1899,0
Hitra,1900,0
Hitra,1901,0
Hitra,1902,0
Hitra,1903,0
Hitra,1904,0
Hitra,1905,0
Hitra,1906,0
Hitra,1907,0
Hitra,1908,0
Hitra,1909,0
Hitra,1910,0
Hitra,1911,0
Hitra,1912,0
Hitra,1913,0
Hitra,1914,0
Hitra,1915,0
Hitra,1916,0
Hitra,1917,0
Hitra,1918,0
Hitra,1919,0
Hitra,1920,0
Hitra,1921,0
Hitra,1922,0
Hitra,1923,0
Hitra,1924,0
Hitra,1925,0
Hitra,1926,0
Hitra,1927,0
Hitra,1928,0
Hitra,1929,0
Hitra,1930,0
Hitra,1931,0
Hitra,1932,0
Hitra,1933,0
Hitra,1934,0
Hitra,1935,0
Hitra,1936,0
Hitra,1937,0
Hitra,1938,0
Hitra,1939,0
Hitra,1940,0
Hitra,1941,0
Hitra,1942,0
Hitra,1943,0
Hitra,1944,0
Hitra,1945,0
Hitra,1946,0
Hitra,1947,0
Hitra,1948,0
Hitra,1949,0
Hitra,1950,0
Hitra,1951,0
Hitra,1952,0
Hitra,1953,0
Hitra,1954,0
Hitra,1955,0
Hitra,1956,0
Hitra,1957,0
Hitra,1958,0
Hitra,1959,0
Hitra,1960,0
Hitra,1961,0
Hitra,1962,0
Hitra,1963,0
Hitra,1964,0
Hitra,1965,0
Hitra,1966,0
Hitra,1967,0
Hitra,1968,0
Hitra,1969,0
Hitra,1970,0
Hitra,1971,0
Hitra,1972,0
Hitra,1973,0
Hitra,1974,0
Hitra,1975,0
Hitra,1976,0
Hitra,1977,0
Hitra,1978,0
Hitra,1979,0
Hitra,1980,0
Hitra,1981,0
Hitra,1982,0
Hitra,1983,0
Hitra,1984,0
Hitra,1985,0
Hitra,1986,0
Hitra,1987,0
Hitra,1988,0
Hitra,1989,0
Hitra,1990,0
Hitra,1991,0
Hitra,1992,0
Hitra,1993,0
Hitra,1994,0
Hitra,1995,0
Hitra,1996,0
Hitra,1997,2
Hitra,1998,2
Hitra,1999,6
Hitra,2000,6
Hitra,2001,6
Hitra,2002,6
Hitra,2003,6
Hitra,2004,6
Hitra,2005,6
Hitra,2006,6
Hitra,2007,6
Hitra,2008,6
Hitra,2009,6
Hitra,2010,6
Hitra,2011,6
Hitra,2012,6
Hitra,2013,6
Hitra,2014,6
Hitra,2015,14
Hitra,2016,14
Hitra,2017,18
Hitra,2018,18
Hitra,2019,24
Hitra,2020,24
Hitra,2021,24
Hitra,2022,24
Hitra,2023,24
Hitra,2024,24
Hitra,2025,37
Hitra,2026,37
Hmong,1872,0
Hmong,1873,0
Hmong,1874,0
Hmong,1875,0
Hmong,1876,0
Hmong,1877,0
Hmong,1878,0
Hmong,1879,0
Hmong,1880,0
Hmong,1881,0
Hmong,1882,0
Hmong,1883,0
Hmong,1884,0
Hmong,1885,0
Hmong,1886,0
Hmong,1887,0
Hmong,1888,0
Hmong,1889,0
Hmong,1890,0
Hmong,1891,0
Hmong,1892,0
Hmong,1893,0
Hmong,1894,0
Hmong,1895,0
Hmong,1896,0
Hmong,1897,0
Hmong,1898,0
Hmong,1899,0
Hmong,1900,0
Hmong,1901,0
Hmong,1902,0
Hmong,1903,0
Hmong,1904,0
Hmong,1905,0
Hmong,1906,0
Hmong,1907,0
Hmong,1908,0
Hmong,1909,0
Hmong,1910,0
Hmong,1911,0
Hmong,1912,0
Hmong,1913,0
Hmong,1914,0
Hmong,1915,0
Hmong,1916,0
Hmong,1917,0
Hmong,1918,0
Hmong,1919,0
Hmong,1920,0
Hmong,1921,0
Hmong,1922,0
Hmong,1923,0
Hmong,1924,0
Hmong,1925,0
Hmong,1926,0
Hmong,1927,0
Hmong,1928,0
Hmong,1929,0
Hmong,1930,0
Hmong,1931,0
Hmong,1932,0
Hmong,1933,0
Hmong,1934,0
Hmong,1935,0
Hmong,1936,0
Hmong,1937,0
Hmong,1938,0
Hmong,1939,0
Hmong,1940,0
Hmong,1941,0
Hmong,1942,0
Hmong,1943,0
Hmong,1944,0
Hmong,1945,0
Hmong,1946,0
Hmong,1947,0
Hmong,1948,0
Hmong,1949,0
Hmong,1950,0
Hmong,1951,0
Hmong,1952,0
Hmong,1953,0
Hmong,1954,0
Hmong,1955,0
Hmong,1956,0
Hmong,1957,0
Hmong,1958,0
Hmong,1959,0
Hmong,1960,0
Hmong,1961,0
Hmong,1962,0
Hmong,1963,0
Hmong,1964,0
Hmong,1965,0
Hmong,1966,0
Hmong,1967,0
Hmong,1968,0
Hmong,1969,0
Hmong,1970,0
Hmong,1971,0
Hmong,1972,0
Hmong,1973,0
Hmong,1974,0
Hmong,1975,0
Hmong,1976,0
Hmong,1977,0
Hmong,1978,0
Hmong,1979,0
Hmong,1980,0
Hmong,1981,0
Hmong,1982,0
Hmong,1983,0
Hmong,1984,0
Hmong,1985,0
Hmong,1986,0
Hmong,1987,0
Hmong,1988,0
Hmong,1989,0
Hmong,1990,0
Hmong,1991,0
Hmong,1992,0
Hmong,1993,0
Hmong,1994,0
Hmong,1995,0
Hmong,1996,0
Hmong,1997,0
Hmong,1998,0
Hmong,1999,0
Hmong,2000,0
Hmong,2001,0
Hmong,2002,0
Hmong,2003,0
Hmong,2004,0
Hmong,2005,0
Hmong,2006,0
Hmong,2007,0
Hmong,2008,0
Hmong,2009,0
Hmong,2010,0
Hmong,2011,0
Hmong,2012,0
Hmong,2013,0
Hmong,2014,0
Hmong,2015,0
Hmong,2016,0
Hmong,2017,0
Hmong,2018,0
Hmong,2019,0
Hmong,2020,0
Hmong,2021,0
Hmong,2022,0
Hmong,2023,6
Hmong,2024,6
Hmong,2025,6
Hmong,2026,6
Honduras,1872,0
Honduras,1873,0
Honduras,1874,0
Honduras,1875,0
Honduras,1876,0
Honduras,1877,0
Honduras,1878,0
Honduras,1879,0
Honduras,1880,0
Honduras,1881,0
Honduras,1882,0
Honduras,1883,0
Honduras,1884,0
Honduras,1885,0
Honduras,1886,0
Honduras,1887,0
Honduras,1888,0
Honduras,1889,0
Honduras,1890,0
Honduras,1891,0
Honduras,1892,0
Honduras,1893,0
Honduras,1894,0
Honduras,1895,0
Honduras,1896,0
Honduras,1897,0
Honduras,1898,0
Honduras,1899,0
Honduras,1900,0
Honduras,1901,0
Honduras,1902,0
Honduras,1903,0
Honduras,1904,0
Honduras,1905,0
Honduras,1906,0
Honduras,1907,0
Honduras,1908,0
Honduras,1909,0
Honduras,1910,0
Honduras,1911,0
Honduras,1912,0
Honduras,1913,0
Honduras,1914,0
Honduras,1915,0
Honduras,1916,0
Honduras,1917,0
Honduras,1918,0
Honduras,1919,0
Honduras,1920,0
Honduras,1921,0
Honduras,1922,0
Honduras,1923,0
Honduras,1924,0
Honduras,1925,0
Honduras,1926,0
Honduras,1927,1
Honduras,1928,1
Honduras,1929,1
Honduras,1930,10
Honduras,1931,10
Honduras,1932,10
Honduras,1933,10
Honduras,1934,10
Honduras,1935,16
Honduras,1936,16
Honduras,1937,18
Honduras,1938,18
Honduras,1939,18
Honduras,1940,18
Honduras,1941,18
Honduras,1942,18
Honduras,1943,18
Honduras,1944,18
Honduras,1945,18
Honduras,1946,35
Honduras,1947,35
Honduras,1948,35
Honduras,1949,35
Honduras,1950,35
Honduras,1951,35
Honduras,1952,35
Honduras,1953,48
Honduras,1954,48
Honduras,1955,58
Honduras,1956,58
Honduras,1957,61
Honduras,1958,61
Honduras,1959,62
Honduras,1960,68
Honduras,1961,74
Honduras,1962,74
Honduras,1963,85
Honduras,1964,85
Honduras,1965,88
Honduras,1966,88
Honduras,1967,94
Honduras,1968,102
Honduras,1969,105
Honduras,1970,106
Honduras,1971,113
Honduras,1972,118
Honduras,1973,124
Honduras,1974,124
Honduras,1975,124
Honduras,1976,124
Honduras,1977,125
Honduras,1978,125
Honduras,1979,125
Honduras,1980,151
Honduras,1981,159
Honduras,1982,165
Honduras,1983,171
Honduras,1984,179
Honduras,1985,191
Honduras,1986,192
Honduras,1987,196
Honduras,1988,199
Honduras,1989,199
Honduras,1990,199
Honduras,1991,216
Honduras,1992,258
Honduras,1993,284
Honduras,1994,290
Honduras,1995,299
Honduras,1996,337
Honduras,1997,347
Honduras,1998,357
Honduras,1999,381
Honduras,2000,442
Honduras,2001,482
Honduras,2002,491
Honduras,2003,510
Honduras,2004,535
Honduras,2005,561
Honduras,2006,569
Honduras,2007,603
Honduras,2008,628
Honduras,2009,667
Honduras,2010,680
Honduras,2011,705
Honduras,2012,721
Honduras,2013,744
Honduras,2014,748
Honduras,2015,765
Honduras,2016,777
Honduras,2017,798
Honduras,2018,801
Honduras,2019,822
Honduras,2020,824
Honduras,2021,840
Honduras,2022,849
Honduras,2023,864
Honduras,2024,886
Honduras,2025,907
Honduras,2026,909
Hong Kong,1872,0
Hong Kong,1873,0
Hong Kong,1874,0
Hong Kong,1875,0
Hong Kong,1876,0
Hong Kong,1877,0
Hong Kong,1878,0
Hong Kong,1879,0
Hong Kong,1880,0
Hong Kong,1881,0
Hong Kong,1882,0
Hong Kong,1883,0
Hong Kong,1884,0
Hong Kong,1885,0
Hong Kong,1886,0
Hong Kong,1887,0
Hong Kong,1888,0
Hong Kong,1889,0
Hong Kong,1890,0
Hong Kong,1891,0
Hong Kong,1892,0
Hong Kong,1893,0
Hong Kong,1894,0
Hong Kong,1895,0
Hong Kong,1896,0
Hong Kong,1897,0
Hong Kong,1898,0
Hong Kong,1899,0
Hong Kong,1900,0
Hong Kong,1901,0
Hong Kong,1902,0
Hong Kong,1903,0
Hong Kong,1904,0
Hong Kong,1905,0
Hong Kong,1906,0
Hong Kong,1907,0
Hong Kong,1908,0
Hong Kong,1909,0
Hong Kong,1910,0
Hong Kong,1911,0
Hong Kong,1912,0
Hong Kong,1913,0
Hong Kong,1914,0
Hong Kong,1915,0
Hong Kong,1916,0
Hong Kong,1917,0
Hong Kong,1918,0
Hong Kong,1919,0
Hong Kong,1920,0
Hong Kong,1921,0
Hong Kong,1922,0
Hong Kong,1923,0
Hong Kong,1924,0
Hong Kong,1925,0
Hong Kong,1926,0
Hong Kong,1927,0
Hong Kong,1928,0
Hong Kong,1929,0
Hong Kong,1930,0
Hong Kong,1931,0
Hong Kong,1932,0
Hong Kong,1933,0
Hong Kong,1934,0
Hong Kong,1935,0
Hong Kong,1936,0
Hong Kong,1937,0
Hong Kong,1938,0
Hong Kong,1939,0
Hong Kong,1940,0
Hong Kong,1941,0
Hong Kong,1942,0
Hong Kong,1943,0
Hong Kong,1944,0
Hong Kong,1945,0
Hong Kong,1946,0
Hong Kong,1947,0
Hong Kong,1948,0
Hong Kong,1949,0
Hong Kong,1950,0
Hong Kong,1951,0
Hong Kong,1952,0
Hong Kong,1953,4
Hong Kong,1954,13
Hong Kong,1955,13
Hong Kong,1956,21
Hong Kong,1957,21
Hong Kong,1958,42
Hong Kong,1959,52
Hong Kong,1960,52
Hong Kong,1961,55
Hong Kong,1962,61
Hong Kong,1963,75
Hong Kong,1964,78
Hong Kong,1965,91
Hong Kong,1966,93
Hong Kong,1967,104
Hong Kong,1968,109
Hong Kong,1969,109
Hong Kong,1970,131
Hong Kong,1971,146
Hong Kong,1972,161
Hong Kong,1973,165
Hong Kong,1974,171
Hong Kong,1975,192
Hong Kong,1976,193
Hong Kong,1977,214
Hong Kong,1978,218
Hong Kong,1979,218
Hong Kong,1980,225
Hong Kong,1981,228
Hong Kong,1982,228
Hong Kong,1983,230
Hong Kong,1984,234
Hong Kong,1985,258
Hong Kong,1986,263
Hong Kong,1987,268
Hong Kong,1988,270
Hong Kong,1989,277
Hong Kong,1990,280
Hong Kong,1991,282
Hong Kong,1992,285
Hong Kong,1993,296
Hong Kong,1994,302
Hong Kong,1995,305
Hong Kong,1996,317
Hong Kong,1997,320
Hong Kong,1998,322
Hong Kong,1999,333
Hong Kong,2000,337
Hong Kong,2001,342
Hong Kong,2002,342
Hong Kong,2003,381
Hong Kong,2004,388
Hong Kong,2005,418
Hong Kong,2006,427
Hong Kong,2007,456
Hong Kong,2008,466
Hong Kong,2009,481
Hong Kong,2010,482
Hong Kong,2011,497
Hong Kong,2012,509
Hong Kong,2013,511
Hong Kong,2014,516
Hong Kong,2015,537
Hong Kong,2016,554
Hong Kong,2017,563
Hong Kong,2018,571
Hong Kong,2019,574
Hong Kong,2020,574
Hong Kong,2021,575
Hong Kong,2022,582
Hong Kong,2023,600
Hong Kong,2024,627
Hong Kong,2025,646
Hong Kong,2026,648
Hungary,1872,0
Hungary,1873,0
Hungary,1874,0
Hungary,1875,0
Hungary,1876,0
Hungary,1877,0
Hungary,1878,0
Hungary,1879,0
Hungary,1880,0
Hungary,1881,0
Hungary,1882,0
Hungary,1883,0
Hungary,1884,0
Hungary,1885,0
Hungary,1886,0
Hungary,1887,0
Hungary,1888,0
Hungary,1889,0
Hungary,1890,0
Hungary,1891,0
Hungary,1892,0
Hungary,1893,0
Hungary,1894,0
Hungary,1895,0
Hungary,1896,0
Hungary,1897,0
Hungary,1898,0
Hungary,1899,0
Hungary,1900,0
Hungary,1901,0
Hungary,1902,0
Hungary,1903,7
Hungary,1904,14
Hungary,1905,14
Hungary,1906,22
Hungary,1907,35
Hungary,1908,45
Hungary,1909,59
Hungary,1910,69
Hungary,1911,89
Hungary,1912,133
Hungary,1913,143
Hungary,1914,153
Hungary,1915,165
Hungary,1916,173
Hungary,1917,188
Hungary,1918,197
Hungary,1919,202
Hungary,1920,205
Hungary,1921,214
Hungary,1922,228
Hungary,1923,241
Hungary,1924,267
Hungary,1925,280
Hungary,1926,299
Hungary,1927,322
Hungary,1928,337
Hungary,1929,347
Hungary,1930,365
Hungary,1931,386
Hungary,1932,401
Hungary,1933,413
Hungary,1934,444
Hungary,1935,465
Hungary,1936,491
Hungary,1937,511
Hungary,1938,548
Hungary,1939,567
Hungary,1940,579
Hungary,1941,582
Hungary,1942,589
Hungary,1943,604
Hungary,1944,604
Hungary,1945,618
Hungary,1946,629
Hungary,1947,657
Hungary,1948,690
Hungary,1949,723
Hungary,1950,753
Hungary,1951,769
Hungary,1952,796
Hungary,1953,821
Hungary,1954,880
Hungary,1955,933
Hungary,1956,960
Hungary,1957,975
Hungary,1958,998
Hungary,1959,1023
Hungary,1960,1036
Hungary,1961,1060
Hungary,1962,1083
Hungary,1963,1101
Hungary,1964,1116
Hungary,1965,1129
Hungary,1966,1156
Hungary,1967,1176
Hungary,1968,1178
Hungary,1969,1201
Hungary,1970,1212
Hungary,1971,1227
Hungary,1972,1238
Hungary,1973,1247
Hungary,1974,1258
Hungary,1975,1274
Hungary,1976,1290
Hungary,1977,1323
Hungary,1978,1333
Hungary,1979,1345
Hungary,1980,1362
Hungary,1981,1378
Hungary,1982,1402
Hungary,1983,1423
Hungary,1984,1444
Hungary,1985,1457
Hungary,1986,1466
Hungary,1987,1478
Hungary,1988,1490
Hungary,1989,1499
Hungary,1990,1517
Hungary,1991,1535
Hungary,1992,1552
Hungary,1993,1559
Hungary,1994,1571
Hungary,1995,1579
Hungary,1996,1587
Hungary,1997,1602
Hungary,1998,1618
Hungary,1999,1629
Hungary,2000,1644
Hungary,2001,1659
Hungary,2002,1672
Hungary,2003,1689
Hungary,2004,1713
Hungary,2005,1727
Hungary,2006,1738
Hungary,2007,1752
Hungary,2008,1766
Hungary,2009,1772
Hungary,2010,1789
Hungary,2011,1812
Hungary,2012,1826
Hungary,2013,1840
Hungary,2014,1852
Hungary,2015,1866
Hungary,2016,1881
Hungary,2017,1889
Hungary,2018,1902
Hungary,2019,1912
Hungary,2020,1924
Hungary,2021,1947
Hungary,2022,1960
Hungary,2023,1978
Hungary,2024,1991
Hungary,2025,2005
Hungary,2026,2011
Iceland,1872,0
Iceland,1873,0
Iceland,1874,0
Iceland,1875,0
Iceland,1876,0
Iceland,1877,0
Iceland,1878,0
Iceland,1879,0
Iceland,1880,0
Iceland,1881,0
Iceland,1882,0
Iceland,1883,0
Iceland,1884,0
Iceland,1885,0
Iceland,1886,0
Iceland,1887,0
Iceland,1888,0
Iceland,1889,0
Iceland,1890,0
Iceland,1891,0
Iceland,1892,0
Iceland,1893,0
Iceland,1894,0
Iceland,1895,0
Iceland,1896,0
Iceland,1897,0
Iceland,1898,0
Iceland,1899,0
Iceland,1900,0
Iceland,1901,0
Iceland,1902,0
Iceland,1903,0
Iceland,1904,0
Iceland,1905,0
Iceland,1906,0
Iceland,1907,0
Iceland,1908,0
Iceland,1909,0
Iceland,1910,0
Iceland,1911,0
Iceland,1912,0
Iceland,1913,0
Iceland,1914,0
Iceland,1915,0
Iceland,1916,0
Iceland,1917,0
Iceland,1918,0
Iceland,1919,0
Iceland,1920,0
Iceland,1921,0
Iceland,1922,0
Iceland,1923,0
Iceland,1924,0
Iceland,1925,0
Iceland,1926,0
Iceland,1927,0
Iceland,1928,0
Iceland,1929,0
Iceland,1930,0
Iceland,1931,0
Iceland,1932,0
Iceland,1933,0
Iceland,1934,0
Iceland,1935,0
Iceland,1936,0
Iceland,1937,0
Iceland,1938,0
Iceland,1939,0
Iceland,1940,0
Iceland,1941,0
Iceland,1942,0
Iceland,1943,0
Iceland,1944,0
Iceland,1945,0
Iceland,1946,0
Iceland,1947,2
Iceland,1948,4
Iceland,1949,5
Iceland,1950,5
Iceland,1951,10
Iceland,1952,10
Iceland,1953,11
Iceland,1954,14
Iceland,1955,17
Iceland,1956,18
Iceland,1957,26
Iceland,1958,26
Iceland,1959,26
Iceland,1960,26
Iceland,1961,26
Iceland,1962,30
Iceland,1963,30
Iceland,1964,34
Iceland,1965,35
Iceland,1966,35
Iceland,1967,37
Iceland,1968,37
Iceland,1969,43
Iceland,1970,45
Iceland,1971,46
Iceland,1972,52
Iceland,1973,58
Iceland,1974,65
Iceland,1975,73
Iceland,1976,83
Iceland,1977,87
Iceland,1978,88
Iceland,1979,90
Iceland,1980,103
Iceland,1981,112
Iceland,1982,125
Iceland,1983,132
Iceland,1984,137
Iceland,1985,150
Iceland,1986,156
Iceland,1987,161
Iceland,1988,166
Iceland,1989,170
Iceland,1990,184
Iceland,1991,197
Iceland,1992,202
Iceland,1993,209
Iceland,1994,218
Iceland,1995,224
Iceland,1996,238
Iceland,1997,250
Iceland,1998,261
Iceland,1999,276
Iceland,2000,289
Iceland,2001,305
Iceland,2002,313
Iceland,2003,321
Iceland,2004,331
Iceland,2005,347
Iceland,2006,351
Iceland,2007,358
Iceland,2008,371
Iceland,2009,383
Iceland,2010,394
Iceland,2011,398
Iceland,2012,412
Iceland,2013,426
Iceland,2014,439
Iceland,2015,454
Iceland,2016,484
Iceland,2017,499
Iceland,2018,521
Iceland,2019,537
Iceland,2020,545
Iceland,2021,561
Iceland,2022,573
Iceland,2023,592
Iceland,2024,611
Iceland,2025,629
Iceland,2026,632
India,1872,0
India,1873,0
India,1874,0
India,1875,0
India,1876,0
India,1877,0
India,1878,0
India,1879,0
India,1880,0
India,1881,0
India,1882,0
India,1883,0
India,1884,0
India,1885,0
India,1886,0
India,1887,0
India,1888,0
India,1889,0
India,1890,0
India,1891,0
India,1892,0
India,1893,0
India,1894,0
India,1895,0
India,1896,0
India,1897,0
India,1898,0
India,1899,0
India,1900,0
India,1901,0
India,1902,0
India,1903,0
India,1904,0
India,1905,0
India,1906,0
India,1907,0
India,1908,0
India,1909,0
India,1910,0
India,1911,0
India,1912,0
India,1913,0
India,1914,0
India,1915,0
India,1916,0
India,1917,0
India,1918,0
India,1919,0
India,1920,0
India,1921,0
India,1922,0
India,1923,0
India,1924,0
India,1925,0
India,1926,0
India,1927,0
India,1928,0
India,1929,0
India,1930,0
India,1931,0
India,1932,0
India,1933,0
India,1934,0
India,1935,0
India,1936,0
India,1937,0
India,1938,16
India,1939,16
India,1940,16
India,1941,19
India,1942,19
India,1943,19
India,1944,19
India,1945,19
India,1946,19
India,1947,19
India,1948,19
India,1949,19
India,1950,19
India,1951,26
India,1952,32
India,1953,38
India,1954,44
India,1955,51
India,1956,58
India,1957,64
India,1958,75
India,1959,87
India,1960,89
India,1961,94
India,1962,105
India,1963,105
India,1964,123
India,1965,134
India,1966,146
India,1967,156
India,1968,165
India,1969,173
India,1970,201
India,1971,221
India,1972,221
India,1973,234
India,1974,243
India,1975,243
India,1976,255
India,1977,263
India,1978,268
India,1979,268
India,1980,268
India,1981,276
India,1982,286
India,1983,286
India,1984,300
India,1985,313
India,1986,318
India,1987,325
India,1988,326
India,1989,332
India,1990,332
India,1991,336
India,1992,336
India,1993,353
India,1994,358
India,1995,367
India,1996,373
India,1997,389
India,1998,392
India,1999,421
India,2000,423
India,2001,435
India,2002,435
India,2003,452
India,2004,461
India,2005,473
India,2006,477
India,2007,493
India,2008,517
India,2009,524
India,2010,534
India,2011,570
India,2012,578
India,2013,593
India,2014,597
India,2015,612
India,2016,629
India,2017,647
India,2018,668
India,2019,680
India,2020,680
India,2021,695
India,2022,705
India,2023,719
India,2024,723
India,2025,728
India,2026,730
Indonesia,1872,0
Indonesia,1873,0
Indonesia,1874,0
Indonesia,1875,0
Indonesia,1876,0
Indonesia,1877,0
Indonesia,1878,0
Indonesia,1879,0
Indonesia,1880,0
Indonesia,1881,0
Indonesia,1882,0
Indonesia,1883,0
Indonesia,1884,0
Indonesia,1885,0
Indonesia,1886,0
Indonesia,1887,0
Indonesia,1888,0
Indonesia,1889,0
Indonesia,1890,0
Indonesia,1891,0
Indonesia,1892,0
Indonesia,1893,0
Indonesia,1894,0
Indonesia,1895,0
Indonesia,1896,0
Indonesia,1897,0
Indonesia,1898,0
Indonesia,1899,0
Indonesia,1900,0
Indonesia,1901,0
Indonesia,1902,0
Indonesia,1903,0
Indonesia,1904,0
Indonesia,1905,0
Indonesia,1906,0
Indonesia,1907,0
Indonesia,1908,0
Indonesia,1909,0
Indonesia,1910,0
Indonesia,1911,0
Indonesia,1912,0
Indonesia,1913,0
Indonesia,1914,0
Indonesia,1915,0
Indonesia,1916,0
Indonesia,1917,0
Indonesia,1918,0
Indonesia,1919,0
Indonesia,1920,0
Indonesia,1921,0
Indonesia,1922,0
Indonesia,1923,0
Indonesia,1924,0
Indonesia,1925,0
Indonesia,1926,0
Indonesia,1927,0
Indonesia,1928,0
Indonesia,1929,0
Indonesia,1930,0
Indonesia,1931,0
Indonesia,1932,0
Indonesia,1933,0
Indonesia,1934,9
Indonesia,1935,9
Indonesia,1936,9
Indonesia,1937,9
Indonesia,1938,11
Indonesia,1939,11
Indonesia,1940,11
Indonesia,1941,11
Indonesia,1942,11
Indonesia,1943,11
Indonesia,1944,11
Indonesia,1945,11
Indonesia,1946,11
Indonesia,1947,11
Indonesia,1948,11
Indonesia,1949,11
Indonesia,1950,11
Indonesia,1951,11
Indonesia,1952,11
Indonesia,1953,12
Indonesia,1954,27
Indonesia,1955,27
Indonesia,1956,40
Indonesia,1957,54
Indonesia,1958,91
Indonesia,1959,93
Indonesia,1960,121
Indonesia,1961,131
Indonesia,1962,167
Indonesia,1963,179
Indonesia,1964,192
Indonesia,1965,200
Indonesia,1966,208
Indonesia,1967,227
Indonesia,1968,272
Indonesia,1969,302
Indonesia,1970,349
Indonesia,1971,403
Indonesia,1972,425
Indonesia,1973,436
Indonesia,1974,456
Indonesia,1975,482
Indonesia,1976,488
Indonesia,1977,502
Indonesia,1978,512
Indonesia,1979,522
Indonesia,1980,533
Indonesia,1981,557
Indonesia,1982,562
Indonesia,1983,566
Indonesia,1984,575
Indonesia,1985,591
Indonesia,1986,598
Indonesia,1987,606
Indonesia,1988,615
Indonesia,1989,635
Indonesia,1990,644
Indonesia,1991,651
Indonesia,1992,655
Indonesia,1993,667
Indonesia,1994,667
Indonesia,1995,681
Indonesia,1996,714
Indonesia,1997,751
Indonesia,1998,766
Indonesia,1999,797
Indonesia,2000,818
Indonesia,2001,834
Indonesia,2002,857
Indonesia,2003,867
Indonesia,2004,898
Indonesia,2005,904
Indonesia,2006,908
Indonesia,2007,923
Indonesia,2008,948
Indonesia,2009,951
Indonesia,2010,981
Indonesia,2011,993
Indonesia,2012,1003
Indonesia,2013,1011
Indonesia,2014,1030
Indonesia,2015,1032
Indonesia,2016,1051
Indonesia,2017,1063
Indonesia,2018,1074
Indonesia,2019,1086
Indonesia,2020,1086
Indonesia,2021,1118
Indonesia,2022,1151
Indonesia,2023,1174
Indonesia,2024,1194
Indonesia,2025,1205
Indonesia,2026,1213
Iran,1872,0
Iran,1873,0
Iran,1874,0
Iran,1875,0
Iran,1876,0
Iran,1877,0
Iran,1878,0
Iran,1879,0
Iran,1880,0
Iran,1881,0
Iran,1882,0
Iran,1883,0
Iran,1884,0
Iran,1885,0
Iran,1886,0
Iran,1887,0
Iran,1888,0
Iran,1889,0
Iran,1890,0
Iran,1891,0
Iran,1892,0
Iran,1893,0
Iran,1894,0
Iran,1895,0
Iran,1896,0
Iran,1897,0
Iran,1898,0
Iran,1899,0
Iran,1900,0
Iran,1901,0
Iran,1902,0
Iran,1903,0
Iran,1904,0
Iran,1905,0
Iran,1906,0
Iran,1907,0
Iran,1908,0
Iran,1909,0
Iran,1910,0
Iran,1911,0
Iran,1912,0
Iran,1913,0
Iran,1914,0
Iran,1915,0
Iran,1916,0
Iran,1917,0
Iran,1918,0
Iran,1919,0
Iran,1920,0
Iran,1921,0
Iran,1922,0
Iran,1923,0
Iran,1924,0
Iran,1925,0
Iran,1926,0
Iran,1927,0
Iran,1928,0
Iran,1929,0
Iran,1930,0
Iran,1931,0
Iran,1932,0
Iran,1933,0
Iran,1934,0
Iran,1935,0
Iran,1936,0
Iran,1937,0
Iran,1938,0
Iran,1939,0
Iran,1940,0
Iran,1941,1
Iran,1942,1
Iran,1943,1
Iran,1944,1
Iran,1945,1
Iran,1946,1
Iran,1947,2
Iran,1948,3
Iran,1949,3
Iran,1950,8
Iran,1951,13
Iran,1952,13
Iran,1953,13
Iran,1954,13
Iran,1955,13
Iran,1956,13
Iran,1957,13
Iran,1958,13
Iran,1959,17
Iran,1960,17
Iran,1961,17
Iran,1962,17
Iran,1963,17
Iran,1964,17
Iran,1965,24
Iran,1966,33
Iran,1967,33
Iran,1968,44
Iran,1969,59
Iran,1970,70
Iran,1971,72
Iran,1972,87
Iran,1973,96
Iran,1974,118
Iran,1975,119
Iran,1976,134
Iran,1977,155
Iran,1978,162
Iran,1979,162
Iran,1980,183
Iran,1981,183
Iran,1982,188
Iran,1983,188
Iran,1984,218
Iran,1985,220
Iran,1986,242
Iran,1987,242
Iran,1988,251
Iran,1989,270
Iran,1990,277
Iran,1991,277
Iran,1992,291
Iran,1993,324
Iran,1994,329
Iran,1995,329
Iran,1996,376
Iran,1997,440
Iran,1998,469
Iran,1999,476
Iran,2000,539
Iran,2001,574
Iran,2002,587
Iran,2003,608
Iran,2004,662
Iran,2005,679
Iran,2006,702
Iran,2007,724
Iran,2008,757
Iran,2009,785
Iran,2010,804
Iran,2011,840
Iran,2012,861
Iran,2013,883
Iran,2014,892
Iran,2015,925
Iran,2016,952
Iran,2017,966
Iran,2018,985
Iran,2019,1020
Iran,2020,1024
Iran,2021,1055
Iran,2022,1067
Iran,2023,1093
Iran,2024,1134
Iran,2025,1144
Iran,2026,1158
Iraq,1872,0
Iraq,1873,0
Iraq,1874,0
Iraq,1875,0
Iraq,1876,0
Iraq,1877,0
Iraq,1878,0
Iraq,1879,0
Iraq,1880,0
Iraq,1881,0
Iraq,1882,0
Iraq,1883,0
Iraq,1884,0
Iraq,1885,0
Iraq,1886,0
Iraq,1887,0
Iraq,1888,0
Iraq,1889,0
Iraq,1890,0
Iraq,1891,0
Iraq,1892,0
Iraq,1893,0
Iraq,1894,0
Iraq,1895,0
Iraq,1896,0
Iraq,1897,0
Iraq,1898,0
Iraq,1899,0
Iraq,1900,0
Iraq,1901,0
Iraq,1902,0
Iraq,1903,0
Iraq,1904,0
Iraq,1905,0
Iraq,1906,0
Iraq,1907,0
Iraq,1908,0
Iraq,1909,0
Iraq,1910,0
Iraq,1911,0
Iraq,1912,0
Iraq,1913,0
Iraq,1914,0
Iraq,1915,0
Iraq,1916,0
Iraq,1917,0
Iraq,1918,0
Iraq,1919,0
Iraq,1920,0
Iraq,1921,0
Iraq,1922,0
Iraq,1923,0
Iraq,1924,0
Iraq,1925,0
Iraq,1926,0
Iraq,1927,0
Iraq,1928,0
Iraq,1929,0
Iraq,1930,0
Iraq,1931,0
Iraq,1932,0
Iraq,1933,0
Iraq,1934,0
Iraq,1935,0
Iraq,1936,0
Iraq,1937,0
Iraq,1938,0
Iraq,1939,0
Iraq,1940,0
Iraq,1941,0
Iraq,1942,0
Iraq,1943,0
Iraq,1944,0
Iraq,1945,0
Iraq,1946,0
Iraq,1947,0
Iraq,1948,0
Iraq,1949,0
Iraq,1950,0
Iraq,1951,0
Iraq,1952,0
Iraq,1953,0
Iraq,1954,0
Iraq,1955,0
Iraq,1956,0
Iraq,1957,0
Iraq,1958,0
Iraq,1959,0
Iraq,1960,4
Iraq,1961,4
Iraq,1962,4
Iraq,1963,4
Iraq,1964,7
Iraq,1965,7
Iraq,1966,30
Iraq,1967,34
Iraq,1968,34
Iraq,1969,38
Iraq,1970,38
Iraq,1971,57
Iraq,1972,68
Iraq,1973,84
Iraq,1974,95
Iraq,1975,122
Iraq,1976,153
Iraq,1977,166
Iraq,1978,195
Iraq,1979,224
Iraq,1980,226
Iraq,1981,256
Iraq,1982,271
Iraq,1983,273
Iraq,1984,287
Iraq,1985,314
Iraq,1986,337
Iraq,1987,342
Iraq,1988,357
Iraq,1989,378
Iraq,1990,380
Iraq,1991,380
Iraq,1992,397
Iraq,1993,437
Iraq,1994,437
Iraq,1995,446
Iraq,1996,460
Iraq,1997,481
Iraq,1998,481
Iraq,1999,498
Iraq,2000,520
Iraq,2001,560
Iraq,2002,578
Iraq,2003,602
Iraq,2004,636
Iraq,2005,654
Iraq,2006,678
Iraq,2007,702
Iraq,2008,712
Iraq,2009,725
Iraq,2010,747
Iraq,2011,765
Iraq,2012,786
Iraq,2013,803
Iraq,2014,811
Iraq,2015,835
Iraq,2016,847
Iraq,2017,864
Iraq,2018,880
Iraq,2019,906
Iraq,2020,908
Iraq,2021,926
Iraq,2022,936
Iraq,2023,958
Iraq,2024,986
Iraq,2025,1001
Iraq,2026,1006
Iraqi Kurdistan,1872,0
Iraqi Kurdistan,1873,0
Iraqi Kurdistan,1874,0
Iraqi Kurdistan,1875,0
Iraqi Kurdistan,1876,0
Iraqi Kurdistan,1877,0
Iraqi Kurdistan,1878,0
Iraqi Kurdistan,1879,0
Iraqi Kurdistan,1880,0
Iraqi Kurdistan,1881,0
Iraqi Kurdistan,1882,0
Iraqi Kurdistan,1883,0
Iraqi Kurdistan,1884,0
Iraqi Kurdistan,1885,0
Iraqi Kurdistan,1886,0
Iraqi Kurdistan,1887,0
Iraqi Kurdistan,1888,0
Iraqi Kurdistan,1889,0
Iraqi Kurdistan,1890,0
Iraqi Kurdistan,1891,0
Iraqi Kurdistan,1892,0
Iraqi Kurdistan,1893,0
Iraqi Kurdistan,1894,0
Iraqi Kurdistan,1895,0
Iraqi Kurdistan,1896,0
Iraqi Kurdistan,1897,0
Iraqi Kurdistan,1898,0
Iraqi Kurdistan,1899,0
Iraqi Kurdistan,1900,0
Iraqi Kurdistan,1901,0
Iraqi Kurdistan,1902,0
Iraqi Kurdistan,1903,0
Iraqi Kurdistan,1904,0
Iraqi Kurdistan,1905,0
Iraqi Kurdistan,1906,0
Iraqi Kurdistan,1907,0
Iraqi Kurdistan,1908,0
Iraqi Kurdistan,1909,0
Iraqi Kurdistan,1910,0
Iraqi Kurdistan,1911,0
Iraqi Kurdistan,1912,0
Iraqi Kurdistan,1913,0
Iraqi Kurdistan,1914,0
Iraqi Kurdistan,1915,0
Iraqi Kurdistan,1916,0
Iraqi Kurdistan,1917,0
Iraqi Kurdistan,1918,0
Iraqi Kurdistan,1919,0
Iraqi Kurdistan,1920,0
Iraqi Kurdistan,1921,0
Iraqi Kurdistan,1922,0
Iraqi Kurdistan,1923,0
Iraqi Kurdistan,1924,0
Iraqi Kurdistan,1925,0
Iraqi Kurdistan,1926,0
Iraqi Kurdistan,1927,0
Iraqi Kurdistan,1928,0
Iraqi Kurdistan,1929,0
Iraqi Kurdistan,1930,0
Iraqi Kurdistan,1931,0
Iraqi Kurdistan,1932,0
Iraqi Kurdistan,1933,0
Iraqi Kurdistan,1934,0
Iraqi Kurdistan,1935,0
Iraqi Kurdistan,1936,0
Iraqi Kurdistan,1937,0
Iraqi Kurdistan,1938,0
Iraqi Kurdistan,1939,0
Iraqi Kurdistan,1940,0
Iraqi Kurdistan,1941,0
Iraqi Kurdistan,1942,0
Iraqi Kurdistan,1943,0
Iraqi Kurdistan,1944,0
Iraqi Kurdistan,1945,0
Iraqi Kurdistan,1946,0
Iraqi Kurdistan,1947,0
Iraqi Kurdistan,1948,0
Iraqi Kurdistan,1949,0
Iraqi Kurdistan,1950,0
Iraqi Kurdistan,1951,0
Iraqi Kurdistan,1952,0
Iraqi Kurdistan,1953,0
Iraqi Kurdistan,1954,0
Iraqi Kurdistan,1955,0
Iraqi Kurdistan,1956,0
Iraqi Kurdistan,1957,0
Iraqi Kurdistan,1958,0
Iraqi Kurdistan,1959,0
Iraqi Kurdistan,1960,0
Iraqi Kurdistan,1961,0
Iraqi Kurdistan,1962,0
Iraqi Kurdistan,1963,0
Iraqi Kurdistan,1964,0
Iraqi Kurdistan,1965,0
Iraqi Kurdistan,1966,0
Iraqi Kurdistan,1967,0
Iraqi Kurdistan,1968,0
Iraqi Kurdistan,1969,0
Iraqi Kurdistan,1970,0
Iraqi Kurdistan,1971,0
Iraqi Kurdistan,1972,0
Iraqi Kurdistan,1973,0
Iraqi Kurdistan,1974,0
Iraqi Kurdistan,1975,0
Iraqi Kurdistan,1976,0
Iraqi Kurdistan,1977,0
Iraqi Kurdistan,1978,0
Iraqi Kurdistan,1979,0
Iraqi Kurdistan,1980,0
Iraqi Kurdistan,1981,0
Iraqi Kurdistan,1982,0
Iraqi Kurdistan,1983,0
Iraqi Kurdistan,1984,0
Iraqi Kurdistan,1985,0
Iraqi Kurdistan,1986,0
Iraqi Kurdistan,1987,0
Iraqi Kurdistan,1988,0
Iraqi Kurdistan,1989,0
Iraqi Kurdistan,1990,0
Iraqi Kurdistan,1991,0
Iraqi Kurdistan,1992,0
Iraqi Kurdistan,1993,0
Iraqi Kurdistan,1994,0
Iraqi Kurdistan,1995,0
Iraqi Kurdistan,1996,0
Iraqi Kurdistan,1997,0
Iraqi Kurdistan,1998,0
Iraqi Kurdistan,1999,0
Iraqi Kurdistan,2000,0
Iraqi Kurdistan,2001,0
Iraqi Kurdistan,2002,0
Iraqi Kurdistan,2003,0
Iraqi Kurdistan,2004,0
Iraqi Kurdistan,2005,0
Iraqi Kurdistan,2006,0
Iraqi Kurdistan,2007,0
Iraqi Kurdistan,2008,7
Iraqi Kurdistan,2009,18
Iraqi Kurdistan,2010,27
Iraqi Kurdistan,2011,27
Iraqi Kurdistan,2012,38
Iraqi Kurdistan,2013,38
Iraqi Kurdistan,2014,52
Iraqi Kurdistan,2015,52
Iraqi Kurdistan,2016,61
Iraqi Kurdistan,2017,61
Iraqi Kurdistan,2018,61
Iraqi Kurdistan,2019,61
Iraqi Kurdistan,2020,61
Iraqi Kurdistan,2021,61
Iraqi Kurdistan,2022,61
Iraqi Kurdistan,2023,61
Iraqi Kurdistan,2024,61
Iraqi Kurdistan,2025,61
Iraqi Kurdistan,2026,61
Isle of Man,1872,0
Isle of Man,1873,0
Isle of Man,1874,0
Isle of Man,1875,0
Isle of Man,1876,0
Isle of Man,1877,0
Isle of Man,1878,0
Isle of Man,1879,0
Isle of Man,1880,0
Isle of Man,1881,0
Isle of Man,1882,0
Isle of Man,1883,0
Isle of Man,1884,0
Isle of Man,1885,0
Isle of Man,1886,0
Isle of Man,1887,0
Isle of Man,1888,0
Isle of Man,1889,0
Isle of Man,1890,0
Isle of Man,1891,0
Isle of Man,1892,0
Isle of Man,1893,0
Isle of Man,1894,0
Isle of Man,1895,0
Isle of Man,1896,0
Isle of Man,1897,0
Isle of Man,1898,0
Isle of Man,1899,0
Isle of Man,1900,0
Isle of Man,1901,0
Isle of Man,1902,0
Isle of Man,1903,0
Isle of Man,1904,0
Isle of Man,1905,0
Isle of Man,1906,0
Isle of Man,1907,0
Isle of Man,1908,0
Isle of Man,1909,0
Isle of Man,1910,0
Isle of Man,1911,0
Isle of Man,1912,0
Isle of Man,1913,0
Isle of Man,1914,0
Isle of Man,1915,0
Isle of Man,1916,0
Isle of Man,1917,0
Isle of Man,1918,0
Isle of Man,1919,0
Isle of Man,1920,0
Isle of Man,1921,0
Isle of Man,1922,0
Isle of Man,1923,0
Isle of Man,1924,0
Isle of Man,1925,0
Isle of Man,1926,0
Isle of Man,1927,0
Isle of Man,1928,0
Isle of Man,1929,0
Isle of Man,1930,0
Isle of Man,1931,0
Isle of Man,1932,0
Isle of Man,1933,0
Isle of Man,1934,0
Isle of Man,1935,0
Isle of Man,1936,0
Isle of Man,1937,0
Isle of Man,1938,0
Isle of Man,1939,0
Isle of Man,1940,0
Isle of Man,1941,0
Isle of Man,1942,0
Isle of Man,1943,0
Isle of Man,1944,0
Isle of Man,1945,0
Isle of Man,1946,0
Isle of Man,1947,0
Isle of Man,1948,0
Isle of Man,1949,0
Isle of Man,1950,0
Isle of Man,1951,0
Isle of Man,1952,0
Isle of Man,1953,0
Isle of Man,1954,0
Isle of Man,1955,0
Isle of Man,1956,0
Isle of Man,1957,0
Isle of Man,1958,0
Isle of Man,1959,0
Isle of Man,1960,0
Isle of Man,1961,0
Isle of Man,1962,0
Isle of Man,1963,0
Isle of Man,1964,0
Isle of Man,1965,0
Isle of Man,1966,0
Isle of Man,1967,0
Isle of Man,1968,0
Isle of Man,1969,0
Isle of Man,1970,0
Isle of Man,1971,0
Isle of Man,1972,0
Isle of Man,1973,0
Isle of Man,1974,0
Isle of Man,1975,0
Isle of Man,1976,0
Isle of Man,1977,0
Isle of Man,1978,0
Isle of Man,1979,0
Isle of Man,1980,0
Isle of Man,1981,0
Isle of Man,1982,0
Isle of Man,1983,0
Isle of Man,1984,0
Isle of Man,1985,0
Isle of Man,1986,0
Isle of Man,1987,0
Isle of Man,1988,0
Isle of Man,1989,0
Isle of Man,1990,0
Isle of Man,1991,0
Isle of Man,1992,0
Isle of Man,1993,8
Isle of Man,1994,8
Isle of Man,1995,10
Isle of Man,1996,10
Isle of Man,1997,10
Isle of Man,1998,10
Isle of Man,1999,30
Isle of Man,2000,30
Isle of Man,2001,44
Isle of Man,2002,44
Isle of Man,2003,53
Isle of Man,2004,53
Isle of Man,2005,66
Isle of Man,2006,66
Isle of Man,2007,66
Isle of Man,2008,66
Isle of Man,2009,78
Isle of Man,2010,78
Isle of Man,2011,91
Isle of Man,2012,91
Isle of Man,2013,91
Isle of Man,2014,91
Isle of Man,2015,112
Isle of Man,2016,112
Isle of Man,2017,136
Isle of Man,2018,136
Isle of Man,2019,156
Isle of Man,2020,156
Isle of Man,2021,156
Isle of Man,2022,156
Isle of Man,2023,163
Isle of Man,2024,163
Isle of Man,2025,186
Isle of Man,2026,186
Isle of Wight,1872,0
Isle of Wight,1873,0
Isle of Wight,1874,0
Isle of Wight,1875,0
Isle of Wight,1876,0
Isle of Wight,1877,0
Isle of Wight,1878,0
Isle of Wight,1879,0
Isle of Wight,1880,0
Isle of Wight,1881,0
Isle of Wight,1882,0
Isle of Wight,1883,0
Isle of Wight,1884,0
Isle of Wight,1885,0
Isle of Wight,1886,0
Isle of Wight,1887,0
Isle of Wight,1888,0
Isle of Wight,1889,0
Isle of Wight,1890,0
Isle of Wight,1891,0
Isle of Wight,1892,0
Isle of Wight,1893,0
Isle of Wight,1894,0
Isle of Wight,1895,0
Isle of Wight,1896,0
Isle of Wight,1897,0
Isle of Wight,1898,0
Isle of Wight,1899,0
Isle of Wight,1900,0
Isle of Wight,1901,0
Isle of Wight,1902,0
Isle of Wight,1903,0
Isle of Wight,1904,0
Isle of Wight,1905,0
Isle of Wight,1906,0
Isle of Wight,1907,0
Isle of Wight,1908,0
Isle of Wight,1909,0
Isle of Wight,1910,0
Isle of Wight,1911,0
Isle of Wight,1912,0
Isle of Wight,1913,0
Isle of Wight,1914,0
Isle of Wight,1915,0
Isle of Wight,1916,0
Isle of Wight,1917,0
Isle of Wight,1918,0
Isle of Wight,1919,0
Isle of Wight,1920,0
Isle of Wight,1921,0
Isle of Wight,1922,0
Isle of Wight,1923,0
Isle of Wight,1924,0
Isle of Wight,1925,0
Isle of Wight,1926,0
Isle of Wight,1927,0
Isle of Wight,1928,0
Isle of Wight,1929,0
Isle of Wight,1930,0
Isle of Wight,1931,0
Isle of Wight,1932,0
Isle of Wight,1933,0
Isle of Wight,1934,0
Isle of Wight,1935,0
Isle of Wight,1936,0
Isle of Wight,1937,0
Isle of Wight,1938,0
Isle of Wight,1939,0
Isle of Wight,1940,0
Isle of Wight,1941,0
Isle of Wight,1942,0
Isle of Wight,1943,0
Isle of Wight,1944,0
Isle of Wight,1945,0
Isle of Wight,1946,0
Isle of Wight,1947,0
Isle of Wight,1948,0
Isle of Wight,1949,0
Isle of Wight,1950,0
Isle of Wight,1951,0
Isle of Wight,1952,0
Isle of Wight,1953,0
Isle of Wight,1954,0
Isle of Wight,1955,0
Isle of Wight,1956,0
Isle of Wight,1957,0
Isle of Wight,1958,0
Isle of Wight,1959,0
Isle of Wight,1960,0
Isle of Wight,1961,0
Isle of Wight,1962,0
Isle of Wight,1963,0
Isle of Wight,1964,0
Isle of Wight,1965,0
Isle of Wight,1966,0
Isle of Wight,1967,0
Isle of Wight,1968,0
Isle of Wight,1969,0
Isle of Wight,1970,0
Isle of Wight,1971,0
Isle of Wight,1972,0
Isle of Wight,1973,0
Isle of Wight,1974,0
Isle of Wight,1975,0
Isle of Wight,1976,0
Isle of Wight,1977,0
Isle of Wight,1978,0
Isle of Wight,1979,0
Isle of Wight,1980,0
Isle of Wight,1981,0
Isle of Wight,1982,0
Isle of Wight,1983,0
Isle of Wight,1984,0
Isle of Wight,1985,0
Isle of Wight,1986,0
Isle of Wight,1987,0
Isle of Wight,1988,0
Isle of Wight,1989,0
Isle of Wight,1990,0
Isle of Wight,1991,5
Isle of Wight,1992,5
Isle of Wight,1993,9
Isle of Wight,1994,9
Isle of Wight,1995,18
Isle of Wight,1996,18
Isle of Wight,1997,25
Isle of Wight,1998,25
Isle of Wight,1999,47
Isle of Wight,2000,47
Isle of Wight,2001,53
Isle of Wight,2002,53
Isle of Wight,2003,77
Isle of Wight,2004,77
Isle of Wight,2005,77
Isle of Wight,2006,77
Isle of Wight,2007,77
Isle of Wight,2008,77
Isle of Wight,2009,83
Isle of Wight,2010,83
Isle of Wight,2011,99
Isle of Wight,2012,99
Isle of Wight,2013,99
Isle of Wight,2014,99
Isle of Wight,2015,106
Isle of Wight,2016,106
Isle of Wight,2017,106
Isle of Wight,2018,106
Isle of Wight,2019,106
Isle of Wight,2020,106
Isle of Wight,2021,106
Isle of Wight,2022,106
Isle of Wight,2023,113
Isle of Wight,2024,113
Isle of Wight,2025,113
Isle of Wight,2026,113
Israel,1872,0
Israel,1873,0
Israel,1874,0
Israel,1875,0
Israel,1876,0
Israel,1877,0
Israel,1878,0
Israel,1879,0
Israel,1880,0
Israel,1881,0
Israel,1882,0
Israel,1883,0
Israel,1884,0
Israel,1885,0
Israel,1886,0
Israel,1887,0
Israel,1888,0
Israel,1889,0
Israel,1890,0
Israel,1891,0
Israel,1892,0
Israel,1893,0
Israel,1894,0
Israel,1895,0
Israel,1896,0
Israel,1897,0
Israel,1898,0
Israel,1899,0
Israel,1900,0
Israel,1901,0
Israel,1902,0
Israel,1903,0
Israel,1904,0
Israel,1905,0
Israel,1906,0
Israel,1907,0
Israel,1908,0
Israel,1909,0
Israel,1910,0
Israel,1911,0
Israel,1912,0
Israel,1913,0
Israel,1914,0
Israel,1915,0
Israel,1916,0
Israel,1917,0
Israel,1918,0
Israel,1919,0
Israel,1920,0
Israel,1921,0
Israel,1922,0
Israel,1923,0
Israel,1924,0
Israel,1925,0
Israel,1926,0
Israel,1927,0
Israel,1928,0
Israel,1929,0
Israel,1930,0
Israel,1931,0
Israel,1932,0
Israel,1933,0
Israel,1934,2
Israel,1935,2
Israel,1936,2
Israel,1937,2
Israel,1938,3
Israel,1939,3
Israel,1940,8
Israel,1941,8
Israel,1942,8
Israel,1943,8
Israel,1944,8
Israel,1945,8
Israel,1946,8
Israel,1947,8
Israel,1948,9
Israel,1949,14
Israel,1950,21
Israel,1951,21
Israel,1952,21
Israel,1953,21
Israel,1954,25
Israel,1955,25
Israel,1956,31
Israel,1957,31
Israel,1958,37
Israel,1959,48
Israel,1960,61
Israel,1961,68
Israel,1962,69
Israel,1963,69
Israel,1964,79
Israel,1965,80
Israel,1966,94
Israel,1967,95
Israel,1968,117
Israel,1969,130
Israel,1970,136
Israel,1971,141
Israel,1972,143
Israel,1973,162
Israel,1974,188
Israel,1975,189
Israel,1976,193
Israel,1977,204
Israel,1978,209
Israel,1979,213
Israel,1980,214
Israel,1981,221
Israel,1982,221
Israel,1983,224
Israel,1984,234
Israel,1985,252
Israel,1986,255
Israel,1987,259
Israel,1988,265
Israel,1989,275
Israel,1990,281
Israel,1991,281
Israel,1992,293
Israel,1993,305
Israel,1994,320
Israel,1995,337
Israel,1996,350
Israel,1997,360
Israel,1998,383
Israel,1999,414
Israel,2000,427
Israel,2001,441
Israel,2002,457
Israel,2003,468
Israel,2004,478
Israel,2005,492
Israel,2006,502
Israel,2007,517
Israel,2008,529
Israel,2009,543
Israel,2010,554
Israel,2011,565
Israel,2012,580
Israel,2013,593
Israel,2014,607
Israel,2015,614
Israel,2016,623
Israel,2017,626
Israel,2018,640
Israel,2019,656
Israel,2020,663
Israel,2021,689
Israel,2022,706
Israel,2023,717
Israel,2024,727
Israel,2025,747
Israel,2026,750
Italy,1872,0
Italy,1873,0
Italy,1874,0
Italy,1875,0
Italy,1876,0
Italy,1877,0
Italy,1878,0
Italy,1879,0
Italy,1880,0
Italy,1881,0
Italy,1882,0
Italy,1883,0
Italy,1884,0
Italy,1885,0
Italy,1886,0
Italy,1887,0
Italy,1888,0
Italy,1889,0
Italy,1890,0
Italy,1891,0
Italy,1892,0
Italy,1893,0
Italy,1894,0
Italy,1895,0
Italy,1896,0
Italy,1897,0
Italy,1898,0
Italy,1899,0
Italy,1900,0
Italy,1901,0
Italy,1902,0
Italy,1903,0
Italy,1904,0
Italy,1905,0
Italy,1906,0
Italy,1907,0
Italy,1908,0
Italy,1909,0
Italy,1910,7
Italy,1911,11
Italy,1912,19
Italy,1913,20
Italy,1914,24
Italy,1915,27
Italy,1916,27
Italy,1917,27
Italy,1918,27
Italy,1919,43
Italy,1920,58
Italy,1921,68
Italy,1922,78
Italy,1923,82
Italy,1924,90
Italy,1925,100
Italy,1926,114
Italy,1927,131
Italy,1928,173
Italy,1929,184
Italy,1930,198
Italy,1931,216
Italy,1932,228
Italy,1933,246
Italy,1934,270
Italy,1935,277
Italy,1936,291
Italy,1937,299
Italy,1938,323
Italy,1939,340
Italy,1940,347
Italy,1941,347
Italy,1942,355
Italy,1943,355
Italy,1944,355
Italy,1945,359
Italy,1946,362
Italy,1947,374
Italy,1948,377
Italy,1949,388
Italy,1950,395
Italy,1951,405
Italy,1952,409
Italy,1953,414
Italy,1954,430
Italy,1955,435
Italy,1956,443
Italy,1957,450
Italy,1958,456
Italy,1959,461
Italy,1960,466
Italy,1961,485
Italy,1962,501
Italy,1963,508
Italy,1964,520
Italy,1965,539
Italy,1966,560
Italy,1967,575
Italy,1968,583
Italy,1969,596
Italy,1970,616
Italy,1971,626
Italy,1972,639
Italy,1973,654
Italy,1974,660
Italy,1975,679
Italy,1976,700
Italy,1977,716
Italy,1978,731
Italy,1979,740
Italy,1980,758
Italy,1981,766
Italy,1982,781
Italy,1983,788
Italy,1984,802
Italy,1985,810
Italy,1986,827
Italy,1987,842
Italy,1988,859
Italy,1989,871
Italy,1990,888
Italy,1991,899
Italy,1992,914
Italy,1993,934
Italy,1994,954
Italy,1995,971
Italy,1996,983
Italy,1997,999
Italy,1998,1019
Italy,1999,1029
Italy,2000,1049
Italy,2001,1062
Italy,2002,1076
Italy,2003,1097
Italy,2004,1117
Italy,2005,1137
Italy,2006,1162
Italy,2007,1180
Italy,2008,1198
Italy,2009,1221
Italy,2010,1238
Italy,2011,1255
Italy,2012,1273
Italy,2013,1305
Italy,2014,1317
Italy,2015,1331
Italy,2016,1354
Italy,2017,1377
Italy,2018,1386
Italy,2019,1423
Italy,2020,1440
Italy,2021,1480
Italy,2022,1494
Italy,2023,1514
Italy,2024,1535
Italy,2025,1560
Italy,2026,1565
Ivory Coast,1872,0
Ivory Coast,1873,0
Ivory Coast,1874,0
Ivory Coast,1875,0
Ivory Coast,1876,0
Ivory Coast,1877,0
Ivory Coast,1878,0
Ivory Coast,1879,0
Ivory Coast,1880,0
Ivory Coast,1881,0
Ivory Coast,1882,0
Ivory Coast,1883,0
Ivory Coast,1884,0
Ivory Coast,1885,0
Ivory Coast,1886,0
Ivory Coast,1887,0
Ivory Coast,1888,0
Ivory Coast,1889,0
Ivory Coast,1890,0
Ivory Coast,1891,0
Ivory Coast,1892,0
Ivory Coast,1893,0
Ivory Coast,1894,0
Ivory Coast,1895,0
Ivory Coast,1896,0
Ivory Coast,1897,0
Ivory Coast,1898,0
Ivory Coast,1899,0
Ivory Coast,1900,0
Ivory Coast,1901,0
Ivory Coast,1902,0
Ivory Coast,1903,0
Ivory Coast,1904,0
Ivory Coast,1905,0
Ivory Coast,1906,0
Ivory Coast,1907,0
Ivory Coast,1908,0
Ivory Coast,1909,0
Ivory Coast,1910,0
Ivory Coast,1911,0
Ivory Coast,1912,0
Ivory Coast,1913,0
Ivory Coast,1914,0
Ivory Coast,1915,0
Ivory Coast,1916,0
Ivory Coast,1917,0
Ivory Coast,1918,0
Ivory Coast,1919,0
Ivory Coast,1920,0
Ivory Coast,1921,0
Ivory Coast,1922,0
Ivory Coast,1923,0
Ivory Coast,1924,0
Ivory Coast,1925,0
Ivory Coast,1926,0
Ivory Coast,1927,0
Ivory Coast,1928,0
Ivory Coast,1929,0
Ivory Coast,1930,0
Ivory Coast,1931,0
Ivory Coast,1932,0
Ivory Coast,1933,0
Ivory Coast,1934,0
Ivory Coast,1935,0
Ivory Coast,1936,0
Ivory Coast,1937,0
Ivory Coast,1938,0
Ivory Coast,1939,0
Ivory Coast,1940,0
Ivory Coast,1941,0
Ivory Coast,1942,0
Ivory Coast,1943,0
Ivory Coast,1944,0
Ivory Coast,1945,0
Ivory Coast,1946,0
Ivory Coast,1947,0
Ivory Coast,1948,0
Ivory Coast,1949,0
Ivory Coast,1950,0
Ivory Coast,1951,0
Ivory Coast,1952,0
Ivory Coast,1953,0
Ivory Coast,1954,0
Ivory Coast,1955,0
Ivory Coast,1956,0
Ivory Coast,1957,0
Ivory Coast,1958,0
Ivory Coast,1959,0
Ivory Coast,1960,5
Ivory Coast,1961,14
Ivory Coast,1962,17
Ivory Coast,1963,26
Ivory Coast,1964,27
Ivory Coast,1965,52
Ivory Coast,1966,55
Ivory Coast,1967,70
Ivory Coast,1968,80
Ivory Coast,1969,86
Ivory Coast,1970,106
Ivory Coast,1971,111
Ivory Coast,1972,116
Ivory Coast,1973,132
Ivory Coast,1974,136
Ivory Coast,1975,140
Ivory Coast,1976,154
Ivory Coast,1977,167
Ivory Coast,1978,168
Ivory Coast,1979,184
Ivory Coast,1980,198
Ivory Coast,1981,198
Ivory Coast,1982,209
Ivory Coast,1983,224
Ivory Coast,1984,277
Ivory Coast,1985,299
Ivory Coast,1986,313
Ivory Coast,1987,335
Ivory Coast,1988,339
Ivory Coast,1989,357
Ivory Coast,1990,365
Ivory Coast,1991,390
Ivory Coast,1992,406
Ivory Coast,1993,416
Ivory Coast,1994,443
Ivory Coast,1995,463
Ivory Coast,1996,469
Ivory Coast,1997,484
Ivory Coast,1998,501
Ivory Coast,1999,513
Ivory Coast,2000,533
Ivory Coast,2001,559
Ivory Coast,2002,566
Ivory Coast,2003,580
Ivory Coast,2004,598
Ivory Coast,2005,613
Ivory Coast,2006,639
Ivory Coast,2007,660
Ivory Coast,2008,693
Ivory Coast,2009,717
Ivory Coast,2010,739
Ivory Coast,2011,760
Ivory Coast,2012,786
Ivory Coast,2013,816
Ivory Coast,2014,839
Ivory Coast,2015,857
Ivory Coast,2016,865
Ivory Coast,2017,882
Ivory Coast,2018,893
Ivory Coast,2019,919
Ivory Coast,2020,923
Ivory Coast,2021,941
Ivory Coast,2022,961
Ivory Coast,2023,980
Ivory Coast,2024,1010
Ivory Coast,2025,1030
Ivory Coast,2026,1047
Jamaica,1872,0
Jamaica,1873,0
Jamaica,1874,0
Jamaica,1875,0
Jamaica,1876,0
Jamaica,1877,0
Jamaica,1878,0
Jamaica,1879,0
Jamaica,1880,0
Jamaica,1881,0
Jamaica,1882,0
Jamaica,1883,0
Jamaica,1884,0
Jamaica,1885,0
Jamaica,1886,0
Jamaica,1887,0
Jamaica,1888,0
Jamaica,1889,0
Jamaica,1890,0
Jamaica,1891,0
Jamaica,1892,0
Jamaica,1893,0
Jamaica,1894,0
Jamaica,1895,0
Jamaica,1896,0
Jamaica,1897,0
Jamaica,1898,0
Jamaica,1899,0
Jamaica,1900,0
Jamaica,1901,0
Jamaica,1902,0
Jamaica,1903,0
Jamaica,1904,0
Jamaica,1905,0
Jamaica,1906,0
Jamaica,1907,0
Jamaica,1908,0
Jamaica,1909,0
Jamaica,1910,0
Jamaica,1911,0
Jamaica,1912,0
Jamaica,1913,0
Jamaica,1914,0
Jamaica,1915,0
Jamaica,1916,0
Jamaica,1917,0
Jamaica,1918,0
Jamaica,1919,0
Jamaica,1920,0
Jamaica,1921,0
Jamaica,1922,0
Jamaica,1923,0
Jamaica,1924,0
Jamaica,1925,6
Jamaica,1926,14
Jamaica,1927,14
Jamaica,1928,14
Jamaica,1929,14
Jamaica,1930,19
Jamaica,1931,19
Jamaica,1932,21
Jamaica,1933,21
Jamaica,1934,21
Jamaica,1935,23
Jamaica,1936,24
Jamaica,1937,24
Jamaica,1938,26
Jamaica,1939,26
Jamaica,1940,26
Jamaica,1941,26
Jamaica,1942,26
Jamaica,1943,26
Jamaica,1944,26
Jamaica,1945,26
Jamaica,1946,26
Jamaica,1947,30
Jamaica,1948,39
Jamaica,1949,50
Jamaica,1950,52
Jamaica,1951,59
Jamaica,1952,65
Jamaica,1953,69
Jamaica,1954,69
Jamaica,1955,69
Jamaica,1956,69
Jamaica,1957,74
Jamaica,1958,75
Jamaica,1959,81
Jamaica,1960,81
Jamaica,1961,81
Jamaica,1962,94
Jamaica,1963,101
Jamaica,1964,101
Jamaica,1965,116
Jamaica,1966,120
Jamaica,1967,124
Jamaica,1968,126
Jamaica,1969,134
Jamaica,1970,134
Jamaica,1971,134
Jamaica,1972,139
Jamaica,1973,140
Jamaica,1974,143
Jamaica,1975,147
Jamaica,1976,148
Jamaica,1977,148
Jamaica,1978,149
Jamaica,1979,153
Jamaica,1980,153
Jamaica,1981,153
Jamaica,1982,153
Jamaica,1983,153
Jamaica,1984,153
Jamaica,1985,156
Jamaica,1986,157
Jamaica,1987,162
Jamaica,1988,166
Jamaica,1989,170
Jamaica,1990,177
Jamaica,1991,198
Jamaica,1992,219
Jamaica,1993,236
Jamaica,1994,253
Jamaica,1995,282
Jamaica,1996,313
Jamaica,1997,357
Jamaica,1998,381
Jamaica,1999,408
Jamaica,2000,434
Jamaica,2001,449
Jamaica,2002,464
Jamaica,2003,489
Jamaica,2004,537
Jamaica,2005,557
Jamaica,2006,568
Jamaica,2007,578
Jamaica,2008,615
Jamaica,2009,626
Jamaica,2010,646
Jamaica,2011,659
Jamaica,2012,680
Jamaica,2013,685
Jamaica,2014,693
Jamaica,2015,709
Jamaica,2016,711
Jamaica,2017,725
Jamaica,2018,752
Jamaica,2019,780
Jamaica,2020,782
Jamaica,2021,794
Jamaica,2022,806
Jamaica,2023,835
Jamaica,2024,849
Jamaica,2025,878
Jamaica,2026,882
Japan,1872,0
Japan,1873,0
Japan,1874,0
Japan,1875,0
Japan,1876,0
Japan,1877,0
Japan,1878,0
Japan,1879,0
Japan,1880,0
Japan,1881,0
Japan,1882,0
Japan,1883,0
Japan,1884,0
Japan,1885,0
Japan,1886,0
Japan,1887,0
Japan,1888,0
Japan,1889,0
Japan,1890,0
Japan,1891,0
Japan,1892,0
Japan,1893,0
Japan,1894,0
Japan,1895,0
Japan,1896,0
Japan,1897,0
Japan,1898,0
Japan,1899,0
Japan,1900,0
Japan,1901,0
Japan,1902,0
Japan,1903,0
Japan,1904,0
Japan,1905,0
Japan,1906,0
Japan,1907,0
Japan,1908,0
Japan,1909,0
Japan,1910,0
Japan,1911,0
Japan,1912,0
Japan,1913,0
Japan,1914,0
Japan,1915,0
Japan,1916,0
Japan,1917,4
Japan,1918,4
Japan,1919,4
Japan,1920,4
Japan,1921,5
Japan,1922,5
Japan,1923,7
Japan,1924,7
Japan,1925,7
Japan,1926,7
Japan,1927,10
Japan,1928,10
Japan,1929,10
Japan,1930,23
Japan,1931,23
Japan,1932,23
Japan,1933,23
Japan,1934,31
Japan,1935,31
Japan,1936,31
Japan,1937,31
Japan,1938,31
Japan,1939,40
Japan,1940,54
Japan,1941,54
Japan,1942,75
Japan,1943,75
Japan,1944,75
Japan,1945,75
Japan,1946,75
Japan,1947,75
Japan,1948,75
Japan,1949,75
Japan,1950,75
Japan,1951,79
Japan,1952,79
Japan,1953,79
Japan,1954,87
Japan,1955,88
Japan,1956,88
Japan,1957,88
Japan,1958,92
Japan,1959,106
Japan,1960,111
Japan,1961,121
Japan,1962,129
Japan,1963,145
Japan,1964,147
Japan,1965,167
Japan,1966,191
Japan,1967,197
Japan,1968,203
Japan,1969,207
Japan,1970,228
Japan,1971,232
Japan,1972,253
Japan,1973,258
Japan,1974,268
Japan,1975,283
Japan,1976,303
Japan,1977,304
Japan,1978,324
Japan,1979,338
Japan,1980,348
Japan,1981,362
Japan,1982,370
Japan,1983,374
Japan,1984,384
Japan,1985,400
Japan,1986,414
Japan,1987,416
Japan,1988,424
Japan,1989,437
Japan,1990,440
Japan,1991,441
Japan,1992,455
Japan,1993,495
Japan,1994,511
Japan,1995,538
Japan,1996,566
Japan,1997,644
Japan,1998,667
Japan,1999,671
Japan,2000,720
Japan,2001,735
Japan,2002,750
Japan,2003,765
Japan,2004,812
Japan,2005,843
Japan,2006,873
Japan,2007,898
Japan,2008,929
Japan,2009,969
Japan,2010,987
Japan,2011,1019
Japan,2012,1040
Japan,2013,1073
Japan,2014,1098
Japan,2015,1138
Japan,2016,1168
Japan,2017,1188
Japan,2018,1215
Japan,2019,1256
Japan,2020,1258
Japan,2021,1300
Japan,2022,1332
Japan,2023,1366
Japan,2024,1422
Japan,2025,1440
Japan,2026,1451
Jersey,1872,0
Jersey,1873,0
Jersey,1874,0
Jersey,1875,0
Jersey,1876,0
Jersey,1877,0
Jersey,1878,0
Jersey,1879,0
Jersey,1880,0
Jersey,1881,0
Jersey,1882,0
Jersey,1883,0
Jersey,1884,0
Jersey,1885,0
Jersey,1886,0
Jersey,1887,0
Jersey,1888,0
Jersey,1889,0
Jersey,1890,0
Jersey,1891,0
Jersey,1892,0
Jersey,1893,0
Jersey,1894,0
Jersey,1895,0
Jersey,1896,0
Jersey,1897,0
Jersey,1898,0
Jersey,1899,0
Jersey,1900,0
Jersey,1901,0
Jersey,1902,0
Jersey,1903,0
Jersey,1904,0
Jersey,1905,0
Jersey,1906,1
Jersey,1907,5
Jersey,1908,9
Jersey,1909,9
Jersey,1910,19
Jersey,1911,23
Jersey,1912,28
Jersey,1913,35
Jersey,1914,36
Jersey,1915,36
Jersey,1916,36
Jersey,1917,36
Jersey,1918,36
Jersey,1919,36
Jersey,1920,36
Jersey,1921,39
Jersey,1922,40
Jersey,1923,40
Jersey,1924,42
Jersey,1925,43
Jersey,1926,55
Jersey,1927,58
Jersey,1928,60
Jersey,1929,61
Jersey,1930,66
Jersey,1931,70
Jersey,1932,70
Jersey,1933,77
Jersey,1934,77
Jersey,1935,77
Jersey,1936,87
Jersey,1937,92
Jersey,1938,95
Jersey,1939,98
Jersey,1940,98
Jersey,1941,98
Jersey,1942,98
Jersey,1943,98
Jersey,1944,98
Jersey,1945,98
Jersey,1946,109
Jersey,1947,112
Jersey,1948,118
Jersey,1949,129
Jersey,1950,129
Jersey,1951,138
Jersey,1952,139
Jersey,1953,145
Jersey,1954,148
Jersey,1955,152
Jersey,1956,154
Jersey,1957,165
Jersey,1958,167
Jersey,1959,176
Jersey,1960,181
Jersey,1961,187
Jersey,1962,189
Jersey,1963,199
Jersey,1964,200
Jersey,1965,212
Jersey,1966,214
Jersey,1967,220
Jersey,1968,222
Jersey,1969,228
Jersey,1970,230
Jersey,1971,242
Jersey,1972,242
Jersey,1973,252
Jersey,1974,253
Jersey,1975,260
Jersey,1976,263
Jersey,1977,271
Jersey,1978,271
Jersey,1979,279
Jersey,1980,280
Jersey,1981,289
Jersey,1982,291
Jersey,1983,298
Jersey,1984,304
Jersey,1985,312
Jersey,1986,315
Jersey,1987,329
Jersey,1988,329
Jersey,1989,337
Jersey,1990,339
Jersey,1991,354
Jersey,1992,356
Jersey,1993,371
Jersey,1994,392
Jersey,1995,407
Jersey,1996,408
Jersey,1997,424
Jersey,1998,428
Jersey,1999,434
Jersey,2000,445
Jersey,2001,464
Jersey,2002,468
Jersey,2003,486
Jersey,2004,494
Jersey,2005,499
Jersey,2006,506
Jersey,2007,510
Jersey,2008,520
Jersey,2009,531
Jersey,2010,534
Jersey,2011,546
Jersey,2012,546
Jersey,2013,556
Jersey,2014,557
Jersey,2015,576
Jersey,2016,579
Jersey,2017,594
Jersey,2018,595
Jersey,2019,612
Jersey,2020,612
Jersey,2021,612
Jersey,2022,621
Jersey,2023,639
Jersey,2024,639
Jersey,2025,645
Jersey,2026,645
Jordan,1872,0
Jordan,1873,0
Jordan,1874,0
Jordan,1875,0
Jordan,1876,0
Jordan,1877,0
Jordan,1878,0
Jordan,1879,0
Jordan,1880,0
Jordan,1881,0
Jordan,1882,0
Jordan,1883,0
Jordan,1884,0
Jordan,1885,0
Jordan,1886,0
Jordan,1887,0
Jordan,1888,0
Jordan,1889,0
Jordan,1890,0
Jordan,1891,0
Jordan,1892,0
Jordan,1893,0
Jordan,1894,0
Jordan,1895,0
Jordan,1896,0
Jordan,1897,0
Jordan,1898,0
Jordan,1899,0
Jordan,1900,0
Jordan,1901,0
Jordan,1902,0
Jordan,1903,0
Jordan,1904,0
Jordan,1905,0
Jordan,1906,0
Jordan,1907,0
Jordan,1908,0
Jordan,1909,0
Jordan,1910,0
Jordan,1911,0
Jordan,1912,0
Jordan,1913,0
Jordan,1914,0
Jordan,1915,0
Jordan,1916,0
Jordan,1917,0
Jordan,1918,0
Jordan,1919,0
Jordan,1920,0
Jordan,1921,0
Jordan,1922,0
Jordan,1923,0
Jordan,1924,0
Jordan,1925,0
Jordan,1926,0
Jordan,1927,0
Jordan,1928,0
Jordan,1929,0
Jordan,1930,0
Jordan,1931,0
Jordan,1932,0
Jordan,1933,0
Jordan,1934,0
Jordan,1935,0
Jordan,1936,0
Jordan,1937,0
Jordan,1938,0
Jordan,1939,0
Jordan,1940,0
Jordan,1941,0
Jordan,1942,0
Jordan,1943,0
Jordan,1944,0
Jordan,1945,0
Jordan,1946,0
Jordan,1947,0
Jordan,1948,0
Jordan,1949,0
Jordan,1950,0
Jordan,1951,0
Jordan,1952,0
Jordan,1953,0
Jordan,1954,0
Jordan,1955,0
Jordan,1956,0
Jordan,1957,0
Jordan,1958,0
Jordan,1959,0
Jordan,1960,0
Jordan,1961,0
Jordan,1962,0
Jordan,1963,1
Jordan,1964,3
Jordan,1965,3
Jordan,1966,10
Jordan,1967,10
Jordan,1968,10
Jordan,1969,10
Jordan,1970,10
Jordan,1971,15
Jordan,1972,15
Jordan,1973,15
Jordan,1974,15
Jordan,1975,15
Jordan,1976,15
Jordan,1977,15
Jordan,1978,15
Jordan,1979,15
Jordan,1980,15
Jordan,1981,19
Jordan,1982,19
Jordan,1983,20
Jordan,1984,27
Jordan,1985,31
Jordan,1986,31
Jordan,1987,33
Jordan,1988,42
Jordan,1989,47
Jordan,1990,47
Jordan,1991,47
Jordan,1992,59
Jordan,1993,77
Jordan,1994,77
Jordan,1995,77
Jordan,1996,81
Jordan,1997,86
Jordan,1998,91
Jordan,1999,98
Jordan,2000,122
Jordan,2001,139
Jordan,2002,166
Jordan,2003,179
Jordan,2004,213
Jordan,2005,216
Jordan,2006,237
Jordan,2007,249
Jordan,2008,269
Jordan,2009,279
Jordan,2010,291
Jordan,2011,331
Jordan,2012,347
Jordan,2013,369
Jordan,2014,385
Jordan,2015,413
Jordan,2016,430
Jordan,2017,451
Jordan,2018,462
Jordan,2019,488
Jordan,2020,489
Jordan,2021,517
Jordan,2022,533
Jordan,2023,543
Jordan,2024,585
Jordan,2025,614
Jordan,2026,622
Kabylia,1872,0
Kabylia,1873,0
Kabylia,1874,0
Kabylia,1875,0
Kabylia,1876,0
Kabylia,1877,0
Kabylia,1878,0
Kabylia,1879,0
Kabylia,1880,0
Kabylia,1881,0
Kabylia,1882,0
Kabylia,1883,0
Kabylia,1884,0
Kabylia,1885,0
Kabylia,1886,0
Kabylia,1887,0
Kabylia,1888,0
Kabylia,1889,0
Kabylia,1890,0
Kabylia,1891,0
Kabylia,1892,0
Kabylia,1893,0
Kabylia,1894,0
Kabylia,1895,0
Kabylia,1896,0
Kabylia,1897,0
Kabylia,1898,0
Kabylia,1899,0
Kabylia,1900,0
Kabylia,1901,0
Kabylia,1902,0
Kabylia,1903,0
Kabylia,1904,0
Kabylia,1905,0
Kabylia,1906,0
Kabylia,1907,0
Kabylia,1908,0
Kabylia,1909,0
Kabylia,1910,0
Kabylia,1911,0
Kabylia,1912,0
Kabylia,1913,0
Kabylia,1914,0
Kabylia,1915,0
Kabylia,1916,0
Kabylia,1917,0
Kabylia,1918,0
Kabylia,1919,0
Kabylia,1920,0
Kabylia,1921,0
Kabylia,1922,0
Kabylia,1923,0
Kabylia,1924,0
Kabylia,1925,0
Kabylia,1926,0
Kabylia,1927,0
Kabylia,1928,0
Kabylia,1929,0
Kabylia,1930,0
Kabylia,1931,0
Kabylia,1932,0
Kabylia,1933,0
Kabylia,1934,0
Kabylia,1935,0
Kabylia,1936,0
Kabylia,1937,0
Kabylia,1938,0
Kabylia,1939,0
Kabylia,1940,0
Kabylia,1941,0
Kabylia,1942,0
Kabylia,1943,0
Kabylia,1944,0
Kabylia,1945,0
Kabylia,1946,0
Kabylia,1947,0
Kabylia,1948,0
Kabylia,1949,0
Kabylia,1950,0
Kabylia,1951,0
Kabylia,1952,0
Kabylia,1953,0
Kabylia,1954,0
Kabylia,1955,0
Kabylia,1956,0
Kabylia,1957,0
Kabylia,1958,0
Kabylia,1959,0
Kabylia,1960,0
Kabylia,1961,0
Kabylia,1962,0
Kabylia,1963,0
Kabylia,1964,0
Kabylia,1965,0
Kabylia,1966,0
Kabylia,1967,0
Kabylia,1968,0
Kabylia,1969,0
Kabylia,1970,0
Kabylia,1971,0
Kabylia,1972,0
Kabylia,1973,0
Kabylia,1974,0
Kabylia,1975,0
Kabylia,1976,0
Kabylia,1977,0
Kabylia,1978,0
Kabylia,1979,0
Kabylia,1980,0
Kabylia,1981,0
Kabylia,1982,0
Kabylia,1983,0
Kabylia,1984,0
Kabylia,1985,0
Kabylia,1986,0
Kabylia,1987,0
Kabylia,1988,0
Kabylia,1989,0
Kabylia,1990,0
Kabylia,1991,0
Kabylia,1992,0
Kabylia,1993,0
Kabylia,1994,0
Kabylia,1995,0
Kabylia,1996,0
Kabylia,1997,0
Kabylia,1998,0
Kabylia,1999,0
Kabylia,2000,0
Kabylia,2001,0
Kabylia,2002,0
Kabylia,2003,0
Kabylia,2004,0
Kabylia,2005,0
Kabylia,2006,0
Kabylia,2007,0
Kabylia,2008,0
Kabylia,2009,0
Kabylia,2010,0
Kabylia,2011,0
Kabylia,2012,0
Kabylia,2013,0
Kabylia,2014,0
Kabylia,2015,0
Kabylia,2016,0
Kabylia,2017,0
Kabylia,2018,8
Kabylia,2019,8
Kabylia,2020,8
Kabylia,2021,8
Kabylia,2022,8
Kabylia,2023,8
Kabylia,2024,8
Kabylia,2025,8
Kabylia,2026,8
Kazakhstan,1872,0
Kazakhstan,1873,0
Kazakhstan,1874,0
Kazakhstan,1875,0
Kazakhstan,1876,0
Kazakhstan,1877,0
Kazakhstan,1878,0
Kazakhstan,1879,0
Kazakhstan,1880,0
Kazakhstan,1881,0
Kazakhstan,1882,0
Kazakhstan,1883,0
Kazakhstan,1884,0
Kazakhstan,1885,0
Kazakhstan,1886,0
Kazakhstan,1887,0
Kazakhstan,1888,0
Kazakhstan,1889,0
Kazakhstan,1890,0
Kazakhstan,1891,0
Kazakhstan,1892,0
Kazakhstan,1893,0
Kazakhstan,1894,0
Kazakhstan,1895,0
Kazakhstan,1896,0
Kazakhstan,1897,0
Kazakhstan,1898,0
Kazakhstan,1899,0
Kazakhstan,1900,0
Kazakhstan,1901,0
Kazakhstan,1902,0
Kazakhstan,1903,0
Kazakhstan,1904,0
Kazakhstan,1905,0
Kazakhstan,1906,0
Kazakhstan,1907,0
Kazakhstan,1908,0
Kazakhstan,1909,0
Kazakhstan,1910,0
Kazakhstan,1911,0
Kazakhstan,1912,0
Kazakhstan,1913,0
Kazakhstan,1914,0
Kazakhstan,1915,0
Kazakhstan,1916,0
Kazakhstan,1917,0
Kazakhstan,1918,0
Kazakhstan,1919,0
Kazakhstan,1920,0
Kazakhstan,1921,0
Kazakhstan,1922,0
Kazakhstan,1923,0
Kazakhstan,1924,0
Kazakhstan,1925,0
Kazakhstan,1926,0
Kazakhstan,1927,0
Kazakhstan,1928,0
Kazakhstan,1929,0
Kazakhstan,1930,0
Kazakhstan,1931,0
Kazakhstan,1932,0
Kazakhstan,1933,0
Kazakhstan,1934,0
Kazakhstan,1935,0
Kazakhstan,1936,0
Kazakhstan,1937,0
Kazakhstan,1938,0
Kazakhstan,1939,0
Kazakhstan,1940,0
Kazakhstan,1941,0
Kazakhstan,1942,0
Kazakhstan,1943,0
Kazakhstan,1944,0
Kazakhstan,1945,0
Kazakhstan,1946,0
Kazakhstan,1947,0
Kazakhstan,1948,0
Kazakhstan,1949,0
Kazakhstan,1950,0
Kazakhstan,1951,0
Kazakhstan,1952,0
Kazakhstan,1953,0
Kazakhstan,1954,0
Kazakhstan,1955,0
Kazakhstan,1956,0
Kazakhstan,1957,0
Kazakhstan,1958,0
Kazakhstan,1959,0
Kazakhstan,1960,0
Kazakhstan,1961,0
Kazakhstan,1962,0
Kazakhstan,1963,0
Kazakhstan,1964,0
Kazakhstan,1965,0
Kazakhstan,1966,0
Kazakhstan,1967,0
Kazakhstan,1968,0
Kazakhstan,1969,0
Kazakhstan,1970,0
Kazakhstan,1971,0
Kazakhstan,1972,0
Kazakhstan,1973,0
Kazakhstan,1974,0
Kazakhstan,1975,0
Kazakhstan,1976,0
Kazakhstan,1977,0
Kazakhstan,1978,0
Kazakhstan,1979,1
Kazakhstan,1980,1
Kazakhstan,1981,1
Kazakhstan,1982,1
Kazakhstan,1983,1
Kazakhstan,1984,1
Kazakhstan,1985,1
Kazakhstan,1986,1
Kazakhstan,1987,1
Kazakhstan,1988,1
Kazakhstan,1989,1
Kazakhstan,1990,1
Kazakhstan,1991,1
Kazakhstan,1992,9
Kazakhstan,1993,9
Kazakhstan,1994,10
Kazakhstan,1995,10
Kazakhstan,1996,12
Kazakhstan,1997,67
Kazakhstan,1998,75
Kazakhstan,1999,75
Kazakhstan,2000,87
Kazakhstan,2001,107
Kazakhstan,2002,109
Kazakhstan,2003,114
Kazakhstan,2004,123
Kazakhstan,2005,127
Kazakhstan,2006,136
Kazakhstan,2007,152
Kazakhstan,2008,157
Kazakhstan,2009,165
Kazakhstan,2010,168
Kazakhstan,2011,176
Kazakhstan,2012,182
Kazakhstan,2013,192
Kazakhstan,2014,206
Kazakhstan,2015,210
Kazakhstan,2016,216
Kazakhstan,2017,220
Kazakhstan,2018,235
Kazakhstan,2019,249
Kazakhstan,2020,254
Kazakhstan,2021,260
Kazakhstan,2022,271
Kazakhstan,2023,287
Kazakhstan,2024,292
Kazakhstan,2025,304
Kazakhstan,2026,309
Kenya,1872,0
Kenya,1873,0
Kenya,1874,0
Kenya,1875,0
Kenya,1876,0
Kenya,1877,0
Kenya,1878,0
Kenya,1879,0
Kenya,1880,0
Kenya,1881,0
Kenya,1882,0
Kenya,1883,0
Kenya,1884,0
Kenya,1885,0
Kenya,1886,0
Kenya,1887,0
Kenya,1888,0
Kenya,1889,0
Kenya,1890,0
Kenya,1891,0
Kenya,1892,0
Kenya,1893,0
Kenya,1894,0
Kenya,1895,0
Kenya,1896,0
Kenya,1897,0
Kenya,1898,0
Kenya,1899,0
Kenya,1900,0
Kenya,1901,0
Kenya,1902,0
Kenya,1903,0
Kenya,1904,0
Kenya,1905,0
Kenya,1906,0
Kenya,1907,0
Kenya,1908,0
Kenya,1909,0
Kenya,1910,0
Kenya,1911,0
Kenya,1912,0
Kenya,1913,0
Kenya,1914,0
Kenya,1915,0
Kenya,1916,0
Kenya,1917,0
Kenya,1918,0
Kenya,1919,0
Kenya,1920,0
Kenya,1921,0
Kenya,1922,0
Kenya,1923,0
Kenya,1924,0
Kenya,1925,0
Kenya,1926,3
Kenya,1927,3
Kenya,1928,3
Kenya,1929,6
Kenya,1930,6
Kenya,1931,8
Kenya,1932,9
Kenya,1933,9
Kenya,1934,9
Kenya,1935,11
Kenya,1936,11
Kenya,1937,16
Kenya,1938,17
Kenya,1939,19
Kenya,1940,22
Kenya,1941,26
Kenya,1942,30
Kenya,1943,31
Kenya,1944,33
Kenya,1945,34
Kenya,1946,39
Kenya,1947,41
Kenya,1948,45
Kenya,1949,48
Kenya,1950,53
Kenya,1951,57
Kenya,1952,67
Kenya,1953,80
Kenya,1954,88
Kenya,1955,96
Kenya,1956,107
Kenya,1957,113
Kenya,1958,122
Kenya,1959,130
Kenya,1960,140
Kenya,1961,167
Kenya,1962,185
Kenya,1963,200
Kenya,1964,216
Kenya,1965,240
Kenya,1966,263
Kenya,1967,290
Kenya,1968,303
Kenya,1969,308
Kenya,1970,314
Kenya,1971,334
Kenya,1972,349
Kenya,1973,360
Kenya,1974,364
Kenya,1975,384
Kenya,1976,395
Kenya,1977,406
Kenya,1978,411
Kenya,1979,426
Kenya,1980,435
Kenya,1981,452
Kenya,1982,459
Kenya,1983,475
Kenya,1984,490
Kenya,1985,495
Kenya,1986,500
Kenya,1987,515
Kenya,1988,519
Kenya,1989,532
Kenya,1990,540
Kenya,1991,557
Kenya,1992,568
Kenya,1993,582
Kenya,1994,590
Kenya,1995,595
Kenya,1996,607
Kenya,1997,620
Kenya,1998,638
Kenya,1999,648
Kenya,2000,665
Kenya,2001,682
Kenya,2002,707
Kenya,2003,737
Kenya,2004,759
Kenya,2005,764
Kenya,2006,766
Kenya,2007,779
Kenya,2008,787
Kenya,2009,805
Kenya,2010,814
Kenya,2011,830
Kenya,2012,845
Kenya,2013,866
Kenya,2014,868
Kenya,2015,882
Kenya,2016,890
Kenya,2017,902
Kenya,2018,918
Kenya,2019,926
Kenya,2020,930
Kenya,2021,940
Kenya,2022,940
Kenya,2023,952
Kenya,2024,957
Kenya,2025,973
Kenya,2026,978
Kernow,1872,0
Kernow,1873,0
Kernow,1874,0
Kernow,1875,0
Kernow,1876,0
Kernow,1877,0
Kernow,1878,0
Kernow,1879,0
Kernow,1880,0
Kernow,1881,0
Kernow,1882,0
Kernow,1883,0
Kernow,1884,0
Kernow,1885,0
Kernow,1886,0
Kernow,1887,0
Kernow,1888,0
Kernow,1889,0
Kernow,1890,0
Kernow,1891,0
Kernow,1892,0
Kernow,1893,0
Kernow,1894,0
Kernow,1895,0
Kernow,1896,0
Kernow,1897,0
Kernow,1898,0
Kernow,1899,0
Kernow,1900,0
Kernow,1901,0
Kernow,1902,0
Kernow,1903,0
Kernow,1904,0
Kernow,1905,0
Kernow,1906,0
Kernow,1907,0
Kernow,1908,0
Kernow,1909,0
Kernow,1910,0
Kernow,1911,0
Kernow,1912,0
Kernow,1913,0
Kernow,1914,0
Kernow,1915,0
Kernow,1916,0
Kernow,1917,0
Kernow,1918,0
Kernow,1919,0
Kernow,1920,0
Kernow,1921,0
Kernow,1922,0
Kernow,1923,0
Kernow,1924,0
Kernow,1925,0
Kernow,1926,0
Kernow,1927,0
Kernow,1928,0
Kernow,1929,0
Kernow,1930,0
Kernow,1931,0
Kernow,1932,0
Kernow,1933,0
Kernow,1934,0
Kernow,1935,0
Kernow,1936,0
Kernow,1937,0
Kernow,1938,0
Kernow,1939,0
Kernow,1940,0
Kernow,1941,0
Kernow,1942,0
Kernow,1943,0
Kernow,1944,0
Kernow,1945,0
Kernow,1946,0
Kernow,1947,0
Kernow,1948,0
Kernow,1949,0
Kernow,1950,0
Kernow,1951,0
Kernow,1952,0
Kernow,1953,6
Kernow,1954,6
Kernow,1955,6
Kernow,1956,6
Kernow,1957,6
Kernow,1958,6
Kernow,1959,6
Kernow,1960,6
Kernow,1961,6
Kernow,1962,6
Kernow,1963,6
Kernow,1964,6
Kernow,1965,6
Kernow,1966,6
Kernow,1967,6
Kernow,1968,6
Kernow,1969,6
Kernow,1970,6
Kernow,1971,6
Kernow,1972,6
Kernow,1973,6
Kernow,1974,6
Kernow,1975,6
Kernow,1976,6
Kernow,1977,6
Kernow,1978,6
Kernow,1979,6
Kernow,1980,6
Kernow,1981,6
Kernow,1982,6
Kernow,1983,6
Kernow,1984,6
Kernow,1985,6
Kernow,1986,6
Kernow,1987,6
Kernow,1988,6
Kernow,1989,6
Kernow,1990,6
Kernow,1991,6
Kernow,1992,6
Kernow,1993,6
Kernow,1994,6
Kernow,1995,6
Kernow,1996,6
Kernow,1997,6
Kernow,1998,12
Kernow,1999,12
Kernow,2000,13
Kernow,2001,13
Kernow,2002,16
Kernow,2003,17
Kernow,2004,21
Kernow,2005,24
Kernow,2006,24
Kernow,2007,25
Kernow,2008,25
Kernow,2009,25
Kernow,2010,25
Kernow,2011,25
Kernow,2012,25
Kernow,2013,25
Kernow,2014,25
Kernow,2015,25
Kernow,2016,25
Kernow,2017,25
Kernow,2018,25
Kernow,2019,30
Kernow,2020,30
Kernow,2021,30
Kernow,2022,30
Kernow,2023,32
Kernow,2024,32
Kernow,2025,32
Kernow,2026,32
Kiribati,1872,0
Kiribati,1873,0
Kiribati,1874,0
Kiribati,1875,0
Kiribati,1876,0
Kiribati,1877,0
Kiribati,1878,0
Kiribati,1879,0
Kiribati,1880,0
Kiribati,1881,0
Kiribati,1882,0
Kiribati,1883,0
Kiribati,1884,0
Kiribati,1885,0
Kiribati,1886,0
Kiribati,1887,0
Kiribati,1888,0
Kiribati,1889,0
Kiribati,1890,0
Kiribati,1891,0
Kiribati,1892,0
Kiribati,1893,0
Kiribati,1894,0
Kiribati,1895,0
Kiribati,1896,0
Kiribati,1897,0
Kiribati,1898,0
Kiribati,1899,0
Kiribati,1900,0
Kiribati,1901,0
Kiribati,1902,0
Kiribati,1903,0
Kiribati,1904,0
Kiribati,1905,0
Kiribati,1906,0
Kiribati,1907,0
Kiribati,1908,0
Kiribati,1909,0
Kiribati,1910,0
Kiribati,1911,0
Kiribati,1912,0
Kiribati,1913,0
Kiribati,1914,0
Kiribati,1915,0
Kiribati,1916,0
Kiribati,1917,0
Kiribati,1918,0
Kiribati,1919,0
Kiribati,1920,0
Kiribati,1921,0
Kiribati,1922,0
Kiribati,1923,0
Kiribati,1924,0
Kiribati,1925,0
Kiribati,1926,0
Kiribati,1927,0
Kiribati,1928,0
Kiribati,1929,0
Kiribati,1930,0
Kiribati,1931,0
Kiribati,1932,0
Kiribati,1933,0
Kiribati,1934,0
Kiribati,1935,0
Kiribati,1936,0
Kiribati,1937,0
Kiribati,1938,0
Kiribati,1939,0
Kiribati,1940,0
Kiribati,1941,0
Kiribati,1942,0
Kiribati,1943,0
Kiribati,1944,0
Kiribati,1945,0
Kiribati,1946,0
Kiribati,1947,0
Kiribati,1948,0
Kiribati,1949,0
Kiribati,1950,0
Kiribati,1951,0
Kiribati,1952,0
Kiribati,1953,0
Kiribati,1954,0
Kiribati,1955,0
Kiribati,1956,0
Kiribati,1957,0
Kiribati,1958,0
Kiribati,1959,0
Kiribati,1960,0
Kiribati,1961,0
Kiribati,1962,0
Kiribati,1963,0
Kiribati,1964,0
Kiribati,1965,0
Kiribati,1966,0
Kiribati,1967,0
Kiribati,1968,0
Kiribati,1969,0
Kiribati,1970,0
Kiribati,1971,0
Kiribati,1972,0
Kiribati,1973,0
Kiribati,1974,0
Kiribati,1975,0
Kiribati,1976,0
Kiribati,1977,0
Kiribati,1978,0
Kiribati,1979,3
Kiribati,1980,3
Kiribati,1981,3
Kiribati,1982,3
Kiribati,1983,3
Kiribati,1984,3
Kiribati,1985,3
Kiribati,1986,3
Kiribati,1987,3
Kiribati,1988,3
Kiribati,1989,3
Kiribati,1990,3
Kiribati,1991,3
Kiribati,1992,3
Kiribati,1993,3
Kiribati,1994,3
Kiribati,1995,3
Kiribati,1996,3
Kiribati,1997,3
Kiribati,1998,3
Kiribati,1999,3
Kiribati,2000,3
Kiribati,2001,3
Kiribati,2002,3
Kiribati,2003,5
Kiribati,2004,5
Kiribati,2005,5
Kiribati,2006,5
Kiribati,2007,5
Kiribati,2008,5
Kiribati,2009,5
Kiribati,2010,5
Kiribati,2011,7
Kiribati,2012,7
Kiribati,2013,7
Kiribati,2014,7
Kiribati,2015,7
Kiribati,2016,7
Kiribati,2017,7
Kiribati,2018,7
Kiribati,2019,7
Kiribati,2020,7
Kiribati,2021,7
Kiribati,2022,7
Kiribati,2023,7
Kiribati,2024,7
Kiribati,2025,7
Kiribati,2026,7
Kosovo,1872,0
Kosovo,1873,0
Kosovo,1874,0
Kosovo,1875,0
Kosovo,1876,0
Kosovo,1877,0
Kosovo,1878,0
Kosovo,1879,0
Kosovo,1880,0
Kosovo,1881,0
Kosovo,1882,0
Kosovo,1883,0
Kosovo,1884,0
Kosovo,1885,0
Kosovo,1886,0
Kosovo,1887,0
Kosovo,1888,0
Kosovo,1889,0
Kosovo,1890,0
Kosovo,1891,0
Kosovo,1892,0
Kosovo,1893,0
Kosovo,1894,0
Kosovo,1895,0
Kosovo,1896,0
Kosovo,1897,0
Kosovo,1898,0
Kosovo,1899,0
Kosovo,1900,0
Kosovo,1901,0
Kosovo,1902,0
Kosovo,1903,0
Kosovo,1904,0
Kosovo,1905,0
Kosovo,1906,0
Kosovo,1907,0
Kosovo,1908,0
Kosovo,1909,0
Kosovo,1910,0
Kosovo,1911,0
Kosovo,1912,0
Kosovo,1913,0
Kosovo,1914,0
Kosovo,1915,0
Kosovo,1916,0
Kosovo,1917,0
Kosovo,1918,0
Kosovo,1919,0
Kosovo,1920,0
Kosovo,1921,0
Kosovo,1922,0
Kosovo,1923,0
Kosovo,1924,0
Kosovo,1925,0
Kosovo,1926,0
Kosovo,1927,0
Kosovo,1928,0
Kosovo,1929,0
Kosovo,1930,0
Kosovo,1931,0
Kosovo,1932,0
Kosovo,1933,0
Kosovo,1934,0
Kosovo,1935,0
Kosovo,1936,0
Kosovo,1937,0
Kosovo,1938,0
Kosovo,1939,0
Kosovo,1940,0
Kosovo,1941,0
Kosovo,1942,0
Kosovo,1943,0
Kosovo,1944,0
Kosovo,1945,0
Kosovo,1946,0
Kosovo,1947,0
Kosovo,1948,0
Kosovo,1949,0
Kosovo,1950,0
Kosovo,1951,0
Kosovo,1952,0
Kosovo,1953,0
Kosovo,1954,0
Kosovo,1955,0
Kosovo,1956,0
Kosovo,1957,0
Kosovo,1958,0
Kosovo,1959,0
Kosovo,1960,0
Kosovo,1961,0
Kosovo,1962,0
Kosovo,1963,0
Kosovo,1964,0
Kosovo,1965,0
Kosovo,1966,0
Kosovo,1967,0
Kosovo,1968,0
Kosovo,1969,0
Kosovo,1970,0
Kosovo,1971,0
Kosovo,1972,0
Kosovo,1973,0
Kosovo,1974,0
Kosovo,1975,0
Kosovo,1976,0
Kosovo,1977,0
Kosovo,1978,0
Kosovo,1979,0
Kosovo,1980,0
Kosovo,1981,0
Kosovo,1982,0
Kosovo,1983,0
Kosovo,1984,0
Kosovo,1985,0
Kosovo,1986,0
Kosovo,1987,0
Kosovo,1988,0
Kosovo,1989,0
Kosovo,1990,0
Kosovo,1991,0
Kosovo,1992,0
Kosovo,1993,0
Kosovo,1994,0
Kosovo,1995,0
Kosovo,1996,0
Kosovo,1997,0
Kosovo,1998,0
Kosovo,1999,0
Kosovo,2000,0
Kosovo,2001,0
Kosovo,2002,0
Kosovo,2003,0
Kosovo,2004,0
Kosovo,2005,4
Kosovo,2006,11
Kosovo,2007,11
Kosovo,2008,11
Kosovo,2009,11
Kosovo,2010,11
Kosovo,2011,11
Kosovo,2012,11
Kosovo,2013,11
Kosovo,2014,14
Kosovo,2015,18
Kosovo,2016,21
Kosovo,2017,27
Kosovo,2018,48
Kosovo,2019,64
Kosovo,2020,70
Kosovo,2021,87
Kosovo,2022,107
Kosovo,2023,117
Kosovo,2024,128
Kosovo,2025,148
Kosovo,2026,156
Kurdistan,1872,0
Kurdistan,1873,0
Kurdistan,1874,0
Kurdistan,1875,0
Kurdistan,1876,0
Kurdistan,1877,0
Kurdistan,1878,0
Kurdistan,1879,0
Kurdistan,1880,0
Kurdistan,1881,0
Kurdistan,1882,0
Kurdistan,1883,0
Kurdistan,1884,0
Kurdistan,1885,0
Kurdistan,1886,0
Kurdistan,1887,0
Kurdistan,1888,0
Kurdistan,1889,0
Kurdistan,1890,0
Kurdistan,1891,0
Kurdistan,1892,0
Kurdistan,1893,0
Kurdistan,1894,0
Kurdistan,1895,0
Kurdistan,1896,0
Kurdistan,1897,0
Kurdistan,1898,0
Kurdistan,1899,0
Kurdistan,1900,0
Kurdistan,1901,0
Kurdistan,1902,0
Kurdistan,1903,0
Kurdistan,1904,0
Kurdistan,1905,0
Kurdistan,1906,0
Kurdistan,1907,0
Kurdistan,1908,0
Kurdistan,1909,0
Kurdistan,1910,0
Kurdistan,1911,0
Kurdistan,1912,0
Kurdistan,1913,0
Kurdistan,1914,0
Kurdistan,1915,0
Kurdistan,1916,0
Kurdistan,1917,0
Kurdistan,1918,0
Kurdistan,1919,0
Kurdistan,1920,0
Kurdistan,1921,0
Kurdistan,1922,0
Kurdistan,1923,0
Kurdistan,1924,0
Kurdistan,1925,0
Kurdistan,1926,0
Kurdistan,1927,0
Kurdistan,1928,0
Kurdistan,1929,0
Kurdistan,1930,0
Kurdistan,1931,0
Kurdistan,1932,0
Kurdistan,1933,0
Kurdistan,1934,0
Kurdistan,1935,0
Kurdistan,1936,0
Kurdistan,1937,0
Kurdistan,1938,0
Kurdistan,1939,0
Kurdistan,1940,0
Kurdistan,1941,0
Kurdistan,1942,0
Kurdistan,1943,0
Kurdistan,1944,0
Kurdistan,1945,0
Kurdistan,1946,0
Kurdistan,1947,0
Kurdistan,1948,0
Kurdistan,1949,0
Kurdistan,1950,0
Kurdistan,1951,0
Kurdistan,1952,0
Kurdistan,1953,0
Kurdistan,1954,0
Kurdistan,1955,0
Kurdistan,1956,0
Kurdistan,1957,0
Kurdistan,1958,0
Kurdistan,1959,0
Kurdistan,1960,0
Kurdistan,1961,0
Kurdistan,1962,0
Kurdistan,1963,0
Kurdistan,1964,0
Kurdistan,1965,0
Kurdistan,1966,0
Kurdistan,1967,0
Kurdistan,1968,0
Kurdistan,1969,0
Kurdistan,1970,0
Kurdistan,1971,0
Kurdistan,1972,0
Kurdistan,1973,0
Kurdistan,1974,0
Kurdistan,1975,0
Kurdistan,1976,0
Kurdistan,1977,0
Kurdistan,1978,0
Kurdistan,1979,0
Kurdistan,1980,0
Kurdistan,1981,0
Kurdistan,1982,0
Kurdistan,1983,0
Kurdistan,1984,0
Kurdistan,1985,0
Kurdistan,1986,0
Kurdistan,1987,0
Kurdistan,1988,0
Kurdistan,1989,0
Kurdistan,1990,0
Kurdistan,1991,0
Kurdistan,1992,0
Kurdistan,1993,0
Kurdistan,1994,0
Kurdistan,1995,0
Kurdistan,1996,0
Kurdistan,1997,0
Kurdistan,1998,0
Kurdistan,1999,0
Kurdistan,2000,0
Kurdistan,2001,0
Kurdistan,2002,0
Kurdistan,2003,0
Kurdistan,2004,0
Kurdistan,2005,0
Kurdistan,2006,0
Kurdistan,2007,0
Kurdistan,2008,0
Kurdistan,2009,0
Kurdistan,2010,0
Kurdistan,2011,0
Kurdistan,2012,4
Kurdistan,2013,12
Kurdistan,2014,12
Kurdistan,2015,12
Kurdistan,2016,12
Kurdistan,2017,12
Kurdistan,2018,12
Kurdistan,2019,12
Kurdistan,2020,12
Kurdistan,2021,12
Kurdistan,2022,12
Kurdistan,2023,12
Kurdistan,2024,12
Kurdistan,2025,12
Kurdistan,2026,12
Kuwait,1872,0
Kuwait,1873,0
Kuwait,1874,0
Kuwait,1875,0
Kuwait,1876,0
Kuwait,1877,0
Kuwait,1878,0
Kuwait,1879,0
Kuwait,1880,0
Kuwait,1881,0
Kuwait,1882,0
Kuwait,1883,0
Kuwait,1884,0
Kuwait,1885,0
Kuwait,1886,0
Kuwait,1887,0
Kuwait,1888,0
Kuwait,1889,0
Kuwait,1890,0
Kuwait,1891,0
Kuwait,1892,0
Kuwait,1893,0
Kuwait,1894,0
Kuwait,1895,0
Kuwait,1896,0
Kuwait,1897,0
Kuwait,1898,0
Kuwait,1899,0
Kuwait,1900,0
Kuwait,1901,0
Kuwait,1902,0
Kuwait,1903,0
Kuwait,1904,0
Kuwait,1905,0
Kuwait,1906,0
Kuwait,1907,0
Kuwait,1908,0
Kuwait,1909,0
Kuwait,1910,0
Kuwait,1911,0
Kuwait,1912,0
Kuwait,1913,0
Kuwait,1914,0
Kuwait,1915,0
Kuwait,1916,0
Kuwait,1917,0
Kuwait,1918,0
Kuwait,1919,0
Kuwait,1920,0
Kuwait,1921,0
Kuwait,1922,0
Kuwait,1923,0
Kuwait,1924,0
Kuwait,1925,0
Kuwait,1926,0
Kuwait,1927,0
Kuwait,1928,0
Kuwait,1929,0
Kuwait,1930,0
Kuwait,1931,0
Kuwait,1932,0
Kuwait,1933,0
Kuwait,1934,0
Kuwait,1935,0
Kuwait,1936,0
Kuwait,1937,0
Kuwait,1938,0
Kuwait,1939,0
Kuwait,1940,0
Kuwait,1941,0
Kuwait,1942,0
Kuwait,1943,0
Kuwait,1944,0
Kuwait,1945,0
Kuwait,1946,0
Kuwait,1947,0
Kuwait,1948,0
Kuwait,1949,0
Kuwait,1950,0
Kuwait,1951,0
Kuwait,1952,0
Kuwait,1953,0
Kuwait,1954,0
Kuwait,1955,0
Kuwait,1956,0
Kuwait,1957,0
Kuwait,1958,0
Kuwait,1959,0
Kuwait,1960,0
Kuwait,1961,0
Kuwait,1962,0
Kuwait,1963,8
Kuwait,1964,13
Kuwait,1965,14
Kuwait,1966,24
Kuwait,1967,24
Kuwait,1968,24
Kuwait,1969,24
Kuwait,1970,34
Kuwait,1971,41
Kuwait,1972,65
Kuwait,1973,90
Kuwait,1974,124
Kuwait,1975,128
Kuwait,1976,160
Kuwait,1977,183
Kuwait,1978,196
Kuwait,1979,211
Kuwait,1980,231
Kuwait,1981,251
Kuwait,1982,275
Kuwait,1983,275
Kuwait,1984,286
Kuwait,1985,295
Kuwait,1986,327
Kuwait,1987,332
Kuwait,1988,348
Kuwait,1989,367
Kuwait,1990,382
Kuwait,1991,382
Kuwait,1992,400
Kuwait,1993,433
Kuwait,1994,454
Kuwait,1995,457
Kuwait,1996,499
Kuwait,1997,524
Kuwait,1998,583
Kuwait,1999,584
Kuwait,2000,629
Kuwait,2001,653
Kuwait,2002,666
Kuwait,2003,687
Kuwait,2004,735
Kuwait,2005,747
Kuwait,2006,764
Kuwait,2007,770
Kuwait,2008,784
Kuwait,2009,806
Kuwait,2010,853
Kuwait,2011,879
Kuwait,2012,893
Kuwait,2013,922
Kuwait,2014,940
Kuwait,2015,956
Kuwait,2016,956
Kuwait,2017,957
Kuwait,2018,967
Kuwait,2019,995
Kuwait,2020,995
Kuwait,2021,1000
Kuwait,2022,1012
Kuwait,2023,1038
Kuwait,2024,1050
Kuwait,2025,1065
Kuwait,2026,1067
Kyrgyzstan,1872,0
Kyrgyzstan,1873,0
Kyrgyzstan,1874,0
Kyrgyzstan,1875,0
Kyrgyzstan,1876,0
Kyrgyzstan,1877,0
Kyrgyzstan,1878,0
Kyrgyzstan,1879,0
Kyrgyzstan,1880,0
Kyrgyzstan,1881,0
Kyrgyzstan,1882,0
Kyrgyzstan,1883,0
Kyrgyzstan,1884,0
Kyrgyzstan,1885,0
Kyrgyzstan,1886,0
Kyrgyzstan,1887,0
Kyrgyzstan,1888,0
Kyrgyzstan,1889,0
Kyrgyzstan,1890,0
Kyrgyzstan,1891,0
Kyrgyzstan,1892,0
Kyrgyzstan,1893,0
Kyrgyzstan,1894,0
Kyrgyzstan,1895,0
Kyrgyzstan,1896,0
Kyrgyzstan,1897,0
Kyrgyzstan,1898,0
Kyrgyzstan,1899,0
Kyrgyzstan,1900,0
Kyrgyzstan,1901,0
Kyrgyzstan,1902,0
Kyrgyzstan,1903,0
Kyrgyzstan,1904,0
Kyrgyzstan,1905,0
Kyrgyzstan,1906,0
Kyrgyzstan,1907,0
Kyrgyzstan,1908,0
Kyrgyzstan,1909,0
Kyrgyzstan,1910,0
Kyrgyzstan,1911,0
Kyrgyzstan,1912,0
Kyrgyzstan,1913,0
Kyrgyzstan,1914,0
Kyrgyzstan,1915,0
Kyrgyzstan,1916,0
Kyrgyzstan,1917,0
Kyrgyzstan,1918,0
Kyrgyzstan,1919,0
Kyrgyzstan,1920,0
Kyrgyzstan,1921,0
Kyrgyzstan,1922,0
Kyrgyzstan,1923,0
Kyrgyzstan,1924,0
Kyrgyzstan,1925,0
Kyrgyzstan,1926,0
Kyrgyzstan,1927,0
Kyrgyzstan,1928,0
Kyrgyzstan,1929,0
Kyrgyzstan,1930,0
Kyrgyzstan,1931,0
Kyrgyzstan,1932,0
Kyrgyzstan,1933,0
Kyrgyzstan,1934,0
Kyrgyzstan,1935,0
Kyrgyzstan,1936,0
Kyrgyzstan,1937,0
Kyrgyzstan,1938,0
Kyrgyzstan,1939,0
Kyrgyzstan,1940,0
Kyrgyzstan,1941,0
Kyrgyzstan,1942,0
Kyrgyzstan,1943,0
Kyrgyzstan,1944,0
Kyrgyzstan,1945,0
Kyrgyzstan,1946,0
Kyrgyzstan,1947,0
Kyrgyzstan,1948,0
Kyrgyzstan,1949,0
Kyrgyzstan,1950,0
Kyrgyzstan,1951,0
Kyrgyzstan,1952,0
Kyrgyzstan,1953,0
Kyrgyzstan,1954,0
Kyrgyzstan,1955,0
Kyrgyzstan,1956,0
Kyrgyzstan,1957,0
Kyrgyzstan,1958,0
Kyrgyzstan,1959,0
Kyrgyzstan,1960,0
Kyrgyzstan,1961,0
Kyrgyzstan,1962,0
Kyrgyzstan,1963,0
Kyrgyzstan,1964,0
Kyrgyzstan,1965,0
Kyrgyzstan,1966,0
Kyrgyzstan,1967,0
Kyrgyzstan,1968,0
Kyrgyzstan,1969,0
Kyrgyzstan,1970,0
Kyrgyzstan,1971,0
Kyrgyzstan,1972,0
Kyrgyzstan,1973,0
Kyrgyzstan,1974,0
Kyrgyzstan,1975,0
Kyrgyzstan,1976,0
Kyrgyzstan,1977,0
Kyrgyzstan,1978,0
Kyrgyzstan,1979,0
Kyrgyzstan,1980,0
Kyrgyzstan,1981,0
Kyrgyzstan,1982,0
Kyrgyzstan,1983,0
Kyrgyzstan,1984,0
Kyrgyzstan,1985,0
Kyrgyzstan,1986,0
Kyrgyzstan,1987,0
Kyrgyzstan,1988,0
Kyrgyzstan,1989,0
Kyrgyzstan,1990,0
Kyrgyzstan,1991,0
Kyrgyzstan,1992,3
Kyrgyzstan,1993,6
Kyrgyzstan,1994,7
Kyrgyzstan,1995,7
Kyrgyzstan,1996,10
Kyrgyzstan,1997,22
Kyrgyzstan,1998,22
Kyrgyzstan,1999,25
Kyrgyzstan,2000,25
Kyrgyzstan,2001,29
Kyrgyzstan,2002,29
Kyrgyzstan,2003,38
Kyrgyzstan,2004,43
Kyrgyzstan,2005,43
Kyrgyzstan,2006,60
Kyrgyzstan,2007,70
Kyrgyzstan,2008,72
Kyrgyzstan,2009,80
Kyrgyzstan,2010,80
Kyrgyzstan,2011,85
Kyrgyzstan,2012,87
Kyrgyzstan,2013,94
Kyrgyzstan,2014,98
Kyrgyzstan,2015,107
Kyrgyzstan,2016,112
Kyrgyzstan,2017,127
Kyrgyzstan,2018,141
Kyrgyzstan,2019,160
Kyrgyzstan,2020,160
Kyrgyzstan,2021,178
Kyrgyzstan,2022,184
Kyrgyzstan,2023,193
Kyrgyzstan,2024,212
Kyrgyzstan,2025,218
Kyrgyzstan,2026,220
Kárpátalja,1872,0
Kárpátalja,1873,0
Kárpátalja,1874,0
Kárpátalja,1875,0
Kárpátalja,1876,0
Kárpátalja,1877,0
Kárpátalja,1878,0
Kárpátalja,1879,0
Kárpátalja,1880,0
Kárpátalja,1881,0
Kárpátalja,1882,0
Kárpátalja,1883,0
Kárpátalja,1884,0
Kárpátalja,1885,0
Kárpátalja,1886,0
Kárpátalja,1887,0
Kárpátalja,1888,0
Kárpátalja,1889,0
Kárpátalja,1890,0
Kárpátalja,1891,0
Kárpátalja,1892,0
Kárpátalja,1893,0
Kárpátalja,1894,0
Kárpátalja,1895,0
Kárpátalja,1896,0
Kárpátalja,1897,0
Kárpátalja,1898,0
Kárpátalja,1899,0
Kárpátalja,1900,0
Kárpátalja,1901,0
Kárpátalja,1902,0
Kárpátalja,1903,0
Kárpátalja,1904,0
Kárpátalja,1905,0
Kárpátalja,1906,0
Kárpátalja,1907,0
Kárpátalja,1908,0
Kárpátalja,1909,0
Kárpátalja,1910,0
Kárpátalja,1911,0
Kárpátalja,1912,0
Kárpátalja,1913,0
Kárpátalja,1914,0
Kárpátalja,1915,0
Kárpátalja,1916,0
Kárpátalja,1917,0
Kárpátalja,1918,0
Kárpátalja,1919,0
Kárpátalja,1920,0
Kárpátalja,1921,0
Kárpátalja,1922,0
Kárpátalja,1923,0
Kárpátalja,1924,0
Kárpátalja,1925,0
Kárpátalja,1926,0
Kárpátalja,1927,0
Kárpátalja,1928,0
Kárpátalja,1929,0
Kárpátalja,1930,0
Kárpátalja,1931,0
Kárpátalja,1932,0
Kárpátalja,1933,0
Kárpátalja,1934,0
Kárpátalja,1935,0
Kárpátalja,1936,0
Kárpátalja,1937,0
Kárpátalja,1938,0
Kárpátalja,1939,0
Kárpátalja,1940,0
Kárpátalja,1941,0
Kárpátalja,1942,0
Kárpátalja,1943,0
Kárpátalja,1944,0
Kárpátalja,1945,0
Kárpátalja,1946,0
Kárpátalja,1947,0
Kárpátalja,1948,0
Kárpátalja,1949,0
Kárpátalja,1950,0
Kárpátalja,1951,0
Kárpátalja,1952,0
Kárpátalja,1953,0
Kárpátalja,1954,0
Kárpátalja,1955,0
Kárpátalja,1956,0
Kárpátalja,1957,0
Kárpátalja,1958,0
Kárpátalja,1959,0
Kárpátalja,1960,0
Kárpátalja,1961,0
Kárpátalja,1962,0
Kárpátalja,1963,0
Kárpátalja,1964,0
Kárpátalja,1965,0
Kárpátalja,1966,0
Kárpátalja,1967,0
Kárpátalja,1968,0
Kárpátalja,1969,0
Kárpátalja,1970,0
Kárpátalja,1971,0
Kárpátalja,1972,0
Kárpátalja,1973,0
Kárpátalja,1974,0
Kárpátalja,1975,0
Kárpátalja,1976,0
Kárpátalja,1977,0
Kárpátalja,1978,0
Kárpátalja,1979,0
Kárpátalja,1980,0
Kárpátalja,1981,0
Kárpátalja,1982,0
Kárpátalja,1983,0
Kárpátalja,1984,0
Kárpátalja,1985,0
Kárpátalja,1986,0
Kárpátalja,1987,0
Kárpátalja,1988,0
Kárpátalja,1989,0
Kárpátalja,1990,0
Kárpátalja,1991,0
Kárpátalja,1992,0
Kárpátalja,1993,0
Kárpátalja,1994,0
Kárpátalja,1995,0
Kárpátalja,1996,0
Kárpátalja,1997,0
Kárpátalja,1998,0
Kárpátalja,1999,0
Kárpátalja,2000,0
Kárpátalja,2001,0
Kárpátalja,2002,0
Kárpátalja,2003,0
Kárpátalja,2004,0
Kárpátalja,2005,0
Kárpátalja,2006,0
Kárpátalja,2007,0
Kárpátalja,2008,0
Kárpátalja,2009,0
Kárpátalja,2010,0
Kárpátalja,2011,0
Kárpátalja,2012,0
Kárpátalja,2013,0
Kárpátalja,2014,0
Kárpátalja,2015,0
Kárpátalja,2016,1
Kárpátalja,2017,10
Kárpátalja,2018,25
Kárpátalja,2019,25
Kárpátalja,2020,25
Kárpátalja,2021,25
Kárpátalja,2022,25
Kárpátalja,2023,25
Kárpátalja,2024,25
Kárpátalja,2025,25
Kárpátalja,2026,25
Laos,1872,0
Laos,1873,0
Laos,1874,0
Laos,1875,0
Laos,1876,0
Laos,1877,0
Laos,1878,0
Laos,1879,0
Laos,1880,0
Laos,1881,0
Laos,1882,0
Laos,1883,0
Laos,1884,0
Laos,1885,0
Laos,1886,0
Laos,1887,0
Laos,1888,0
Laos,1889,0
Laos,1890,0
Laos,1891,0
Laos,1892,0
Laos,1893,0
Laos,1894,0
Laos,1895,0
Laos,1896,0
Laos,1897,0
Laos,1898,0
Laos,1899,0
Laos,1900,0
Laos,1901,0
Laos,1902,0
Laos,1903,0
Laos,1904,0
Laos,1905,0
Laos,1906,0
Laos,1907,0
Laos,1908,0
Laos,1909,0
Laos,1910,0
Laos,1911,0
Laos,1912,0
Laos,1913,0
Laos,1914,0
Laos,1915,0
Laos,1916,0
Laos,1917,0
Laos,1918,0
Laos,1919,0
Laos,1920,0
Laos,1921,0
Laos,1922,0
Laos,1923,0
Laos,1924,0
Laos,1925,0
Laos,1926,0
Laos,1927,0
Laos,1928,0
Laos,1929,0
Laos,1930,0
Laos,1931,0
Laos,1932,0
Laos,1933,0
Laos,1934,0
Laos,1935,0
Laos,1936,0
Laos,1937,0
Laos,1938,0
Laos,1939,0
Laos,1940,0
Laos,1941,0
Laos,1942,0
Laos,1943,0
Laos,1944,0
Laos,1945,0
Laos,1946,0
Laos,1947,0
Laos,1948,0
Laos,1949,0
Laos,1950,0
Laos,1951,0
Laos,1952,0
Laos,1953,0
Laos,1954,0
Laos,1955,0
Laos,1956,0
Laos,1957,0
Laos,1958,0
Laos,1959,0
Laos,1960,0
Laos,1961,2
Laos,1962,2
Laos,1963,3
Laos,1964,3
Laos,1965,3
Laos,1966,3
Laos,1967,5
Laos,1968,5
Laos,1969,12
Laos,1970,17
Laos,1971,17
Laos,1972,20
Laos,1973,25
Laos,1974,29
Laos,1975,29
Laos,1976,29
Laos,1977,29
Laos,1978,29
Laos,1979,29
Laos,1980,29
Laos,1981,29
Laos,1982,29
Laos,1983,29
Laos,1984,29
Laos,1985,29
Laos,1986,29
Laos,1987,29
Laos,1988,29
Laos,1989,29
Laos,1990,29
Laos,1991,29
Laos,1992,29
Laos,1993,34
Laos,1994,34
Laos,1995,38
Laos,1996,43
Laos,1997,51
Laos,1998,56
Laos,1999,60
Laos,2000,62
Laos,2001,65
Laos,2002,68
Laos,2003,71
Laos,2004,78
Laos,2005,78
Laos,2006,89
Laos,2007,91
Laos,2008,100
Laos,2009,100
Laos,2010,111
Laos,2011,123
Laos,2012,139
Laos,2013,147
Laos,2014,160
Laos,2015,167
Laos,2016,188
Laos,2017,192
Laos,2018,198
Laos,2019,202
Laos,2020,202
Laos,2021,203
Laos,2022,210
Laos,2023,214
Laos,2024,223
Laos,2025,227
Laos,2026,227
Latvia,1872,0
Latvia,1873,0
Latvia,1874,0
Latvia,1875,0
Latvia,1876,0
Latvia,1877,0
Latvia,1878,0
Latvia,1879,0
Latvia,1880,0
Latvia,1881,0
Latvia,1882,0
Latvia,1883,0
Latvia,1884,0
Latvia,1885,0
Latvia,1886,0
Latvia,1887,0
Latvia,1888,0
Latvia,1889,0
Latvia,1890,0
Latvia,1891,0
Latvia,1892,0
Latvia,1893,0
Latvia,1894,0
Latvia,1895,0
Latvia,1896,0
Latvia,1897,0
Latvia,1898,0
Latvia,1899,0
Latvia,1900,0
Latvia,1901,0
Latvia,1902,0
Latvia,1903,0
Latvia,1904,0
Latvia,1905,0
Latvia,1906,0
Latvia,1907,0
Latvia,1908,0
Latvia,1909,0
Latvia,1910,0
Latvia,1911,0
Latvia,1912,0
Latvia,1913,0
Latvia,1914,0
Latvia,1915,0
Latvia,1916,0
Latvia,1917,0
Latvia,1918,0
Latvia,1919,0
Latvia,1920,0
Latvia,1921,0
Latvia,1922,1
Latvia,1923,2
Latvia,1924,5
Latvia,1925,10
Latvia,1926,18
Latvia,1927,30
Latvia,1928,38
Latvia,1929,45
Latvia,1930,55
Latvia,1931,64
Latvia,1932,75
Latvia,1933,88
Latvia,1934,93
Latvia,1935,108
Latvia,1936,124
Latvia,1937,142
Latvia,1938,153
Latvia,1939,159
Latvia,1940,166
Latvia,1941,166
Latvia,1942,178
Latvia,1943,178
Latvia,1944,178
Latvia,1945,181
Latvia,1946,181
Latvia,1947,187
Latvia,1948,188
Latvia,1949,190
Latvia,1950,190
Latvia,1951,190
Latvia,1952,190
Latvia,1953,190
Latvia,1954,190
Latvia,1955,190
Latvia,1956,190
Latvia,1957,190
Latvia,1958,190
Latvia,1959,190
Latvia,1960,190
Latvia,1961,190
Latvia,1962,190
Latvia,1963,190
Latvia,1964,190
Latvia,1965,190
Latvia,1966,190
Latvia,1967,190
Latvia,1968,190
Latvia,1969,190
Latvia,1970,190
Latvia,1971,190
Latvia,1972,190
Latvia,1973,190
Latvia,1974,190
Latvia,1975,190
Latvia,1976,190
Latvia,1977,190
Latvia,1978,190
Latvia,1979,191
Latvia,1980,191
Latvia,1981,191
Latvia,1982,191
Latvia,1983,191
Latvia,1984,191
Latvia,1985,191
Latvia,1986,191
Latvia,1987,191
Latvia,1988,191
Latvia,1989,191
Latvia,1990,191
Latvia,1991,194
Latvia,1992,201
Latvia,1993,207
Latvia,1994,214
Latvia,1995,228
Latvia,1996,233
Latvia,1997,249
Latvia,1998,264
Latvia,1999,273
Latvia,2000,277
Latvia,2001,291
Latvia,2002,301
Latvia,2003,316
Latvia,2004,339
Latvia,2005,356
Latvia,2006,360
Latvia,2007,372
Latvia,2008,386
Latvia,2009,401
Latvia,2010,406
Latvia,2011,415
Latvia,2012,426
Latvia,2013,436
Latvia,2014,441
Latvia,2015,447
Latvia,2016,459
Latvia,2017,468
Latvia,2018,474
Latvia,2019,477
Latvia,2020,489
Latvia,2021,505
Latvia,2022,521
Latvia,2023,528
Latvia,2024,535
Latvia,2025,540
Latvia,2026,541
Lebanon,1872,0
Lebanon,1873,0
Lebanon,1874,0
Lebanon,1875,0
Lebanon,1876,0
Lebanon,1877,0
Lebanon,1878,0
Lebanon,1879,0
Lebanon,1880,0
Lebanon,1881,0
Lebanon,1882,0
Lebanon,1883,0
Lebanon,1884,0
Lebanon,1885,0
Lebanon,1886,0
Lebanon,1887,0
Lebanon,1888,0
Lebanon,1889,0
Lebanon,1890,0
Lebanon,1891,0
Lebanon,1892,0
Lebanon,1893,0
Lebanon,1894,0
Lebanon,1895,0
Lebanon,1896,0
Lebanon,1897,0
Lebanon,1898,0
Lebanon,1899,0
Lebanon,1900,0
Lebanon,1901,0
Lebanon,1902,0
Lebanon,1903,0
Lebanon,1904,0
Lebanon,1905,0
Lebanon,1906,0
Lebanon,1907,0
Lebanon,1908,0
Lebanon,1909,0
Lebanon,1910,0
Lebanon,1911,0
Lebanon,1912,0
Lebanon,1913,0
Lebanon,1914,0
Lebanon,1915,0
Lebanon,1916,0
Lebanon,1917,0
Lebanon,1918,0
Lebanon,1919,0
Lebanon,1920,0
Lebanon,1921,0
Lebanon,1922,0
Lebanon,1923,0
Lebanon,1924,0
Lebanon,1925,0
Lebanon,1926,0
Lebanon,1927,0
Lebanon,1928,0
Lebanon,1929,0
Lebanon,1930,0
Lebanon,1931,0
Lebanon,1932,0
Lebanon,1933,0
Lebanon,1934,0
Lebanon,1935,0
Lebanon,1936,0
Lebanon,1937,0
Lebanon,1938,0
Lebanon,1939,0
Lebanon,1940,1
Lebanon,1941,1
Lebanon,1942,1
Lebanon,1943,1
Lebanon,1944,1
Lebanon,1945,1
Lebanon,1946,1
Lebanon,1947,1
Lebanon,1948,1
Lebanon,1949,1
Lebanon,1950,1
Lebanon,1951,1
Lebanon,1952,1
Lebanon,1953,1
Lebanon,1954,1
Lebanon,1955,3
Lebanon,1956,4
Lebanon,1957,4
Lebanon,1958,4
Lebanon,1959,4
Lebanon,1960,4
Lebanon,1961,4
Lebanon,1962,4
Lebanon,1963,17
Lebanon,1964,22
Lebanon,1965,22
Lebanon,1966,33
Lebanon,1967,33
Lebanon,1968,33
Lebanon,1969,33
Lebanon,1970,33
Lebanon,1971,39
Lebanon,1972,39
Lebanon,1973,39
Lebanon,1974,40
Lebanon,1975,40
Lebanon,1976,40
Lebanon,1977,40
Lebanon,1978,41
Lebanon,1979,41
Lebanon,1980,41
Lebanon,1981,41
Lebanon,1982,41
Lebanon,1983,41
Lebanon,1984,41
Lebanon,1985,41
Lebanon,1986,41
Lebanon,1987,41
Lebanon,1988,42
Lebanon,1989,42
Lebanon,1990,42
Lebanon,1991,42
Lebanon,1992,42
Lebanon,1993,51
Lebanon,1994,51
Lebanon,1995,52
Lebanon,1996,74
Lebanon,1997,86
Lebanon,1998,103
Lebanon,1999,103
Lebanon,2000,122
Lebanon,2001,154
Lebanon,2002,160
Lebanon,2003,166
Lebanon,2004,187
Lebanon,2005,188
Lebanon,2006,195
Lebanon,2007,202
Lebanon,2008,215
Lebanon,2009,224
Lebanon,2010,225
Lebanon,2011,241
Lebanon,2012,253
Lebanon,2013,266
Lebanon,2014,277
Lebanon,2015,293
Lebanon,2016,299
Lebanon,2017,312
Lebanon,2018,315
Lebanon,2019,327
Lebanon,2020,328
Lebanon,2021,341
Lebanon,2022,342
Lebanon,2023,355
Lebanon,2024,364
Lebanon,2025,385
Lebanon,2026,385
Lesotho,1872,0
Lesotho,1873,0
Lesotho,1874,0
Lesotho,1875,0
Lesotho,1876,0
Lesotho,1877,0
Lesotho,1878,0
Lesotho,1879,0
Lesotho,1880,0
Lesotho,1881,0
Lesotho,1882,0
Lesotho,1883,0
Lesotho,1884,0
Lesotho,1885,0
Lesotho,1886,0
Lesotho,1887,0
Lesotho,1888,0
Lesotho,1889,0
Lesotho,1890,0
Lesotho,1891,0
Lesotho,1892,0
Lesotho,1893,0
Lesotho,1894,0
Lesotho,1895,0
Lesotho,1896,0
Lesotho,1897,0
Lesotho,1898,0
Lesotho,1899,0
Lesotho,1900,0
Lesotho,1901,0
Lesotho,1902,0
Lesotho,1903,0
Lesotho,1904,0
Lesotho,1905,0
Lesotho,1906,0
Lesotho,1907,0
Lesotho,1908,0
Lesotho,1909,0
Lesotho,1910,0
Lesotho,1911,0
Lesotho,1912,0
Lesotho,1913,0
Lesotho,1914,0
Lesotho,1915,0
Lesotho,1916,0
Lesotho,1917,0
Lesotho,1918,0
Lesotho,1919,0
Lesotho,1920,0
Lesotho,1921,0
Lesotho,1922,0
Lesotho,1923,0
Lesotho,1924,0
Lesotho,1925,0
Lesotho,1926,0
Lesotho,1927,0
Lesotho,1928,0
Lesotho,1929,0
Lesotho,1930,0
Lesotho,1931,0
Lesotho,1932,0
Lesotho,1933,0
Lesotho,1934,0
Lesotho,1935,0
Lesotho,1936,0
Lesotho,1937,0
Lesotho,1938,0
Lesotho,1939,0
Lesotho,1940,0
Lesotho,1941,0
Lesotho,1942,0
Lesotho,1943,0
Lesotho,1944,0
Lesotho,1945,0
Lesotho,1946,0
Lesotho,1947,0
Lesotho,1948,0
Lesotho,1949,0
Lesotho,1950,0
Lesotho,1951,0
Lesotho,1952,0
Lesotho,1953,0
Lesotho,1954,0
Lesotho,1955,0
Lesotho,1956,0
Lesotho,1957,0
Lesotho,1958,0
Lesotho,1959,0
Lesotho,1960,0
Lesotho,1961,0
Lesotho,1962,0
Lesotho,1963,0
Lesotho,1964,0
Lesotho,1965,0
Lesotho,1966,0
Lesotho,1967,0
Lesotho,1968,0
Lesotho,1969,0
Lesotho,1970,3
Lesotho,1971,4
Lesotho,1972,7
Lesotho,1973,8
Lesotho,1974,8
Lesotho,1975,8
Lesotho,1976,9
Lesotho,1977,10
Lesotho,1978,12
Lesotho,1979,14
Lesotho,1980,19
Lesotho,1981,23
Lesotho,1982,23
Lesotho,1983,23
Lesotho,1984,24
Lesotho,1985,24
Lesotho,1986,24
Lesotho,1987,24
Lesotho,1988,24
Lesotho,1989,24
Lesotho,1990,26
Lesotho,1991,26
Lesotho,1992,39
Lesotho,1993,41
Lesotho,1994,41
Lesotho,1995,41
Lesotho,1996,41
Lesotho,1997,47
Lesotho,1998,49
Lesotho,1999,52
Lesotho,2000,64
Lesotho,2001,74
Lesotho,2002,76
Lesotho,2003,89
Lesotho,2004,90
Lesotho,2005,95
Lesotho,2006,104
Lesotho,2007,114
Lesotho,2008,124
Lesotho,2009,130
Lesotho,2010,130
Lesotho,2011,133
Lesotho,2012,138
Lesotho,2013,152
Lesotho,2014,158
Lesotho,2015,164
Lesotho,2016,177
Lesotho,2017,183
Lesotho,2018,188
Lesotho,2019,196
Lesotho,2020,196
Lesotho,2021,199
Lesotho,2022,208
Lesotho,2023,216
Lesotho,2024,223
Lesotho,2025,229
Lesotho,2026,230
Liberia,1872,0
Liberia,1873,0
Liberia,1874,0
Liberia,1875,0
Liberia,1876,0
Liberia,1877,0
Liberia,1878,0
Liberia,1879,0
Liberia,1880,0
Liberia,1881,0
Liberia,1882,0
Liberia,1883,0
Liberia,1884,0
Liberia,1885,0
Liberia,1886,0
Liberia,1887,0
Liberia,1888,0
Liberia,1889,0
Liberia,1890,0
Liberia,1891,0
Liberia,1892,0
Liberia,1893,0
Liberia,1894,0
Liberia,1895,0
Liberia,1896,0
Liberia,1897,0
Liberia,1898,0
Liberia,1899,0
Liberia,1900,0
Liberia,1901,0
Liberia,1902,0
Liberia,1903,0
Liberia,1904,0
Liberia,1905,0
Liberia,1906,0
Liberia,1907,0
Liberia,1908,0
Liberia,1909,0
Liberia,1910,0
Liberia,1911,0
Liberia,1912,0
Liberia,1913,0
Liberia,1914,0
Liberia,1915,0
Liberia,1916,0
Liberia,1917,0
Liberia,1918,0
Liberia,1919,0
Liberia,1920,0
Liberia,1921,0
Liberia,1922,0
Liberia,1923,0
Liberia,1924,0
Liberia,1925,0
Liberia,1926,0
Liberia,1927,0
Liberia,1928,0
Liberia,1929,0
Liberia,1930,0
Liberia,1931,0
Liberia,1932,0
Liberia,1933,0
Liberia,1934,0
Liberia,1935,0
Liberia,1936,0
Liberia,1937,0
Liberia,1938,0
Liberia,1939,0
Liberia,1940,0
Liberia,1941,0
Liberia,1942,0
Liberia,1943,0
Liberia,1944,0
Liberia,1945,0
Liberia,1946,0
Liberia,1947,0
Liberia,1948,0
Liberia,1949,0
Liberia,1950,0
Liberia,1951,0
Liberia,1952,0
Liberia,1953,0
Liberia,1954,0
Liberia,1955,0
Liberia,1956,0
Liberia,1957,0
Liberia,1958,0
Liberia,1959,0
Liberia,1960,0
Liberia,1961,2
Liberia,1962,2
Liberia,1963,7
Liberia,1964,7
Liberia,1965,11
Liberia,1966,14
Liberia,1967,20
Liberia,1968,20
Liberia,1969,20
Liberia,1970,20
Liberia,1971,23
Liberia,1972,26
Liberia,1973,26
Liberia,1974,26
Liberia,1975,28
Liberia,1976,28
Liberia,1977,28
Liberia,1978,28
Liberia,1979,37
Liberia,1980,39
Liberia,1981,44
Liberia,1982,46
Liberia,1983,47
Liberia,1984,57
Liberia,1985,57
Liberia,1986,65
Liberia,1987,72
Liberia,1988,75
Liberia,1989,82
Liberia,1990,82
Liberia,1991,82
Liberia,1992,84
Liberia,1993,84
Liberia,1994,88
Liberia,1995,96
Liberia,1996,104
Liberia,1997,111
Liberia,1998,116
Liberia,1999,122
Liberia,2000,130
Liberia,2001,154
Liberia,2002,158
Liberia,2003,163
Liberia,2004,164
Liberia,2005,166
Liberia,2006,170
Liberia,2007,172
Liberia,2008,183
Liberia,2009,183
Liberia,2010,185
Liberia,2011,193
Liberia,2012,201
Liberia,2013,205
Liberia,2014,206
Liberia,2015,212
Liberia,2016,221
Liberia,2017,221
Liberia,2018,227
Liberia,2019,232
Liberia,2020,232
Liberia,2021,239
Liberia,2022,240
Liberia,2023,249
Liberia,2024,257
Liberia,2025,265
Liberia,2026,270
Libya,1872,0
Libya,1873,0
Libya,1874,0
Libya,1875,0
Libya,1876,0
Libya,1877,0
Libya,1878,0
Libya,1879,0
Libya,1880,0
Libya,1881,0
Libya,1882,0
Libya,1883,0
Libya,1884,0
Libya,1885,0
Libya,1886,0
Libya,1887,0
Libya,1888,0
Libya,1889,0
Libya,1890,0
Libya,1891,0
Libya,1892,0
Libya,1893,0
Libya,1894,0
Libya,1895,0
Libya,1896,0
Libya,1897,0
Libya,1898,0
Libya,1899,0
Libya,1900,0
Libya,1901,0
Libya,1902,0
Libya,1903,0
Libya,1904,0
Libya,1905,0
Libya,1906,0
Libya,1907,0
Libya,1908,0
Libya,1909,0
Libya,1910,0
Libya,1911,0
Libya,1912,0
Libya,1913,0
Libya,1914,0
Libya,1915,0
Libya,1916,0
Libya,1917,0
Libya,1918,0
Libya,1919,0
Libya,1920,0
Libya,1921,0
Libya,1922,0
Libya,1923,0
Libya,1924,0
Libya,1925,0
Libya,1926,0
Libya,1927,0
Libya,1928,0
Libya,1929,0
Libya,1930,0
Libya,1931,0
Libya,1932,0
Libya,1933,0
Libya,1934,0
Libya,1935,0
Libya,1936,0
Libya,1937,0
Libya,1938,0
Libya,1939,0
Libya,1940,0
Libya,1941,0
Libya,1942,0
Libya,1943,0
Libya,1944,0
Libya,1945,0
Libya,1946,0
Libya,1947,0
Libya,1948,0
Libya,1949,0
Libya,1950,0
Libya,1951,0
Libya,1952,0
Libya,1953,0
Libya,1954,0
Libya,1955,0
Libya,1956,0
Libya,1957,2
Libya,1958,4
Libya,1959,4
Libya,1960,4
Libya,1961,4
Libya,1962,12
Libya,1963,12
Libya,1964,23
Libya,1965,28
Libya,1966,75
Libya,1967,78
Libya,1968,78
Libya,1969,81
Libya,1970,86
Libya,1971,96
Libya,1972,99
Libya,1973,111
Libya,1974,130
Libya,1975,134
Libya,1976,139
Libya,1977,146
Libya,1978,153
Libya,1979,161
Libya,1980,170
Libya,1981,170
Libya,1982,182
Libya,1983,194
Libya,1984,194
Libya,1985,209
Libya,1986,209
Libya,1987,209
Libya,1988,213
Libya,1989,213
Libya,1990,213
Libya,1991,213
Libya,1992,214
Libya,1993,214
Libya,1994,214
Libya,1995,214
Libya,1996,214
Libya,1997,218
Libya,1998,223
Libya,1999,234
Libya,2000,246
Libya,2001,255
Libya,2002,264
Libya,2003,286
Libya,2004,303
Libya,2005,308
Libya,2006,319
Libya,2007,326
Libya,2008,349
Libya,2009,352
Libya,2010,356
Libya,2011,365
Libya,2012,385
Libya,2013,405
Libya,2014,405
Libya,2015,412
Libya,2016,419
Libya,2017,431
Libya,2018,441
Libya,2019,448
Libya,2020,450
Libya,2021,456
Libya,2022,466
Libya,2023,473
Libya,2024,489
Libya,2025,498
Libya,2026,500
Liechtenstein,1872,0
Liechtenstein,1873,0
Liechtenstein,1874,0
Liechtenstein,1875,0
Liechtenstein,1876,0
Liechtenstein,1877,0
Liechtenstein,1878,0
Liechtenstein,1879,0
Liechtenstein,1880,0
Liechtenstein,1881,0
Liechtenstein,1882,0
Liechtenstein,1883,0
Liechtenstein,1884,0
Liechtenstein,1885,0
Liechtenstein,1886,0
Liechtenstein,1887,0
Liechtenstein,1888,0
Liechtenstein,1889,0
Liechtenstein,1890,0
Liechtenstein,1891,0
Liechtenstein,1892,0
Liechtenstein,1893,0
Liechtenstein,1894,0
Liechtenstein,1895,0
Liechtenstein,1896,0
Liechtenstein,1897,0
Liechtenstein,1898,0
Liechtenstein,1899,0
Liechtenstein,1900,0
Liechtenstein,1901,0
Liechtenstein,1902,0
Liechtenstein,1903,0
Liechtenstein,1904,0
Liechtenstein,1905,0
Liechtenstein,1906,0
Liechtenstein,1907,0
Liechtenstein,1908,0
Liechtenstein,1909,0
Liechtenstein,1910,0
Liechtenstein,1911,0
Liechtenstein,1912,0
Liechtenstein,1913,0
Liechtenstein,1914,0
Liechtenstein,1915,0
Liechtenstein,1916,0
Liechtenstein,1917,0
Liechtenstein,1918,0
Liechtenstein,1919,0
Liechtenstein,1920,0
Liechtenstein,1921,0
Liechtenstein,1922,0
Liechtenstein,1923,0
Liechtenstein,1924,0
Liechtenstein,1925,0
Liechtenstein,1926,0
Liechtenstein,1927,0
Liechtenstein,1928,0
Liechtenstein,1929,0
Liechtenstein,1930,0
Liechtenstein,1931,0
Liechtenstein,1932,0
Liechtenstein,1933,0
Liechtenstein,1934,0
Liechtenstein,1935,0
Liechtenstein,1936,0
Liechtenstein,1937,0
Liechtenstein,1938,0
Liechtenstein,1939,0
Liechtenstein,1940,0
Liechtenstein,1941,0
Liechtenstein,1942,0
Liechtenstein,1943,0
Liechtenstein,1944,0
Liechtenstein,1945,0
Liechtenstein,1946,0
Liechtenstein,1947,0
Liechtenstein,1948,0
Liechtenstein,1949,0
Liechtenstein,1950,0
Liechtenstein,1951,0
Liechtenstein,1952,0
Liechtenstein,1953,0
Liechtenstein,1954,0
Liechtenstein,1955,0
Liechtenstein,1956,0
Liechtenstein,1957,0
Liechtenstein,1958,0
Liechtenstein,1959,0
Liechtenstein,1960,0
Liechtenstein,1961,0
Liechtenstein,1962,0
Liechtenstein,1963,0
Liechtenstein,1964,0
Liechtenstein,1965,0
Liechtenstein,1966,0
Liechtenstein,1967,0
Liechtenstein,1968,0
Liechtenstein,1969,0
Liechtenstein,1970,0
Liechtenstein,1971,0
Liechtenstein,1972,0
Liechtenstein,1973,0
Liechtenstein,1974,0
Liechtenstein,1975,0
Liechtenstein,1976,0
Liechtenstein,1977,0
Liechtenstein,1978,0
Liechtenstein,1979,0
Liechtenstein,1980,0
Liechtenstein,1981,4
Liechtenstein,1982,6
Liechtenstein,1983,6
Liechtenstein,1984,6
Liechtenstein,1985,6
Liechtenstein,1986,6
Liechtenstein,1987,6
Liechtenstein,1988,6
Liechtenstein,1989,6
Liechtenstein,1990,7
Liechtenstein,1991,7
Liechtenstein,1992,7
Liechtenstein,1993,7
Liechtenstein,1994,8
Liechtenstein,1995,8
Liechtenstein,1996,11
Liechtenstein,1997,12
Liechtenstein,1998,14
Liechtenstein,1999,14
Liechtenstein,2000,16
Liechtenstein,2001,16
Liechtenstein,2002,21
Liechtenstein,2003,25
Liechtenstein,2004,33
Liechtenstein,2005,39
Liechtenstein,2006,42
Liechtenstein,2007,50
Liechtenstein,2008,51
Liechtenstein,2009,53
Liechtenstein,2010,56
Liechtenstein,2011,60
Liechtenstein,2012,63
Liechtenstein,2013,68
Liechtenstein,2014,70
Liechtenstein,2015,72
Liechtenstein,2016,75
Liechtenstein,2017,78
Liechtenstein,2018,85
Liechtenstein,2019,87
Liechtenstein,2020,92
Liechtenstein,2021,95
Liechtenstein,2022,96
Liechtenstein,2023,97
Liechtenstein,2024,102
Liechtenstein,2025,103
Liechtenstein,2026,105
Lithuania,1872,0
Lithuania,1873,0
Lithuania,1874,0
Lithuania,1875,0
Lithuania,1876,0
Lithuania,1877,0
Lithuania,1878,0
Lithuania,1879,0
Lithuania,1880,0
Lithuania,1881,0
Lithuania,1882,0
Lithuania,1883,0
Lithuania,1884,0
Lithuania,1885,0
Lithuania,1886,0
Lithuania,1887,0
Lithuania,1888,0
Lithuania,1889,0
Lithuania,1890,0
Lithuania,1891,0
Lithuania,1892,0
Lithuania,1893,0
Lithuania,1894,0
Lithuania,1895,0
Lithuania,1896,0
Lithuania,1897,0
Lithuania,1898,0
Lithuania,1899,0
Lithuania,1900,0
Lithuania,1901,0
Lithuania,1902,0
Lithuania,1903,0
Lithuania,1904,0
Lithuania,1905,0
Lithuania,1906,0
Lithuania,1907,0
Lithuania,1908,0
Lithuania,1909,0
Lithuania,1910,0
Lithuania,1911,0
Lithuania,1912,0
Lithuania,1913,0
Lithuania,1914,0
Lithuania,1915,0
Lithuania,1916,0
Lithuania,1917,0
Lithuania,1918,0
Lithuania,1919,0
Lithuania,1920,0
Lithuania,1921,0
Lithuania,1922,0
Lithuania,1923,0
Lithuania,1924,2
Lithuania,1925,4
Lithuania,1926,7
Lithuania,1927,10
Lithuania,1928,11
Lithuania,1929,14
Lithuania,1930,23
Lithuania,1931,28
Lithuania,1932,37
Lithuania,1933,45
Lithuania,1934,52
Lithuania,1935,63
Lithuania,1936,68
Lithuania,1937,72
Lithuania,1938,75
Lithuania,1939,76
Lithuania,1940,83
Lithuania,1941,83
Lithuania,1942,83
Lithuania,1943,83
Lithuania,1944,83
Lithuania,1945,94
Lithuania,1946,94
Lithuania,1947,96
Lithuania,1948,99
Lithuania,1949,102
Lithuania,1950,102
Lithuania,1951,102
Lithuania,1952,102
Lithuania,1953,102
Lithuania,1954,102
Lithuania,1955,102
Lithuania,1956,106
Lithuania,1957,106
Lithuania,1958,106
Lithuania,1959,106
Lithuania,1960,106
Lithuania,1961,106
Lithuania,1962,106
Lithuania,1963,106
Lithuania,1964,106
Lithuania,1965,106
Lithuania,1966,112
Lithuania,1967,112
Lithuania,1968,112
Lithuania,1969,112
Lithuania,1970,112
Lithuania,1971,112
Lithuania,1972,112
Lithuania,1973,112
Lithuania,1974,112
Lithuania,1975,112
Lithuania,1976,112
Lithuania,1977,112
Lithuania,1978,112
Lithuania,1979,116
Lithuania,1980,116
Lithuania,1981,116
Lithuania,1982,116
Lithuania,1983,116
Lithuania,1984,116
Lithuania,1985,116
Lithuania,1986,116
Lithuania,1987,116
Lithuania,1988,116
Lithuania,1989,116
Lithuania,1990,118
Lithuania,1991,123
Lithuania,1992,134
Lithuania,1993,144
Lithuania,1994,158
Lithuania,1995,178
Lithuania,1996,196
Lithuania,1997,206
Lithuania,1998,218
Lithuania,1999,224
Lithuania,2000,232
Lithuania,2001,244
Lithuania,2002,251
Lithuania,2003,264
Lithuania,2004,275
Lithuania,2005,280
Lithuania,2006,292
Lithuania,2007,303
Lithuania,2008,318
Lithuania,2009,327
Lithuania,2010,331
Lithuania,2011,338
Lithuania,2012,344
Lithuania,2013,353
Lithuania,2014,360
Lithuania,2015,364
Lithuania,2016,372
Lithuania,2017,374
Lithuania,2018,379
Lithuania,2019,385
Lithuania,2020,395
Lithuania,2021,401
Lithuania,2022,405
Lithuania,2023,413
Lithuania,2024,422
Lithuania,2025,428
Lithuania,2026,431
Luhansk PR,1872,0
Luhansk PR,1873,0
Luhansk PR,1874,0
Luhansk PR,1875,0
Luhansk PR,1876,0
Luhansk PR,1877,0
Luhansk PR,1878,0
Luhansk PR,1879,0
Luhansk PR,1880,0
Luhansk PR,1881,0
Luhansk PR,1882,0
Luhansk PR,1883,0
Luhansk PR,1884,0
Luhansk PR,1885,0
Luhansk PR,1886,0
Luhansk PR,1887,0
Luhansk PR,1888,0
Luhansk PR,1889,0
Luhansk PR,1890,0
Luhansk PR,1891,0
Luhansk PR,1892,0
Luhansk PR,1893,0
Luhansk PR,1894,0
Luhansk PR,1895,0
Luhansk PR,1896,0
Luhansk PR,1897,0
Luhansk PR,1898,0
Luhansk PR,1899,0
Luhansk PR,1900,0
Luhansk PR,1901,0
Luhansk PR,1902,0
Luhansk PR,1903,0
Luhansk PR,1904,0
Luhansk PR,1905,0
Luhansk PR,1906,0
Luhansk PR,1907,0
Luhansk PR,1908,0
Luhansk PR,1909,0
Luhansk PR,1910,0
Luhansk PR,1911,0
Luhansk PR,1912,0
Luhansk PR,1913,0
Luhansk PR,1914,0
Luhansk PR,1915,0
Luhansk PR,1916,0
Luhansk PR,1917,0
Luhansk PR,1918,0
Luhansk PR,1919,0
Luhansk PR,1920,0
Luhansk PR,1921,0
Luhansk PR,1922,0
Luhansk PR,1923,0
Luhansk PR,1924,0
Luhansk PR,1925,0
Luhansk PR,1926,0
Luhansk PR,1927,0
Luhansk PR,1928,0
Luhansk PR,1929,0
Luhansk PR,1930,0
Luhansk PR,1931,0
Luhansk PR,1932,0
Luhansk PR,1933,0
Luhansk PR,1934,0
Luhansk PR,1935,0
Luhansk PR,1936,0
Luhansk PR,1937,0
Luhansk PR,1938,0
Luhansk PR,1939,0
Luhansk PR,1940,0
Luhansk PR,1941,0
Luhansk PR,1942,0
Luhansk PR,1943,0
Luhansk PR,1944,0
Luhansk PR,1945,0
Luhansk PR,1946,0
Luhansk PR,1947,0
Luhansk PR,1948,0
Luhansk PR,1949,0
Luhansk PR,1950,0
Luhansk PR,1951,0
Luhansk PR,1952,0
Luhansk PR,1953,0
Luhansk PR,1954,0
Luhansk PR,1955,0
Luhansk PR,1956,0
Luhansk PR,1957,0
Luhansk PR,1958,0
Luhansk PR,1959,0
Luhansk PR,1960,0
Luhansk PR,1961,0
Luhansk PR,1962,0
Luhansk PR,1963,0
Luhansk PR,1964,0
Luhansk PR,1965,0
Luhansk PR,1966,0
Luhansk PR,1967,0
Luhansk PR,1968,0
Luhansk PR,1969,0
Luhansk PR,1970,0
Luhansk PR,1971,0
Luhansk PR,1972,0
Luhansk PR,1973,0
Luhansk PR,1974,0
Luhansk PR,1975,0
Luhansk PR,1976,0
Luhansk PR,1977,0
Luhansk PR,1978,0
Luhansk PR,1979,0
Luhansk PR,1980,0
Luhansk PR,1981,0
Luhansk PR,1982,0
Luhansk PR,1983,0
Luhansk PR,1984,0
Luhansk PR,1985,0
Luhansk PR,1986,0
Luhansk PR,1987,0
Luhansk PR,1988,0
Luhansk PR,1989,0
Luhansk PR,1990,0
Luhansk PR,1991,0
Luhansk PR,1992,0
Luhansk PR,1993,0
Luhansk PR,1994,0
Luhansk PR,1995,0
Luhansk PR,1996,0
Luhansk PR,1997,0
Luhansk PR,1998,0
Luhansk PR,1999,0
Luhansk PR,2000,0
Luhansk PR,2001,0
Luhansk PR,2002,0
Luhansk PR,2003,0
Luhansk PR,2004,0
Luhansk PR,2005,0
Luhansk PR,2006,0
Luhansk PR,2007,0
Luhansk PR,2008,0
Luhansk PR,2009,0
Luhansk PR,2010,0
Luhansk PR,2011,0
Luhansk PR,2012,0
Luhansk PR,2013,0
Luhansk PR,2014,0
Luhansk PR,2015,4
Luhansk PR,2016,5
Luhansk PR,2017,5
Luhansk PR,2018,5
Luhansk PR,2019,9
Luhansk PR,2020,9
Luhansk PR,2021,9
Luhansk PR,2022,9
Luhansk PR,2023,9
Luhansk PR,2024,9
Luhansk PR,2025,9
Luhansk PR,2026,9
Luxembourg,1872,0
Luxembourg,1873,0
Luxembourg,1874,0
Luxembourg,1875,0
Luxembourg,1876,0
Luxembourg,1877,0
Luxembourg,1878,0
Luxembourg,1879,0
Luxembourg,1880,0
Luxembourg,1881,0
Luxembourg,1882,0
Luxembourg,1883,0
Luxembourg,1884,0
Luxembourg,1885,0
Luxembourg,1886,0
Luxembourg,1887,0
Luxembourg,1888,0
Luxembourg,1889,0
Luxembourg,1890,0
Luxembourg,1891,0
Luxembourg,1892,0
Luxembourg,1893,0
Luxembourg,1894,0
Luxembourg,1895,0
Luxembourg,1896,0
Luxembourg,1897,0
Luxembourg,1898,0
Luxembourg,1899,0
Luxembourg,1900,0
Luxembourg,1901,0
Luxembourg,1902,0
Luxembourg,1903,0
Luxembourg,1904,0
Luxembourg,1905,0
Luxembourg,1906,0
Luxembourg,1907,0
Luxembourg,1908,0
Luxembourg,1909,0
Luxembourg,1910,0
Luxembourg,1911,1
Luxembourg,1912,1
Luxembourg,1913,1
Luxembourg,1914,6
Luxembourg,1915,6
Luxembourg,1916,6
Luxembourg,1917,6
Luxembourg,1918,6
Luxembourg,1919,6
Luxembourg,1920,6
Luxembourg,1921,6
Luxembourg,1922,6
Luxembourg,1923,7
Luxembourg,1924,8
Luxembourg,1925,9
Luxembourg,1926,9
Luxembourg,1927,11
Luxembourg,1928,15
Luxembourg,1929,15
Luxembourg,1930,15
Luxembourg,1931,15
Luxembourg,1932,15
Luxembourg,1933,15
Luxembourg,1934,17
Luxembourg,1935,17
Luxembourg,1936,20
Luxembourg,1937,22
Luxembourg,1938,25
Luxembourg,1939,28
Luxembourg,1940,33
Luxembourg,1941,33
Luxembourg,1942,33
Luxembourg,1943,33
Luxembourg,1944,33
Luxembourg,1945,37
Luxembourg,1946,44
Luxembourg,1947,44
Luxembourg,1948,44
Luxembourg,1949,50
Luxembourg,1950,52
Luxembourg,1951,56
Luxembourg,1952,56
Luxembourg,1953,57
Luxembourg,1954,57
Luxembourg,1955,57
Luxembourg,1956,57
Luxembourg,1957,60
Luxembourg,1958,60
Luxembourg,1959,60
Luxembourg,1960,60
Luxembourg,1961,65
Luxembourg,1962,66
Luxembourg,1963,74
Luxembourg,1964,75
Luxembourg,1965,80
Luxembourg,1966,80
Luxembourg,1967,81
Luxembourg,1968,82
Luxembourg,1969,88
Luxembourg,1970,89
Luxembourg,1971,90
Luxembourg,1972,92
Luxembourg,1973,92
Luxembourg,1974,94
Luxembourg,1975,99
Luxembourg,1976,102
Luxembourg,1977,102
Luxembourg,1978,104
Luxembourg,1979,105
Luxembourg,1980,109
Luxembourg,1981,110
Luxembourg,1982,111
Luxembourg,1983,115
Luxembourg,1984,117
Luxembourg,1985,119
Luxembourg,1986,119
Luxembourg,1987,121
Luxembourg,1988,122
Luxembourg,1989,124
Luxembourg,1990,127
Luxembourg,1991,128
Luxembourg,1992,130
Luxembourg,1993,132
Luxembourg,1994,133
Luxembourg,1995,138
Luxembourg,1996,140
Luxembourg,1997,141
Luxembourg,1998,141
Luxembourg,1999,144
Luxembourg,2000,147
Luxembourg,2001,150
Luxembourg,2002,153
Luxembourg,2003,156
Luxembourg,2004,164
Luxembourg,2005,165
Luxembourg,2006,165
Luxembourg,2007,169
Luxembourg,2008,176
Luxembourg,2009,178
Luxembourg,2010,180
Luxembourg,2011,185
Luxembourg,2012,191
Luxembourg,2013,200
Luxembourg,2014,205
Luxembourg,2015,210
Luxembourg,2016,217
Luxembourg,2017,224
Luxembourg,2018,237
Luxembourg,2019,247
Luxembourg,2020,255
Luxembourg,2021,264
Luxembourg,2022,276
Luxembourg,2023,289
Luxembourg,2024,292
Luxembourg,2025,295
Luxembourg,2026,296
Macau,1872,0
Macau,1873,0
Macau,1874,0
Macau,1875,0
Macau,1876,0
Macau,1877,0
Macau,1878,0
Macau,1879,0
Macau,1880,0
Macau,1881,0
Macau,1882,0
Macau,1883,0
Macau,1884,0
Macau,1885,0
Macau,1886,0
Macau,1887,0
Macau,1888,0
Macau,1889,0
Macau,1890,0
Macau,1891,0
Macau,1892,0
Macau,1893,0
Macau,1894,0
Macau,1895,0
Macau,1896,0
Macau,1897,0
Macau,1898,0
Macau,1899,0
Macau,1900,0
Macau,1901,0
Macau,1902,0
Macau,1903,0
Macau,1904,0
Macau,1905,0
Macau,1906,0
Macau,1907,0
Macau,1908,0
Macau,1909,0
Macau,1910,0
Macau,1911,0
Macau,1912,0
Macau,1913,0
Macau,1914,0
Macau,1915,0
Macau,1916,0
Macau,1917,0
Macau,1918,0
Macau,1919,0
Macau,1920,0
Macau,1921,0
Macau,1922,0
Macau,1923,0
Macau,1924,0
Macau,1925,0
Macau,1926,0
Macau,1927,0
Macau,1928,0
Macau,1929,0
Macau,1930,0
Macau,1931,0
Macau,1932,0
Macau,1933,0
Macau,1934,0
Macau,1935,0
Macau,1936,0
Macau,1937,0
Macau,1938,0
Macau,1939,0
Macau,1940,0
Macau,1941,0
Macau,1942,0
Macau,1943,0
Macau,1944,0
Macau,1945,0
Macau,1946,0
Macau,1947,0
Macau,1948,0
Macau,1949,1
Macau,1950,1
Macau,1951,1
Macau,1952,1
Macau,1953,1
Macau,1954,1
Macau,1955,1
Macau,1956,1
Macau,1957,1
Macau,1958,1
Macau,1959,1
Macau,1960,1
Macau,1961,1
Macau,1962,1
Macau,1963,1
Macau,1964,1
Macau,1965,1
Macau,1966,1
Macau,1967,1
Macau,1968,1
Macau,1969,1
Macau,1970,1
Macau,1971,1
Macau,1972,1
Macau,1973,1
Macau,1974,1
Macau,1975,4
Macau,1976,4
Macau,1977,4
Macau,1978,6
Macau,1979,6
Macau,1980,6
Macau,1981,7
Macau,1982,8
Macau,1983,8
Macau,1984,8
Macau,1985,12
Macau,1986,14
Macau,1987,14
Macau,1988,14
Macau,1989,15
Macau,1990,15
Macau,1991,15
Macau,1992,19
Macau,1993,23
Macau,1994,23
Macau,1995,23
Macau,1996,30
Macau,1997,33
Macau,1998,33
Macau,1999,33
Macau,2000,34
Macau,2001,36
Macau,2002,36
Macau,2003,42
Macau,2004,42
Macau,2005,43
Macau,2006,45
Macau,2007,49
Macau,2008,53
Macau,2009,66
Macau,2010,67
Macau,2011,73
Macau,2012,78
Macau,2013,78
Macau,2014,84
Macau,2015,85
Macau,2016,98
Macau,2017,105
Macau,2018,110
Macau,2019,111
Macau,2020,111
Macau,2021,111
Macau,2022,111
Macau,2023,112
Macau,2024,113
Macau,2025,113
Macau,2026,114
Madagascar,1872,0
Madagascar,1873,0
Madagascar,1874,0
Madagascar,1875,0
Madagascar,1876,0
Madagascar,1877,0
Madagascar,1878,0
Madagascar,1879,0
Madagascar,1880,0
Madagascar,1881,0
Madagascar,1882,0
Madagascar,1883,0
Madagascar,1884,0
Madagascar,1885,0
Madagascar,1886,0
Madagascar,1887,0
Madagascar,1888,0
Madagascar,1889,0
Madagascar,1890,0
Madagascar,1891,0
Madagascar,1892,0
Madagascar,1893,0
Madagascar,1894,0
Madagascar,1895,0
Madagascar,1896,0
Madagascar,1897,0
Madagascar,1898,0
Madagascar,1899,0
Madagascar,1900,0
Madagascar,1901,0
Madagascar,1902,0
Madagascar,1903,0
Madagascar,1904,0
Madagascar,1905,0
Madagascar,1906,0
Madagascar,1907,0
Madagascar,1908,0
Madagascar,1909,0
Madagascar,1910,0
Madagascar,1911,0
Madagascar,1912,0
Madagascar,1913,0
Madagascar,1914,0
Madagascar,1915,0
Madagascar,1916,0
Madagascar,1917,0
Madagascar,1918,0
Madagascar,1919,0
Madagascar,1920,0
Madagascar,1921,0
Madagascar,1922,0
Madagascar,1923,0
Madagascar,1924,0
Madagascar,1925,0
Madagascar,1926,0
Madagascar,1927,0
Madagascar,1928,0
Madagascar,1929,0
Madagascar,1930,0
Madagascar,1931,0
Madagascar,1932,0
Madagascar,1933,0
Madagascar,1934,0
Madagascar,1935,0
Madagascar,1936,0
Madagascar,1937,0
Madagascar,1938,0
Madagascar,1939,0
Madagascar,1940,0
Madagascar,1941,0
Madagascar,1942,0
Madagascar,1943,0
Madagascar,1944,0
Madagascar,1945,0
Madagascar,1946,0
Madagascar,1947,5
Madagascar,1948,8
Madagascar,1949,12
Madagascar,1950,15
Madagascar,1951,19
Madagascar,1952,20
Madagascar,1953,28
Madagascar,1954,31
Madagascar,1955,37
Madagascar,1956,44
Madagascar,1957,44
Madagascar,1958,50
Madagascar,1959,50
Madagascar,1960,64
Madagascar,1961,70
Madagascar,1962,72
Madagascar,1963,86
Madagascar,1964,86
Madagascar,1965,86
Madagascar,1966,92
Madagascar,1967,92
Madagascar,1968,92
Madagascar,1969,95
Madagascar,1970,98
Madagascar,1971,106
Madagascar,1972,109
Madagascar,1973,112
Madagascar,1974,112
Madagascar,1975,112
Madagascar,1976,112
Madagascar,1977,112
Madagascar,1978,115
Madagascar,1979,122
Madagascar,1980,129
Madagascar,1981,138
Madagascar,1982,138
Madagascar,1983,148
Madagascar,1984,148
Madagascar,1985,153
Madagascar,1986,153
Madagascar,1987,165
Madagascar,1988,165
Madagascar,1989,165
Madagascar,1990,178
Madagascar,1991,180
Madagascar,1992,185
Madagascar,1993,197
Madagascar,1994,197
Madagascar,1995,197
Madagascar,1996,200
Madagascar,1997,200
Madagascar,1998,217
Madagascar,1999,223
Madagascar,2000,234
Madagascar,2001,240
Madagascar,2002,245
Madagascar,2003,256
Madagascar,2004,256
Madagascar,2005,258
Madagascar,2006,258
Madagascar,2007,282
Madagascar,2008,291
Madagascar,2009,295
Madagascar,2010,296
Madagascar,2011,304
Madagascar,2012,305
Madagascar,2013,305
Madagascar,2014,307
Madagascar,2015,332
Madagascar,2016,337
Madagascar,2017,351
Madagascar,2018,360
Madagascar,2019,379
Madagascar,2020,382
Madagascar,2021,386
Madagascar,2022,394
Madagascar,2023,407
Madagascar,2024,413
Madagascar,2025,428
Madagascar,2026,434
Madrid,1872,0
Madrid,1873,0
Madrid,1874,0
Madrid,1875,0
Madrid,1876,0
Madrid,1877,0
Madrid,1878,0
Madrid,1879,0
Madrid,1880,0
Madrid,1881,0
Madrid,1882,0
Madrid,1883,0
Madrid,1884,0
Madrid,1885,0
Madrid,1886,0
Madrid,1887,0
Madrid,1888,0
Madrid,1889,0
Madrid,1890,0
Madrid,1891,0
Madrid,1892,0
Madrid,1893,0
Madrid,1894,0
Madrid,1895,0
Madrid,1896,0
Madrid,1897,0
Madrid,1898,0
Madrid,1899,0
Madrid,1900,0
Madrid,1901,0
Madrid,1902,0
Madrid,1903,0
Madrid,1904,0
Madrid,1905,0
Madrid,1906,0
Madrid,1907,0
Madrid,1908,0
Madrid,1909,0
Madrid,1910,0
Madrid,1911,0
Madrid,1912,0
Madrid,1913,0
Madrid,1914,0
Madrid,1915,0
Madrid,1916,0
Madrid,1917,0
Madrid,1918,0
Madrid,1919,0
Madrid,1920,0
Madrid,1921,0
Madrid,1922,0
Madrid,1923,0
Madrid,1924,0
Madrid,1925,0
Madrid,1926,0
Madrid,1927,0
Madrid,1928,0
Madrid,1929,0
Madrid,1930,0
Madrid,1931,0
Madrid,1932,0
Madrid,1933,0
Madrid,1934,0
Madrid,1935,0
Madrid,1936,0
Madrid,1937,0
Madrid,1938,0
Madrid,1939,0
Madrid,1940,0
Madrid,1941,0
Madrid,1942,0
Madrid,1943,0
Madrid,1944,0
Madrid,1945,0
Madrid,1946,0
Madrid,1947,0
Madrid,1948,0
Madrid,1949,0
Madrid,1950,0
Madrid,1951,0
Madrid,1952,0
Madrid,1953,0
Madrid,1954,0
Madrid,1955,0
Madrid,1956,0
Madrid,1957,0
Madrid,1958,0
Madrid,1959,0
Madrid,1960,0
Madrid,1961,0
Madrid,1962,0
Madrid,1963,0
Madrid,1964,0
Madrid,1965,0
Madrid,1966,0
Madrid,1967,0
Madrid,1968,0
Madrid,1969,0
Madrid,1970,0
Madrid,1971,0
Madrid,1972,0
Madrid,1973,0
Madrid,1974,0
Madrid,1975,0
Madrid,1976,0
Madrid,1977,0
Madrid,1978,0
Madrid,1979,0
Madrid,1980,0
Madrid,1981,0
Madrid,1982,0
Madrid,1983,0
Madrid,1984,0
Madrid,1985,0
Madrid,1986,0
Madrid,1987,0
Madrid,1988,0
Madrid,1989,0
Madrid,1990,0
Madrid,1991,0
Madrid,1992,0
Madrid,1993,0
Madrid,1994,0
Madrid,1995,0
Madrid,1996,0
Madrid,1997,0
Madrid,1998,0
Madrid,1999,0
Madrid,2000,0
Madrid,2001,0
Madrid,2002,0
Madrid,2003,0
Madrid,2004,0
Madrid,2005,0
Madrid,2006,0
Madrid,2007,0
Madrid,2008,0
Madrid,2009,0
Madrid,2010,0
Madrid,2011,0
Madrid,2012,0
Madrid,2013,1
Madrid,2014,1
Madrid,2015,1
Madrid,2016,1
Madrid,2017,1
Madrid,2018,1
Madrid,2019,1
Madrid,2020,1
Madrid,2021,1
Madrid,2022,1
Madrid,2023,1
Madrid,2024,1
Madrid,2025,1
Madrid,2026,1
Malawi,1872,0
Malawi,1873,0
Malawi,1874,0
Malawi,1875,0
Malawi,1876,0
Malawi,1877,0
Malawi,1878,0
Malawi,1879,0
Malawi,1880,0
Malawi,1881,0
Malawi,1882,0
Malawi,1883,0
Malawi,1884,0
Malawi,1885,0
Malawi,1886,0
Malawi,1887,0
Malawi,1888,0
Malawi,1889,0
Malawi,1890,0
Malawi,1891,0
Malawi,1892,0
Malawi,1893,0
Malawi,1894,0
Malawi,1895,0
Malawi,1896,0
Malawi,1897,0
Malawi,1898,0
Malawi,1899,0
Malawi,1900,0
Malawi,1901,0
Malawi,1902,0
Malawi,1903,0
Malawi,1904,0
Malawi,1905,0
Malawi,1906,0
Malawi,1907,0
Malawi,1908,0
Malawi,1909,0
Malawi,1910,0
Malawi,1911,0
Malawi,1912,0
Malawi,1913,0
Malawi,1914,0
Malawi,1915,0
Malawi,1916,0
Malawi,1917,0
Malawi,1918,0
Malawi,1919,0
Malawi,1920,0
Malawi,1921,0
Malawi,1922,0
Malawi,1923,0
Malawi,1924,0
Malawi,1925,0
Malawi,1926,0
Malawi,1927,0
Malawi,1928,0
Malawi,1929,0
Malawi,1930,0
Malawi,1931,0
Malawi,1932,0
Malawi,1933,0
Malawi,1934,0
Malawi,1935,0
Malawi,1936,0
Malawi,1937,0
Malawi,1938,0
Malawi,1939,0
Malawi,1940,0
Malawi,1941,0
Malawi,1942,0
Malawi,1943,0
Malawi,1944,0
Malawi,1945,0
Malawi,1946,0
Malawi,1947,0
Malawi,1948,0
Malawi,1949,0
Malawi,1950,0
Malawi,1951,0
Malawi,1952,0
Malawi,1953,0
Malawi,1954,0
Malawi,1955,0
Malawi,1956,0
Malawi,1957,0
Malawi,1958,0
Malawi,1959,0
Malawi,1960,0
Malawi,1961,0
Malawi,1962,2
Malawi,1963,3
Malawi,1964,3
Malawi,1965,3
Malawi,1966,6
Malawi,1967,6
Malawi,1968,16
Malawi,1969,24
Malawi,1970,33
Malawi,1971,47
Malawi,1972,54
Malawi,1973,60
Malawi,1974,74
Malawi,1975,111
Malawi,1976,137
Malawi,1977,161
Malawi,1978,195
Malawi,1979,221
Malawi,1980,229
Malawi,1981,259
Malawi,1982,269
Malawi,1983,282
Malawi,1984,305
Malawi,1985,329
Malawi,1986,331
Malawi,1987,353
Malawi,1988,372
Malawi,1989,388
Malawi,1990,399
Malawi,1991,408
Malawi,1992,419
Malawi,1993,433
Malawi,1994,438
Malawi,1995,440
Malawi,1996,449
Malawi,1997,465
Malawi,1998,472
Malawi,1999,478
Malawi,2000,495
Malawi,2001,502
Malawi,2002,516
Malawi,2003,527
Malawi,2004,537
Malawi,2005,551
Malawi,2006,564
Malawi,2007,571
Malawi,2008,591
Malawi,2009,603
Malawi,2010,624
Malawi,2011,633
Malawi,2012,645
Malawi,2013,653
Malawi,2014,664
Malawi,2015,679
Malawi,2016,685
Malawi,2017,689
Malawi,2018,691
Malawi,2019,704
Malawi,2020,705
Malawi,2021,715
Malawi,2022,724
Malawi,2023,735
Malawi,2024,744
Malawi,2025,752
Malawi,2026,753
Malaysia,1872,0
Malaysia,1873,0
Malaysia,1874,0
Malaysia,1875,0
Malaysia,1876,0
Malaysia,1877,0
Malaysia,1878,0
Malaysia,1879,0
Malaysia,1880,0
Malaysia,1881,0
Malaysia,1882,0
Malaysia,1883,0
Malaysia,1884,0
Malaysia,1885,0
Malaysia,1886,0
Malaysia,1887,0
Malaysia,1888,0
Malaysia,1889,0
Malaysia,1890,0
Malaysia,1891,0
Malaysia,1892,0
Malaysia,1893,0
Malaysia,1894,0
Malaysia,1895,0
Malaysia,1896,0
Malaysia,1897,0
Malaysia,1898,0
Malaysia,1899,0
Malaysia,1900,0
Malaysia,1901,0
Malaysia,1902,0
Malaysia,1903,0
Malaysia,1904,0
Malaysia,1905,0
Malaysia,1906,0
Malaysia,1907,0
Malaysia,1908,0
Malaysia,1909,0
Malaysia,1910,0
Malaysia,1911,0
Malaysia,1912,0
Malaysia,1913,0
Malaysia,1914,0
Malaysia,1915,0
Malaysia,1916,0
Malaysia,1917,0
Malaysia,1918,0
Malaysia,1919,0
Malaysia,1920,0
Malaysia,1921,0
Malaysia,1922,0
Malaysia,1923,0
Malaysia,1924,0
Malaysia,1925,0
Malaysia,1926,0
Malaysia,1927,0
Malaysia,1928,0
Malaysia,1929,0
Malaysia,1930,0
Malaysia,1931,0
Malaysia,1932,0
Malaysia,1933,0
Malaysia,1934,0
Malaysia,1935,0
Malaysia,1936,0
Malaysia,1937,0
Malaysia,1938,0
Malaysia,1939,0
Malaysia,1940,0
Malaysia,1941,0
Malaysia,1942,0
Malaysia,1943,0
Malaysia,1944,0
Malaysia,1945,0
Malaysia,1946,0
Malaysia,1947,0
Malaysia,1948,0
Malaysia,1949,0
Malaysia,1950,0
Malaysia,1951,0
Malaysia,1952,0
Malaysia,1953,2
Malaysia,1954,2
Malaysia,1955,2
Malaysia,1956,16
Malaysia,1957,31
Malaysia,1958,66
Malaysia,1959,84
Malaysia,1960,96
Malaysia,1961,119
Malaysia,1962,152
Malaysia,1963,171
Malaysia,1964,182
Malaysia,1965,191
Malaysia,1966,202
Malaysia,1967,224
Malaysia,1968,249
Malaysia,1969,266
Malaysia,1970,299
Malaysia,1971,362
Malaysia,1972,393
Malaysia,1973,434
Malaysia,1974,472
Malaysia,1975,499
Malaysia,1976,544
Malaysia,1977,594
Malaysia,1978,627
Malaysia,1979,646
Malaysia,1980,672
Malaysia,1981,690
Malaysia,1982,705
Malaysia,1983,721
Malaysia,1984,744
Malaysia,1985,765
Malaysia,1986,777
Malaysia,1987,779
Malaysia,1988,783
Malaysia,1989,805
Malaysia,1990,805
Malaysia,1991,810
Malaysia,1992,814
Malaysia,1993,846
Malaysia,1994,852
Malaysia,1995,862
Malaysia,1996,886
Malaysia,1997,898
Malaysia,1998,898
Malaysia,1999,912
Malaysia,2000,959
Malaysia,2001,974
Malaysia,2002,990
Malaysia,2003,1000
Malaysia,2004,1019
Malaysia,2005,1023
Malaysia,2006,1026
Malaysia,2007,1041
Malaysia,2008,1069
Malaysia,2009,1081
Malaysia,2010,1094
Malaysia,2011,1110
Malaysia,2012,1133
Malaysia,2013,1137
Malaysia,2014,1158
Malaysia,2015,1168
Malaysia,2016,1183
Malaysia,2017,1188
Malaysia,2018,1220
Malaysia,2019,1251
Malaysia,2020,1251
Malaysia,2021,1262
Malaysia,2022,1293
Malaysia,2023,1323
Malaysia,2024,1344
Malaysia,2025,1363
Malaysia,2026,1363
Maldives,1872,0
Maldives,1873,0
Maldives,1874,0
Maldives,1875,0
Maldives,1876,0
Maldives,1877,0
Maldives,1878,0
Maldives,1879,0
Maldives,1880,0
Maldives,1881,0
Maldives,1882,0
Maldives,1883,0
Maldives,1884,0
Maldives,1885,0
Maldives,1886,0
Maldives,1887,0
Maldives,1888,0
Maldives,1889,0
Maldives,1890,0
Maldives,1891,0
Maldives,1892,0
Maldives,1893,0
Maldives,1894,0
Maldives,1895,0
Maldives,1896,0
Maldives,1897,0
Maldives,1898,0
Maldives,1899,0
Maldives,1900,0
Maldives,1901,0
Maldives,1902,0
Maldives,1903,0
Maldives,1904,0
Maldives,1905,0
Maldives,1906,0
Maldives,1907,0
Maldives,1908,0
Maldives,1909,0
Maldives,1910,0
Maldives,1911,0
Maldives,1912,0
Maldives,1913,0
Maldives,1914,0
Maldives,1915,0
Maldives,1916,0
Maldives,1917,0
Maldives,1918,0
Maldives,1919,0
Maldives,1920,0
Maldives,1921,0
Maldives,1922,0
Maldives,1923,0
Maldives,1924,0
Maldives,1925,0
Maldives,1926,0
Maldives,1927,0
Maldives,1928,0
Maldives,1929,0
Maldives,1930,0
Maldives,1931,0
Maldives,1932,0
Maldives,1933,0
Maldives,1934,0
Maldives,1935,0
Maldives,1936,0
Maldives,1937,0
Maldives,1938,0
Maldives,1939,0
Maldives,1940,0
Maldives,1941,0
Maldives,1942,0
Maldives,1943,0
Maldives,1944,0
Maldives,1945,0
Maldives,1946,0
Maldives,1947,0
Maldives,1948,0
Maldives,1949,0
Maldives,1950,0
Maldives,1951,0
Maldives,1952,0
Maldives,1953,0
Maldives,1954,0
Maldives,1955,0
Maldives,1956,0
Maldives,1957,0
Maldives,1958,0
Maldives,1959,0
Maldives,1960,0
Maldives,1961,0
Maldives,1962,0
Maldives,1963,0
Maldives,1964,0
Maldives,1965,0
Maldives,1966,0
Maldives,1967,0
Maldives,1968,0
Maldives,1969,0
Maldives,1970,0
Maldives,1971,0
Maldives,1972,0
Maldives,1973,0
Maldives,1974,0
Maldives,1975,0
Maldives,1976,0
Maldives,1977,0
Maldives,1978,0
Maldives,1979,1
Maldives,1980,1
Maldives,1981,1
Maldives,1982,1
Maldives,1983,1
Maldives,1984,2
Maldives,1985,5
Maldives,1986,5
Maldives,1987,5
Maldives,1988,5
Maldives,1989,5
Maldives,1990,5
Maldives,1991,7
Maldives,1992,7
Maldives,1993,8
Maldives,1994,8
Maldives,1995,8
Maldives,1996,12
Maldives,1997,18
Maldives,1998,20
Maldives,1999,34
Maldives,2000,40
Maldives,2001,48
Maldives,2002,49
Maldives,2003,75
Maldives,2004,82
Maldives,2005,93
Maldives,2006,93
Maldives,2007,95
Maldives,2008,105
Maldives,2009,124
Maldives,2010,124
Maldives,2011,145
Maldives,2012,152
Maldives,2013,176
Maldives,2014,183
Maldives,2015,199
Maldives,2016,217
Maldives,2017,222
Maldives,2018,236
Maldives,2019,243
Maldives,2020,243
Maldives,2021,253
Maldives,2022,263
Maldives,2023,269
Maldives,2024,271
Maldives,2025,277
Maldives,2026,277
Mali,1872,0
Mali,1873,0
Mali,1874,0
Mali,1875,0
Mali,1876,0
Mali,1877,0
Mali,1878,0
Mali,1879,0
Mali,1880,0
Mali,1881,0
Mali,1882,0
Mali,1883,0
Mali,1884,0
Mali,1885,0
Mali,1886,0
Mali,1887,0
Mali,1888,0
Mali,1889,0
Mali,1890,0
Mali,1891,0
Mali,1892,0
Mali,1893,0
Mali,1894,0
Mali,1895,0
Mali,1896,0
Mali,1897,0
Mali,1898,0
Mali,1899,0
Mali,1900,0
Mali,1901,0
Mali,1902,0
Mali,1903,0
Mali,1904,0
Mali,1905,0
Mali,1906,0
Mali,1907,0
Mali,1908,0
Mali,1909,0
Mali,1910,0
Mali,1911,0
Mali,1912,0
Mali,1913,0
Mali,1914,0
Mali,1915,0
Mali,1916,0
Mali,1917,0
Mali,1918,0
Mali,1919,0
Mali,1920,0
Mali,1921,0
Mali,1922,0
Mali,1923,0
Mali,1924,0
Mali,1925,0
Mali,1926,0
Mali,1927,0
Mali,1928,0
Mali,1929,0
Mali,1930,0
Mali,1931,0
Mali,1932,0
Mali,1933,0
Mali,1934,0
Mali,1935,0
Mali,1936,0
Mali,1937,0
Mali,1938,0
Mali,1939,0
Mali,1940,0
Mali,1941,0
Mali,1942,0
Mali,1943,0
Mali,1944,0
Mali,1945,0
Mali,1946,0
Mali,1947,0
Mali,1948,0
Mali,1949,0
Mali,1950,0
Mali,1951,0
Mali,1952,0
Mali,1953,0
Mali,1954,0
Mali,1955,0
Mali,1956,0
Mali,1957,0
Mali,1958,0
Mali,1959,0
Mali,1960,14
Mali,1961,14
Mali,1962,19
Mali,1963,26
Mali,1964,27
Mali,1965,45
Mali,1966,46
Mali,1967,55
Mali,1968,55
Mali,1969,55
Mali,1970,60
Mali,1971,64
Mali,1972,77
Mali,1973,85
Mali,1974,89
Mali,1975,99
Mali,1976,106
Mali,1977,109
Mali,1978,113
Mali,1979,123
Mali,1980,137
Mali,1981,150
Mali,1982,165
Mali,1983,180
Mali,1984,192
Mali,1985,208
Mali,1986,209
Mali,1987,219
Mali,1988,235
Mali,1989,248
Mali,1990,251
Mali,1991,265
Mali,1992,275
Mali,1993,287
Mali,1994,304
Mali,1995,323
Mali,1996,334
Mali,1997,358
Mali,1998,369
Mali,1999,381
Mali,2000,394
Mali,2001,411
Mali,2002,431
Mali,2003,444
Mali,2004,462
Mali,2005,475
Mali,2006,479
Mali,2007,499
Mali,2008,514
Mali,2009,531
Mali,2010,544
Mali,2011,554
Mali,2012,569
Mali,2013,582
Mali,2014,596
Mali,2015,613
Mali,2016,624
Mali,2017,628
Mali,2018,634
Mali,2019,653
Mali,2020,659
Mali,2021,674
Mali,2022,687
Mali,2023,703
Mali,2024,728
Mali,2025,745
Mali,2026,746
Malta,1872,0
Malta,1873,0
Malta,1874,0
Malta,1875,0
Malta,1876,0
Malta,1877,0
Malta,1878,0
Malta,1879,0
Malta,1880,0
Malta,1881,0
Malta,1882,0
Malta,1883,0
Malta,1884,0
Malta,1885,0
Malta,1886,0
Malta,1887,0
Malta,1888,0
Malta,1889,0
Malta,1890,0
Malta,1891,0
Malta,1892,0
Malta,1893,0
Malta,1894,0
Malta,1895,0
Malta,1896,0
Malta,1897,0
Malta,1898,0
Malta,1899,0
Malta,1900,0
Malta,1901,0
Malta,1902,0
Malta,1903,0
Malta,1904,0
Malta,1905,0
Malta,1906,0
Malta,1907,0
Malta,1908,0
Malta,1909,0
Malta,1910,0
Malta,1911,0
Malta,1912,0
Malta,1913,0
Malta,1914,0
Malta,1915,0
Malta,1916,0
Malta,1917,0
Malta,1918,0
Malta,1919,0
Malta,1920,0
Malta,1921,0
Malta,1922,0
Malta,1923,0
Malta,1924,0
Malta,1925,0
Malta,1926,0
Malta,1927,0
Malta,1928,0
Malta,1929,0
Malta,1930,0
Malta,1931,0
Malta,1932,0
Malta,1933,0
Malta,1934,0
Malta,1935,0
Malta,1936,0
Malta,1937,0
Malta,1938,0
Malta,1939,0
Malta,1940,0
Malta,1941,0
Malta,1942,0
Malta,1943,0
Malta,1944,0
Malta,1945,0
Malta,1946,0
Malta,1947,0
Malta,1948,0
Malta,1949,0
Malta,1950,0
Malta,1951,0
Malta,1952,0
Malta,1953,0
Malta,1954,0
Malta,1955,0
Malta,1956,0
Malta,1957,2
Malta,1958,5
Malta,1959,5
Malta,1960,6
Malta,1961,7
Malta,1962,9
Malta,1963,9
Malta,1964,11
Malta,1965,11
Malta,1966,13
Malta,1967,13
Malta,1968,13
Malta,1969,14
Malta,1970,17
Malta,1971,18
Malta,1972,18
Malta,1973,21
Malta,1974,21
Malta,1975,23
Malta,1976,26
Malta,1977,28
Malta,1978,28
Malta,1979,30
Malta,1980,30
Malta,1981,37
Malta,1982,40
Malta,1983,44
Malta,1984,47
Malta,1985,54
Malta,1986,54
Malta,1987,59
Malta,1988,70
Malta,1989,73
Malta,1990,77
Malta,1991,87
Malta,1992,90
Malta,1993,94
Malta,1994,105
Malta,1995,108
Malta,1996,110
Malta,1997,115
Malta,1998,122
Malta,1999,129
Malta,2000,136
Malta,2001,142
Malta,2002,151
Malta,2003,158
Malta,2004,167
Malta,2005,171
Malta,2006,176
Malta,2007,183
Malta,2008,193
Malta,2009,197
Malta,2010,200
Malta,2011,205
Malta,2012,214
Malta,2013,221
Malta,2014,222
Malta,2015,226
Malta,2016,229
Malta,2017,232
Malta,2018,238
Malta,2019,241
Malta,2020,254
Malta,2021,264
Malta,2022,276
Malta,2023,280
Malta,2024,287
Malta,2025,295
Malta,2026,298
Manchukuo,1872,0
Manchukuo,1873,0
Manchukuo,1874,0
Manchukuo,1875,0
Manchukuo,1876,0
Manchukuo,1877,0
Manchukuo,1878,0
Manchukuo,1879,0
Manchukuo,1880,0
Manchukuo,1881,0
Manchukuo,1882,0
Manchukuo,1883,0
Manchukuo,1884,0
Manchukuo,1885,0
Manchukuo,1886,0
Manchukuo,1887,0
Manchukuo,1888,0
Manchukuo,1889,0
Manchukuo,1890,0
Manchukuo,1891,0
Manchukuo,1892,0
Manchukuo,1893,0
Manchukuo,1894,0
Manchukuo,1895,0
Manchukuo,1896,0
Manchukuo,1897,0
Manchukuo,1898,0
Manchukuo,1899,0
Manchukuo,1900,0
Manchukuo,1901,0
Manchukuo,1902,0
Manchukuo,1903,0
Manchukuo,1904,0
Manchukuo,1905,0
Manchukuo,1906,0
Manchukuo,1907,0
Manchukuo,1908,0
Manchukuo,1909,0
Manchukuo,1910,0
Manchukuo,1911,0
Manchukuo,1912,0
Manchukuo,1913,0
Manchukuo,1914,0
Manchukuo,1915,0
Manchukuo,1916,0
Manchukuo,1917,0
Manchukuo,1918,0
Manchukuo,1919,0
Manchukuo,1920,0
Manchukuo,1921,0
Manchukuo,1922,0
Manchukuo,1923,0
Manchukuo,1924,0
Manchukuo,1925,0
Manchukuo,1926,0
Manchukuo,1927,0
Manchukuo,1928,0
Manchukuo,1929,0
Manchukuo,1930,0
Manchukuo,1931,0
Manchukuo,1932,0
Manchukuo,1933,0
Manchukuo,1934,0
Manchukuo,1935,0
Manchukuo,1936,0
Manchukuo,1937,0
Manchukuo,1938,0
Manchukuo,1939,0
Manchukuo,1940,0
Manchukuo,1941,0
Manchukuo,1942,0
Manchukuo,1943,0
Manchukuo,1944,0
Manchukuo,1945,0
Manchukuo,1946,0
Manchukuo,1947,0
Manchukuo,1948,0
Manchukuo,1949,0
Manchukuo,1950,0
Manchukuo,1951,0
Manchukuo,1952,0
Manchukuo,1953,0
Manchukuo,1954,0
Manchukuo,1955,0
Manchukuo,1956,0
Manchukuo,1957,0
Manchukuo,1958,0
Manchukuo,1959,0
Manchukuo,1960,0
Manchukuo,1961,0
Manchukuo,1962,0
Manchukuo,1963,0
Manchukuo,1964,0
Manchukuo,1965,0
Manchukuo,1966,0
Manchukuo,1967,0
Manchukuo,1968,0
Manchukuo,1969,0
Manchukuo,1970,0
Manchukuo,1971,0
Manchukuo,1972,0
Manchukuo,1973,0
Manchukuo,1974,0
Manchukuo,1975,0
Manchukuo,1976,0
Manchukuo,1977,0
Manchukuo,1978,0
Manchukuo,1979,0
Manchukuo,1980,0
Manchukuo,1981,0
Manchukuo,1982,0
Manchukuo,1983,0
Manchukuo,1984,0
Manchukuo,1985,0
Manchukuo,1986,0
Manchukuo,1987,0
Manchukuo,1988,0
Manchukuo,1989,0
Manchukuo,1990,0
Manchukuo,1991,0
Manchukuo,1992,0
Manchukuo,1993,0
Manchukuo,1994,0
Manchukuo,1995,0
Manchukuo,1996,0
Manchukuo,1997,0
Manchukuo,1998,0
Manchukuo,1999,0
Manchukuo,2000,0
Manchukuo,2001,0
Manchukuo,2002,0
Manchukuo,2003,0
Manchukuo,2004,0
Manchukuo,2005,0
Manchukuo,2006,0
Manchukuo,2007,0
Manchukuo,2008,0
Manchukuo,2009,0
Manchukuo,2010,0
Manchukuo,2011,0
Manchukuo,2012,0
Manchukuo,2013,0
Manchukuo,2014,0
Manchukuo,2015,0
Manchukuo,2016,0
Manchukuo,2017,0
Manchukuo,2018,0
Manchukuo,2019,0
Manchukuo,2020,0
Manchukuo,2021,0
Manchukuo,2022,0
Manchukuo,2023,0
Manchukuo,2024,0
Manchukuo,2025,0
Manchukuo,2026,0
Mapuche,1872,0
Mapuche,1873,0
Mapuche,1874,0
Mapuche,1875,0
Mapuche,1876,0
Mapuche,1877,0
Mapuche,1878,0
Mapuche,1879,0
Mapuche,1880,0
Mapuche,1881,0
Mapuche,1882,0
Mapuche,1883,0
Mapuche,1884,0
Mapuche,1885,0
Mapuche,1886,0
Mapuche,1887,0
Mapuche,1888,0
Mapuche,1889,0
Mapuche,1890,0
Mapuche,1891,0
Mapuche,1892,0
Mapuche,1893,0
Mapuche,1894,0
Mapuche,1895,0
Mapuche,1896,0
Mapuche,1897,0
Mapuche,1898,0
Mapuche,1899,0
Mapuche,1900,0
Mapuche,1901,0
Mapuche,1902,0
Mapuche,1903,0
Mapuche,1904,0
Mapuche,1905,0
Mapuche,1906,0
Mapuche,1907,0
Mapuche,1908,0
Mapuche,1909,0
Mapuche,1910,0
Mapuche,1911,0
Mapuche,1912,0
Mapuche,1913,0
Mapuche,1914,0
Mapuche,1915,0
Mapuche,1916,0
Mapuche,1917,0
Mapuche,1918,0
Mapuche,1919,0
Mapuche,1920,0
Mapuche,1921,0
Mapuche,1922,0
Mapuche,1923,0
Mapuche,1924,0
Mapuche,1925,0
Mapuche,1926,0
Mapuche,1927,0
Mapuche,1928,0
Mapuche,1929,0
Mapuche,1930,0
Mapuche,1931,0
Mapuche,1932,0
Mapuche,1933,0
Mapuche,1934,0
Mapuche,1935,0
Mapuche,1936,0
Mapuche,1937,0
Mapuche,1938,0
Mapuche,1939,0
Mapuche,1940,0
Mapuche,1941,0
Mapuche,1942,0
Mapuche,1943,0
Mapuche,1944,0
Mapuche,1945,0
Mapuche,1946,0
Mapuche,1947,0
Mapuche,1948,0
Mapuche,1949,0
Mapuche,1950,0
Mapuche,1951,0
Mapuche,1952,0
Mapuche,1953,0
Mapuche,1954,0
Mapuche,1955,0
Mapuche,1956,0
Mapuche,1957,0
Mapuche,1958,0
Mapuche,1959,0
Mapuche,1960,0
Mapuche,1961,0
Mapuche,1962,0
Mapuche,1963,0
Mapuche,1964,0
Mapuche,1965,0
Mapuche,1966,0
Mapuche,1967,0
Mapuche,1968,0
Mapuche,1969,0
Mapuche,1970,0
Mapuche,1971,0
Mapuche,1972,0
Mapuche,1973,0
Mapuche,1974,0
Mapuche,1975,0
Mapuche,1976,0
Mapuche,1977,0
Mapuche,1978,0
Mapuche,1979,0
Mapuche,1980,0
Mapuche,1981,0
Mapuche,1982,0
Mapuche,1983,0
Mapuche,1984,0
Mapuche,1985,0
Mapuche,1986,0
Mapuche,1987,0
Mapuche,1988,0
Mapuche,1989,0
Mapuche,1990,0
Mapuche,1991,0
Mapuche,1992,0
Mapuche,1993,0
Mapuche,1994,0
Mapuche,1995,0
Mapuche,1996,0
Mapuche,1997,0
Mapuche,1998,0
Mapuche,1999,0
Mapuche,2000,0
Mapuche,2001,0
Mapuche,2002,0
Mapuche,2003,0
Mapuche,2004,0
Mapuche,2005,0
Mapuche,2006,0
Mapuche,2007,0
Mapuche,2008,0
Mapuche,2009,0
Mapuche,2010,0
Mapuche,2011,0
Mapuche,2012,0
Mapuche,2013,0
Mapuche,2014,0
Mapuche,2015,0
Mapuche,2016,0
Mapuche,2017,0
Mapuche,2018,0
Mapuche,2019,0
Mapuche,2020,0
Mapuche,2021,0
Mapuche,2022,3
Mapuche,2023,3
Mapuche,2024,3
Mapuche,2025,3
Mapuche,2026,3
Marshall Islands,1872,0
Marshall Islands,1873,0
Marshall Islands,1874,0
Marshall Islands,1875,0
Marshall Islands,1876,0
Marshall Islands,1877,0
Marshall Islands,1878,0
Marshall Islands,1879,0
Marshall Islands,1880,0
Marshall Islands,1881,0
Marshall Islands,1882,0
Marshall Islands,1883,0
Marshall Islands,1884,0
Marshall Islands,1885,0
Marshall Islands,1886,0
Marshall Islands,1887,0
Marshall Islands,1888,0
Marshall Islands,1889,0
Marshall Islands,1890,0
Marshall Islands,1891,0
Marshall Islands,1892,0
Marshall Islands,1893,0
Marshall Islands,1894,0
Marshall Islands,1895,0
Marshall Islands,1896,0
Marshall Islands,1897,0
Marshall Islands,1898,0
Marshall Islands,1899,0
Marshall Islands,1900,0
Marshall Islands,1901,0
Marshall Islands,1902,0
Marshall Islands,1903,0
Marshall Islands,1904,0
Marshall Islands,1905,0
Marshall Islands,1906,0
Marshall Islands,1907,0
Marshall Islands,1908,0
Marshall Islands,1909,0
Marshall Islands,1910,0
Marshall Islands,1911,0
Marshall Islands,1912,0
Marshall Islands,1913,0
Marshall Islands,1914,0
Marshall Islands,1915,0
Marshall Islands,1916,0
Marshall Islands,1917,0
Marshall Islands,1918,0
Marshall Islands,1919,0
Marshall Islands,1920,0
Marshall Islands,1921,0
Marshall Islands,1922,0
Marshall Islands,1923,0
Marshall Islands,1924,0
Marshall Islands,1925,0
Marshall Islands,1926,0
Marshall Islands,1927,0
Marshall Islands,1928,0
Marshall Islands,1929,0
Marshall Islands,1930,0
Marshall Islands,1931,0
Marshall Islands,1932,0
Marshall Islands,1933,0
Marshall Islands,1934,0
Marshall Islands,1935,0
Marshall Islands,1936,0
Marshall Islands,1937,0
Marshall Islands,1938,0
Marshall Islands,1939,0
Marshall Islands,1940,0
Marshall Islands,1941,0
Marshall Islands,1942,0
Marshall Islands,1943,0
Marshall Islands,1944,0
Marshall Islands,1945,0
Marshall Islands,1946,0
Marshall Islands,1947,0
Marshall Islands,1948,0
Marshall Islands,1949,0
Marshall Islands,1950,0
Marshall Islands,1951,0
Marshall Islands,1952,0
Marshall Islands,1953,0
Marshall Islands,1954,0
Marshall Islands,1955,0
Marshall Islands,1956,0
Marshall Islands,1957,0
Marshall Islands,1958,0
Marshall Islands,1959,0
Marshall Islands,1960,0
Marshall Islands,1961,0
Marshall Islands,1962,0
Marshall Islands,1963,0
Marshall Islands,1964,0
Marshall Islands,1965,0
Marshall Islands,1966,0
Marshall Islands,1967,0
Marshall Islands,1968,0
Marshall Islands,1969,0
Marshall Islands,1970,0
Marshall Islands,1971,0
Marshall Islands,1972,0
Marshall Islands,1973,0
Marshall Islands,1974,0
Marshall Islands,1975,0
Marshall Islands,1976,0
Marshall Islands,1977,0
Marshall Islands,1978,0
Marshall Islands,1979,0
Marshall Islands,1980,0
Marshall Islands,1981,0
Marshall Islands,1982,0
Marshall Islands,1983,0
Marshall Islands,1984,0
Marshall Islands,1985,0
Marshall Islands,1986,0
Marshall Islands,1987,0
Marshall Islands,1988,0
Marshall Islands,1989,0
Marshall Islands,1990,0
Marshall Islands,1991,0
Marshall Islands,1992,0
Marshall Islands,1993,0
Marshall Islands,1994,0
Marshall Islands,1995,0
Marshall Islands,1996,0
Marshall Islands,1997,0
Marshall Islands,1998,0
Marshall Islands,1999,0
Marshall Islands,2000,0
Marshall Islands,2001,0
Marshall Islands,2002,0
Marshall Islands,2003,0
Marshall Islands,2004,0
Marshall Islands,2005,0
Marshall Islands,2006,0
Marshall Islands,2007,0
Marshall Islands,2008,0
Marshall Islands,2009,0
Marshall Islands,2010,0
Marshall Islands,2011,0
Marshall Islands,2012,0
Marshall Islands,2013,0
Marshall Islands,2014,0
Marshall Islands,2015,0
Marshall Islands,2016,0
Marshall Islands,2017,0
Marshall Islands,2018,0
Marshall Islands,2019,0
Marshall Islands,2020,0
Marshall Islands,2021,0
Marshall Islands,2022,0
Marshall Islands,2023,0
Marshall Islands,2024,0
Marshall Islands,2025,2
Marshall Islands,2026,2
Martinique,1872,0
Martinique,1873,0
Martinique,1874,0
Martinique,1875,0
Martinique,1876,0
Martinique,1877,0
Martinique,1878,0
Martinique,1879,0
Martinique,1880,0
Martinique,1881,0
Martinique,1882,0
Martinique,1883,0
Martinique,1884,0
Martinique,1885,0
Martinique,1886,0
Martinique,1887,0
Martinique,1888,0
Martinique,1889,0
Martinique,1890,0
Martinique,1891,0
Martinique,1892,0
Martinique,1893,0
Martinique,1894,0
Martinique,1895,0
Martinique,1896,0
Martinique,1897,0
Martinique,1898,0
Martinique,1899,0
Martinique,1900,0
Martinique,1901,0
Martinique,1902,0
Martinique,1903,0
Martinique,1904,0
Martinique,1905,0
Martinique,1906,0
Martinique,1907,0
Martinique,1908,0
Martinique,1909,0
Martinique,1910,0
Martinique,1911,0
Martinique,1912,0
Martinique,1913,0
Martinique,1914,0
Martinique,1915,0
Martinique,1916,0
Martinique,1917,0
Martinique,1918,0
Martinique,1919,0
Martinique,1920,0
Martinique,1921,0
Martinique,1922,0
Martinique,1923,0
Martinique,1924,0
Martinique,1925,0
Martinique,1926,0
Martinique,1927,0
Martinique,1928,0
Martinique,1929,0
Martinique,1930,0
Martinique,1931,4
Martinique,1932,4
Martinique,1933,4
Martinique,1934,10
Martinique,1935,10
Martinique,1936,10
Martinique,1937,10
Martinique,1938,10
Martinique,1939,11
Martinique,1940,11
Martinique,1941,18
Martinique,1942,18
Martinique,1943,18
Martinique,1944,18
Martinique,1945,18
Martinique,1946,18
Martinique,1947,18
Martinique,1948,33
Martinique,1949,35
Martinique,1950,35
Martinique,1951,39
Martinique,1952,40
Martinique,1953,46
Martinique,1954,52
Martinique,1955,57
Martinique,1956,64
Martinique,1957,72
Martinique,1958,73
Martinique,1959,84
Martinique,1960,90
Martinique,1961,92
Martinique,1962,99
Martinique,1963,105
Martinique,1964,110
Martinique,1965,110
Martinique,1966,110
Martinique,1967,125
Martinique,1968,137
Martinique,1969,137
Martinique,1970,137
Martinique,1971,142
Martinique,1972,146
Martinique,1973,148
Martinique,1974,148
Martinique,1975,158
Martinique,1976,162
Martinique,1977,168
Martinique,1978,182
Martinique,1979,190
Martinique,1980,191
Martinique,1981,193
Martinique,1982,193
Martinique,1983,217
Martinique,1984,217
Martinique,1985,222
Martinique,1986,222
Martinique,1987,223
Martinique,1988,227
Martinique,1989,238
Martinique,1990,246
Martinique,1991,254
Martinique,1992,267
Martinique,1993,283
Martinique,1994,295
Martinique,1995,300
Martinique,1996,305
Martinique,1997,325
Martinique,1998,338
Martinique,1999,344
Martinique,2000,344
Martinique,2001,368
Martinique,2002,390
Martinique,2003,408
Martinique,2004,413
Martinique,2005,413
Martinique,2006,424
Martinique,2007,431
Martinique,2008,443
Martinique,2009,443
Martinique,2010,458
Martinique,2011,460
Martinique,2012,507
Martinique,2013,509
Martinique,2014,515
Martinique,2015,517
Martinique,2016,529
Martinique,2017,539
Martinique,2018,551
Martinique,2019,561
Martinique,2020,561
Martinique,2021,564
Martinique,2022,564
Martinique,2023,579
Martinique,2024,584
Martinique,2025,584
Martinique,2026,586
Matabeleland,1872,0
Matabeleland,1873,0
Matabeleland,1874,0
Matabeleland,1875,0
Matabeleland,1876,0
Matabeleland,1877,0
Matabeleland,1878,0
Matabeleland,1879,0
Matabeleland,1880,0
Matabeleland,1881,0
Matabeleland,1882,0
Matabeleland,1883,0
Matabeleland,1884,0
Matabeleland,1885,0
Matabeleland,1886,0
Matabeleland,1887,0
Matabeleland,1888,0
Matabeleland,1889,0
Matabeleland,1890,0
Matabeleland,1891,0
Matabeleland,1892,0
Matabeleland,1893,0
Matabeleland,1894,0
Matabeleland,1895,0
Matabeleland,1896,0
Matabeleland,1897,0
Matabeleland,1898,0
Matabeleland,1899,0
Matabeleland,1900,0
Matabeleland,1901,0
Matabeleland,1902,0
Matabeleland,1903,0
Matabeleland,1904,0
Matabeleland,1905,0
Matabeleland,1906,0
Matabeleland,1907,0
Matabeleland,1908,0
Matabeleland,1909,0
Matabeleland,1910,0
Matabeleland,1911,0
Matabeleland,1912,0
Matabeleland,1913,0
Matabeleland,1914,0
Matabeleland,1915,0
Matabeleland,1916,0
Matabeleland,1917,0
Matabeleland,1918,0
Matabeleland,1919,0
Matabeleland,1920,0
Matabeleland,1921,0
Matabeleland,1922,0
Matabeleland,1923,0
Matabeleland,1924,0
Matabeleland,1925,0
Matabeleland,1926,0
Matabeleland,1927,0
Matabeleland,1928,0
Matabeleland,1929,0
Matabeleland,1930,0
Matabeleland,1931,0
Matabeleland,1932,0
Matabeleland,1933,0
Matabeleland,1934,0
Matabeleland,1935,0
Matabeleland,1936,0
Matabeleland,1937,0
Matabeleland,1938,0
Matabeleland,1939,0
Matabeleland,1940,0
Matabeleland,1941,0
Matabeleland,1942,0
Matabeleland,1943,0
Matabeleland,1944,0
Matabeleland,1945,0
Matabeleland,1946,0
Matabeleland,1947,0
Matabeleland,1948,0
Matabeleland,1949,0
Matabeleland,1950,0
Matabeleland,1951,0
Matabeleland,1952,0
Matabeleland,1953,0
Matabeleland,1954,0
Matabeleland,1955,0
Matabeleland,1956,0
Matabeleland,1957,0
Matabeleland,1958,0
Matabeleland,1959,0
Matabeleland,1960,0
Matabeleland,1961,0
Matabeleland,1962,0
Matabeleland,1963,0
Matabeleland,1964,0
Matabeleland,1965,0
Matabeleland,1966,0
Matabeleland,1967,0
Matabeleland,1968,0
Matabeleland,1969,0
Matabeleland,1970,0
Matabeleland,1971,0
Matabeleland,1972,0
Matabeleland,1973,0
Matabeleland,1974,0
Matabeleland,1975,0
Matabeleland,1976,0
Matabeleland,1977,0
Matabeleland,1978,0
Matabeleland,1979,0
Matabeleland,1980,0
Matabeleland,1981,0
Matabeleland,1982,0
Matabeleland,1983,0
Matabeleland,1984,0
Matabeleland,1985,0
Matabeleland,1986,0
Matabeleland,1987,0
Matabeleland,1988,0
Matabeleland,1989,0
Matabeleland,1990,0
Matabeleland,1991,0
Matabeleland,1992,0
Matabeleland,1993,0
Matabeleland,1994,0
Matabeleland,1995,0
Matabeleland,1996,0
Matabeleland,1997,0
Matabeleland,1998,0
Matabeleland,1999,0
Matabeleland,2000,0
Matabeleland,2001,0
Matabeleland,2002,0
Matabeleland,2003,0
Matabeleland,2004,0
Matabeleland,2005,0
Matabeleland,2006,0
Matabeleland,2007,0
Matabeleland,2008,0
Matabeleland,2009,0
Matabeleland,2010,0
Matabeleland,2011,0
Matabeleland,2012,0
Matabeleland,2013,0
Matabeleland,2014,0
Matabeleland,2015,0
Matabeleland,2016,0
Matabeleland,2017,0
Matabeleland,2018,5
Matabeleland,2019,5
Matabeleland,2020,5
Matabeleland,2021,5
Matabeleland,2022,7
Matabeleland,2023,7
Matabeleland,2024,7
Matabeleland,2025,7
Matabeleland,2026,7
Maule Sur,1872,0
Maule Sur,1873,0
Maule Sur,1874,0
Maule Sur,1875,0
Maule Sur,1876,0
Maule Sur,1877,0
Maule Sur,1878,0
Maule Sur,1879,0
Maule Sur,1880,0
Maule Sur,1881,0
Maule Sur,1882,0
Maule Sur,1883,0
Maule Sur,1884,0
Maule Sur,1885,0
Maule Sur,1886,0
Maule Sur,1887,0
Maule Sur,1888,0
Maule Sur,1889,0
Maule Sur,1890,0
Maule Sur,1891,0
Maule Sur,1892,0
Maule Sur,1893,0
Maule Sur,1894,0
Maule Sur,1895,0
Maule Sur,1896,0
Maule Sur,1897,0
Maule Sur,1898,0
Maule Sur,1899,0
Maule Sur,1900,0
Maule Sur,1901,0
Maule Sur,1902,0
Maule Sur,1903,0
Maule Sur,1904,0
Maule Sur,1905,0
Maule Sur,1906,0
Maule Sur,1907,0
Maule Sur,1908,0
Maule Sur,1909,0
Maule Sur,1910,0
Maule Sur,1911,0
Maule Sur,1912,0
Maule Sur,1913,0
Maule Sur,1914,0
Maule Sur,1915,0
Maule Sur,1916,0
Maule Sur,1917,0
Maule Sur,1918,0
Maule Sur,1919,0
Maule Sur,1920,0
Maule Sur,1921,0
Maule Sur,1922,0
Maule Sur,1923,0
Maule Sur,1924,0
Maule Sur,1925,0
Maule Sur,1926,0
Maule Sur,1927,0
Maule Sur,1928,0
Maule Sur,1929,0
Maule Sur,1930,0
Maule Sur,1931,0
Maule Sur,1932,0
Maule Sur,1933,0
Maule Sur,1934,0
Maule Sur,1935,0
Maule Sur,1936,0
Maule Sur,1937,0
Maule Sur,1938,0
Maule Sur,1939,0
Maule Sur,1940,0
Maule Sur,1941,0
Maule Sur,1942,0
Maule Sur,1943,0
Maule Sur,1944,0
Maule Sur,1945,0
Maule Sur,1946,0
Maule Sur,1947,0
Maule Sur,1948,0
Maule Sur,1949,0
Maule Sur,1950,0
Maule Sur,1951,0
Maule Sur,1952,0
Maule Sur,1953,0
Maule Sur,1954,0
Maule Sur,1955,0
Maule Sur,1956,0
Maule Sur,1957,0
Maule Sur,1958,0
Maule Sur,1959,0
Maule Sur,1960,0
Maule Sur,1961,0
Maule Sur,1962,0
Maule Sur,1963,0
Maule Sur,1964,0
Maule Sur,1965,0
Maule Sur,1966,0
Maule Sur,1967,0
Maule Sur,1968,0
Maule Sur,1969,0
Maule Sur,1970,0
Maule Sur,1971,0
Maule Sur,1972,0
Maule Sur,1973,0
Maule Sur,1974,0
Maule Sur,1975,0
Maule Sur,1976,0
Maule Sur,1977,0
Maule Sur,1978,0
Maule Sur,1979,0
Maule Sur,1980,0
Maule Sur,1981,0
Maule Sur,1982,0
Maule Sur,1983,0
Maule Sur,1984,0
Maule Sur,1985,0
Maule Sur,1986,0
Maule Sur,1987,0
Maule Sur,1988,0
Maule Sur,1989,0
Maule Sur,1990,0
Maule Sur,1991,0
Maule Sur,1992,0
Maule Sur,1993,0
Maule Sur,1994,0
Maule Sur,1995,0
Maule Sur,1996,0
Maule Sur,1997,0
Maule Sur,1998,0
Maule Sur,1999,0
Maule Sur,2000,0
Maule Sur,2001,0
Maule Sur,2002,0
Maule Sur,2003,0
Maule Sur,2004,0
Maule Sur,2005,0
Maule Sur,2006,0
Maule Sur,2007,0
Maule Sur,2008,0
Maule Sur,2009,0
Maule Sur,2010,0
Maule Sur,2011,0
Maule Sur,2012,0
Maule Sur,2013,0
Maule Sur,2014,0
Maule Sur,2015,0
Maule Sur,2016,0
Maule Sur,2017,0
Maule Sur,2018,0
Maule Sur,2019,0
Maule Sur,2020,0
Maule Sur,2021,0
Maule Sur,2022,2
Maule Sur,2023,2
Maule Sur,2024,2
Maule Sur,2025,2
Maule Sur,2026,2
Mauritania,1872,0
Mauritania,1873,0
Mauritania,1874,0
Mauritania,1875,0
Mauritania,1876,0
Mauritania,1877,0
Mauritania,1878,0
Mauritania,1879,0
Mauritania,1880,0
Mauritania,1881,0
Mauritania,1882,0
Mauritania,1883,0
Mauritania,1884,0
Mauritania,1885,0
Mauritania,1886,0
Mauritania,1887,0
Mauritania,1888,0
Mauritania,1889,0
Mauritania,1890,0
Mauritania,1891,0
Mauritania,1892,0
Mauritania,1893,0
Mauritania,1894,0
Mauritania,1895,0
Mauritania,1896,0
Mauritania,1897,0
Mauritania,1898,0
Mauritania,1899,0
Mauritania,1900,0
Mauritania,1901,0
Mauritania,1902,0
Mauritania,1903,0
Mauritania,1904,0
Mauritania,1905,0
Mauritania,1906,0
Mauritania,1907,0
Mauritania,1908,0
Mauritania,1909,0
Mauritania,1910,0
Mauritania,1911,0
Mauritania,1912,0
Mauritania,1913,0
Mauritania,1914,0
Mauritania,1915,0
Mauritania,1916,0
Mauritania,1917,0
Mauritania,1918,0
Mauritania,1919,0
Mauritania,1920,0
Mauritania,1921,0
Mauritania,1922,0
Mauritania,1923,0
Mauritania,1924,0
Mauritania,1925,0
Mauritania,1926,0
Mauritania,1927,0
Mauritania,1928,0
Mauritania,1929,0
Mauritania,1930,0
Mauritania,1931,0
Mauritania,1932,0
Mauritania,1933,0
Mauritania,1934,0
Mauritania,1935,0
Mauritania,1936,0
Mauritania,1937,0
Mauritania,1938,0
Mauritania,1939,0
Mauritania,1940,0
Mauritania,1941,0
Mauritania,1942,0
Mauritania,1943,0
Mauritania,1944,0
Mauritania,1945,0
Mauritania,1946,0
Mauritania,1947,0
Mauritania,1948,0
Mauritania,1949,0
Mauritania,1950,0
Mauritania,1951,0
Mauritania,1952,0
Mauritania,1953,0
Mauritania,1954,0
Mauritania,1955,0
Mauritania,1956,0
Mauritania,1957,0
Mauritania,1958,0
Mauritania,1959,0
Mauritania,1960,0
Mauritania,1961,1
Mauritania,1962,1
Mauritania,1963,1
Mauritania,1964,1
Mauritania,1965,1
Mauritania,1966,1
Mauritania,1967,2
Mauritania,1968,2
Mauritania,1969,2
Mauritania,1970,2
Mauritania,1971,2
Mauritania,1972,2
Mauritania,1973,2
Mauritania,1974,2
Mauritania,1975,2
Mauritania,1976,4
Mauritania,1977,5
Mauritania,1978,5
Mauritania,1979,12
Mauritania,1980,19
Mauritania,1981,23
Mauritania,1982,26
Mauritania,1983,32
Mauritania,1984,39
Mauritania,1985,40
Mauritania,1986,41
Mauritania,1987,44
Mauritania,1988,49
Mauritania,1989,51
Mauritania,1990,55
Mauritania,1991,55
Mauritania,1992,55
Mauritania,1993,59
Mauritania,1994,61
Mauritania,1995,69
Mauritania,1996,70
Mauritania,1997,75
Mauritania,1998,75
Mauritania,1999,75
Mauritania,2000,79
Mauritania,2001,81
Mauritania,2002,82
Mauritania,2003,85
Mauritania,2004,85
Mauritania,2005,85
Mauritania,2006,94
Mauritania,2007,98
Mauritania,2008,100
Mauritania,2009,100
Mauritania,2010,100
Mauritania,2011,100
Mauritania,2012,101
Mauritania,2013,104
Mauritania,2014,109
Mauritania,2015,121
Mauritania,2016,126
Mauritania,2017,132
Mauritania,2018,140
Mauritania,2019,148
Mauritania,2020,152
Mauritania,2021,162
Mauritania,2022,173
Mauritania,2023,183
Mauritania,2024,189
Mauritania,2025,195
Mauritania,2026,198
Mauritius,1872,0
Mauritius,1873,0
Mauritius,1874,0
Mauritius,1875,0
Mauritius,1876,0
Mauritius,1877,0
Mauritius,1878,0
Mauritius,1879,0
Mauritius,1880,0
Mauritius,1881,0
Mauritius,1882,0
Mauritius,1883,0
Mauritius,1884,0
Mauritius,1885,0
Mauritius,1886,0
Mauritius,1887,0
Mauritius,1888,0
Mauritius,1889,0
Mauritius,1890,0
Mauritius,1891,0
Mauritius,1892,0
Mauritius,1893,0
Mauritius,1894,0
Mauritius,1895,0
Mauritius,1896,0
Mauritius,1897,0
Mauritius,1898,0
Mauritius,1899,0
Mauritius,1900,0
Mauritius,1901,0
Mauritius,1902,0
Mauritius,1903,0
Mauritius,1904,0
Mauritius,1905,0
Mauritius,1906,0
Mauritius,1907,0
Mauritius,1908,0
Mauritius,1909,0
Mauritius,1910,0
Mauritius,1911,0
Mauritius,1912,0
Mauritius,1913,0
Mauritius,1914,0
Mauritius,1915,0
Mauritius,1916,0
Mauritius,1917,0
Mauritius,1918,0
Mauritius,1919,0
Mauritius,1920,0
Mauritius,1921,0
Mauritius,1922,0
Mauritius,1923,0
Mauritius,1924,0
Mauritius,1925,0
Mauritius,1926,0
Mauritius,1927,0
Mauritius,1928,0
Mauritius,1929,0
Mauritius,1930,0
Mauritius,1931,0
Mauritius,1932,0
Mauritius,1933,0
Mauritius,1934,0
Mauritius,1935,0
Mauritius,1936,0
Mauritius,1937,0
Mauritius,1938,0
Mauritius,1939,0
Mauritius,1940,0
Mauritius,1941,0
Mauritius,1942,0
Mauritius,1943,0
Mauritius,1944,0
Mauritius,1945,0
Mauritius,1946,0
Mauritius,1947,4
Mauritius,1948,13
Mauritius,1949,22
Mauritius,1950,42
Mauritius,1951,59
Mauritius,1952,72
Mauritius,1953,84
Mauritius,1954,99
Mauritius,1955,103
Mauritius,1956,114
Mauritius,1957,120
Mauritius,1958,124
Mauritius,1959,124
Mauritius,1960,124
Mauritius,1961,124
Mauritius,1962,124
Mauritius,1963,124
Mauritius,1964,124
Mauritius,1965,124
Mauritius,1966,124
Mauritius,1967,130
Mauritius,1968,134
Mauritius,1969,134
Mauritius,1970,139
Mauritius,1971,141
Mauritius,1972,146
Mauritius,1973,155
Mauritius,1974,165
Mauritius,1975,167
Mauritius,1976,170
Mauritius,1977,179
Mauritius,1978,188
Mauritius,1979,198
Mauritius,1980,199
Mauritius,1981,202
Mauritius,1982,205
Mauritius,1983,210
Mauritius,1984,210
Mauritius,1985,220
Mauritius,1986,220
Mauritius,1987,220
Mauritius,1988,223
Mauritius,1989,224
Mauritius,1990,235
Mauritius,1991,238
Mauritius,1992,241
Mauritius,1993,252
Mauritius,1994,252
Mauritius,1995,252
Mauritius,1996,256
Mauritius,1997,260
Mauritius,1998,267
Mauritius,1999,278
Mauritius,2000,286
Mauritius,2001,288
Mauritius,2002,293
Mauritius,2003,309
Mauritius,2004,312
Mauritius,2005,317
Mauritius,2006,321
Mauritius,2007,328
Mauritius,2008,334
Mauritius,2009,334
Mauritius,2010,335
Mauritius,2011,341
Mauritius,2012,341
Mauritius,2013,346
Mauritius,2014,346
Mauritius,2015,361
Mauritius,2016,364
Mauritius,2017,369
Mauritius,2018,374
Mauritius,2019,386
Mauritius,2020,386
Mauritius,2021,386
Mauritius,2022,393
Mauritius,2023,404
Mauritius,2024,408
Mauritius,2025,412
Mauritius,2026,412
Mayotte,1872,0
Mayotte,1873,0
Mayotte,1874,0
Mayotte,1875,0
Mayotte,1876,0
Mayotte,1877,0
Mayotte,1878,0
Mayotte,1879,0
Mayotte,1880,0
Mayotte,1881,0
Mayotte,1882,0
Mayotte,1883,0
Mayotte,1884,0
Mayotte,1885,0
Mayotte,1886,0
Mayotte,1887,0
Mayotte,1888,0
Mayotte,1889,0
Mayotte,1890,0
Mayotte,1891,0
Mayotte,1892,0
Mayotte,1893,0
Mayotte,1894,0
Mayotte,1895,0
Mayotte,1896,0
Mayotte,1897,0
Mayotte,1898,0
Mayotte,1899,0
Mayotte,1900,0
Mayotte,1901,0
Mayotte,1902,0
Mayotte,1903,0
Mayotte,1904,0
Mayotte,1905,0
Mayotte,1906,0
Mayotte,1907,0
Mayotte,1908,0
Mayotte,1909,0
Mayotte,1910,0
Mayotte,1911,0
Mayotte,1912,0
Mayotte,1913,0
Mayotte,1914,0
Mayotte,1915,0
Mayotte,1916,0
Mayotte,1917,0
Mayotte,1918,0
Mayotte,1919,0
Mayotte,1920,0
Mayotte,1921,0
Mayotte,1922,0
Mayotte,1923,0
Mayotte,1924,0
Mayotte,1925,0
Mayotte,1926,0
Mayotte,1927,0
Mayotte,1928,0
Mayotte,1929,0
Mayotte,1930,0
Mayotte,1931,0
Mayotte,1932,0
Mayotte,1933,0
Mayotte,1934,0
Mayotte,1935,0
Mayotte,1936,0
Mayotte,1937,0
Mayotte,1938,0
Mayotte,1939,0
Mayotte,1940,0
Mayotte,1941,0
Mayotte,1942,0
Mayotte,1943,0
Mayotte,1944,0
Mayotte,1945,0
Mayotte,1946,0
Mayotte,1947,0
Mayotte,1948,0
Mayotte,1949,0
Mayotte,1950,0
Mayotte,1951,0
Mayotte,1952,0
Mayotte,1953,0
Mayotte,1954,0
Mayotte,1955,0
Mayotte,1956,0
Mayotte,1957,0
Mayotte,1958,0
Mayotte,1959,0
Mayotte,1960,0
Mayotte,1961,0
Mayotte,1962,0
Mayotte,1963,0
Mayotte,1964,0
Mayotte,1965,0
Mayotte,1966,0
Mayotte,1967,0
Mayotte,1968,0
Mayotte,1969,0
Mayotte,1970,0
Mayotte,1971,0
Mayotte,1972,0
Mayotte,1973,0
Mayotte,1974,0
Mayotte,1975,0
Mayotte,1976,0
Mayotte,1977,0
Mayotte,1978,0
Mayotte,1979,0
Mayotte,1980,0
Mayotte,1981,0
Mayotte,1982,0
Mayotte,1983,0
Mayotte,1984,0
Mayotte,1985,0
Mayotte,1986,0
Mayotte,1987,0
Mayotte,1988,0
Mayotte,1989,0
Mayotte,1990,0
Mayotte,1991,0
Mayotte,1992,0
Mayotte,1993,0
Mayotte,1994,0
Mayotte,1995,0
Mayotte,1996,0
Mayotte,1997,0
Mayotte,1998,0
Mayotte,1999,0
Mayotte,2000,0
Mayotte,2001,0
Mayotte,2002,0
Mayotte,2003,1
Mayotte,2004,1
Mayotte,2005,1
Mayotte,2006,2
Mayotte,2007,7
Mayotte,2008,12
Mayotte,2009,14
Mayotte,2010,27
Mayotte,2011,30
Mayotte,2012,35
Mayotte,2013,35
Mayotte,2014,35
Mayotte,2015,43
Mayotte,2016,43
Mayotte,2017,43
Mayotte,2018,43
Mayotte,2019,51
Mayotte,2020,51
Mayotte,2021,51
Mayotte,2022,51
Mayotte,2023,51
Mayotte,2024,51
Mayotte,2025,51
Mayotte,2026,51
Menorca,1872,0
Menorca,1873,0
Menorca,1874,0
Menorca,1875,0
Menorca,1876,0
Menorca,1877,0
Menorca,1878,0
Menorca,1879,0
Menorca,1880,0
Menorca,1881,0
Menorca,1882,0
Menorca,1883,0
Menorca,1884,0
Menorca,1885,0
Menorca,1886,0
Menorca,1887,0
Menorca,1888,0
Menorca,1889,0
Menorca,1890,0
Menorca,1891,0
Menorca,1892,0
Menorca,1893,0
Menorca,1894,0
Menorca,1895,0
Menorca,1896,0
Menorca,1897,0
Menorca,1898,0
Menorca,1899,0
Menorca,1900,0
Menorca,1901,0
Menorca,1902,0
Menorca,1903,0
Menorca,1904,0
Menorca,1905,0
Menorca,1906,0
Menorca,1907,0
Menorca,1908,0
Menorca,1909,0
Menorca,1910,0
Menorca,1911,0
Menorca,1912,0
Menorca,1913,0
Menorca,1914,0
Menorca,1915,0
Menorca,1916,0
Menorca,1917,0
Menorca,1918,0
Menorca,1919,0
Menorca,1920,0
Menorca,1921,0
Menorca,1922,0
Menorca,1923,0
Menorca,1924,0
Menorca,1925,0
Menorca,1926,0
Menorca,1927,0
Menorca,1928,0
Menorca,1929,0
Menorca,1930,0
Menorca,1931,0
Menorca,1932,0
Menorca,1933,0
Menorca,1934,0
Menorca,1935,0
Menorca,1936,0
Menorca,1937,0
Menorca,1938,0
Menorca,1939,0
Menorca,1940,0
Menorca,1941,0
Menorca,1942,0
Menorca,1943,0
Menorca,1944,0
Menorca,1945,0
Menorca,1946,0
Menorca,1947,0
Menorca,1948,0
Menorca,1949,0
Menorca,1950,0
Menorca,1951,0
Menorca,1952,0
Menorca,1953,0
Menorca,1954,0
Menorca,1955,0
Menorca,1956,0
Menorca,1957,0
Menorca,1958,0
Menorca,1959,0
Menorca,1960,0
Menorca,1961,0
Menorca,1962,0
Menorca,1963,0
Menorca,1964,0
Menorca,1965,0
Menorca,1966,0
Menorca,1967,0
Menorca,1968,0
Menorca,1969,0
Menorca,1970,0
Menorca,1971,0
Menorca,1972,0
Menorca,1973,0
Menorca,1974,0
Menorca,1975,0
Menorca,1976,0
Menorca,1977,0
Menorca,1978,0
Menorca,1979,0
Menorca,1980,0
Menorca,1981,0
Menorca,1982,0
Menorca,1983,0
Menorca,1984,0
Menorca,1985,0
Menorca,1986,0
Menorca,1987,0
Menorca,1988,0
Menorca,1989,0
Menorca,1990,0
Menorca,1991,0
Menorca,1992,0
Menorca,1993,0
Menorca,1994,0
Menorca,1995,0
Menorca,1996,0
Menorca,1997,0
Menorca,1998,0
Menorca,1999,0
Menorca,2000,0
Menorca,2001,0
Menorca,2002,0
Menorca,2003,0
Menorca,2004,0
Menorca,2005,0
Menorca,2006,0
Menorca,2007,11
Menorca,2008,11
Menorca,2009,24
Menorca,2010,24
Menorca,2011,29
Menorca,2012,29
Menorca,2013,29
Menorca,2014,29
Menorca,2015,39
Menorca,2016,39
Menorca,2017,50
Menorca,2018,50
Menorca,2019,50
Menorca,2020,50
Menorca,2021,50
Menorca,2022,50
Menorca,2023,56
Menorca,2024,56
Menorca,2025,56
Menorca,2026,56
Mexico,1872,0
Mexico,1873,0
Mexico,1874,0
Mexico,1875,0
Mexico,1876,0
Mexico,1877,0
Mexico,1878,0
Mexico,1879,0
Mexico,1880,0
Mexico,1881,0
Mexico,1882,0
Mexico,1883,0
Mexico,1884,0
Mexico,1885,0
Mexico,1886,0
Mexico,1887,0
Mexico,1888,0
Mexico,1889,0
Mexico,1890,0
Mexico,1891,0
Mexico,1892,0
Mexico,1893,0
Mexico,1894,0
Mexico,1895,0
Mexico,1896,0
Mexico,1897,0
Mexico,1898,0
Mexico,1899,0
Mexico,1900,0
Mexico,1901,0
Mexico,1902,0
Mexico,1903,0
Mexico,1904,0
Mexico,1905,0
Mexico,1906,0
Mexico,1907,0
Mexico,1908,0
Mexico,1909,0
Mexico,1910,0
Mexico,1911,0
Mexico,1912,0
Mexico,1913,0
Mexico,1914,0
Mexico,1915,0
Mexico,1916,0
Mexico,1917,0
Mexico,1918,0
Mexico,1919,0
Mexico,1920,0
Mexico,1921,0
Mexico,1922,0
Mexico,1923,15
Mexico,1924,15
Mexico,1925,15
Mexico,1926,15
Mexico,1927,15
Mexico,1928,17
Mexico,1929,17
Mexico,1930,21
Mexico,1931,21
Mexico,1932,21
Mexico,1933,21
Mexico,1934,35
Mexico,1935,64
Mexico,1936,64
Mexico,1937,80
Mexico,1938,108
Mexico,1939,108
Mexico,1940,108
Mexico,1941,108
Mexico,1942,108
Mexico,1943,108
Mexico,1944,108
Mexico,1945,108
Mexico,1946,108
Mexico,1947,116
Mexico,1948,116
Mexico,1949,133
Mexico,1950,135
Mexico,1951,135
Mexico,1952,140
Mexico,1953,152
Mexico,1954,161
Mexico,1955,161
Mexico,1956,163
Mexico,1957,184
Mexico,1958,185
Mexico,1959,192
Mexico,1960,206
Mexico,1961,222
Mexico,1962,231
Mexico,1963,240
Mexico,1964,240
Mexico,1965,273
Mexico,1966,285
Mexico,1967,303
Mexico,1968,328
Mexico,1969,355
Mexico,1970,376
Mexico,1971,391
Mexico,1972,410
Mexico,1973,426
Mexico,1974,431
Mexico,1975,444
Mexico,1976,447
Mexico,1977,481
Mexico,1978,496
Mexico,1979,500
Mexico,1980,526
Mexico,1981,537
Mexico,1982,537
Mexico,1983,557
Mexico,1984,576
Mexico,1985,604
Mexico,1986,617
Mexico,1987,627
Mexico,1988,640
Mexico,1989,651
Mexico,1990,658
Mexico,1991,679
Mexico,1992,712
Mexico,1993,784
Mexico,1994,801
Mexico,1995,821
Mexico,1996,860
Mexico,1997,904
Mexico,1998,938
Mexico,1999,975
Mexico,2000,1016
Mexico,2001,1053
Mexico,2002,1070
Mexico,2003,1084
Mexico,2004,1143
Mexico,2005,1187
Mexico,2006,1201
Mexico,2007,1240
Mexico,2008,1270
Mexico,2009,1313
Mexico,2010,1343
Mexico,2011,1383
Mexico,2012,1407
Mexico,2013,1440
Mexico,2014,1459
Mexico,2015,1495
Mexico,2016,1515
Mexico,2017,1554
Mexico,2018,1566
Mexico,2019,1613
Mexico,2020,1621
Mexico,2021,1657
Mexico,2022,1679
Mexico,2023,1715
Mexico,2024,1731
Mexico,2025,1752
Mexico,2026,1777
Micronesia,1872,0
Micronesia,1873,0
Micronesia,1874,0
Micronesia,1875,0
Micronesia,1876,0
Micronesia,1877,0
Micronesia,1878,0
Micronesia,1879,0
Micronesia,1880,0
Micronesia,1881,0
Micronesia,1882,0
Micronesia,1883,0
Micronesia,1884,0
Micronesia,1885,0
Micronesia,1886,0
Micronesia,1887,0
Micronesia,1888,0
Micronesia,1889,0
Micronesia,1890,0
Micronesia,1891,0
Micronesia,1892,0
Micronesia,1893,0
Micronesia,1894,0
Micronesia,1895,0
Micronesia,1896,0
Micronesia,1897,0
Micronesia,1898,0
Micronesia,1899,0
Micronesia,1900,0
Micronesia,1901,0
Micronesia,1902,0
Micronesia,1903,0
Micronesia,1904,0
Micronesia,1905,0
Micronesia,1906,0
Micronesia,1907,0
Micronesia,1908,0
Micronesia,1909,0
Micronesia,1910,0
Micronesia,1911,0
Micronesia,1912,0
Micronesia,1913,0
Micronesia,1914,0
Micronesia,1915,0
Micronesia,1916,0
Micronesia,1917,0
Micronesia,1918,0
Micronesia,1919,0
Micronesia,1920,0
Micronesia,1921,0
Micronesia,1922,0
Micronesia,1923,0
Micronesia,1924,0
Micronesia,1925,0
Micronesia,1926,0
Micronesia,1927,0
Micronesia,1928,0
Micronesia,1929,0
Micronesia,1930,0
Micronesia,1931,0
Micronesia,1932,0
Micronesia,1933,0
Micronesia,1934,0
Micronesia,1935,0
Micronesia,1936,0
Micronesia,1937,0
Micronesia,1938,0
Micronesia,1939,0
Micronesia,1940,0
Micronesia,1941,0
Micronesia,1942,0
Micronesia,1943,0
Micronesia,1944,0
Micronesia,1945,0
Micronesia,1946,0
Micronesia,1947,0
Micronesia,1948,0
Micronesia,1949,0
Micronesia,1950,0
Micronesia,1951,0
Micronesia,1952,0
Micronesia,1953,0
Micronesia,1954,0
Micronesia,1955,0
Micronesia,1956,0
Micronesia,1957,0
Micronesia,1958,0
Micronesia,1959,0
Micronesia,1960,0
Micronesia,1961,0
Micronesia,1962,0
Micronesia,1963,0
Micronesia,1964,0
Micronesia,1965,0
Micronesia,1966,0
Micronesia,1967,0
Micronesia,1968,0
Micronesia,1969,0
Micronesia,1970,0
Micronesia,1971,0
Micronesia,1972,0
Micronesia,1973,0
Micronesia,1974,0
Micronesia,1975,0
Micronesia,1976,0
Micronesia,1977,0
Micronesia,1978,0
Micronesia,1979,0
Micronesia,1980,0
Micronesia,1981,0
Micronesia,1982,0
Micronesia,1983,0
Micronesia,1984,0
Micronesia,1985,0
Micronesia,1986,0
Micronesia,1987,0
Micronesia,1988,0
Micronesia,1989,0
Micronesia,1990,0
Micronesia,1991,0
Micronesia,1992,0
Micronesia,1993,0
Micronesia,1994,0
Micronesia,1995,0
Micronesia,1996,0
Micronesia,1997,0
Micronesia,1998,0
Micronesia,1999,8
Micronesia,2000,8
Micronesia,2001,8
Micronesia,2002,8
Micronesia,2003,8
Micronesia,2004,8
Micronesia,2005,8
Micronesia,2006,8
Micronesia,2007,8
Micronesia,2008,8
Micronesia,2009,8
Micronesia,2010,8
Micronesia,2011,8
Micronesia,2012,8
Micronesia,2013,8
Micronesia,2014,8
Micronesia,2015,8
Micronesia,2016,8
Micronesia,2017,8
Micronesia,2018,8
Micronesia,2019,8
Micronesia,2020,8
Micronesia,2021,8
Micronesia,2022,8
Micronesia,2023,8
Micronesia,2024,8
Micronesia,2025,8
Micronesia,2026,8
Moldova,1872,0
Moldova,1873,0
Moldova,1874,0
Moldova,1875,0
Moldova,1876,0
Moldova,1877,0
Moldova,1878,0
Moldova,1879,0
Moldova,1880,0
Moldova,1881,0
Moldova,1882,0
Moldova,1883,0
Moldova,1884,0
Moldova,1885,0
Moldova,1886,0
Moldova,1887,0
Moldova,1888,0
Moldova,1889,0
Moldova,1890,0
Moldova,1891,0
Moldova,1892,0
Moldova,1893,0
Moldova,1894,0
Moldova,1895,0
Moldova,1896,0
Moldova,1897,0
Moldova,1898,0
Moldova,1899,0
Moldova,1900,0
Moldova,1901,0
Moldova,1902,0
Moldova,1903,0
Moldova,1904,0
Moldova,1905,0
Moldova,1906,0
Moldova,1907,0
Moldova,1908,0
Moldova,1909,0
Moldova,1910,0
Moldova,1911,0
Moldova,1912,0
Moldova,1913,0
Moldova,1914,0
Moldova,1915,0
Moldova,1916,0
Moldova,1917,0
Moldova,1918,0
Moldova,1919,0
Moldova,1920,0
Moldova,1921,0
Moldova,1922,0
Moldova,1923,0
Moldova,1924,0
Moldova,1925,0
Moldova,1926,0
Moldova,1927,0
Moldova,1928,0
Moldova,1929,0
Moldova,1930,0
Moldova,1931,0
Moldova,1932,0
Moldova,1933,0
Moldova,1934,0
Moldova,1935,0
Moldova,1936,0
Moldova,1937,0
Moldova,1938,0
Moldova,1939,0
Moldova,1940,0
Moldova,1941,0
Moldova,1942,0
Moldova,1943,0
Moldova,1944,0
Moldova,1945,0
Moldova,1946,0
Moldova,1947,0
Moldova,1948,0
Moldova,1949,0
Moldova,1950,0
Moldova,1951,0
Moldova,1952,0
Moldova,1953,0
Moldova,1954,0
Moldova,1955,0
Moldova,1956,4
Moldova,1957,4
Moldova,1958,4
Moldova,1959,4
Moldova,1960,4
Moldova,1961,4
Moldova,1962,4
Moldova,1963,4
Moldova,1964,4
Moldova,1965,4
Moldova,1966,4
Moldova,1967,4
Moldova,1968,4
Moldova,1969,4
Moldova,1970,4
Moldova,1971,4
Moldova,1972,4
Moldova,1973,4
Moldova,1974,4
Moldova,1975,4
Moldova,1976,4
Moldova,1977,4
Moldova,1978,4
Moldova,1979,4
Moldova,1980,4
Moldova,1981,4
Moldova,1982,4
Moldova,1983,4
Moldova,1984,4
Moldova,1985,4
Moldova,1986,4
Moldova,1987,4
Moldova,1988,4
Moldova,1989,4
Moldova,1990,4
Moldova,1991,6
Moldova,1992,17
Moldova,1993,17
Moldova,1994,23
Moldova,1995,29
Moldova,1996,36
Moldova,1997,36
Moldova,1998,44
Moldova,1999,49
Moldova,2000,54
Moldova,2001,60
Moldova,2002,63
Moldova,2003,72
Moldova,2004,77
Moldova,2005,81
Moldova,2006,86
Moldova,2007,98
Moldova,2008,104
Moldova,2009,117
Moldova,2010,126
Moldova,2011,137
Moldova,2012,139
Moldova,2013,154
Moldova,2014,166
Moldova,2015,170
Moldova,2016,174
Moldova,2017,181
Moldova,2018,186
Moldova,2019,190
Moldova,2020,191
Moldova,2021,197
Moldova,2022,212
Moldova,2023,221
Moldova,2024,232
Moldova,2025,238
Moldova,2026,243
Monaco,1872,0
Monaco,1873,0
Monaco,1874,0
Monaco,1875,0
Monaco,1876,0
Monaco,1877,0
Monaco,1878,0
Monaco,1879,0
Monaco,1880,0
Monaco,1881,0
Monaco,1882,0
Monaco,1883,0
Monaco,1884,0
Monaco,1885,0
Monaco,1886,0
Monaco,1887,0
Monaco,1888,0
Monaco,1889,0
Monaco,1890,0
Monaco,1891,0
Monaco,1892,0
Monaco,1893,0
Monaco,1894,0
Monaco,1895,0
Monaco,1896,0
Monaco,1897,0
Monaco,1898,0
Monaco,1899,0
Monaco,1900,0
Monaco,1901,0
Monaco,1902,0
Monaco,1903,0
Monaco,1904,0
Monaco,1905,0
Monaco,1906,0
Monaco,1907,0
Monaco,1908,0
Monaco,1909,0
Monaco,1910,0
Monaco,1911,0
Monaco,1912,0
Monaco,1913,0
Monaco,1914,0
Monaco,1915,0
Monaco,1916,0
Monaco,1917,0
Monaco,1918,0
Monaco,1919,0
Monaco,1920,0
Monaco,1921,0
Monaco,1922,0
Monaco,1923,0
Monaco,1924,0
Monaco,1925,0
Monaco,1926,0
Monaco,1927,0
Monaco,1928,0
Monaco,1929,0
Monaco,1930,0
Monaco,1931,0
Monaco,1932,0
Monaco,1933,0
Monaco,1934,0
Monaco,1935,0
Monaco,1936,0
Monaco,1937,0
Monaco,1938,0
Monaco,1939,0
Monaco,1940,0
Monaco,1941,0
Monaco,1942,0
Monaco,1943,0
Monaco,1944,0
Monaco,1945,0
Monaco,1946,0
Monaco,1947,0
Monaco,1948,0
Monaco,1949,0
Monaco,1950,0
Monaco,1951,0
Monaco,1952,0
Monaco,1953,0
Monaco,1954,0
Monaco,1955,0
Monaco,1956,0
Monaco,1957,0
Monaco,1958,0
Monaco,1959,0
Monaco,1960,0
Monaco,1961,0
Monaco,1962,0
Monaco,1963,0
Monaco,1964,0
Monaco,1965,0
Monaco,1966,0
Monaco,1967,0
Monaco,1968,0
Monaco,1969,0
Monaco,1970,0
Monaco,1971,0
Monaco,1972,0
Monaco,1973,0
Monaco,1974,0
Monaco,1975,0
Monaco,1976,0
Monaco,1977,0
Monaco,1978,0
Monaco,1979,0
Monaco,1980,0
Monaco,1981,0
Monaco,1982,0
Monaco,1983,0
Monaco,1984,0
Monaco,1985,0
Monaco,1986,0
Monaco,1987,0
Monaco,1988,0
Monaco,1989,0
Monaco,1990,0
Monaco,1991,0
Monaco,1992,0
Monaco,1993,0
Monaco,1994,0
Monaco,1995,0
Monaco,1996,0
Monaco,1997,0
Monaco,1998,0
Monaco,1999,0
Monaco,2000,0
Monaco,2001,2
Monaco,2002,4
Monaco,2003,4
Monaco,2004,4
Monaco,2005,7
Monaco,2006,28
Monaco,2007,28
Monaco,2008,32
Monaco,2009,32
Monaco,2010,33
Monaco,2011,35
Monaco,2012,36
Monaco,2013,39
Monaco,2014,41
Monaco,2015,41
Monaco,2016,41
Monaco,2017,41
Monaco,2018,41
Monaco,2019,41
Monaco,2020,41
Monaco,2021,41
Monaco,2022,41
Monaco,2023,41
Monaco,2024,41
Monaco,2025,41
Monaco,2026,41
Mongolia,1872,0
Mongolia,1873,0
Mongolia,1874,0
Mongolia,1875,0
Mongolia,1876,0
Mongolia,1877,0
Mongolia,1878,0
Mongolia,1879,0
Mongolia,1880,0
Mongolia,1881,0
Mongolia,1882,0
Mongolia,1883,0
Mongolia,1884,0
Mongolia,1885,0
Mongolia,1886,0
Mongolia,1887,0
Mongolia,1888,0
Mongolia,1889,0
Mongolia,1890,0
Mongolia,1891,0
Mongolia,1892,0
Mongolia,1893,0
Mongolia,1894,0
Mongolia,1895,0
Mongolia,1896,0
Mongolia,1897,0
Mongolia,1898,0
Mongolia,1899,0
Mongolia,1900,0
Mongolia,1901,0
Mongolia,1902,0
Mongolia,1903,0
Mongolia,1904,0
Mongolia,1905,0
Mongolia,1906,0
Mongolia,1907,0
Mongolia,1908,0
Mongolia,1909,0
Mongolia,1910,0
Mongolia,1911,0
Mongolia,1912,0
Mongolia,1913,0
Mongolia,1914,0
Mongolia,1915,0
Mongolia,1916,0
Mongolia,1917,0
Mongolia,1918,0
Mongolia,1919,0
Mongolia,1920,0
Mongolia,1921,0
Mongolia,1922,0
Mongolia,1923,0
Mongolia,1924,0
Mongolia,1925,0
Mongolia,1926,0
Mongolia,1927,0
Mongolia,1928,0
Mongolia,1929,0
Mongolia,1930,0
Mongolia,1931,0
Mongolia,1932,0
Mongolia,1933,0
Mongolia,1934,0
Mongolia,1935,0
Mongolia,1936,0
Mongolia,1937,0
Mongolia,1938,0
Mongolia,1939,0
Mongolia,1940,0
Mongolia,1941,0
Mongolia,1942,0
Mongolia,1943,0
Mongolia,1944,0
Mongolia,1945,0
Mongolia,1946,0
Mongolia,1947,0
Mongolia,1948,0
Mongolia,1949,0
Mongolia,1950,0
Mongolia,1951,0
Mongolia,1952,0
Mongolia,1953,0
Mongolia,1954,0
Mongolia,1955,0
Mongolia,1956,0
Mongolia,1957,0
Mongolia,1958,0
Mongolia,1959,0
Mongolia,1960,3
Mongolia,1961,3
Mongolia,1962,3
Mongolia,1963,3
Mongolia,1964,3
Mongolia,1965,3
Mongolia,1966,3
Mongolia,1967,3
Mongolia,1968,3
Mongolia,1969,3
Mongolia,1970,3
Mongolia,1971,3
Mongolia,1972,3
Mongolia,1973,3
Mongolia,1974,3
Mongolia,1975,3
Mongolia,1976,3
Mongolia,1977,3
Mongolia,1978,3
Mongolia,1979,3
Mongolia,1980,3
Mongolia,1981,3
Mongolia,1982,3
Mongolia,1983,3
Mongolia,1984,3
Mongolia,1985,3
Mongolia,1986,3
Mongolia,1987,3
Mongolia,1988,3
Mongolia,1989,3
Mongolia,1990,3
Mongolia,1991,3
Mongolia,1992,3
Mongolia,1993,8
Mongolia,1994,8
Mongolia,1995,8
Mongolia,1996,8
Mongolia,1997,15
Mongolia,1998,15
Mongolia,1999,15
Mongolia,2000,17
Mongolia,2001,19
Mongolia,2002,19
Mongolia,2003,26
Mongolia,2004,26
Mongolia,2005,30
Mongolia,2006,30
Mongolia,2007,37
Mongolia,2008,37
Mongolia,2009,46
Mongolia,2010,46
Mongolia,2011,49
Mongolia,2012,49
Mongolia,2013,50
Mongolia,2014,56
Mongolia,2015,62
Mongolia,2016,75
Mongolia,2017,79
Mongolia,2018,102
Mongolia,2019,108
Mongolia,2020,108
Mongolia,2021,109
Mongolia,2022,111
Mongolia,2023,112
Mongolia,2024,117
Mongolia,2025,117
Mongolia,2026,117
Montenegro,1872,0
Montenegro,1873,0
Montenegro,1874,0
Montenegro,1875,0
Montenegro,1876,0
Montenegro,1877,0
Montenegro,1878,0
Montenegro,1879,0
Montenegro,1880,0
Montenegro,1881,0
Montenegro,1882,0
Montenegro,1883,0
Montenegro,1884,0
Montenegro,1885,0
Montenegro,1886,0
Montenegro,1887,0
Montenegro,1888,0
Montenegro,1889,0
Montenegro,1890,0
Montenegro,1891,0
Montenegro,1892,0
Montenegro,1893,0
Montenegro,1894,0
Montenegro,1895,0
Montenegro,1896,0
Montenegro,1897,0
Montenegro,1898,0
Montenegro,1899,0
Montenegro,1900,0
Montenegro,1901,0
Montenegro,1902,0
Montenegro,1903,0
Montenegro,1904,0
Montenegro,1905,0
Montenegro,1906,0
Montenegro,1907,0
Montenegro,1908,0
Montenegro,1909,0
Montenegro,1910,0
Montenegro,1911,0
Montenegro,1912,0
Montenegro,1913,0
Montenegro,1914,0
Montenegro,1915,0
Montenegro,1916,0
Montenegro,1917,0
Montenegro,1918,0
Montenegro,1919,0
Montenegro,1920,0
Montenegro,1921,0
Montenegro,1922,0
Montenegro,1923,0
Montenegro,1924,0
Montenegro,1925,0
Montenegro,1926,0
Montenegro,1927,0
Montenegro,1928,0
Montenegro,1929,0
Montenegro,1930,0
Montenegro,1931,0
Montenegro,1932,0
Montenegro,1933,0
Montenegro,1934,0
Montenegro,1935,0
Montenegro,1936,0
Montenegro,1937,0
Montenegro,1938,0
Montenegro,1939,0
Montenegro,1940,0
Montenegro,1941,0
Montenegro,1942,0
Montenegro,1943,0
Montenegro,1944,0
Montenegro,1945,0
Montenegro,1946,0
Montenegro,1947,0
Montenegro,1948,0
Montenegro,1949,0
Montenegro,1950,0
Montenegro,1951,0
Montenegro,1952,0
Montenegro,1953,0
Montenegro,1954,0
Montenegro,1955,0
Montenegro,1956,0
Montenegro,1957,0
Montenegro,1958,0
Montenegro,1959,0
Montenegro,1960,0
Montenegro,1961,0
Montenegro,1962,0
Montenegro,1963,0
Montenegro,1964,0
Montenegro,1965,0
Montenegro,1966,0
Montenegro,1967,0
Montenegro,1968,0
Montenegro,1969,0
Montenegro,1970,0
Montenegro,1971,0
Montenegro,1972,0
Montenegro,1973,0
Montenegro,1974,0
Montenegro,1975,0
Montenegro,1976,2
Montenegro,1977,2
Montenegro,1978,2
Montenegro,1979,2
Montenegro,1980,2
Montenegro,1981,2
Montenegro,1982,2
Montenegro,1983,2
Montenegro,1984,2
Montenegro,1985,2
Montenegro,1986,2
Montenegro,1987,2
Montenegro,1988,2
Montenegro,1989,2
Montenegro,1990,2
Montenegro,1991,2
Montenegro,1992,2
Montenegro,1993,2
Montenegro,1994,2
Montenegro,1995,2
Montenegro,1996,2
Montenegro,1997,2
Montenegro,1998,2
Montenegro,1999,2
Montenegro,2000,2
Montenegro,2001,2
Montenegro,2002,2
Montenegro,2003,2
Montenegro,2004,2
Montenegro,2005,2
Montenegro,2006,2
Montenegro,2007,7
Montenegro,2008,21
Montenegro,2009,30
Montenegro,2010,39
Montenegro,2011,46
Montenegro,2012,64
Montenegro,2013,75
Montenegro,2014,79
Montenegro,2015,88
Montenegro,2016,98
Montenegro,2017,110
Montenegro,2018,119
Montenegro,2019,126
Montenegro,2020,137
Montenegro,2021,152
Montenegro,2022,161
Montenegro,2023,174
Montenegro,2024,182
Montenegro,2025,194
Montenegro,2026,201
Montserrat,1872,0
Montserrat,1873,0
Montserrat,1874,0
Montserrat,1875,0
Montserrat,1876,0
Montserrat,1877,0
Montserrat,1878,0
Montserrat,1879,0
Montserrat,1880,0
Montserrat,1881,0
Montserrat,1882,0
Montserrat,1883,0
Montserrat,1884,0
Montserrat,1885,0
Montserrat,1886,0
Montserrat,1887,0
Montserrat,1888,0
Montserrat,1889,0
Montserrat,1890,0
Montserrat,1891,0
Montserrat,1892,0
Montserrat,1893,0
Montserrat,1894,0
Montserrat,1895,0
Montserrat,1896,0
Montserrat,1897,0
Montserrat,1898,0
Montserrat,1899,0
Montserrat,1900,0
Montserrat,1901,0
Montserrat,1902,0
Montserrat,1903,0
Montserrat,1904,0
Montserrat,1905,0
Montserrat,1906,0
Montserrat,1907,0
Montserrat,1908,0
Montserrat,1909,0
Montserrat,1910,0
Montserrat,1911,0
Montserrat,1912,0
Montserrat,1913,0
Montserrat,1914,0
Montserrat,1915,0
Montserrat,1916,0
Montserrat,1917,0
Montserrat,1918,0
Montserrat,1919,0
Montserrat,1920,0
Montserrat,1921,0
Montserrat,1922,0
Montserrat,1923,0
Montserrat,1924,0
Montserrat,1925,0
Montserrat,1926,0
Montserrat,1927,0
Montserrat,1928,0
Montserrat,1929,0
Montserrat,1930,0
Montserrat,1931,0
Montserrat,1932,0
Montserrat,1933,0
Montserrat,1934,0
Montserrat,1935,0
Montserrat,1936,0
Montserrat,1937,0
Montserrat,1938,0
Montserrat,1939,0
Montserrat,1940,0
Montserrat,1941,0
Montserrat,1942,0
Montserrat,1943,0
Montserrat,1944,0
Montserrat,1945,0
Montserrat,1946,0
Montserrat,1947,0
Montserrat,1948,0
Montserrat,1949,0
Montserrat,1950,0
Montserrat,1951,0
Montserrat,1952,0
Montserrat,1953,0
Montserrat,1954,0
Montserrat,1955,0
Montserrat,1956,0
Montserrat,1957,0
Montserrat,1958,0
Montserrat,1959,0
Montserrat,1960,0
Montserrat,1961,0
Montserrat,1962,0
Montserrat,1963,0
Montserrat,1964,0
Montserrat,1965,0
Montserrat,1966,0
Montserrat,1967,0
Montserrat,1968,0
Montserrat,1969,0
Montserrat,1970,0
Montserrat,1971,0
Montserrat,1972,0
Montserrat,1973,0
Montserrat,1974,0
Montserrat,1975,0
Montserrat,1976,0
Montserrat,1977,0
Montserrat,1978,0
Montserrat,1979,0
Montserrat,1980,0
Montserrat,1981,0
Montserrat,1982,0
Montserrat,1983,0
Montserrat,1984,0
Montserrat,1985,0
Montserrat,1986,0
Montserrat,1987,0
Montserrat,1988,0
Montserrat,1989,0
Montserrat,1990,0
Montserrat,1991,1
Montserrat,1992,1
Montserrat,1993,1
Montserrat,1994,2
Montserrat,1995,6
Montserrat,1996,6
Montserrat,1997,6
Montserrat,1998,6
Montserrat,1999,7
Montserrat,2000,8
Montserrat,2001,10
Montserrat,2002,10
Montserrat,2003,10
Montserrat,2004,15
Montserrat,2005,15
Montserrat,2006,15
Montserrat,2007,15
Montserrat,2008,16
Montserrat,2009,16
Montserrat,2010,16
Montserrat,2011,19
Montserrat,2012,27
Montserrat,2013,27
Montserrat,2014,28
Montserrat,2015,31
Montserrat,2016,31
Montserrat,2017,31
Montserrat,2018,35
Montserrat,2019,41
Montserrat,2020,41
Montserrat,2021,51
Montserrat,2022,57
Montserrat,2023,66
Montserrat,2024,71
Montserrat,2025,72
Montserrat,2026,72
Morocco,1872,0
Morocco,1873,0
Morocco,1874,0
Morocco,1875,0
Morocco,1876,0
Morocco,1877,0
Morocco,1878,0
Morocco,1879,0
Morocco,1880,0
Morocco,1881,0
Morocco,1882,0
Morocco,1883,0
Morocco,1884,0
Morocco,1885,0
Morocco,1886,0
Morocco,1887,0
Morocco,1888,0
Morocco,1889,0
Morocco,1890,0
Morocco,1891,0
Morocco,1892,0
Morocco,1893,0
Morocco,1894,0
Morocco,1895,0
Morocco,1896,0
Morocco,1897,0
Morocco,1898,0
Morocco,1899,0
Morocco,1900,0
Morocco,1901,0
Morocco,1902,0
Morocco,1903,0
Morocco,1904,0
Morocco,1905,0
Morocco,1906,0
Morocco,1907,0
Morocco,1908,0
Morocco,1909,0
Morocco,1910,0
Morocco,1911,0
Morocco,1912,0
Morocco,1913,0
Morocco,1914,0
Morocco,1915,0
Morocco,1916,0
Morocco,1917,0
Morocco,1918,0
Morocco,1919,0
Morocco,1920,0
Morocco,1921,0
Morocco,1922,0
Morocco,1923,0
Morocco,1924,0
Morocco,1925,0
Morocco,1926,0
Morocco,1927,0
Morocco,1928,0
Morocco,1929,0
Morocco,1930,0
Morocco,1931,0
Morocco,1932,0
Morocco,1933,0
Morocco,1934,0
Morocco,1935,0
Morocco,1936,0
Morocco,1937,0
Morocco,1938,0
Morocco,1939,0
Morocco,1940,0
Morocco,1941,0
Morocco,1942,0
Morocco,1943,0
Morocco,1944,0
Morocco,1945,0
Morocco,1946,0
Morocco,1947,0
Morocco,1948,0
Morocco,1949,0
Morocco,1950,0
Morocco,1951,0
Morocco,1952,0
Morocco,1953,0
Morocco,1954,0
Morocco,1955,0
Morocco,1956,0
Morocco,1957,0
Morocco,1958,3
Morocco,1959,3
Morocco,1960,8
Morocco,1961,18
Morocco,1962,23
Morocco,1963,31
Morocco,1964,31
Morocco,1965,33
Morocco,1966,39
Morocco,1967,40
Morocco,1968,41
Morocco,1969,57
Morocco,1970,63
Morocco,1971,68
Morocco,1972,76
Morocco,1973,89
Morocco,1974,107
Morocco,1975,114
Morocco,1976,130
Morocco,1977,144
Morocco,1978,149
Morocco,1979,163
Morocco,1980,194
Morocco,1981,212
Morocco,1982,218
Morocco,1983,222
Morocco,1984,236
Morocco,1985,245
Morocco,1986,253
Morocco,1987,254
Morocco,1988,269
Morocco,1989,276
Morocco,1990,284
Morocco,1991,295
Morocco,1992,307
Morocco,1993,327
Morocco,1994,340
Morocco,1995,347
Morocco,1996,377
Morocco,1997,399
Morocco,1998,421
Morocco,1999,431
Morocco,2000,443
Morocco,2001,459
Morocco,2002,482
Morocco,2003,490
Morocco,2004,517
Morocco,2005,530
Morocco,2006,544
Morocco,2007,556
Morocco,2008,588
Morocco,2009,594
Morocco,2010,598
Morocco,2011,611
Morocco,2012,625
Morocco,2013,638
Morocco,2014,657
Morocco,2015,664
Morocco,2016,678
Morocco,2017,700
Morocco,2018,720
Morocco,2019,734
Morocco,2020,744
Morocco,2021,778
Morocco,2022,806
Morocco,2023,816
Morocco,2024,859
Morocco,2025,897
Morocco,2026,926
Mozambique,1872,0
Mozambique,1873,0
Mozambique,1874,0
Mozambique,1875,0
Mozambique,1876,0
Mozambique,1877,0
Mozambique,1878,0
Mozambique,1879,0
Mozambique,1880,0
Mozambique,1881,0
Mozambique,1882,0
Mozambique,1883,0
Mozambique,1884,0
Mozambique,1885,0
Mozambique,1886,0
Mozambique,1887,0
Mozambique,1888,0
Mozambique,1889,0
Mozambique,1890,0
Mozambique,1891,0
Mozambique,1892,0
Mozambique,1893,0
Mozambique,1894,0
Mozambique,1895,0
Mozambique,1896,0
Mozambique,1897,0
Mozambique,1898,0
Mozambique,1899,0
Mozambique,1900,0
Mozambique,1901,0
Mozambique,1902,0
Mozambique,1903,0
Mozambique,1904,0
Mozambique,1905,0
Mozambique,1906,0
Mozambique,1907,0
Mozambique,1908,0
Mozambique,1909,0
Mozambique,1910,0
Mozambique,1911,0
Mozambique,1912,0
Mozambique,1913,0
Mozambique,1914,0
Mozambique,1915,0
Mozambique,1916,0
Mozambique,1917,0
Mozambique,1918,0
Mozambique,1919,0
Mozambique,1920,0
Mozambique,1921,0
Mozambique,1922,0
Mozambique,1923,0
Mozambique,1924,0
Mozambique,1925,0
Mozambique,1926,0
Mozambique,1927,0
Mozambique,1928,0
Mozambique,1929,0
Mozambique,1930,0
Mozambique,1931,0
Mozambique,1932,0
Mozambique,1933,0
Mozambique,1934,0
Mozambique,1935,0
Mozambique,1936,0
Mozambique,1937,0
Mozambique,1938,0
Mozambique,1939,0
Mozambique,1940,0
Mozambique,1941,0
Mozambique,1942,0
Mozambique,1943,0
Mozambique,1944,0
Mozambique,1945,0
Mozambique,1946,0
Mozambique,1947,0
Mozambique,1948,0
Mozambique,1949,0
Mozambique,1950,0
Mozambique,1951,0
Mozambique,1952,0
Mozambique,1953,0
Mozambique,1954,0
Mozambique,1955,0
Mozambique,1956,0
Mozambique,1957,0
Mozambique,1958,0
Mozambique,1959,0
Mozambique,1960,0
Mozambique,1961,0
Mozambique,1962,0
Mozambique,1963,0
Mozambique,1964,0
Mozambique,1965,0
Mozambique,1966,0
Mozambique,1967,0
Mozambique,1968,0
Mozambique,1969,0
Mozambique,1970,0
Mozambique,1971,0
Mozambique,1972,0
Mozambique,1973,0
Mozambique,1974,0
Mozambique,1975,4
Mozambique,1976,4
Mozambique,1977,5
Mozambique,1978,11
Mozambique,1979,11
Mozambique,1980,23
Mozambique,1981,32
Mozambique,1982,33
Mozambique,1983,36
Mozambique,1984,39
Mozambique,1985,45
Mozambique,1986,46
Mozambique,1987,47
Mozambique,1988,50
Mozambique,1989,54
Mozambique,1990,68
Mozambique,1991,74
Mozambique,1992,82
Mozambique,1993,86
Mozambique,1994,93
Mozambique,1995,108
Mozambique,1996,114
Mozambique,1997,137
Mozambique,1998,157
Mozambique,1999,162
Mozambique,2000,167
Mozambique,2001,171
Mozambique,2002,178
Mozambique,2003,187
Mozambique,2004,194
Mozambique,2005,198
Mozambique,2006,203
Mozambique,2007,210
Mozambique,2008,228
Mozambique,2009,236
Mozambique,2010,242
Mozambique,2011,253
Mozambique,2012,257
Mozambique,2013,262
Mozambique,2014,277
Mozambique,2015,284
Mozambique,2016,290
Mozambique,2017,298
Mozambique,2018,308
Mozambique,2019,320
Mozambique,2020,321
Mozambique,2021,333
Mozambique,2022,339
Mozambique,2023,354
Mozambique,2024,373
Mozambique,2025,387
Mozambique,2026,387
Myanmar,1872,0
Myanmar,1873,0
Myanmar,1874,0
Myanmar,1875,0
Myanmar,1876,0
Myanmar,1877,0
Myanmar,1878,0
Myanmar,1879,0
Myanmar,1880,0
Myanmar,1881,0
Myanmar,1882,0
Myanmar,1883,0
Myanmar,1884,0
Myanmar,1885,0
Myanmar,1886,0
Myanmar,1887,0
Myanmar,1888,0
Myanmar,1889,0
Myanmar,1890,0
Myanmar,1891,0
Myanmar,1892,0
Myanmar,1893,0
Myanmar,1894,0
Myanmar,1895,0
Myanmar,1896,0
Myanmar,1897,0
Myanmar,1898,0
Myanmar,1899,0
Myanmar,1900,0
Myanmar,1901,0
Myanmar,1902,0
Myanmar,1903,0
Myanmar,1904,0
Myanmar,1905,0
Myanmar,1906,0
Myanmar,1907,0
Myanmar,1908,0
Myanmar,1909,0
Myanmar,1910,0
Myanmar,1911,0
Myanmar,1912,0
Myanmar,1913,0
Myanmar,1914,0
Myanmar,1915,0
Myanmar,1916,0
Myanmar,1917,0
Myanmar,1918,0
Myanmar,1919,0
Myanmar,1920,0
Myanmar,1921,0
Myanmar,1922,0
Myanmar,1923,0
Myanmar,1924,0
Myanmar,1925,0
Myanmar,1926,0
Myanmar,1927,0
Myanmar,1928,0
Myanmar,1929,0
Myanmar,1930,0
Myanmar,1931,0
Myanmar,1932,0
Myanmar,1933,0
Myanmar,1934,0
Myanmar,1935,0
Myanmar,1936,0
Myanmar,1937,0
Myanmar,1938,0
Myanmar,1939,0
Myanmar,1940,0
Myanmar,1941,0
Myanmar,1942,0
Myanmar,1943,0
Myanmar,1944,0
Myanmar,1945,0
Myanmar,1946,0
Myanmar,1947,0
Myanmar,1948,0
Myanmar,1949,0
Myanmar,1950,0
Myanmar,1951,0
Myanmar,1952,0
Myanmar,1953,6
Myanmar,1954,19
Myanmar,1955,25
Myanmar,1956,27
Myanmar,1957,41
Myanmar,1958,45
Myanmar,1959,48
Myanmar,1960,48
Myanmar,1961,58
Myanmar,1962,63
Myanmar,1963,66
Myanmar,1964,73
Myanmar,1965,89
Myanmar,1966,106
Myanmar,1967,130
Myanmar,1968,153
Myanmar,1969,185
Myanmar,1970,209
Myanmar,1971,275
Myanmar,1972,297
Myanmar,1973,341
Myanmar,1974,370
Myanmar,1975,408
Myanmar,1976,427
Myanmar,1977,442
Myanmar,1978,443
Myanmar,1979,456
Myanmar,1980,467
Myanmar,1981,470
Myanmar,1982,473
Myanmar,1983,476
Myanmar,1984,476
Myanmar,1985,478
Myanmar,1986,481
Myanmar,1987,481
Myanmar,1988,481
Myanmar,1989,481
Myanmar,1990,481
Myanmar,1991,482
Myanmar,1992,482
Myanmar,1993,504
Myanmar,1994,508
Myanmar,1995,525
Myanmar,1996,547
Myanmar,1997,557
Myanmar,1998,572
Myanmar,1999,576
Myanmar,2000,589
Myanmar,2001,589
Myanmar,2002,603
Myanmar,2003,614
Myanmar,2004,626
Myanmar,2005,629
Myanmar,2006,633
Myanmar,2007,639
Myanmar,2008,669
Myanmar,2009,676
Myanmar,2010,684
Myanmar,2011,689
Myanmar,2012,697
Myanmar,2013,703
Myanmar,2014,721
Myanmar,2015,731
Myanmar,2016,741
Myanmar,2017,756
Myanmar,2018,766
Myanmar,2019,774
Myanmar,2020,774
Myanmar,2021,781
Myanmar,2022,787
Myanmar,2023,797
Myanmar,2024,809
Myanmar,2025,814
Myanmar,2026,821
Namibia,1872,0
Namibia,1873,0
Namibia,1874,0
Namibia,1875,0
Namibia,1876,0
Namibia,1877,0
Namibia,1878,0
Namibia,1879,0
Namibia,1880,0
Namibia,1881,0
Namibia,1882,0
Namibia,1883,0
Namibia,1884,0
Namibia,1885,0
Namibia,1886,0
Namibia,1887,0
Namibia,1888,0
Namibia,1889,0
Namibia,1890,0
Namibia,1891,0
Namibia,1892,0
Namibia,1893,0
Namibia,1894,0
Namibia,1895,0
Namibia,1896,0
Namibia,1897,0
Namibia,1898,0
Namibia,1899,0
Namibia,1900,0
Namibia,1901,0
Namibia,1902,0
Namibia,1903,0
Namibia,1904,0
Namibia,1905,0
Namibia,1906,0
Namibia,1907,0
Namibia,1908,0
Namibia,1909,0
Namibia,1910,0
Namibia,1911,0
Namibia,1912,0
Namibia,1913,0
Namibia,1914,0
Namibia,1915,0
Namibia,1916,0
Namibia,1917,0
Namibia,1918,0
Namibia,1919,0
Namibia,1920,0
Namibia,1921,0
Namibia,1922,0
Namibia,1923,0
Namibia,1924,0
Namibia,1925,0
Namibia,1926,0
Namibia,1927,0
Namibia,1928,0
Namibia,1929,0
Namibia,1930,0
Namibia,1931,0
Namibia,1932,0
Namibia,1933,0
Namibia,1934,0
Namibia,1935,0
Namibia,1936,0
Namibia,1937,0
Namibia,1938,0
Namibia,1939,0
Namibia,1940,0
Namibia,1941,0
Namibia,1942,0
Namibia,1943,0
Namibia,1944,0
Namibia,1945,0
Namibia,1946,0
Namibia,1947,0
Namibia,1948,0
Namibia,1949,0
Namibia,1950,0
Namibia,1951,0
Namibia,1952,0
Namibia,1953,0
Namibia,1954,0
Namibia,1955,0
Namibia,1956,0
Namibia,1957,0
Namibia,1958,0
Namibia,1959,0
Namibia,1960,0
Namibia,1961,0
Namibia,1962,0
Namibia,1963,0
Namibia,1964,0
Namibia,1965,0
Namibia,1966,0
Namibia,1967,0
Namibia,1968,0
Namibia,1969,0
Namibia,1970,0
Namibia,1971,0
Namibia,1972,0
Namibia,1973,0
Namibia,1974,0
Namibia,1975,0
Namibia,1976,0
Namibia,1977,0
Namibia,1978,0
Namibia,1979,0
Namibia,1980,0
Namibia,1981,0
Namibia,1982,0
Namibia,1983,0
Namibia,1984,0
Namibia,1985,0
Namibia,1986,0
Namibia,1987,0
Namibia,1988,0
Namibia,1989,0
Namibia,1990,1
Namibia,1991,1
Namibia,1992,3
Namibia,1993,3
Namibia,1994,11
Namibia,1995,16
Namibia,1996,26
Namibia,1997,40
Namibia,1998,62
Namibia,1999,69
Namibia,2000,88
Namibia,2001,98
Namibia,2002,100
Namibia,2003,104
Namibia,2004,105
Namibia,2005,108
Namibia,2006,117
Namibia,2007,129
Namibia,2008,145
Namibia,2009,151
Namibia,2010,153
Namibia,2011,166
Namibia,2012,169
Namibia,2013,178
Namibia,2014,180
Namibia,2015,194
Namibia,2016,204
Namibia,2017,208
Namibia,2018,215
Namibia,2019,229
Namibia,2020,231
Namibia,2021,246
Namibia,2022,250
Namibia,2023,262
Namibia,2024,266
Namibia,2025,273
Namibia,2026,273
Nepal,1872,0
Nepal,1873,0
Nepal,1874,0
Nepal,1875,0
Nepal,1876,0
Nepal,1877,0
Nepal,1878,0
Nepal,1879,0
Nepal,1880,0
Nepal,1881,0
Nepal,1882,0
Nepal,1883,0
Nepal,1884,0
Nepal,1885,0
Nepal,1886,0
Nepal,1887,0
Nepal,1888,0
Nepal,1889,0
Nepal,1890,0
Nepal,1891,0
Nepal,1892,0
Nepal,1893,0
Nepal,1894,0
Nepal,1895,0
Nepal,1896,0
Nepal,1897,0
Nepal,1898,0
Nepal,1899,0
Nepal,1900,0
Nepal,1901,0
Nepal,1902,0
Nepal,1903,0
Nepal,1904,0
Nepal,1905,0
Nepal,1906,0
Nepal,1907,0
Nepal,1908,0
Nepal,1909,0
Nepal,1910,0
Nepal,1911,0
Nepal,1912,0
Nepal,1913,0
Nepal,1914,0
Nepal,1915,0
Nepal,1916,0
Nepal,1917,0
Nepal,1918,0
Nepal,1919,0
Nepal,1920,0
Nepal,1921,0
Nepal,1922,0
Nepal,1923,0
Nepal,1924,0
Nepal,1925,0
Nepal,1926,0
Nepal,1927,0
Nepal,1928,0
Nepal,1929,0
Nepal,1930,0
Nepal,1931,0
Nepal,1932,0
Nepal,1933,0
Nepal,1934,0
Nepal,1935,0
Nepal,1936,0
Nepal,1937,0
Nepal,1938,0
Nepal,1939,0
Nepal,1940,0
Nepal,1941,0
Nepal,1942,0
Nepal,1943,0
Nepal,1944,0
Nepal,1945,0
Nepal,1946,0
Nepal,1947,0
Nepal,1948,0
Nepal,1949,0
Nepal,1950,0
Nepal,1951,0
Nepal,1952,0
Nepal,1953,0
Nepal,1954,0
Nepal,1955,0
Nepal,1956,0
Nepal,1957,0
Nepal,1958,0
Nepal,1959,0
Nepal,1960,0
Nepal,1961,0
Nepal,1962,0
Nepal,1963,0
Nepal,1964,0
Nepal,1965,0
Nepal,1966,0
Nepal,1967,0
Nepal,1968,0
Nepal,1969,0
Nepal,1970,0
Nepal,1971,0
Nepal,1972,2
Nepal,1973,2
Nepal,1974,2
Nepal,1975,2
Nepal,1976,2
Nepal,1977,2
Nepal,1978,2
Nepal,1979,2
Nepal,1980,2
Nepal,1981,2
Nepal,1982,8
Nepal,1983,8
Nepal,1984,21
Nepal,1985,25
Nepal,1986,37
Nepal,1987,44
Nepal,1988,44
Nepal,1989,45
Nepal,1990,45
Nepal,1991,47
Nepal,1992,47
Nepal,1993,50
Nepal,1994,50
Nepal,1995,55
Nepal,1996,57
Nepal,1997,60
Nepal,1998,60
Nepal,1999,78
Nepal,2000,81
Nepal,2001,94
Nepal,2002,94
Nepal,2003,102
Nepal,2004,102
Nepal,2005,106
Nepal,2006,111
Nepal,2007,111
Nepal,2008,127
Nepal,2009,137
Nepal,2010,137
Nepal,2011,152
Nepal,2012,154
Nepal,2013,165
Nepal,2014,165
Nepal,2015,166
Nepal,2016,178
Nepal,2017,180
Nepal,2018,188
Nepal,2019,191
Nepal,2020,191
Nepal,2021,204
Nepal,2022,211
Nepal,2023,220
Nepal,2024,224
Nepal,2025,229
Nepal,2026,229
Netherlands,1872,0
Netherlands,1873,0
Netherlands,1874,0
Netherlands,1875,0
Netherlands,1876,0
Netherlands,1877,0
Netherlands,1878,0
Netherlands,1879,0
Netherlands,1880,0
Netherlands,1881,0
Netherlands,1882,0
Netherlands,1883,0
Netherlands,1884,0
Netherlands,1885,0
Netherlands,1886,0
Netherlands,1887,0
Netherlands,1888,0
Netherlands,1889,0
Netherlands,1890,0
Netherlands,1891,0
Netherlands,1892,0
Netherlands,1893,0
Netherlands,1894,0
Netherlands,1895,0
Netherlands,1896,0
Netherlands,1897,0
Netherlands,1898,0
Netherlands,1899,0
Netherlands,1900,0
Netherlands,1901,0
Netherlands,1902,0
Netherlands,1903,0
Netherlands,1904,0
Netherlands,1905,8
Netherlands,1906,10
Netherlands,1907,14
Netherlands,1908,32
Netherlands,1909,40
Netherlands,1910,55
Netherlands,1911,63
Netherlands,1912,94
Netherlands,1913,99
Netherlands,1914,114
Netherlands,1915,114
Netherlands,1916,114
Netherlands,1917,114
Netherlands,1918,114
Netherlands,1919,119
Netherlands,1920,132
Netherlands,1921,141
Netherlands,1922,144
Netherlands,1923,157
Netherlands,1924,172
Netherlands,1925,185
Netherlands,1926,197
Netherlands,1927,204
Netherlands,1928,217
Netherlands,1929,228
Netherlands,1930,237
Netherlands,1931,249
Netherlands,1932,258
Netherlands,1933,263
Netherlands,1934,291
Netherlands,1935,307
Netherlands,1936,325
Netherlands,1937,337
Netherlands,1938,357
Netherlands,1939,368
Netherlands,1940,377
Netherlands,1941,377
Netherlands,1942,377
Netherlands,1943,377
Netherlands,1944,377
Netherlands,1945,377
Netherlands,1946,393
Netherlands,1947,403
Netherlands,1948,410
Netherlands,1949,423
Netherlands,1950,434
Netherlands,1951,451
Netherlands,1952,460
Netherlands,1953,463
Netherlands,1954,477
Netherlands,1955,490
Netherlands,1956,505
Netherlands,1957,525
Netherlands,1958,560
Netherlands,1959,581
Netherlands,1960,596
Netherlands,1961,607
Netherlands,1962,625
Netherlands,1963,631
Netherlands,1964,637
Netherlands,1965,640
Netherlands,1966,654
Netherlands,1967,665
Netherlands,1968,668
Netherlands,1969,677
Netherlands,1970,681
Netherlands,1971,700
Netherlands,1972,719
Netherlands,1973,738
Netherlands,1974,770
Netherlands,1975,779
Netherlands,1976,793
Netherlands,1977,803
Netherlands,1978,835
Netherlands,1979,847
Netherlands,1980,853
Netherlands,1981,865
Netherlands,1982,877
Netherlands,1983,891
Netherlands,1984,899
Netherlands,1985,911
Netherlands,1986,916
Netherlands,1987,938
Netherlands,1988,952
Netherlands,1989,965
Netherlands,1990,983
Netherlands,1991,991
Netherlands,1992,1015
Netherlands,1993,1038
Netherlands,1994,1072
Netherlands,1995,1087
Netherlands,1996,1110
Netherlands,1997,1126
Netherlands,1998,1157
Netherlands,1999,1170
Netherlands,2000,1200
Netherlands,2001,1227
Netherlands,2002,1241
Netherlands,2003,1264
Netherlands,2004,1294
Netherlands,2005,1314
Netherlands,2006,1334
Netherlands,2007,1352
Netherlands,2008,1385
Netherlands,2009,1403
Netherlands,2010,1443
Netherlands,2011,1472
Netherlands,2012,1501
Netherlands,2013,1531
Netherlands,2014,1562
Netherlands,2015,1577
Netherlands,2016,1596
Netherlands,2017,1621
Netherlands,2018,1637
Netherlands,2019,1664
Netherlands,2020,1672
Netherlands,2021,1718
Netherlands,2022,1747
Netherlands,2023,1768
Netherlands,2024,1804
Netherlands,2025,1836
Netherlands,2026,1852
New Caledonia,1872,0
New Caledonia,1873,0
New Caledonia,1874,0
New Caledonia,1875,0
New Caledonia,1876,0
New Caledonia,1877,0
New Caledonia,1878,0
New Caledonia,1879,0
New Caledonia,1880,0
New Caledonia,1881,0
New Caledonia,1882,0
New Caledonia,1883,0
New Caledonia,1884,0
New Caledonia,1885,0
New Caledonia,1886,0
New Caledonia,1887,0
New Caledonia,1888,0
New Caledonia,1889,0
New Caledonia,1890,0
New Caledonia,1891,0
New Caledonia,1892,0
New Caledonia,1893,0
New Caledonia,1894,0
New Caledonia,1895,0
New Caledonia,1896,0
New Caledonia,1897,0
New Caledonia,1898,0
New Caledonia,1899,0
New Caledonia,1900,0
New Caledonia,1901,0
New Caledonia,1902,0
New Caledonia,1903,0
New Caledonia,1904,0
New Caledonia,1905,0
New Caledonia,1906,0
New Caledonia,1907,0
New Caledonia,1908,0
New Caledonia,1909,0
New Caledonia,1910,0
New Caledonia,1911,0
New Caledonia,1912,0
New Caledonia,1913,0
New Caledonia,1914,0
New Caledonia,1915,0
New Caledonia,1916,0
New Caledonia,1917,0
New Caledonia,1918,0
New Caledonia,1919,0
New Caledonia,1920,0
New Caledonia,1921,0
New Caledonia,1922,0
New Caledonia,1923,0
New Caledonia,1924,0
New Caledonia,1925,0
New Caledonia,1926,0
New Caledonia,1927,0
New Caledonia,1928,0
New Caledonia,1929,0
New Caledonia,1930,0
New Caledonia,1931,0
New Caledonia,1932,0
New Caledonia,1933,0
New Caledonia,1934,0
New Caledonia,1935,0
New Caledonia,1936,0
New Caledonia,1937,0
New Caledonia,1938,0
New Caledonia,1939,0
New Caledonia,1940,0
New Caledonia,1941,0
New Caledonia,1942,0
New Caledonia,1943,0
New Caledonia,1944,0
New Caledonia,1945,0
New Caledonia,1946,0
New Caledonia,1947,0
New Caledonia,1948,0
New Caledonia,1949,0
New Caledonia,1950,0
New Caledonia,1951,9
New Caledonia,1952,9
New Caledonia,1953,22
New Caledonia,1954,22
New Caledonia,1955,23
New Caledonia,1956,23
New Caledonia,1957,29
New Caledonia,1958,32
New Caledonia,1959,37
New Caledonia,1960,37
New Caledonia,1961,44
New Caledonia,1962,47
New Caledonia,1963,57
New Caledonia,1964,60
New Caledonia,1965,66
New Caledonia,1966,83
New Caledonia,1967,87
New Caledonia,1968,93
New Caledonia,1969,118
New Caledonia,1970,122
New Caledonia,1971,144
New Caledonia,1972,149
New Caledonia,1973,162
New Caledonia,1974,167
New Caledonia,1975,183
New Caledonia,1976,185
New Caledonia,1977,185
New Caledonia,1978,190
New Caledonia,1979,217
New Caledonia,1980,231
New Caledonia,1981,250
New Caledonia,1982,250
New Caledonia,1983,266
New Caledonia,1984,266
New Caledonia,1985,266
New Caledonia,1986,266
New Caledonia,1987,292
New Caledonia,1988,298
New Caledonia,1989,307
New Caledonia,1990,312
New Caledonia,1991,337
New Caledonia,1992,342
New Caledonia,1993,358
New Caledonia,1994,363
New Caledonia,1995,382
New Caledonia,1996,382
New Caledonia,1997,383
New Caledonia,1998,387
New Caledonia,1999,387
New Caledonia,2000,402
New Caledonia,2001,402
New Caledonia,2002,428
New Caledonia,2003,457
New Caledonia,2004,473
New Caledonia,2005,473
New Caledonia,2006,473
New Caledonia,2007,495
New Caledonia,2008,505
New Caledonia,2009,505
New Caledonia,2010,507
New Caledonia,2011,549
New Caledonia,2012,599
New Caledonia,2013,601
New Caledonia,2014,601
New Caledonia,2015,601
New Caledonia,2016,615
New Caledonia,2017,627
New Caledonia,2018,633
New Caledonia,2019,656
New Caledonia,2020,656
New Caledonia,2021,656
New Caledonia,2022,658
New Caledonia,2023,686
New Caledonia,2024,693
New Caledonia,2025,698
New Caledonia,2026,698
New Zealand,1872,0
New Zealand,1873,0
New Zealand,1874,0
New Zealand,1875,0
New Zealand,1876,0
New Zealand,1877,0
New Zealand,1878,0
New Zealand,1879,0
New Zealand,1880,0
New Zealand,1881,0
New Zealand,1882,0
New Zealand,1883,0
New Zealand,1884,0
New Zealand,1885,0
New Zealand,1886,0
New Zealand,1887,0
New Zealand,1888,0
New Zealand,1889,0
New Zealand,1890,0
New Zealand,1891,0
New Zealand,1892,0
New Zealand,1893,0
New Zealand,1894,0
New Zealand,1895,0
New Zealand,1896,0
New Zealand,1897,0
New Zealand,1898,0
New Zealand,1899,0
New Zealand,1900,0
New Zealand,1901,0
New Zealand,1902,0
New Zealand,1903,0
New Zealand,1904,0
New Zealand,1905,0
New Zealand,1906,0
New Zealand,1907,0
New Zealand,1908,0
New Zealand,1909,0
New Zealand,1910,0
New Zealand,1911,0
New Zealand,1912,0
New Zealand,1913,0
New Zealand,1914,0
New Zealand,1915,0
New Zealand,1916,0
New Zealand,1917,0
New Zealand,1918,0
New Zealand,1919,0
New Zealand,1920,0
New Zealand,1921,0
New Zealand,1922,7
New Zealand,1923,15
New Zealand,1924,15
New Zealand,1925,15
New Zealand,1926,15
New Zealand,1927,20
New Zealand,1928,20
New Zealand,1929,20
New Zealand,1930,20
New Zealand,1931,20
New Zealand,1932,20
New Zealand,1933,28
New Zealand,1934,28
New Zealand,1935,28
New Zealand,1936,30
New Zealand,1937,30
New Zealand,1938,30
New Zealand,1939,30
New Zealand,1940,30
New Zealand,1941,30
New Zealand,1942,30
New Zealand,1943,30
New Zealand,1944,30
New Zealand,1945,30
New Zealand,1946,30
New Zealand,1947,39
New Zealand,1948,40
New Zealand,1949,40
New Zealand,1950,40
New Zealand,1951,64
New Zealand,1952,87
New Zealand,1953,87
New Zealand,1954,91
New Zealand,1955,91
New Zealand,1956,91
New Zealand,1957,91
New Zealand,1958,104
New Zealand,1959,104
New Zealand,1960,111
New Zealand,1961,111
New Zealand,1962,119
New Zealand,1963,119
New Zealand,1964,119
New Zealand,1965,119
New Zealand,1966,119
New Zealand,1967,134
New Zealand,1968,140
New Zealand,1969,144
New Zealand,1970,144
New Zealand,1971,147
New Zealand,1972,156
New Zealand,1973,174
New Zealand,1974,174
New Zealand,1975,184
New Zealand,1976,191
New Zealand,1977,212
New Zealand,1978,214
New Zealand,1979,228
New Zealand,1980,251
New Zealand,1981,295
New Zealand,1982,301
New Zealand,1983,309
New Zealand,1984,320
New Zealand,1985,343
New Zealand,1986,351
New Zealand,1987,353
New Zealand,1988,368
New Zealand,1989,373
New Zealand,1990,376
New Zealand,1991,377
New Zealand,1992,392
New Zealand,1993,400
New Zealand,1994,400
New Zealand,1995,409
New Zealand,1996,415
New Zealand,1997,429
New Zealand,1998,440
New Zealand,1999,453
New Zealand,2000,464
New Zealand,2001,484
New Zealand,2002,509
New Zealand,2003,512
New Zealand,2004,529
New Zealand,2005,529
New Zealand,2006,537
New Zealand,2007,547
New Zealand,2008,553
New Zealand,2009,562
New Zealand,2010,568
New Zealand,2011,569
New Zealand,2012,596
New Zealand,2013,604
New Zealand,2014,608
New Zealand,2015,610
New Zealand,2016,623
New Zealand,2017,637
New Zealand,2018,641
New Zealand,2019,642
New Zealand,2020,642
New Zealand,2021,647
New Zealand,2022,666
New Zealand,2023,671
New Zealand,2024,710
New Zealand,2025,725
New Zealand,2026,733
Nicaragua,1872,0
Nicaragua,1873,0
Nicaragua,1874,0
Nicaragua,1875,0
Nicaragua,1876,0
Nicaragua,1877,0
Nicaragua,1878,0
Nicaragua,1879,0
Nicaragua,1880,0
Nicaragua,1881,0
Nicaragua,1882,0
Nicaragua,1883,0
Nicaragua,1884,0
Nicaragua,1885,0
Nicaragua,1886,0
Nicaragua,1887,0
Nicaragua,1888,0
Nicaragua,1889,0
Nicaragua,1890,0
Nicaragua,1891,0
Nicaragua,1892,0
Nicaragua,1893,0
Nicaragua,1894,0
Nicaragua,1895,0
Nicaragua,1896,0
Nicaragua,1897,0
Nicaragua,1898,0
Nicaragua,1899,0
Nicaragua,1900,0
Nicaragua,1901,0
Nicaragua,1902,0
Nicaragua,1903,0
Nicaragua,1904,0
Nicaragua,1905,0
Nicaragua,1906,0
Nicaragua,1907,0
Nicaragua,1908,0
Nicaragua,1909,0
Nicaragua,1910,0
Nicaragua,1911,0
Nicaragua,1912,0
Nicaragua,1913,0
Nicaragua,1914,0
Nicaragua,1915,0
Nicaragua,1916,0
Nicaragua,1917,0
Nicaragua,1918,0
Nicaragua,1919,0
Nicaragua,1920,0
Nicaragua,1921,0
Nicaragua,1922,0
Nicaragua,1923,0
Nicaragua,1924,0
Nicaragua,1925,0
Nicaragua,1926,0
Nicaragua,1927,0
Nicaragua,1928,0
Nicaragua,1929,0
Nicaragua,1930,0
Nicaragua,1931,0
Nicaragua,1932,0
Nicaragua,1933,0
Nicaragua,1934,0
Nicaragua,1935,0
Nicaragua,1936,0
Nicaragua,1937,0
Nicaragua,1938,0
Nicaragua,1939,0
Nicaragua,1940,0
Nicaragua,1941,5
Nicaragua,1942,5
Nicaragua,1943,12
Nicaragua,1944,12
Nicaragua,1945,12
Nicaragua,1946,17
Nicaragua,1947,17
Nicaragua,1948,17
Nicaragua,1949,17
Nicaragua,1950,17
Nicaragua,1951,21
Nicaragua,1952,21
Nicaragua,1953,25
Nicaragua,1954,25
Nicaragua,1955,25
Nicaragua,1956,25
Nicaragua,1957,25
Nicaragua,1958,25
Nicaragua,1959,25
Nicaragua,1960,25
Nicaragua,1961,26
Nicaragua,1962,26
Nicaragua,1963,28
Nicaragua,1964,28
Nicaragua,1965,30
Nicaragua,1966,31
Nicaragua,1967,38
Nicaragua,1968,38
Nicaragua,1969,38
Nicaragua,1970,38
Nicaragua,1971,40
Nicaragua,1972,40
Nicaragua,1973,40
Nicaragua,1974,40
Nicaragua,1975,40
Nicaragua,1976,40
Nicaragua,1977,40
Nicaragua,1978,40
Nicaragua,1979,40
Nicaragua,1980,40
Nicaragua,1981,40
Nicaragua,1982,40
Nicaragua,1983,40
Nicaragua,1984,40
Nicaragua,1985,40
Nicaragua,1986,40
Nicaragua,1987,40
Nicaragua,1988,40
Nicaragua,1989,40
Nicaragua,1990,40
Nicaragua,1991,42
Nicaragua,1992,44
Nicaragua,1993,44
Nicaragua,1994,44
Nicaragua,1995,44
Nicaragua,1996,45
Nicaragua,1997,47
Nicaragua,1998,47
Nicaragua,1999,47
Nicaragua,2000,47
Nicaragua,2001,50
Nicaragua,2002,52
Nicaragua,2003,53
Nicaragua,2004,64
Nicaragua,2005,66
Nicaragua,2006,66
Nicaragua,2007,72
Nicaragua,2008,72
Nicaragua,2009,77
Nicaragua,2010,77
Nicaragua,2011,86
Nicaragua,2012,93
Nicaragua,2013,95
Nicaragua,2014,95
Nicaragua,2015,116
Nicaragua,2016,119
Nicaragua,2017,126
Nicaragua,2018,140
Nicaragua,2019,153
Nicaragua,2020,154
Nicaragua,2021,170
Nicaragua,2022,188
Nicaragua,2023,213
Nicaragua,2024,227
Nicaragua,2025,233
Nicaragua,2026,234
Niger,1872,0
Niger,1873,0
Niger,1874,0
Niger,1875,0
Niger,1876,0
Niger,1877,0
Niger,1878,0
Niger,1879,0
Niger,1880,0
Niger,1881,0
Niger,1882,0
Niger,1883,0
Niger,1884,0
Niger,1885,0
Niger,1886,0
Niger,1887,0
Niger,1888,0
Niger,1889,0
Niger,1890,0
Niger,1891,0
Niger,1892,0
Niger,1893,0
Niger,1894,0
Niger,1895,0
Niger,1896,0
Niger,1897,0
Niger,1898,0
Niger,1899,0
Niger,1900,0
Niger,1901,0
Niger,1902,0
Niger,1903,0
Niger,1904,0
Niger,1905,0
Niger,1906,0
Niger,1907,0
Niger,1908,0
Niger,1909,0
Niger,1910,0
Niger,1911,0
Niger,1912,0
Niger,1913,0
Niger,1914,0
Niger,1915,0
Niger,1916,0
Niger,1917,0
Niger,1918,0
Niger,1919,0
Niger,1920,0
Niger,1921,0
Niger,1922,0
Niger,1923,0
Niger,1924,0
Niger,1925,0
Niger,1926,0
Niger,1927,0
Niger,1928,0
Niger,1929,0
Niger,1930,0
Niger,1931,0
Niger,1932,0
Niger,1933,0
Niger,1934,0
Niger,1935,0
Niger,1936,0
Niger,1937,0
Niger,1938,0
Niger,1939,0
Niger,1940,0
Niger,1941,0
Niger,1942,0
Niger,1943,0
Niger,1944,0
Niger,1945,0
Niger,1946,0
Niger,1947,0
Niger,1948,0
Niger,1949,0
Niger,1950,0
Niger,1951,0
Niger,1952,0
Niger,1953,0
Niger,1954,0
Niger,1955,0
Niger,1956,0
Niger,1957,0
Niger,1958,0
Niger,1959,0
Niger,1960,0
Niger,1961,2
Niger,1962,2
Niger,1963,5
Niger,1964,5
Niger,1965,5
Niger,1966,7
Niger,1967,12
Niger,1968,12
Niger,1969,14
Niger,1970,18
Niger,1971,18
Niger,1972,18
Niger,1973,18
Niger,1974,18
Niger,1975,21
Niger,1976,24
Niger,1977,24
Niger,1978,24
Niger,1979,27
Niger,1980,30
Niger,1981,33
Niger,1982,39
Niger,1983,44
Niger,1984,45
Niger,1985,45
Niger,1986,51
Niger,1987,52
Niger,1988,60
Niger,1989,60
Niger,1990,67
Niger,1991,73
Niger,1992,77
Niger,1993,87
Niger,1994,99
Niger,1995,99
Niger,1996,99
Niger,1997,99
Niger,1998,105
Niger,1999,105
Niger,2000,105
Niger,2001,105
Niger,2002,112
Niger,2003,115
Niger,2004,115
Niger,2005,115
Niger,2006,116
Niger,2007,122
Niger,2008,129
Niger,2009,129
Niger,2010,134
Niger,2011,143
Niger,2012,150
Niger,2013,158
Niger,2014,166
Niger,2015,175
Niger,2016,179
Niger,2017,181
Niger,2018,189
Niger,2019,193
Niger,2020,197
Niger,2021,213
Niger,2022,220
Niger,2023,227
Niger,2024,235
Niger,2025,255
Niger,2026,256
Nigeria,1872,0
Nigeria,1873,0
Nigeria,1874,0
Nigeria,1875,0
Nigeria,1876,0
Nigeria,1877,0
Nigeria,1878,0
Nigeria,1879,0
Nigeria,1880,0
Nigeria,1881,0
Nigeria,1882,0
Nigeria,1883,0
Nigeria,1884,0
Nigeria,1885,0
Nigeria,1886,0
Nigeria,1887,0
Nigeria,1888,0
Nigeria,1889,0
Nigeria,1890,0
Nigeria,1891,0
Nigeria,1892,0
Nigeria,1893,0
Nigeria,1894,0
Nigeria,1895,0
Nigeria,1896,0
Nigeria,1897,0
Nigeria,1898,0
Nigeria,1899,0
Nigeria,1900,0
Nigeria,1901,0
Nigeria,1902,0
Nigeria,1903,0
Nigeria,1904,0
Nigeria,1905,0
Nigeria,1906,0
Nigeria,1907,0
Nigeria,1908,0
Nigeria,1909,0
Nigeria,1910,0
Nigeria,1911,0
Nigeria,1912,0
Nigeria,1913,0
Nigeria,1914,0
Nigeria,1915,0
Nigeria,1916,0
Nigeria,1917,0
Nigeria,1918,0
Nigeria,1919,0
Nigeria,1920,0
Nigeria,1921,0
Nigeria,1922,0
Nigeria,1923,0
Nigeria,1924,0
Nigeria,1925,0
Nigeria,1926,0
Nigeria,1927,0
Nigeria,1928,0
Nigeria,1929,0
Nigeria,1930,0
Nigeria,1931,0
Nigeria,1932,0
Nigeria,1933,0
Nigeria,1934,0
Nigeria,1935,0
Nigeria,1936,0
Nigeria,1937,0
Nigeria,1938,0
Nigeria,1939,0
Nigeria,1940,0
Nigeria,1941,0
Nigeria,1942,0
Nigeria,1943,0
Nigeria,1944,0
Nigeria,1945,0
Nigeria,1946,0
Nigeria,1947,0
Nigeria,1948,0
Nigeria,1949,2
Nigeria,1950,2
Nigeria,1951,7
Nigeria,1952,7
Nigeria,1953,7
Nigeria,1954,10
Nigeria,1955,10
Nigeria,1956,14
Nigeria,1957,17
Nigeria,1958,20
Nigeria,1959,33
Nigeria,1960,46
Nigeria,1961,55
Nigeria,1962,58
Nigeria,1963,81
Nigeria,1964,81
Nigeria,1965,87
Nigeria,1966,95
Nigeria,1967,106
Nigeria,1968,123
Nigeria,1969,134
Nigeria,1970,135
Nigeria,1971,141
Nigeria,1972,177
Nigeria,1973,200
Nigeria,1974,203
Nigeria,1975,215
Nigeria,1976,236
Nigeria,1977,263
Nigeria,1978,276
Nigeria,1979,286
Nigeria,1980,301
Nigeria,1981,313
Nigeria,1982,317
Nigeria,1983,327
Nigeria,1984,338
Nigeria,1985,349
Nigeria,1986,351
Nigeria,1987,358
Nigeria,1988,363
Nigeria,1989,378
Nigeria,1990,390
Nigeria,1991,415
Nigeria,1992,431
Nigeria,1993,453
Nigeria,1994,478
Nigeria,1995,489
Nigeria,1996,493
Nigeria,1997,502
Nigeria,1998,512
Nigeria,1999,516
Nigeria,2000,546
Nigeria,2001,568
Nigeria,2002,588
Nigeria,2003,602
Nigeria,2004,628
Nigeria,2005,643
Nigeria,2006,653
Nigeria,2007,665
Nigeria,2008,682
Nigeria,2009,693
Nigeria,2010,714
Nigeria,2011,736
Nigeria,2012,755
Nigeria,2013,793
Nigeria,2014,810
Nigeria,2015,820
Nigeria,2016,831
Nigeria,2017,846
Nigeria,2018,865
Nigeria,2019,887
Nigeria,2020,892
Nigeria,2021,905
Nigeria,2022,926
Nigeria,2023,943
Nigeria,2024,961
Nigeria,2025,990
Nigeria,2026,1008
Niue,1872,0
Niue,1873,0
Niue,1874,0
Niue,1875,0
Niue,1876,0
Niue,1877,0
Niue,1878,0
Niue,1879,0
Niue,1880,0
Niue,1881,0
Niue,1882,0
Niue,1883,0
Niue,1884,0
Niue,1885,0
Niue,1886,0
Niue,1887,0
Niue,1888,0
Niue,1889,0
Niue,1890,0
Niue,1891,0
Niue,1892,0
Niue,1893,0
Niue,1894,0
Niue,1895,0
Niue,1896,0
Niue,1897,0
Niue,1898,0
Niue,1899,0
Niue,1900,0
Niue,1901,0
Niue,1902,0
Niue,1903,0
Niue,1904,0
Niue,1905,0
Niue,1906,0
Niue,1907,0
Niue,1908,0
Niue,1909,0
Niue,1910,0
Niue,1911,0
Niue,1912,0
Niue,1913,0
Niue,1914,0
Niue,1915,0
Niue,1916,0
Niue,1917,0
Niue,1918,0
Niue,1919,0
Niue,1920,0
Niue,1921,0
Niue,1922,0
Niue,1923,0
Niue,1924,0
Niue,1925,0
Niue,1926,0
Niue,1927,0
Niue,1928,0
Niue,1929,0
Niue,1930,0
Niue,1931,0
Niue,1932,0
Niue,1933,0
Niue,1934,0
Niue,1935,0
Niue,1936,0
Niue,1937,0
Niue,1938,0
Niue,1939,0
Niue,1940,0
Niue,1941,0
Niue,1942,0
Niue,1943,0
Niue,1944,0
Niue,1945,0
Niue,1946,0
Niue,1947,0
Niue,1948,0
Niue,1949,0
Niue,1950,0
Niue,1951,0
Niue,1952,0
Niue,1953,0
Niue,1954,0
Niue,1955,0
Niue,1956,0
Niue,1957,0
Niue,1958,0
Niue,1959,0
Niue,1960,0
Niue,1961,0
Niue,1962,0
Niue,1963,0
Niue,1964,0
Niue,1965,0
Niue,1966,0
Niue,1967,0
Niue,1968,0
Niue,1969,0
Niue,1970,0
Niue,1971,0
Niue,1972,0
Niue,1973,0
Niue,1974,0
Niue,1975,0
Niue,1976,0
Niue,1977,0
Niue,1978,0
Niue,1979,0
Niue,1980,0
Niue,1981,0
Niue,1982,0
Niue,1983,0
Niue,1984,0
Niue,1985,0
Niue,1986,0
Niue,1987,0
Niue,1988,0
Niue,1989,0
Niue,1990,0
Niue,1991,0
Niue,1992,0
Niue,1993,0
Niue,1994,0
Niue,1995,0
Niue,1996,0
Niue,1997,0
Niue,1998,0
Niue,1999,0
Niue,2000,0
Niue,2001,0
Niue,2002,0
Niue,2003,0
Niue,2004,0
Niue,2005,0
Niue,2006,0
Niue,2007,0
Niue,2008,0
Niue,2009,0
Niue,2010,0
Niue,2011,0
Niue,2012,0
Niue,2013,0
Niue,2014,0
Niue,2015,0
Niue,2016,0
Niue,2017,0
Niue,2018,0
Niue,2019,0
Niue,2020,0
Niue,2021,0
Niue,2022,0
Niue,2023,0
Niue,2024,0
Niue,2025,0
Niue,2026,0
North Korea,1872,0
North Korea,1873,0
North Korea,1874,0
North Korea,1875,0
North Korea,1876,0
North Korea,1877,0
North Korea,1878,0
North Korea,1879,0
North Korea,1880,0
North Korea,1881,0
North Korea,1882,0
North Korea,1883,0
North Korea,1884,0
North Korea,1885,0
North Korea,1886,0
North Korea,1887,0
North Korea,1888,0
North Korea,1889,0
North Korea,1890,0
North Korea,1891,0
North Korea,1892,0
North Korea,1893,0
North Korea,1894,0
North Korea,1895,0
North Korea,1896,0
North Korea,1897,0
North Korea,1898,0
North Korea,1899,0
North Korea,1900,0
North Korea,1901,0
North Korea,1902,0
North Korea,1903,0
North Korea,1904,0
North Korea,1905,0
North Korea,1906,0
North Korea,1907,0
North Korea,1908,0
North Korea,1909,0
North Korea,1910,0
North Korea,1911,0
North Korea,1912,0
North Korea,1913,0
North Korea,1914,0
North Korea,1915,0
North Korea,1916,0
North Korea,1917,0
North Korea,1918,0
North Korea,1919,0
North Korea,1920,0
North Korea,1921,0
North Korea,1922,0
North Korea,1923,0
North Korea,1924,0
North Korea,1925,0
North Korea,1926,0
North Korea,1927,0
North Korea,1928,0
North Korea,1929,0
North Korea,1930,0
North Korea,1931,0
North Korea,1932,0
North Korea,1933,0
North Korea,1934,0
North Korea,1935,0
North Korea,1936,0
North Korea,1937,0
North Korea,1938,0
North Korea,1939,0
North Korea,1940,0
North Korea,1941,0
North Korea,1942,0
North Korea,1943,0
North Korea,1944,0
North Korea,1945,0
North Korea,1946,0
North Korea,1947,0
North Korea,1948,0
North Korea,1949,0
North Korea,1950,0
North Korea,1951,0
North Korea,1952,0
North Korea,1953,0
North Korea,1954,0
North Korea,1955,0
North Korea,1956,4
North Korea,1957,4
North Korea,1958,4
North Korea,1959,10
North Korea,1960,23
North Korea,1961,23
North Korea,1962,23
North Korea,1963,45
North Korea,1964,45
North Korea,1965,68
North Korea,1966,99
North Korea,1967,99
North Korea,1968,99
North Korea,1969,102
North Korea,1970,102
North Korea,1971,102
North Korea,1972,102
North Korea,1973,107
North Korea,1974,119
North Korea,1975,126
North Korea,1976,126
North Korea,1977,126
North Korea,1978,138
North Korea,1979,147
North Korea,1980,164
North Korea,1981,166
North Korea,1982,175
North Korea,1983,175
North Korea,1984,175
North Korea,1985,194
North Korea,1986,201
North Korea,1987,202
North Korea,1988,205
North Korea,1989,221
North Korea,1990,226
North Korea,1991,228
North Korea,1992,242
North Korea,1993,285
North Korea,1994,285
North Korea,1995,285
North Korea,1996,285
North Korea,1997,285
North Korea,1998,291
North Korea,1999,293
North Korea,2000,302
North Korea,2001,307
North Korea,2002,314
North Korea,2003,324
North Korea,2004,335
North Korea,2005,374
North Korea,2006,374
North Korea,2007,403
North Korea,2008,424
North Korea,2009,447
North Korea,2010,473
North Korea,2011,486
North Korea,2012,518
North Korea,2013,523
North Korea,2014,533
North Korea,2015,551
North Korea,2016,566
North Korea,2017,583
North Korea,2018,592
North Korea,2019,606
North Korea,2020,606
North Korea,2021,606
North Korea,2022,606
North Korea,2023,612
North Korea,2024,623
North Korea,2025,628
North Korea,2026,628
North Macedonia,1872,0
North Macedonia,1873,0
North Macedonia,1874,0
North Macedonia,1875,0
North Macedonia,1876,0
North Macedonia,1877,0
North Macedonia,1878,0
North Macedonia,1879,0
North Macedonia,1880,0
North Macedonia,1881,0
North Macedonia,1882,0
North Macedonia,1883,0
North Macedonia,1884,0
North Macedonia,1885,0
North Macedonia,1886,0
North Macedonia,1887,0
North Macedonia,1888,0
North Macedonia,1889,0
North Macedonia,1890,0
North Macedonia,1891,0
North Macedonia,1892,0
North Macedonia,1893,0
North Macedonia,1894,0
North Macedonia,1895,0
North Macedonia,1896,0
North Macedonia,1897,0
North Macedonia,1898,0
North Macedonia,1899,0
North Macedonia,1900,0
North Macedonia,1901,0
North Macedonia,1902,0
North Macedonia,1903,0
North Macedonia,1904,0
North Macedonia,1905,0
North Macedonia,1906,0
North Macedonia,1907,0
North Macedonia,1908,0
North Macedonia,1909,0
North Macedonia,1910,0
North Macedonia,1911,0
North Macedonia,1912,0
North Macedonia,1913,0
North Macedonia,1914,0
North Macedonia,1915,0
North Macedonia,1916,0
North Macedonia,1917,0
North Macedonia,1918,0
North Macedonia,1919,0
North Macedonia,1920,0
North Macedonia,1921,0
North Macedonia,1922,0
North Macedonia,1923,0
North Macedonia,1924,0
North Macedonia,1925,0
North Macedonia,1926,0
North Macedonia,1927,0
North Macedonia,1928,0
North Macedonia,1929,0
North Macedonia,1930,0
North Macedonia,1931,0
North Macedonia,1932,0
North Macedonia,1933,0
North Macedonia,1934,0
North Macedonia,1935,0
North Macedonia,1936,0
North Macedonia,1937,0
North Macedonia,1938,0
North Macedonia,1939,0
North Macedonia,1940,0
North Macedonia,1941,0
North Macedonia,1942,0
North Macedonia,1943,0
North Macedonia,1944,0
North Macedonia,1945,0
North Macedonia,1946,0
North Macedonia,1947,0
North Macedonia,1948,0
North Macedonia,1949,0
North Macedonia,1950,0
North Macedonia,1951,0
North Macedonia,1952,0
North Macedonia,1953,0
North Macedonia,1954,0
North Macedonia,1955,0
North Macedonia,1956,0
North Macedonia,1957,0
North Macedonia,1958,0
North Macedonia,1959,0
North Macedonia,1960,0
North Macedonia,1961,0
North Macedonia,1962,0
North Macedonia,1963,0
North Macedonia,1964,0
North Macedonia,1965,0
North Macedonia,1966,0
North Macedonia,1967,0
North Macedonia,1968,0
North Macedonia,1969,0
North Macedonia,1970,0
North Macedonia,1971,0
North Macedonia,1972,0
North Macedonia,1973,0
North Macedonia,1974,0
North Macedonia,1975,0
North Macedonia,1976,0
North Macedonia,1977,0
North Macedonia,1978,0
North Macedonia,1979,0
North Macedonia,1980,0
North Macedonia,1981,0
North Macedonia,1982,0
North Macedonia,1983,0
North Macedonia,1984,0
North Macedonia,1985,0
North Macedonia,1986,0
North Macedonia,1987,0
North Macedonia,1988,0
North Macedonia,1989,0
North Macedonia,1990,0
North Macedonia,1991,0
North Macedonia,1992,0
North Macedonia,1993,4
North Macedonia,1994,18
North Macedonia,1995,23
North Macedonia,1996,41
North Macedonia,1997,48
North Macedonia,1998,64
North Macedonia,1999,69
North Macedonia,2000,78
North Macedonia,2001,88
North Macedonia,2002,106
North Macedonia,2003,118
North Macedonia,2004,130
North Macedonia,2005,137
North Macedonia,2006,144
North Macedonia,2007,153
North Macedonia,2008,164
North Macedonia,2009,176
North Macedonia,2010,187
North Macedonia,2011,192
North Macedonia,2012,201
North Macedonia,2013,210
North Macedonia,2014,216
North Macedonia,2015,222
North Macedonia,2016,230
North Macedonia,2017,246
North Macedonia,2018,261
North Macedonia,2019,273
North Macedonia,2020,285
North Macedonia,2021,315
North Macedonia,2022,325
North Macedonia,2023,339
North Macedonia,2024,351
North Macedonia,2025,365
North Macedonia,2026,365
North Vietnam,1872,0
North Vietnam,1873,0
North Vietnam,1874,0
North Vietnam,1875,0
North Vietnam,1876,0
North Vietnam,1877,0
North Vietnam,1878,0
North Vietnam,1879,0
North Vietnam,1880,0
North Vietnam,1881,0
North Vietnam,1882,0
North Vietnam,1883,0
North Vietnam,1884,0
North Vietnam,1885,0
North Vietnam,1886,0
North Vietnam,1887,0
North Vietnam,1888,0
North Vietnam,1889,0
North Vietnam,1890,0
North Vietnam,1891,0
North Vietnam,1892,0
North Vietnam,1893,0
North Vietnam,1894,0
North Vietnam,1895,0
North Vietnam,1896,0
North Vietnam,1897,0
North Vietnam,1898,0
North Vietnam,1899,0
North Vietnam,1900,0
North Vietnam,1901,0
North Vietnam,1902,0
North Vietnam,1903,0
North Vietnam,1904,0
North Vietnam,1905,0
North Vietnam,1906,0
North Vietnam,1907,0
North Vietnam,1908,0
North Vietnam,1909,0
North Vietnam,1910,0
North Vietnam,1911,0
North Vietnam,1912,0
North Vietnam,1913,0
North Vietnam,1914,0
North Vietnam,1915,0
North Vietnam,1916,0
North Vietnam,1917,0
North Vietnam,1918,0
North Vietnam,1919,0
North Vietnam,1920,0
North Vietnam,1921,0
North Vietnam,1922,0
North Vietnam,1923,0
North Vietnam,1924,0
North Vietnam,1925,0
North Vietnam,1926,0
North Vietnam,1927,0
North Vietnam,1928,0
North Vietnam,1929,0
North Vietnam,1930,0
North Vietnam,1931,0
North Vietnam,1932,0
North Vietnam,1933,0
North Vietnam,1934,0
North Vietnam,1935,0
North Vietnam,1936,0
North Vietnam,1937,0
North Vietnam,1938,0
North Vietnam,1939,0
North Vietnam,1940,0
North Vietnam,1941,0
North Vietnam,1942,0
North Vietnam,1943,0
North Vietnam,1944,0
North Vietnam,1945,0
North Vietnam,1946,0
North Vietnam,1947,0
North Vietnam,1948,0
North Vietnam,1949,0
North Vietnam,1950,0
North Vietnam,1951,0
North Vietnam,1952,0
North Vietnam,1953,0
North Vietnam,1954,0
North Vietnam,1955,0
North Vietnam,1956,3
North Vietnam,1957,3
North Vietnam,1958,3
North Vietnam,1959,3
North Vietnam,1960,10
North Vietnam,1961,10
North Vietnam,1962,10
North Vietnam,1963,24
North Vietnam,1964,24
North Vietnam,1965,31
North Vietnam,1966,47
North Vietnam,1967,47
North Vietnam,1968,47
North Vietnam,1969,47
North Vietnam,1970,49
North Vietnam,1971,49
North Vietnam,1972,49
North Vietnam,1973,49
North Vietnam,1974,49
North Vietnam,1975,49
North Vietnam,1976,49
North Vietnam,1977,49
North Vietnam,1978,49
North Vietnam,1979,49
North Vietnam,1980,49
North Vietnam,1981,49
North Vietnam,1982,49
North Vietnam,1983,49
North Vietnam,1984,49
North Vietnam,1985,49
North Vietnam,1986,49
North Vietnam,1987,49
North Vietnam,1988,49
North Vietnam,1989,49
North Vietnam,1990,49
North Vietnam,1991,49
North Vietnam,1992,49
North Vietnam,1993,49
North Vietnam,1994,49
North Vietnam,1995,49
North Vietnam,1996,49
North Vietnam,1997,49
North Vietnam,1998,49
North Vietnam,1999,49
North Vietnam,2000,49
North Vietnam,2001,49
North Vietnam,2002,49
North Vietnam,2003,49
North Vietnam,2004,49
North Vietnam,2005,49
North Vietnam,2006,49
North Vietnam,2007,49
North Vietnam,2008,49
North Vietnam,2009,49
North Vietnam,2010,49
North Vietnam,2011,49
North Vietnam,2012,49
North Vietnam,2013,49
North Vietnam,2014,49
North Vietnam,2015,49
North Vietnam,2016,49
North Vietnam,2017,49
North Vietnam,2018,49
North Vietnam,2019,49
North Vietnam,2020,49
North Vietnam,2021,49
North Vietnam,2022,49
North Vietnam,2023,49
North Vietnam,2024,49
North Vietnam,2025,49
North Vietnam,2026,49
Northern Cyprus,1872,0
Northern Cyprus,1873,0
Northern Cyprus,1874,0
Northern Cyprus,1875,0
Northern Cyprus,1876,0
Northern Cyprus,1877,0
Northern Cyprus,1878,0
Northern Cyprus,1879,0
Northern Cyprus,1880,0
Northern Cyprus,1881,0
Northern Cyprus,1882,0
Northern Cyprus,1883,0
Northern Cyprus,1884,0
Northern Cyprus,1885,0
Northern Cyprus,1886,0
Northern Cyprus,1887,0
Northern Cyprus,1888,0
Northern Cyprus,1889,0
Northern Cyprus,1890,0
Northern Cyprus,1891,0
Northern Cyprus,1892,0
Northern Cyprus,1893,0
Northern Cyprus,1894,0
Northern Cyprus,1895,0
Northern Cyprus,1896,0
Northern Cyprus,1897,0
Northern Cyprus,1898,0
Northern Cyprus,1899,0
Northern Cyprus,1900,0
Northern Cyprus,1901,0
Northern Cyprus,1902,0
Northern Cyprus,1903,0
Northern Cyprus,1904,0
Northern Cyprus,1905,0
Northern Cyprus,1906,0
Northern Cyprus,1907,0
Northern Cyprus,1908,0
Northern Cyprus,1909,0
Northern Cyprus,1910,0
Northern Cyprus,1911,0
Northern Cyprus,1912,0
Northern Cyprus,1913,0
Northern Cyprus,1914,0
Northern Cyprus,1915,0
Northern Cyprus,1916,0
Northern Cyprus,1917,0
Northern Cyprus,1918,0
Northern Cyprus,1919,0
Northern Cyprus,1920,0
Northern Cyprus,1921,0
Northern Cyprus,1922,0
Northern Cyprus,1923,0
Northern Cyprus,1924,0
Northern Cyprus,1925,0
Northern Cyprus,1926,0
Northern Cyprus,1927,0
Northern Cyprus,1928,0
Northern Cyprus,1929,0
Northern Cyprus,1930,0
Northern Cyprus,1931,0
Northern Cyprus,1932,0
Northern Cyprus,1933,0
Northern Cyprus,1934,0
Northern Cyprus,1935,0
Northern Cyprus,1936,0
Northern Cyprus,1937,0
Northern Cyprus,1938,0
Northern Cyprus,1939,0
Northern Cyprus,1940,0
Northern Cyprus,1941,0
Northern Cyprus,1942,0
Northern Cyprus,1943,0
Northern Cyprus,1944,0
Northern Cyprus,1945,0
Northern Cyprus,1946,0
Northern Cyprus,1947,0
Northern Cyprus,1948,0
Northern Cyprus,1949,0
Northern Cyprus,1950,0
Northern Cyprus,1951,0
Northern Cyprus,1952,0
Northern Cyprus,1953,0
Northern Cyprus,1954,0
Northern Cyprus,1955,0
Northern Cyprus,1956,0
Northern Cyprus,1957,0
Northern Cyprus,1958,0
Northern Cyprus,1959,0
Northern Cyprus,1960,0
Northern Cyprus,1961,0
Northern Cyprus,1962,0
Northern Cyprus,1963,0
Northern Cyprus,1964,0
Northern Cyprus,1965,0
Northern Cyprus,1966,0
Northern Cyprus,1967,0
Northern Cyprus,1968,0
Northern Cyprus,1969,0
Northern Cyprus,1970,0
Northern Cyprus,1971,0
Northern Cyprus,1972,0
Northern Cyprus,1973,0
Northern Cyprus,1974,0
Northern Cyprus,1975,0
Northern Cyprus,1976,0
Northern Cyprus,1977,0
Northern Cyprus,1978,0
Northern Cyprus,1979,0
Northern Cyprus,1980,0
Northern Cyprus,1981,0
Northern Cyprus,1982,0
Northern Cyprus,1983,0
Northern Cyprus,1984,0
Northern Cyprus,1985,0
Northern Cyprus,1986,0
Northern Cyprus,1987,0
Northern Cyprus,1988,0
Northern Cyprus,1989,0
Northern Cyprus,1990,0
Northern Cyprus,1991,0
Northern Cyprus,1992,0
Northern Cyprus,1993,0
Northern Cyprus,1994,0
Northern Cyprus,1995,0
Northern Cyprus,1996,0
Northern Cyprus,1997,0
Northern Cyprus,1998,0
Northern Cyprus,1999,0
Northern Cyprus,2000,0
Northern Cyprus,2001,0
Northern Cyprus,2002,0
Northern Cyprus,2003,0
Northern Cyprus,2004,0
Northern Cyprus,2005,7
Northern Cyprus,2006,44
Northern Cyprus,2007,45
Northern Cyprus,2008,45
Northern Cyprus,2009,45
Northern Cyprus,2010,45
Northern Cyprus,2011,45
Northern Cyprus,2012,64
Northern Cyprus,2013,64
Northern Cyprus,2014,64
Northern Cyprus,2015,64
Northern Cyprus,2016,76
Northern Cyprus,2017,88
Northern Cyprus,2018,105
Northern Cyprus,2019,105
Northern Cyprus,2020,105
Northern Cyprus,2021,105
Northern Cyprus,2022,105
Northern Cyprus,2023,105
Northern Cyprus,2024,105
Northern Cyprus,2025,105
Northern Cyprus,2026,120
Northern Ireland,1872,0
Northern Ireland,1873,0
Northern Ireland,1874,0
Northern Ireland,1875,0
Northern Ireland,1876,0
Northern Ireland,1877,0
Northern Ireland,1878,0
Northern Ireland,1879,0
Northern Ireland,1880,0
Northern Ireland,1881,0
Northern Ireland,1882,1
Northern Ireland,1883,2
Northern Ireland,1884,3
Northern Ireland,1885,7
Northern Ireland,1886,10
Northern Ireland,1887,15
Northern Ireland,1888,18
Northern Ireland,1889,20
Northern Ireland,1890,24
Northern Ireland,1891,33
Northern Ireland,1892,36
Northern Ireland,1893,38
Northern Ireland,1894,42
Northern Ireland,1895,45
Northern Ireland,1896,49
Northern Ireland,1897,54
Northern Ireland,1898,57
Northern Ireland,1899,61
Northern Ireland,1900,61
Northern Ireland,1901,61
Northern Ireland,1902,65
Northern Ireland,1903,69
Northern Ireland,1904,72
Northern Ireland,1905,75
Northern Ireland,1906,79
Northern Ireland,1907,81
Northern Ireland,1908,83
Northern Ireland,1909,85
Northern Ireland,1910,88
Northern Ireland,1911,90
Northern Ireland,1912,95
Northern Ireland,1913,98
Northern Ireland,1914,104
Northern Ireland,1915,104
Northern Ireland,1916,104
Northern Ireland,1917,104
Northern Ireland,1918,104
Northern Ireland,1919,105
Northern Ireland,1920,107
Northern Ireland,1921,109
Northern Ireland,1922,111
Northern Ireland,1923,116
Northern Ireland,1924,118
Northern Ireland,1925,118
Northern Ireland,1926,124
Northern Ireland,1927,128
Northern Ireland,1928,131
Northern Ireland,1929,136
Northern Ireland,1930,145
Northern Ireland,1931,154
Northern Ireland,1932,155
Northern Ireland,1933,158
Northern Ireland,1934,160
Northern Ireland,1935,164
Northern Ireland,1936,169
Northern Ireland,1937,172
Northern Ireland,1938,173
Northern Ireland,1939,174
Northern Ireland,1940,174
Northern Ireland,1941,174
Northern Ireland,1942,174
Northern Ireland,1943,174
Northern Ireland,1944,174
Northern Ireland,1945,174
Northern Ireland,1946,176
Northern Ireland,1947,182
Northern Ireland,1948,191
Northern Ireland,1949,195
Northern Ireland,1950,197
Northern Ireland,1951,200
Northern Ireland,1952,204
Northern Ireland,1953,208
Northern Ireland,1954,212
Northern Ireland,1955,216
Northern Ireland,1956,218
Northern Ireland,1957,228
Northern Ireland,1958,244
Northern Ireland,1959,249
Northern Ireland,1960,258
Northern Ireland,1961,267
Northern Ireland,1962,273
Northern Ireland,1963,280
Northern Ireland,1964,293
Northern Ireland,1965,304
Northern Ireland,1966,313
Northern Ireland,1967,314
Northern Ireland,1968,324
Northern Ireland,1969,326
Northern Ireland,1970,327
Northern Ireland,1971,338
Northern Ireland,1972,340
Northern Ireland,1973,349
Northern Ireland,1974,353
Northern Ireland,1975,359
Northern Ireland,1976,362
Northern Ireland,1977,369
Northern Ireland,1978,374
Northern Ireland,1979,379
Northern Ireland,1980,388
Northern Ireland,1981,391
Northern Ireland,1982,398
Northern Ireland,1983,407
Northern Ireland,1984,416
Northern Ireland,1985,419
Northern Ireland,1986,424
Northern Ireland,1987,427
Northern Ireland,1988,433
Northern Ireland,1989,436
Northern Ireland,1990,440
Northern Ireland,1991,453
Northern Ireland,1992,459
Northern Ireland,1993,468
Northern Ireland,1994,477
Northern Ireland,1995,491
Northern Ireland,1996,497
Northern Ireland,1997,502
Northern Ireland,1998,508
Northern Ireland,1999,511
Northern Ireland,2000,520
Northern Ireland,2001,529
Northern Ireland,2002,530
Northern Ireland,2003,530
Northern Ireland,2004,544
Northern Ireland,2005,552
Northern Ireland,2006,559
Northern Ireland,2007,572
Northern Ireland,2008,581
Northern Ireland,2009,590
Northern Ireland,2010,593
Northern Ireland,2011,600
Northern Ireland,2012,606
Northern Ireland,2013,612
Northern Ireland,2014,618
Northern Ireland,2015,630
Northern Ireland,2016,645
Northern Ireland,2017,655
Northern Ireland,2018,662
Northern Ireland,2019,675
Northern Ireland,2020,681
Northern Ireland,2021,692
Northern Ireland,2022,702
Northern Ireland,2023,711
Northern Ireland,2024,727
Northern Ireland,2025,738
Northern Ireland,2026,741
Northern Mariana Islands,1872,0
Northern Mariana Islands,1873,0
Northern Mariana Islands,1874,0
Northern Mariana Islands,1875,0
Northern Mariana Islands,1876,0
Northern Mariana Islands,1877,0
Northern Mariana Islands,1878,0
Northern Mariana Islands,1879,0
Northern Mariana Islands,1880,0
Northern Mariana Islands,1881,0
Northern Mariana Islands,1882,0
Northern Mariana Islands,1883,0
Northern Mariana Islands,1884,0
Northern Mariana Islands,1885,0
Northern Mariana Islands,1886,0
Northern Mariana Islands,1887,0
Northern Mariana Islands,1888,0
Northern Mariana Islands,1889,0
Northern Mariana Islands,1890,0
Northern Mariana Islands,1891,0
Northern Mariana Islands,1892,0
Northern Mariana Islands,1893,0
Northern Mariana Islands,1894,0
Northern Mariana Islands,1895,0
Northern Mariana Islands,1896,0
Northern Mariana Islands,1897,0
Northern Mariana Islands,1898,0
Northern Mariana Islands,1899,0
Northern Mariana Islands,1900,0
Northern Mariana Islands,1901,0
Northern Mariana Islands,1902,0
Northern Mariana Islands,1903,0
Northern Mariana Islands,1904,0
Northern Mariana Islands,1905,0
Northern Mariana Islands,1906,0
Northern Mariana Islands,1907,0
Northern Mariana Islands,1908,0
Northern Mariana Islands,1909,0
Northern Mariana Islands,1910,0
Northern Mariana Islands,1911,0
Northern Mariana Islands,1912,0
Northern Mariana Islands,1913,0
Northern Mariana Islands,1914,0
Northern Mariana Islands,1915,0
Northern Mariana Islands,1916,0
Northern Mariana Islands,1917,0
Northern Mariana Islands,1918,0
Northern Mariana Islands,1919,0
Northern Mariana Islands,1920,0
Northern Mariana Islands,1921,0
Northern Mariana Islands,1922,0
Northern Mariana Islands,1923,0
Northern Mariana Islands,1924,0
Northern Mariana Islands,1925,0
Northern Mariana Islands,1926,0
Northern Mariana Islands,1927,0
Northern Mariana Islands,1928,0
Northern Mariana Islands,1929,0
Northern Mariana Islands,1930,0
Northern Mariana Islands,1931,0
Northern Mariana Islands,1932,0
Northern Mariana Islands,1933,0
Northern Mariana Islands,1934,0
Northern Mariana Islands,1935,0
Northern Mariana Islands,1936,0
Northern Mariana Islands,1937,0
Northern Mariana Islands,1938,0
Northern Mariana Islands,1939,0
Northern Mariana Islands,1940,0
Northern Mariana Islands,1941,0
Northern Mariana Islands,1942,0
Northern Mariana Islands,1943,0
Northern Mariana Islands,1944,0
Northern Mariana Islands,1945,0
Northern Mariana Islands,1946,0
Northern Mariana Islands,1947,0
Northern Mariana Islands,1948,0
Northern Mariana Islands,1949,0
Northern Mariana Islands,1950,0
Northern Mariana Islands,1951,0
Northern Mariana Islands,1952,0
Northern Mariana Islands,1953,0
Northern Mariana Islands,1954,0
Northern Mariana Islands,1955,0
Northern Mariana Islands,1956,0
Northern Mariana Islands,1957,0
Northern Mariana Islands,1958,0
Northern Mariana Islands,1959,0
Northern Mariana Islands,1960,0
Northern Mariana Islands,1961,0
Northern Mariana Islands,1962,0
Northern Mariana Islands,1963,0
Northern Mariana Islands,1964,0
Northern Mariana Islands,1965,0
Northern Mariana Islands,1966,0
Northern Mariana Islands,1967,0
Northern Mariana Islands,1968,0
Northern Mariana Islands,1969,0
Northern Mariana Islands,1970,0
Northern Mariana Islands,1971,0
Northern Mariana Islands,1972,0
Northern Mariana Islands,1973,0
Northern Mariana Islands,1974,0
Northern Mariana Islands,1975,0
Northern Mariana Islands,1976,0
Northern Mariana Islands,1977,0
Northern Mariana Islands,1978,0
Northern Mariana Islands,1979,0
Northern Mariana Islands,1980,0
Northern Mariana Islands,1981,0
Northern Mariana Islands,1982,0
Northern Mariana Islands,1983,0
Northern Mariana Islands,1984,0
Northern Mariana Islands,1985,0
Northern Mariana Islands,1986,0
Northern Mariana Islands,1987,0
Northern Mariana Islands,1988,0
Northern Mariana Islands,1989,0
Northern Mariana Islands,1990,0
Northern Mariana Islands,1991,0
Northern Mariana Islands,1992,0
Northern Mariana Islands,1993,0
Northern Mariana Islands,1994,0
Northern Mariana Islands,1995,0
Northern Mariana Islands,1996,0
Northern Mariana Islands,1997,0
Northern Mariana Islands,1998,4
Northern Mariana Islands,1999,4
Northern Mariana Islands,2000,4
Northern Mariana Islands,2001,4
Northern Mariana Islands,2002,4
Northern Mariana Islands,2003,4
Northern Mariana Islands,2004,4
Northern Mariana Islands,2005,4
Northern Mariana Islands,2006,4
Northern Mariana Islands,2007,6
Northern Mariana Islands,2008,8
Northern Mariana Islands,2009,11
Northern Mariana Islands,2010,12
Northern Mariana Islands,2011,12
Northern Mariana Islands,2012,14
Northern Mariana Islands,2013,14
Northern Mariana Islands,2014,16
Northern Mariana Islands,2015,16
Northern Mariana Islands,2016,17
Northern Mariana Islands,2017,17
Northern Mariana Islands,2018,18
Northern Mariana Islands,2019,18
Northern Mariana Islands,2020,18
Northern Mariana Islands,2021,18
Northern Mariana Islands,2022,18
Northern Mariana Islands,2023,23
Northern Mariana Islands,2024,27
Northern Mariana Islands,2025,27
Northern Mariana Islands,2026,27
Norway,1872,0
Norway,1873,0
Norway,1874,0
Norway,1875,0
Norway,1876,0
Norway,1877,0
Norway,1878,0
Norway,1879,0
Norway,1880,0
Norway,1881,0
Norway,1882,0
Norway,1883,0
Norway,1884,0
Norway,1885,0
Norway,1886,0
Norway,1887,0
Norway,1888,0
Norway,1889,0
Norway,1890,0
Norway,1891,0
Norway,1892,0
Norway,1893,0
Norway,1894,0
Norway,1895,0
Norway,1896,0
Norway,1897,0
Norway,1898,0
Norway,1899,0
Norway,1900,0
Norway,1901,0
Norway,1902,0
Norway,1903,0
Norway,1904,0
Norway,1905,0
Norway,1906,0
Norway,1907,0
Norway,1908,3
Norway,1909,3
Norway,1910,3
Norway,1911,4
Norway,1912,9
Norway,1913,11
Norway,1914,12
Norway,1915,16
Norway,1916,17
Norway,1917,21
Norway,1918,26
Norway,1919,40
Norway,1920,42
Norway,1921,52
Norway,1922,67
Norway,1923,82
Norway,1924,84
Norway,1925,89
Norway,1926,101
Norway,1927,110
Norway,1928,119
Norway,1929,141
Norway,1930,155
Norway,1931,164
Norway,1932,174
Norway,1933,183
Norway,1934,193
Norway,1935,199
Norway,1936,210
Norway,1937,224
Norway,1938,243
Norway,1939,254
Norway,1940,254
Norway,1941,254
Norway,1942,254
Norway,1943,254
Norway,1944,254
Norway,1945,257
Norway,1946,274
Norway,1947,291
Norway,1948,311
Norway,1949,317
Norway,1950,330
Norway,1951,347
Norway,1952,360
Norway,1953,375
Norway,1954,384
Norway,1955,390
Norway,1956,401
Norway,1957,418
Norway,1958,429
Norway,1959,439
Norway,1960,454
Norway,1961,460
Norway,1962,476
Norway,1963,485
Norway,1964,494
Norway,1965,511
Norway,1966,518
Norway,1967,527
Norway,1968,539
Norway,1969,557
Norway,1970,563
Norway,1971,571
Norway,1972,577
Norway,1973,586
Norway,1974,592
Norway,1975,600
Norway,1976,604
Norway,1977,608
Norway,1978,613
Norway,1979,617
Norway,1980,631
Norway,1981,642
Norway,1982,653
Norway,1983,655
Norway,1984,665
Norway,1985,677
Norway,1986,693
Norway,1987,699
Norway,1988,708
Norway,1989,722
Norway,1990,743
Norway,1991,753
Norway,1992,776
Norway,1993,801
Norway,1994,815
Norway,1995,840
Norway,1996,852
Norway,1997,876
Norway,1998,905
Norway,1999,932
Norway,2000,943
Norway,2001,964
Norway,2002,974
Norway,2003,984
Norway,2004,1013
Norway,2005,1030
Norway,2006,1042
Norway,2007,1066
Norway,2008,1072
Norway,2009,1086
Norway,2010,1099
Norway,2011,1109
Norway,2012,1124
Norway,2013,1134
Norway,2014,1145
Norway,2015,1153
Norway,2016,1165
Norway,2017,1178
Norway,2018,1194
Norway,2019,1213
Norway,2020,1226
Norway,2021,1243
Norway,2022,1264
Norway,2023,1286
Norway,2024,1307
Norway,2025,1346
Norway,2026,1364
Occitania,1872,0
Occitania,1873,0
Occitania,1874,0
Occitania,1875,0
Occitania,1876,0
Occitania,1877,0
Occitania,1878,0
Occitania,1879,0
Occitania,1880,0
Occitania,1881,0
Occitania,1882,0
Occitania,1883,0
Occitania,1884,0
Occitania,1885,0
Occitania,1886,0
Occitania,1887,0
Occitania,1888,0
Occitania,1889,0
Occitania,1890,0
Occitania,1891,0
Occitania,1892,0
Occitania,1893,0
Occitania,1894,0
Occitania,1895,0
Occitania,1896,0
Occitania,1897,0
Occitania,1898,0
Occitania,1899,0
Occitania,1900,0
Occitania,1901,0
Occitania,1902,0
Occitania,1903,0
Occitania,1904,0
Occitania,1905,0
Occitania,1906,0
Occitania,1907,0
Occitania,1908,0
Occitania,1909,0
Occitania,1910,0
Occitania,1911,0
Occitania,1912,0
Occitania,1913,0
Occitania,1914,0
Occitania,1915,0
Occitania,1916,0
Occitania,1917,0
Occitania,1918,0
Occitania,1919,0
Occitania,1920,0
Occitania,1921,0
Occitania,1922,0
Occitania,1923,0
Occitania,1924,0
Occitania,1925,0
Occitania,1926,0
Occitania,1927,0
Occitania,1928,0
Occitania,1929,0
Occitania,1930,0
Occitania,1931,0
Occitania,1932,0
Occitania,1933,0
Occitania,1934,0
Occitania,1935,0
Occitania,1936,0
Occitania,1937,0
Occitania,1938,0
Occitania,1939,0
Occitania,1940,0
Occitania,1941,0
Occitania,1942,0
Occitania,1943,0
Occitania,1944,0
Occitania,1945,0
Occitania,1946,0
Occitania,1947,0
Occitania,1948,0
Occitania,1949,0
Occitania,1950,0
Occitania,1951,0
Occitania,1952,0
Occitania,1953,0
Occitania,1954,0
Occitania,1955,0
Occitania,1956,0
Occitania,1957,0
Occitania,1958,0
Occitania,1959,0
Occitania,1960,0
Occitania,1961,0
Occitania,1962,0
Occitania,1963,0
Occitania,1964,0
Occitania,1965,0
Occitania,1966,0
Occitania,1967,0
Occitania,1968,0
Occitania,1969,0
Occitania,1970,0
Occitania,1971,0
Occitania,1972,0
Occitania,1973,0
Occitania,1974,0
Occitania,1975,0
Occitania,1976,0
Occitania,1977,0
Occitania,1978,0
Occitania,1979,0
Occitania,1980,0
Occitania,1981,0
Occitania,1982,0
Occitania,1983,0
Occitania,1984,0
Occitania,1985,0
Occitania,1986,0
Occitania,1987,0
Occitania,1988,0
Occitania,1989,0
Occitania,1990,0
Occitania,1991,0
Occitania,1992,0
Occitania,1993,0
Occitania,1994,0
Occitania,1995,0
Occitania,1996,0
Occitania,1997,0
Occitania,1998,0
Occitania,1999,0
Occitania,2000,0
Occitania,2001,0
Occitania,2002,0
Occitania,2003,0
Occitania,2004,0
Occitania,2005,16
Occitania,2006,24
Occitania,2007,24
Occitania,2008,26
Occitania,2009,28
Occitania,2010,41
Occitania,2011,54
Occitania,2012,73
Occitania,2013,93
Occitania,2014,103
Occitania,2015,103
Occitania,2016,103
Occitania,2017,103
Occitania,2018,103
Occitania,2019,103
Occitania,2020,103
Occitania,2021,103
Occitania,2022,103
Occitania,2023,103
Occitania,2024,103
Occitania,2025,103
Occitania,2026,103
Oman,1872,0
Oman,1873,0
Oman,1874,0
Oman,1875,0
Oman,1876,0
Oman,1877,0
Oman,1878,0
Oman,1879,0
Oman,1880,0
Oman,1881,0
Oman,1882,0
Oman,1883,0
Oman,1884,0
Oman,1885,0
Oman,1886,0
Oman,1887,0
Oman,1888,0
Oman,1889,0
Oman,1890,0
Oman,1891,0
Oman,1892,0
Oman,1893,0
Oman,1894,0
Oman,1895,0
Oman,1896,0
Oman,1897,0
Oman,1898,0
Oman,1899,0
Oman,1900,0
Oman,1901,0
Oman,1902,0
Oman,1903,0
Oman,1904,0
Oman,1905,0
Oman,1906,0
Oman,1907,0
Oman,1908,0
Oman,1909,0
Oman,1910,0
Oman,1911,0
Oman,1912,0
Oman,1913,0
Oman,1914,0
Oman,1915,0
Oman,1916,0
Oman,1917,0
Oman,1918,0
Oman,1919,0
Oman,1920,0
Oman,1921,0
Oman,1922,0
Oman,1923,0
Oman,1924,0
Oman,1925,0
Oman,1926,0
Oman,1927,0
Oman,1928,0
Oman,1929,0
Oman,1930,0
Oman,1931,0
Oman,1932,0
Oman,1933,0
Oman,1934,0
Oman,1935,0
Oman,1936,0
Oman,1937,0
Oman,1938,0
Oman,1939,0
Oman,1940,0
Oman,1941,0
Oman,1942,0
Oman,1943,0
Oman,1944,0
Oman,1945,0
Oman,1946,0
Oman,1947,0
Oman,1948,0
Oman,1949,0
Oman,1950,0
Oman,1951,0
Oman,1952,0
Oman,1953,0
Oman,1954,0
Oman,1955,0
Oman,1956,0
Oman,1957,0
Oman,1958,0
Oman,1959,0
Oman,1960,0
Oman,1961,0
Oman,1962,0
Oman,1963,0
Oman,1964,0
Oman,1965,0
Oman,1966,0
Oman,1967,0
Oman,1968,0
Oman,1969,0
Oman,1970,0
Oman,1971,0
Oman,1972,0
Oman,1973,0
Oman,1974,0
Oman,1975,0
Oman,1976,3
Oman,1977,3
Oman,1978,3
Oman,1979,4
Oman,1980,4
Oman,1981,4
Oman,1982,10
Oman,1983,10
Oman,1984,22
Oman,1985,22
Oman,1986,34
Oman,1987,34
Oman,1988,40
Oman,1989,42
Oman,1990,46
Oman,1991,46
Oman,1992,47
Oman,1993,58
Oman,1994,80
Oman,1995,80
Oman,1996,115
Oman,1997,129
Oman,1998,157
Oman,1999,167
Oman,2000,181
Oman,2001,244
Oman,2002,251
Oman,2003,288
Oman,2004,333
Oman,2005,338
Oman,2006,358
Oman,2007,384
Oman,2008,410
Oman,2009,429
Oman,2010,443
Oman,2011,455
Oman,2012,481
Oman,2013,497
Oman,2014,516
Oman,2015,539
Oman,2016,547
Oman,2017,580
Oman,2018,589
Oman,2019,611
Oman,2020,611
Oman,2021,635
Oman,2022,648
Oman,2023,667
Oman,2024,690
Oman,2025,701
Oman,2026,701
Orkney,1872,0
Orkney,1873,0
Orkney,1874,0
Orkney,1875,0
Orkney,1876,0
Orkney,1877,0
Orkney,1878,0
Orkney,1879,0
Orkney,1880,0
Orkney,1881,0
Orkney,1882,0
Orkney,1883,0
Orkney,1884,0
Orkney,1885,0
Orkney,1886,0
Orkney,1887,0
Orkney,1888,0
Orkney,1889,0
Orkney,1890,0
Orkney,1891,0
Orkney,1892,0
Orkney,1893,0
Orkney,1894,0
Orkney,1895,0
Orkney,1896,0
Orkney,1897,0
Orkney,1898,0
Orkney,1899,0
Orkney,1900,0
Orkney,1901,0
Orkney,1902,0
Orkney,1903,0
Orkney,1904,0
Orkney,1905,0
Orkney,1906,0
Orkney,1907,0
Orkney,1908,0
Orkney,1909,0
Orkney,1910,0
Orkney,1911,0
Orkney,1912,0
Orkney,1913,0
Orkney,1914,0
Orkney,1915,0
Orkney,1916,0
Orkney,1917,0
Orkney,1918,0
Orkney,1919,0
Orkney,1920,0
Orkney,1921,0
Orkney,1922,0
Orkney,1923,0
Orkney,1924,0
Orkney,1925,0
Orkney,1926,0
Orkney,1927,0
Orkney,1928,0
Orkney,1929,0
Orkney,1930,0
Orkney,1931,0
Orkney,1932,0
Orkney,1933,0
Orkney,1934,0
Orkney,1935,0
Orkney,1936,0
Orkney,1937,0
Orkney,1938,0
Orkney,1939,0
Orkney,1940,0
Orkney,1941,0
Orkney,1942,0
Orkney,1943,0
Orkney,1944,0
Orkney,1945,0
Orkney,1946,0
Orkney,1947,0
Orkney,1948,0
Orkney,1949,0
Orkney,1950,0
Orkney,1951,0
Orkney,1952,0
Orkney,1953,0
Orkney,1954,0
Orkney,1955,0
Orkney,1956,0
Orkney,1957,0
Orkney,1958,0
Orkney,1959,0
Orkney,1960,0
Orkney,1961,0
Orkney,1962,0
Orkney,1963,0
Orkney,1964,0
Orkney,1965,0
Orkney,1966,0
Orkney,1967,0
Orkney,1968,0
Orkney,1969,0
Orkney,1970,0
Orkney,1971,0
Orkney,1972,0
Orkney,1973,0
Orkney,1974,0
Orkney,1975,0
Orkney,1976,0
Orkney,1977,0
Orkney,1978,0
Orkney,1979,0
Orkney,1980,0
Orkney,1981,0
Orkney,1982,0
Orkney,1983,0
Orkney,1984,0
Orkney,1985,0
Orkney,1986,0
Orkney,1987,0
Orkney,1988,0
Orkney,1989,0
Orkney,1990,0
Orkney,1991,0
Orkney,1992,0
Orkney,1993,0
Orkney,1994,0
Orkney,1995,0
Orkney,1996,0
Orkney,1997,0
Orkney,1998,0
Orkney,1999,0
Orkney,2000,0
Orkney,2001,2
Orkney,2002,2
Orkney,2003,6
Orkney,2004,6
Orkney,2005,13
Orkney,2006,13
Orkney,2007,13
Orkney,2008,13
Orkney,2009,13
Orkney,2010,13
Orkney,2011,13
Orkney,2012,13
Orkney,2013,13
Orkney,2014,13
Orkney,2015,13
Orkney,2016,13
Orkney,2017,19
Orkney,2018,19
Orkney,2019,23
Orkney,2020,23
Orkney,2021,23
Orkney,2022,23
Orkney,2023,28
Orkney,2024,28
Orkney,2025,38
Orkney,2026,38
Padania,1872,0
Padania,1873,0
Padania,1874,0
Padania,1875,0
Padania,1876,0
Padania,1877,0
Padania,1878,0
Padania,1879,0
Padania,1880,0
Padania,1881,0
Padania,1882,0
Padania,1883,0
Padania,1884,0
Padania,1885,0
Padania,1886,0
Padania,1887,0
Padania,1888,0
Padania,1889,0
Padania,1890,0
Padania,1891,0
Padania,1892,0
Padania,1893,0
Padania,1894,0
Padania,1895,0
Padania,1896,0
Padania,1897,0
Padania,1898,0
Padania,1899,0
Padania,1900,0
Padania,1901,0
Padania,1902,0
Padania,1903,0
Padania,1904,0
Padania,1905,0
Padania,1906,0
Padania,1907,0
Padania,1908,0
Padania,1909,0
Padania,1910,0
Padania,1911,0
Padania,1912,0
Padania,1913,0
Padania,1914,0
Padania,1915,0
Padania,1916,0
Padania,1917,0
Padania,1918,0
Padania,1919,0
Padania,1920,0
Padania,1921,0
Padania,1922,0
Padania,1923,0
Padania,1924,0
Padania,1925,0
Padania,1926,0
Padania,1927,0
Padania,1928,0
Padania,1929,0
Padania,1930,0
Padania,1931,0
Padania,1932,0
Padania,1933,0
Padania,1934,0
Padania,1935,0
Padania,1936,0
Padania,1937,0
Padania,1938,0
Padania,1939,0
Padania,1940,0
Padania,1941,0
Padania,1942,0
Padania,1943,0
Padania,1944,0
Padania,1945,0
Padania,1946,0
Padania,1947,0
Padania,1948,0
Padania,1949,0
Padania,1950,0
Padania,1951,0
Padania,1952,0
Padania,1953,0
Padania,1954,0
Padania,1955,0
Padania,1956,0
Padania,1957,0
Padania,1958,0
Padania,1959,0
Padania,1960,0
Padania,1961,0
Padania,1962,0
Padania,1963,0
Padania,1964,0
Padania,1965,0
Padania,1966,0
Padania,1967,0
Padania,1968,0
Padania,1969,0
Padania,1970,0
Padania,1971,0
Padania,1972,0
Padania,1973,0
Padania,1974,0
Padania,1975,0
Padania,1976,0
Padania,1977,0
Padania,1978,0
Padania,1979,0
Padania,1980,0
Padania,1981,0
Padania,1982,0
Padania,1983,0
Padania,1984,0
Padania,1985,0
Padania,1986,0
Padania,1987,0
Padania,1988,0
Padania,1989,0
Padania,1990,0
Padania,1991,0
Padania,1992,0
Padania,1993,0
Padania,1994,0
Padania,1995,0
Padania,1996,0
Padania,1997,0
Padania,1998,0
Padania,1999,0
Padania,2000,0
Padania,2001,0
Padania,2002,0
Padania,2003,0
Padania,2004,0
Padania,2005,0
Padania,2006,0
Padania,2007,0
Padania,2008,16
Padania,2009,25
Padania,2010,32
Padania,2011,32
Padania,2012,32
Padania,2013,32
Padania,2014,60
Padania,2015,73
Padania,2016,85
Padania,2017,90
Padania,2018,111
Padania,2019,121
Padania,2020,121
Padania,2021,121
Padania,2022,121
Padania,2023,121
Padania,2024,121
Padania,2025,121
Padania,2026,129
Pakistan,1872,0
Pakistan,1873,0
Pakistan,1874,0
Pakistan,1875,0
Pakistan,1876,0
Pakistan,1877,0
Pakistan,1878,0
Pakistan,1879,0
Pakistan,1880,0
Pakistan,1881,0
Pakistan,1882,0
Pakistan,1883,0
Pakistan,1884,0
Pakistan,1885,0
Pakistan,1886,0
Pakistan,1887,0
Pakistan,1888,0
Pakistan,1889,0
Pakistan,1890,0
Pakistan,1891,0
Pakistan,1892,0
Pakistan,1893,0
Pakistan,1894,0
Pakistan,1895,0
Pakistan,1896,0
Pakistan,1897,0
Pakistan,1898,0
Pakistan,1899,0
Pakistan,1900,0
Pakistan,1901,0
Pakistan,1902,0
Pakistan,1903,0
Pakistan,1904,0
Pakistan,1905,0
Pakistan,1906,0
Pakistan,1907,0
Pakistan,1908,0
Pakistan,1909,0
Pakistan,1910,0
Pakistan,1911,0
Pakistan,1912,0
Pakistan,1913,0
Pakistan,1914,0
Pakistan,1915,0
Pakistan,1916,0
Pakistan,1917,0
Pakistan,1918,0
Pakistan,1919,0
Pakistan,1920,0
Pakistan,1921,0
Pakistan,1922,0
Pakistan,1923,0
Pakistan,1924,0
Pakistan,1925,0
Pakistan,1926,0
Pakistan,1927,0
Pakistan,1928,0
Pakistan,1929,0
Pakistan,1930,0
Pakistan,1931,0
Pakistan,1932,0
Pakistan,1933,0
Pakistan,1934,0
Pakistan,1935,0
Pakistan,1936,0
Pakistan,1937,0
Pakistan,1938,0
Pakistan,1939,0
Pakistan,1940,0
Pakistan,1941,0
Pakistan,1942,0
Pakistan,1943,0
Pakistan,1944,0
Pakistan,1945,0
Pakistan,1946,0
Pakistan,1947,0
Pakistan,1948,0
Pakistan,1949,0
Pakistan,1950,0
Pakistan,1951,0
Pakistan,1952,3
Pakistan,1953,4
Pakistan,1954,16
Pakistan,1955,20
Pakistan,1956,21
Pakistan,1957,21
Pakistan,1958,29
Pakistan,1959,31
Pakistan,1960,46
Pakistan,1961,46
Pakistan,1962,49
Pakistan,1963,53
Pakistan,1964,53
Pakistan,1965,55
Pakistan,1966,55
Pakistan,1967,60
Pakistan,1968,60
Pakistan,1969,67
Pakistan,1970,68
Pakistan,1971,68
Pakistan,1972,68
Pakistan,1973,72
Pakistan,1974,81
Pakistan,1975,81
Pakistan,1976,83
Pakistan,1977,83
Pakistan,1978,83
Pakistan,1979,83
Pakistan,1980,83
Pakistan,1981,87
Pakistan,1982,88
Pakistan,1983,88
Pakistan,1984,92
Pakistan,1985,101
Pakistan,1986,110
Pakistan,1987,112
Pakistan,1988,113
Pakistan,1989,117
Pakistan,1990,118
Pakistan,1991,121
Pakistan,1992,121
Pakistan,1993,126
Pakistan,1994,126
Pakistan,1995,127
Pakistan,1996,127
Pakistan,1997,133
Pakistan,1998,133
Pakistan,1999,138
Pakistan,2000,138
Pakistan,2001,143
Pakistan,2002,145
Pakistan,2003,153
Pakistan,2004,153
Pakistan,2005,159
Pakistan,2006,166
Pakistan,2007,166
Pakistan,2008,182
Pakistan,2009,198
Pakistan,2010,198
Pakistan,2011,200
Pakistan,2012,200
Pakistan,2013,210
Pakistan,2014,214
Pakistan,2015,217
Pakistan,2016,217
Pakistan,2017,217
Pakistan,2018,224
Pakistan,2019,225
Pakistan,2020,225
Pakistan,2021,225
Pakistan,2022,225
Pakistan,2023,228
Pakistan,2024,228
Pakistan,2025,229
Pakistan,2026,236
Palau,1872,0
Palau,1873,0
Palau,1874,0
Palau,1875,0
Palau,1876,0
Palau,1877,0
Palau,1878,0
Palau,1879,0
Palau,1880,0
Palau,1881,0
Palau,1882,0
Palau,1883,0
Palau,1884,0
Palau,1885,0
Palau,1886,0
Palau,1887,0
Palau,1888,0
Palau,1889,0
Palau,1890,0
Palau,1891,0
Palau,1892,0
Palau,1893,0
Palau,1894,0
Palau,1895,0
Palau,1896,0
Palau,1897,0
Palau,1898,0
Palau,1899,0
Palau,1900,0
Palau,1901,0
Palau,1902,0
Palau,1903,0
Palau,1904,0
Palau,1905,0
Palau,1906,0
Palau,1907,0
Palau,1908,0
Palau,1909,0
Palau,1910,0
Palau,1911,0
Palau,1912,0
Palau,1913,0
Palau,1914,0
Palau,1915,0
Palau,1916,0
Palau,1917,0
Palau,1918,0
Palau,1919,0
Palau,1920,0
Palau,1921,0
Palau,1922,0
Palau,1923,0
Palau,1924,0
Palau,1925,0
Palau,1926,0
Palau,1927,0
Palau,1928,0
Palau,1929,0
Palau,1930,0
Palau,1931,0
Palau,1932,0
Palau,1933,0
Palau,1934,0
Palau,1935,0
Palau,1936,0
Palau,1937,0
Palau,1938,0
Palau,1939,0
Palau,1940,0
Palau,1941,0
Palau,1942,0
Palau,1943,0
Palau,1944,0
Palau,1945,0
Palau,1946,0
Palau,1947,0
Palau,1948,0
Palau,1949,0
Palau,1950,0
Palau,1951,0
Palau,1952,0
Palau,1953,0
Palau,1954,0
Palau,1955,0
Palau,1956,0
Palau,1957,0
Palau,1958,0
Palau,1959,0
Palau,1960,0
Palau,1961,0
Palau,1962,0
Palau,1963,0
Palau,1964,0
Palau,1965,0
Palau,1966,0
Palau,1967,0
Palau,1968,0
Palau,1969,0
Palau,1970,0
Palau,1971,0
Palau,1972,0
Palau,1973,0
Palau,1974,0
Palau,1975,0
Palau,1976,0
Palau,1977,0
Palau,1978,0
Palau,1979,0
Palau,1980,0
Palau,1981,0
Palau,1982,0
Palau,1983,0
Palau,1984,0
Palau,1985,0
Palau,1986,0
Palau,1987,2
Palau,1988,2
Palau,1989,2
Palau,1990,2
Palau,1991,2
Palau,1992,2
Palau,1993,2
Palau,1994,2
Palau,1995,2
Palau,1996,2
Palau,1997,2
Palau,1998,4
Palau,1999,4
Palau,2000,4
Palau,2001,4
Palau,2002,4
Palau,2003,4
Palau,2004,4
Palau,2005,4
Palau,2006,4
Palau,2007,4
Palau,2008,4
Palau,2009,4
Palau,2010,4
Palau,2011,4
Palau,2012,4
Palau,2013,4
Palau,2014,4
Palau,2015,4
Palau,2016,4
Palau,2017,4
Palau,2018,4
Palau,2019,4
Palau,2020,4
Palau,2021,4
Palau,2022,4
Palau,2023,4
Palau,2024,4
Palau,2025,4
Palau,2026,4
Palestine,1872,0
Palestine,1873,0
Palestine,1874,0
Palestine,1875,0
Palestine,1876,0
Palestine,1877,0
Palestine,1878,0
Palestine,1879,0
Palestine,1880,0
Palestine,1881,0
Palestine,1882,0
Palestine,1883,0
Palestine,1884,0
Palestine,1885,0
Palestine,1886,0
Palestine,1887,0
Palestine,1888,0
Palestine,1889,0
Palestine,1890,0
Palestine,1891,0
Palestine,1892,0
Palestine,1893,0
Palestine,1894,0
Palestine,1895,0
Palestine,1896,0
Palestine,1897,0
Palestine,1898,0
Palestine,1899,0
Palestine,1900,0
Palestine,1901,0
Palestine,1902,0
Palestine,1903,0
Palestine,1904,0
Palestine,1905,0
Palestine,1906,0
Palestine,1907,0
Palestine,1908,0
Palestine,1909,0
Palestine,1910,0
Palestine,1911,0
Palestine,1912,0
Palestine,1913,0
Palestine,1914,0
Palestine,1915,0
Palestine,1916,0
Palestine,1917,0
Palestine,1918,0
Palestine,1919,0
Palestine,1920,0
Palestine,1921,0
Palestine,1922,0
Palestine,1923,0
Palestine,1924,0
Palestine,1925,0
Palestine,1926,0
Palestine,1927,0
Palestine,1928,0
Palestine,1929,0
Palestine,1930,0
Palestine,1931,0
Palestine,1932,0
Palestine,1933,0
Palestine,1934,0
Palestine,1935,0
Palestine,1936,0
Palestine,1937,0
Palestine,1938,0
Palestine,1939,0
Palestine,1940,0
Palestine,1941,0
Palestine,1942,0
Palestine,1943,0
Palestine,1944,0
Palestine,1945,0
Palestine,1946,0
Palestine,1947,0
Palestine,1948,0
Palestine,1949,0
Palestine,1950,0
Palestine,1951,0
Palestine,1952,0
Palestine,1953,0
Palestine,1954,0
Palestine,1955,0
Palestine,1956,0
Palestine,1957,0
Palestine,1958,0
Palestine,1959,0
Palestine,1960,0
Palestine,1961,0
Palestine,1962,0
Palestine,1963,0
Palestine,1964,0
Palestine,1965,0
Palestine,1966,14
Palestine,1967,14
Palestine,1968,14
Palestine,1969,15
Palestine,1970,15
Palestine,1971,16
Palestine,1972,25
Palestine,1973,29
Palestine,1974,37
Palestine,1975,37
Palestine,1976,37
Palestine,1977,37
Palestine,1978,37
Palestine,1979,37
Palestine,1980,37
Palestine,1981,37
Palestine,1982,37
Palestine,1983,37
Palestine,1984,37
Palestine,1985,37
Palestine,1986,37
Palestine,1987,37
Palestine,1988,37
Palestine,1989,37
Palestine,1990,37
Palestine,1991,37
Palestine,1992,38
Palestine,1993,38
Palestine,1994,38
Palestine,1995,38
Palestine,1996,38
Palestine,1997,38
Palestine,1998,41
Palestine,1999,41
Palestine,2000,47
Palestine,2001,55
Palestine,2002,63
Palestine,2003,66
Palestine,2004,80
Palestine,2005,80
Palestine,2006,104
Palestine,2007,104
Palestine,2008,105
Palestine,2009,108
Palestine,2010,110
Palestine,2011,131
Palestine,2012,152
Palestine,2013,169
Palestine,2014,199
Palestine,2015,217
Palestine,2016,229
Palestine,2017,257
Palestine,2018,265
Palestine,2019,276
Palestine,2020,276
Palestine,2021,293
Palestine,2022,303
Palestine,2023,306
Palestine,2024,322
Palestine,2025,332
Palestine,2026,332
Panama,1872,0
Panama,1873,0
Panama,1874,0
Panama,1875,0
Panama,1876,0
Panama,1877,0
Panama,1878,0
Panama,1879,0
Panama,1880,0
Panama,1881,0
Panama,1882,0
Panama,1883,0
Panama,1884,0
Panama,1885,0
Panama,1886,0
Panama,1887,0
Panama,1888,0
Panama,1889,0
Panama,1890,0
Panama,1891,0
Panama,1892,0
Panama,1893,0
Panama,1894,0
Panama,1895,0
Panama,1896,0
Panama,1897,0
Panama,1898,0
Panama,1899,0
Panama,1900,0
Panama,1901,0
Panama,1902,0
Panama,1903,0
Panama,1904,0
Panama,1905,0
Panama,1906,0
Panama,1907,0
Panama,1908,0
Panama,1909,0
Panama,1910,0
Panama,1911,0
Panama,1912,0
Panama,1913,0
Panama,1914,0
Panama,1915,0
Panama,1916,0
Panama,1917,0
Panama,1918,0
Panama,1919,0
Panama,1920,0
Panama,1921,0
Panama,1922,0
Panama,1923,0
Panama,1924,0
Panama,1925,0
Panama,1926,0
Panama,1927,0
Panama,1928,0
Panama,1929,0
Panama,1930,0
Panama,1931,0
Panama,1932,0
Panama,1933,0
Panama,1934,0
Panama,1935,0
Panama,1936,0
Panama,1937,0
Panama,1938,7
Panama,1939,8
Panama,1940,8
Panama,1941,19
Panama,1942,19
Panama,1943,19
Panama,1944,19
Panama,1945,19
Panama,1946,53
Panama,1947,53
Panama,1948,72
Panama,1949,76
Panama,1950,76
Panama,1951,90
Panama,1952,95
Panama,1953,101
Panama,1954,101
Panama,1955,101
Panama,1956,106
Panama,1957,109
Panama,1958,109
Panama,1959,109
Panama,1960,109
Panama,1961,113
Panama,1962,113
Panama,1963,121
Panama,1964,121
Panama,1965,121
Panama,1966,125
Panama,1967,127
Panama,1968,127
Panama,1969,129
Panama,1970,129
Panama,1971,129
Panama,1972,134
Panama,1973,136
Panama,1974,138
Panama,1975,149
Panama,1976,156
Panama,1977,156
Panama,1978,156
Panama,1979,156
Panama,1980,159
Panama,1981,159
Panama,1982,159
Panama,1983,160
Panama,1984,165
Panama,1985,166
Panama,1986,169
Panama,1987,177
Panama,1988,178
Panama,1989,178
Panama,1990,178
Panama,1991,180
Panama,1992,182
Panama,1993,187
Panama,1994,187
Panama,1995,194
Panama,1996,215
Panama,1997,217
Panama,1998,217
Panama,1999,220
Panama,2000,240
Panama,2001,258
Panama,2002,258
Panama,2003,266
Panama,2004,290
Panama,2005,303
Panama,2006,310
Panama,2007,329
Panama,2008,334
Panama,2009,351
Panama,2010,367
Panama,2011,407
Panama,2012,419
Panama,2013,450
Panama,2014,456
Panama,2015,470
Panama,2016,485
Panama,2017,507
Panama,2018,513
Panama,2019,525
Panama,2020,529
Panama,2021,569
Panama,2022,590
Panama,2023,623
Panama,2024,640
Panama,2025,668
Panama,2026,679
Panjab,1872,0
Panjab,1873,0
Panjab,1874,0
Panjab,1875,0
Panjab,1876,0
Panjab,1877,0
Panjab,1878,0
Panjab,1879,0
Panjab,1880,0
Panjab,1881,0
Panjab,1882,0
Panjab,1883,0
Panjab,1884,0
Panjab,1885,0
Panjab,1886,0
Panjab,1887,0
Panjab,1888,0
Panjab,1889,0
Panjab,1890,0
Panjab,1891,0
Panjab,1892,0
Panjab,1893,0
Panjab,1894,0
Panjab,1895,0
Panjab,1896,0
Panjab,1897,0
Panjab,1898,0
Panjab,1899,0
Panjab,1900,0
Panjab,1901,0
Panjab,1902,0
Panjab,1903,0
Panjab,1904,0
Panjab,1905,0
Panjab,1906,0
Panjab,1907,0
Panjab,1908,0
Panjab,1909,0
Panjab,1910,0
Panjab,1911,0
Panjab,1912,0
Panjab,1913,0
Panjab,1914,0
Panjab,1915,0
Panjab,1916,0
Panjab,1917,0
Panjab,1918,0
Panjab,1919,0
Panjab,1920,0
Panjab,1921,0
Panjab,1922,0
Panjab,1923,0
Panjab,1924,0
Panjab,1925,0
Panjab,1926,0
Panjab,1927,0
Panjab,1928,0
Panjab,1929,0
Panjab,1930,0
Panjab,1931,0
Panjab,1932,0
Panjab,1933,0
Panjab,1934,0
Panjab,1935,0
Panjab,1936,0
Panjab,1937,0
Panjab,1938,0
Panjab,1939,0
Panjab,1940,0
Panjab,1941,0
Panjab,1942,0
Panjab,1943,0
Panjab,1944,0
Panjab,1945,0
Panjab,1946,0
Panjab,1947,0
Panjab,1948,0
Panjab,1949,0
Panjab,1950,0
Panjab,1951,0
Panjab,1952,0
Panjab,1953,0
Panjab,1954,0
Panjab,1955,0
Panjab,1956,0
Panjab,1957,0
Panjab,1958,0
Panjab,1959,0
Panjab,1960,0
Panjab,1961,0
Panjab,1962,0
Panjab,1963,0
Panjab,1964,0
Panjab,1965,0
Panjab,1966,0
Panjab,1967,0
Panjab,1968,0
Panjab,1969,0
Panjab,1970,0
Panjab,1971,0
Panjab,1972,0
Panjab,1973,0
Panjab,1974,0
Panjab,1975,0
Panjab,1976,0
Panjab,1977,0
Panjab,1978,0
Panjab,1979,0
Panjab,1980,0
Panjab,1981,0
Panjab,1982,0
Panjab,1983,0
Panjab,1984,0
Panjab,1985,0
Panjab,1986,0
Panjab,1987,0
Panjab,1988,0
Panjab,1989,0
Panjab,1990,0
Panjab,1991,0
Panjab,1992,0
Panjab,1993,0
Panjab,1994,0
Panjab,1995,0
Panjab,1996,0
Panjab,1997,0
Panjab,1998,0
Panjab,1999,0
Panjab,2000,0
Panjab,2001,0
Panjab,2002,0
Panjab,2003,0
Panjab,2004,0
Panjab,2005,0
Panjab,2006,0
Panjab,2007,0
Panjab,2008,0
Panjab,2009,0
Panjab,2010,0
Panjab,2011,0
Panjab,2012,0
Panjab,2013,0
Panjab,2014,0
Panjab,2015,14
Panjab,2016,24
Panjab,2017,26
Panjab,2018,48
Panjab,2019,54
Panjab,2020,54
Panjab,2021,54
Panjab,2022,54
Panjab,2023,54
Panjab,2024,54
Panjab,2025,54
Panjab,2026,54
Papua New Guinea,1872,0
Papua New Guinea,1873,0
Papua New Guinea,1874,0
Papua New Guinea,1875,0
Papua New Guinea,1876,0
Papua New Guinea,1877,0
Papua New Guinea,1878,0
Papua New Guinea,1879,0
Papua New Guinea,1880,0
Papua New Guinea,1881,0
Papua New Guinea,1882,0
Papua New Guinea,1883,0
Papua New Guinea,1884,0
Papua New Guinea,1885,0
Papua New Guinea,1886,0
Papua New Guinea,1887,0
Papua New Guinea,1888,0
Papua New Guinea,1889,0
Papua New Guinea,1890,0
Papua New Guinea,1891,0
Papua New Guinea,1892,0
Papua New Guinea,1893,0
Papua New Guinea,1894,0
Papua New Guinea,1895,0
Papua New Guinea,1896,0
Papua New Guinea,1897,0
Papua New Guinea,1898,0
Papua New Guinea,1899,0
Papua New Guinea,1900,0
Papua New Guinea,1901,0
Papua New Guinea,1902,0
Papua New Guinea,1903,0
Papua New Guinea,1904,0
Papua New Guinea,1905,0
Papua New Guinea,1906,0
Papua New Guinea,1907,0
Papua New Guinea,1908,0
Papua New Guinea,1909,0
Papua New Guinea,1910,0
Papua New Guinea,1911,0
Papua New Guinea,1912,0
Papua New Guinea,1913,0
Papua New Guinea,1914,0
Papua New Guinea,1915,0
Papua New Guinea,1916,0
Papua New Guinea,1917,0
Papua New Guinea,1918,0
Papua New Guinea,1919,0
Papua New Guinea,1920,0
Papua New Guinea,1921,0
Papua New Guinea,1922,0
Papua New Guinea,1923,0
Papua New Guinea,1924,0
Papua New Guinea,1925,0
Papua New Guinea,1926,0
Papua New Guinea,1927,0
Papua New Guinea,1928,0
Papua New Guinea,1929,0
Papua New Guinea,1930,0
Papua New Guinea,1931,0
Papua New Guinea,1932,0
Papua New Guinea,1933,0
Papua New Guinea,1934,0
Papua New Guinea,1935,0
Papua New Guinea,1936,0
Papua New Guinea,1937,0
Papua New Guinea,1938,0
Papua New Guinea,1939,0
Papua New Guinea,1940,0
Papua New Guinea,1941,0
Papua New Guinea,1942,0
Papua New Guinea,1943,0
Papua New Guinea,1944,0
Papua New Guinea,1945,0
Papua New Guinea,1946,0
Papua New Guinea,1947,0
Papua New Guinea,1948,0
Papua New Guinea,1949,0
Papua New Guinea,1950,0
Papua New Guinea,1951,0
Papua New Guinea,1952,0
Papua New Guinea,1953,0
Papua New Guinea,1954,0
Papua New Guinea,1955,0
Papua New Guinea,1956,0
Papua New Guinea,1957,0
Papua New Guinea,1958,0
Papua New Guinea,1959,0
Papua New Guinea,1960,0
Papua New Guinea,1961,0
Papua New Guinea,1962,0
Papua New Guinea,1963,1
Papua New Guinea,1964,1
Papua New Guinea,1965,1
Papua New Guinea,1966,15
Papua New Guinea,1967,15
Papua New Guinea,1968,15
Papua New Guinea,1969,26
Papua New Guinea,1970,26
Papua New Guinea,1971,45
Papua New Guinea,1972,45
Papua New Guinea,1973,45
Papua New Guinea,1974,45
Papua New Guinea,1975,48
Papua New Guinea,1976,48
Papua New Guinea,1977,48
Papua New Guinea,1978,48
Papua New Guinea,1979,63
Papua New Guinea,1980,69
Papua New Guinea,1981,83
Papua New Guinea,1982,83
Papua New Guinea,1983,105
Papua New Guinea,1984,109
Papua New Guinea,1985,111
Papua New Guinea,1986,111
Papua New Guinea,1987,137
Papua New Guinea,1988,137
Papua New Guinea,1989,142
Papua New Guinea,1990,143
Papua New Guinea,1991,148
Papua New Guinea,1992,148
Papua New Guinea,1993,154
Papua New Guinea,1994,156
Papua New Guinea,1995,167
Papua New Guinea,1996,170
Papua New Guinea,1997,172
Papua New Guinea,1998,176
Papua New Guinea,1999,176
Papua New Guinea,2000,180
Papua New Guinea,2001,180
Papua New Guinea,2002,202
Papua New Guinea,2003,217
Papua New Guinea,2004,234
Papua New Guinea,2005,234
Papua New Guinea,2006,234
Papua New Guinea,2007,235
Papua New Guinea,2008,235
Papua New Guinea,2009,235
Papua New Guinea,2010,235
Papua New Guinea,2011,257
Papua New Guinea,2012,259
Papua New Guinea,2013,259
Papua New Guinea,2014,260
Papua New Guinea,2015,260
Papua New Guinea,2016,275
Papua New Guinea,2017,281
Papua New Guinea,2018,281
Papua New Guinea,2019,298
Papua New Guinea,2020,298
Papua New Guinea,2021,298
Papua New Guinea,2022,305
Papua New Guinea,2023,316
Papua New Guinea,2024,331
Papua New Guinea,2025,336
Papua New Guinea,2026,336
Paraguay,1872,0
Paraguay,1873,0
Paraguay,1874,0
Paraguay,1875,0
Paraguay,1876,0
Paraguay,1877,0
Paraguay,1878,0
Paraguay,1879,0
Paraguay,1880,0
Paraguay,1881,0
Paraguay,1882,0
Paraguay,1883,0
Paraguay,1884,0
Paraguay,1885,0
Paraguay,1886,0
Paraguay,1887,0
Paraguay,1888,0
Paraguay,1889,0
Paraguay,1890,0
Paraguay,1891,0
Paraguay,1892,0
Paraguay,1893,0
Paraguay,1894,0
Paraguay,1895,0
Paraguay,1896,0
Paraguay,1897,0
Paraguay,1898,0
Paraguay,1899,0
Paraguay,1900,0
Paraguay,1901,0
Paraguay,1902,0
Paraguay,1903,0
Paraguay,1904,0
Paraguay,1905,0
Paraguay,1906,0
Paraguay,1907,0
Paraguay,1908,0
Paraguay,1909,0
Paraguay,1910,0
Paraguay,1911,0
Paraguay,1912,0
Paraguay,1913,0
Paraguay,1914,0
Paraguay,1915,0
Paraguay,1916,0
Paraguay,1917,0
Paraguay,1918,0
Paraguay,1919,3
Paraguay,1920,3
Paraguay,1921,12
Paraguay,1922,18
Paraguay,1923,24
Paraguay,1924,31
Paraguay,1925,40
Paraguay,1926,50
Paraguay,1927,50
Paraguay,1928,54
Paraguay,1929,63
Paraguay,1930,64
Paraguay,1931,67
Paraguay,1932,67
Paraguay,1933,67
Paraguay,1934,67
Paraguay,1935,67
Paraguay,1936,67
Paraguay,1937,75
Paraguay,1938,75
Paraguay,1939,87
Paraguay,1940,88
Paraguay,1941,88
Paraguay,1942,99
Paraguay,1943,103
Paraguay,1944,103
Paraguay,1945,114
Paraguay,1946,122
Paraguay,1947,138
Paraguay,1948,138
Paraguay,1949,159
Paraguay,1950,169
Paraguay,1951,169
Paraguay,1952,169
Paraguay,1953,183
Paraguay,1954,196
Paraguay,1955,206
Paraguay,1956,213
Paraguay,1957,235
Paraguay,1958,246
Paraguay,1959,267
Paraguay,1960,271
Paraguay,1961,276
Paraguay,1962,279
Paraguay,1963,305
Paraguay,1964,309
Paraguay,1965,322
Paraguay,1966,330
Paraguay,1967,340
Paraguay,1968,343
Paraguay,1969,352
Paraguay,1970,353
Paraguay,1971,360
Paraguay,1972,374
Paraguay,1973,384
Paraguay,1974,384
Paraguay,1975,392
Paraguay,1976,401
Paraguay,1977,421
Paraguay,1978,421
Paraguay,1979,441
Paraguay,1980,448
Paraguay,1981,451
Paraguay,1982,451
Paraguay,1983,466
Paraguay,1984,466
Paraguay,1985,486
Paraguay,1986,506
Paraguay,1987,509
Paraguay,1988,522
Paraguay,1989,558
Paraguay,1990,558
Paraguay,1991,567
Paraguay,1992,567
Paraguay,1993,578
Paraguay,1994,578
Paraguay,1995,594
Paraguay,1996,609
Paraguay,1997,628
Paraguay,1998,644
Paraguay,1999,667
Paraguay,2000,687
Paraguay,2001,705
Paraguay,2002,718
Paraguay,2003,733
Paraguay,2004,742
Paraguay,2005,764
Paraguay,2006,774
Paraguay,2007,796
Paraguay,2008,808
Paraguay,2009,816
Paraguay,2010,838
Paraguay,2011,861
Paraguay,2012,876
Paraguay,2013,890
Paraguay,2014,897
Paraguay,2015,910
Paraguay,2016,919
Paraguay,2017,928
Paraguay,2018,931
Paraguay,2019,945
Paraguay,2020,951
Paraguay,2021,962
Paraguay,2022,970
Paraguay,2023,975
Paraguay,2024,986
Paraguay,2025,997
Paraguay,2026,1006
Parishes of Jersey,1872,0
Parishes of Jersey,1873,0
Parishes of Jersey,1874,0
Parishes of Jersey,1875,0
Parishes of Jersey,1876,0
Parishes of Jersey,1877,0
Parishes of Jersey,1878,0
Parishes of Jersey,1879,0
Parishes of Jersey,1880,0
Parishes of Jersey,1881,0
Parishes of Jersey,1882,0
Parishes of Jersey,1883,0
Parishes of Jersey,1884,0
Parishes of Jersey,1885,0
Parishes of Jersey,1886,0
Parishes of Jersey,1887,0
Parishes of Jersey,1888,0
Parishes of Jersey,1889,0
Parishes of Jersey,1890,0
Parishes of Jersey,1891,0
Parishes of Jersey,1892,0
Parishes of Jersey,1893,0
Parishes of Jersey,1894,0
Parishes of Jersey,1895,0
Parishes of Jersey,1896,0
Parishes of Jersey,1897,0
Parishes of Jersey,1898,0
Parishes of Jersey,1899,0
Parishes of Jersey,1900,0
Parishes of Jersey,1901,0
Parishes of Jersey,1902,0
Parishes of Jersey,1903,0
Parishes of Jersey,1904,0
Parishes of Jersey,1905,0
Parishes of Jersey,1906,0
Parishes of Jersey,1907,0
Parishes of Jersey,1908,0
Parishes of Jersey,1909,0
Parishes of Jersey,1910,0
Parishes of Jersey,1911,0
Parishes of Jersey,1912,0
Parishes of Jersey,1913,0
Parishes of Jersey,1914,0
Parishes of Jersey,1915,0
Parishes of Jersey,1916,0
Parishes of Jersey,1917,0
Parishes of Jersey,1918,0
Parishes of Jersey,1919,0
Parishes of Jersey,1920,0
Parishes of Jersey,1921,0
Parishes of Jersey,1922,0
Parishes of Jersey,1923,0
Parishes of Jersey,1924,0
Parishes of Jersey,1925,0
Parishes of Jersey,1926,0
Parishes of Jersey,1927,0
Parishes of Jersey,1928,0
Parishes of Jersey,1929,0
Parishes of Jersey,1930,0
Parishes of Jersey,1931,0
Parishes of Jersey,1932,0
Parishes of Jersey,1933,0
Parishes of Jersey,1934,0
Parishes of Jersey,1935,0
Parishes of Jersey,1936,0
Parishes of Jersey,1937,0
Parishes of Jersey,1938,0
Parishes of Jersey,1939,0
Parishes of Jersey,1940,0
Parishes of Jersey,1941,0
Parishes of Jersey,1942,0
Parishes of Jersey,1943,0
Parishes of Jersey,1944,0
Parishes of Jersey,1945,0
Parishes of Jersey,1946,0
Parishes of Jersey,1947,0
Parishes of Jersey,1948,0
Parishes of Jersey,1949,0
Parishes of Jersey,1950,0
Parishes of Jersey,1951,0
Parishes of Jersey,1952,0
Parishes of Jersey,1953,0
Parishes of Jersey,1954,0
Parishes of Jersey,1955,0
Parishes of Jersey,1956,0
Parishes of Jersey,1957,0
Parishes of Jersey,1958,0
Parishes of Jersey,1959,0
Parishes of Jersey,1960,0
Parishes of Jersey,1961,0
Parishes of Jersey,1962,0
Parishes of Jersey,1963,0
Parishes of Jersey,1964,0
Parishes of Jersey,1965,0
Parishes of Jersey,1966,0
Parishes of Jersey,1967,0
Parishes of Jersey,1968,0
Parishes of Jersey,1969,0
Parishes of Jersey,1970,0
Parishes of Jersey,1971,0
Parishes of Jersey,1972,0
Parishes of Jersey,1973,0
Parishes of Jersey,1974,0
Parishes of Jersey,1975,0
Parishes of Jersey,1976,0
Parishes of Jersey,1977,0
Parishes of Jersey,1978,0
Parishes of Jersey,1979,0
Parishes of Jersey,1980,0
Parishes of Jersey,1981,0
Parishes of Jersey,1982,0
Parishes of Jersey,1983,0
Parishes of Jersey,1984,0
Parishes of Jersey,1985,0
Parishes of Jersey,1986,0
Parishes of Jersey,1987,0
Parishes of Jersey,1988,0
Parishes of Jersey,1989,0
Parishes of Jersey,1990,0
Parishes of Jersey,1991,0
Parishes of Jersey,1992,0
Parishes of Jersey,1993,0
Parishes of Jersey,1994,0
Parishes of Jersey,1995,0
Parishes of Jersey,1996,0
Parishes of Jersey,1997,0
Parishes of Jersey,1998,0
Parishes of Jersey,1999,0
Parishes of Jersey,2000,0
Parishes of Jersey,2001,0
Parishes of Jersey,2002,0
Parishes of Jersey,2003,0
Parishes of Jersey,2004,0
Parishes of Jersey,2005,0
Parishes of Jersey,2006,0
Parishes of Jersey,2007,0
Parishes of Jersey,2008,0
Parishes of Jersey,2009,0
Parishes of Jersey,2010,0
Parishes of Jersey,2011,0
Parishes of Jersey,2012,0
Parishes of Jersey,2013,0
Parishes of Jersey,2014,0
Parishes of Jersey,2015,0
Parishes of Jersey,2016,0
Parishes of Jersey,2017,0
Parishes of Jersey,2018,2
Parishes of Jersey,2019,11
Parishes of Jersey,2020,11
Parishes of Jersey,2021,11
Parishes of Jersey,2022,11
Parishes of Jersey,2023,11
Parishes of Jersey,2024,11
Parishes of Jersey,2025,11
Parishes of Jersey,2026,11
Peru,1872,0
Peru,1873,0
Peru,1874,0
Peru,1875,0
Peru,1876,0
Peru,1877,0
Peru,1878,0
Peru,1879,0
Peru,1880,0
Peru,1881,0
Peru,1882,0
Peru,1883,0
Peru,1884,0
Peru,1885,0
Peru,1886,0
Peru,1887,0
Peru,1888,0
Peru,1889,0
Peru,1890,0
Peru,1891,0
Peru,1892,0
Peru,1893,0
Peru,1894,0
Peru,1895,0
Peru,1896,0
Peru,1897,0
Peru,1898,0
Peru,1899,0
Peru,1900,0
Peru,1901,0
Peru,1902,0
Peru,1903,0
Peru,1904,0
Peru,1905,0
Peru,1906,0
Peru,1907,0
Peru,1908,0
Peru,1909,0
Peru,1910,0
Peru,1911,0
Peru,1912,0
Peru,1913,0
Peru,1914,0
Peru,1915,0
Peru,1916,0
Peru,1917,0
Peru,1918,0
Peru,1919,0
Peru,1920,0
Peru,1921,0
Peru,1922,0
Peru,1923,0
Peru,1924,0
Peru,1925,0
Peru,1926,0
Peru,1927,4
Peru,1928,4
Peru,1929,5
Peru,1930,6
Peru,1931,6
Peru,1932,6
Peru,1933,6
Peru,1934,6
Peru,1935,8
Peru,1936,10
Peru,1937,15
Peru,1938,33
Peru,1939,46
Peru,1940,46
Peru,1941,53
Peru,1942,58
Peru,1943,58
Peru,1944,58
Peru,1945,58
Peru,1946,58
Peru,1947,70
Peru,1948,70
Peru,1949,90
Peru,1950,90
Peru,1951,90
Peru,1952,104
Peru,1953,114
Peru,1954,119
Peru,1955,132
Peru,1956,144
Peru,1957,158
Peru,1958,158
Peru,1959,172
Peru,1960,173
Peru,1961,176
Peru,1962,176
Peru,1963,184
Peru,1964,184
Peru,1965,193
Peru,1966,194
Peru,1967,196
Peru,1968,206
Peru,1969,230
Peru,1970,256
Peru,1971,257
Peru,1972,269
Peru,1973,289
Peru,1974,289
Peru,1975,307
Peru,1976,308
Peru,1977,331
Peru,1978,344
Peru,1979,355
Peru,1980,356
Peru,1981,364
Peru,1982,374
Peru,1983,384
Peru,1984,387
Peru,1985,409
Peru,1986,411
Peru,1987,416
Peru,1988,418
Peru,1989,434
Peru,1990,434
Peru,1991,446
Peru,1992,447
Peru,1993,462
Peru,1994,466
Peru,1995,479
Peru,1996,497
Peru,1997,518
Peru,1998,518
Peru,1999,537
Peru,2000,551
Peru,2001,562
Peru,2002,562
Peru,2003,587
Peru,2004,604
Peru,2005,615
Peru,2006,622
Peru,2007,636
Peru,2008,644
Peru,2009,652
Peru,2010,659
Peru,2011,675
Peru,2012,685
Peru,2013,699
Peru,2014,710
Peru,2015,725
Peru,2016,750
Peru,2017,765
Peru,2018,785
Peru,2019,796
Peru,2020,800
Peru,2021,821
Peru,2022,836
Peru,2023,839
Peru,2024,848
Peru,2025,854
Peru,2026,859
Philippines,1872,0
Philippines,1873,0
Philippines,1874,0
Philippines,1875,0
Philippines,1876,0
Philippines,1877,0
Philippines,1878,0
Philippines,1879,0
Philippines,1880,0
Philippines,1881,0
Philippines,1882,0
Philippines,1883,0
Philippines,1884,0
Philippines,1885,0
Philippines,1886,0
Philippines,1887,0
Philippines,1888,0
Philippines,1889,0
Philippines,1890,0
Philippines,1891,0
Philippines,1892,0
Philippines,1893,0
Philippines,1894,0
Philippines,1895,0
Philippines,1896,0
Philippines,1897,0
Philippines,1898,0
Philippines,1899,0
Philippines,1900,0
Philippines,1901,0
Philippines,1902,0
Philippines,1903,0
Philippines,1904,0
Philippines,1905,0
Philippines,1906,0
Philippines,1907,0
Philippines,1908,0
Philippines,1909,0
Philippines,1910,0
Philippines,1911,0
Philippines,1912,0
Philippines,1913,2
Philippines,1914,2
Philippines,1915,2
Philippines,1916,2
Philippines,1917,32
Philippines,1918,32
Philippines,1919,35
Philippines,1920,35
Philippines,1921,41
Philippines,1922,41
Philippines,1923,43
Philippines,1924,43
Philippines,1925,48
Philippines,1926,48
Philippines,1927,50
Philippines,1928,50
Philippines,1929,50
Philippines,1930,52
Philippines,1931,52
Philippines,1932,52
Philippines,1933,52
Philippines,1934,58
Philippines,1935,58
Philippines,1936,58
Philippines,1937,58
Philippines,1938,58
Philippines,1939,58
Philippines,1940,58
Philippines,1941,58
Philippines,1942,58
Philippines,1943,58
Philippines,1944,58
Philippines,1945,58
Philippines,1946,58
Philippines,1947,58
Philippines,1948,58
Philippines,1949,58
Philippines,1950,58
Philippines,1951,58
Philippines,1952,58
Philippines,1953,59
Philippines,1954,61
Philippines,1955,61
Philippines,1956,61
Philippines,1957,61
Philippines,1958,66
Philippines,1959,70
Philippines,1960,70
Philippines,1961,70
Philippines,1962,71
Philippines,1963,71
Philippines,1964,71
Philippines,1965,71
Philippines,1966,71
Philippines,1967,71
Philippines,1968,71
Philippines,1969,71
Philippines,1970,71
Philippines,1971,81
Philippines,1972,92
Philippines,1973,92
Philippines,1974,92
Philippines,1975,92
Philippines,1976,92
Philippines,1977,97
Philippines,1978,97
Philippines,1979,97
Philippines,1980,97
Philippines,1981,97
Philippines,1982,97
Philippines,1983,97
Philippines,1984,100
Philippines,1985,101
Philippines,1986,101
Philippines,1987,101
Philippines,1988,101
Philippines,1989,102
Philippines,1990,102
Philippines,1991,110
Philippines,1992,110
Philippines,1993,111
Philippines,1994,111
Philippines,1995,113
Philippines,1996,114
Philippines,1997,115
Philippines,1998,119
Philippines,1999,122
Philippines,2000,124
Philippines,2001,126
Philippines,2002,129
Philippines,2003,129
Philippines,2004,133
Philippines,2005,133
Philippines,2006,147
Philippines,2007,148
Philippines,2008,158
Philippines,2009,161
Philippines,2010,177
Philippines,2011,199
Philippines,2012,232
Philippines,2013,248
Philippines,2014,282
Philippines,2015,290
Philippines,2016,300
Philippines,2017,315
Philippines,2018,331
Philippines,2019,340
Philippines,2020,340
Philippines,2021,356
Philippines,2022,364
Philippines,2023,373
Philippines,2024,388
Philippines,2025,403
Philippines,2026,413
Poland,1872,0
Poland,1873,0
Poland,1874,0
Poland,1875,0
Poland,1876,0
Poland,1877,0
Poland,1878,0
Poland,1879,0
Poland,1880,0
Poland,1881,0
Poland,1882,0
Poland,1883,0
Poland,1884,0
Poland,1885,0
Poland,1886,0
Poland,1887,0
Poland,1888,0
Poland,1889,0
Poland,1890,0
Poland,1891,0
Poland,1892,0
Poland,1893,0
Poland,1894,0
Poland,1895,0
Poland,1896,0
Poland,1897,0
Poland,1898,0
Poland,1899,0
Poland,1900,0
Poland,1901,0
Poland,1902,0
Poland,1903,0
Poland,1904,0
Poland,1905,0
Poland,1906,0
Poland,1907,0
Poland,1908,0
Poland,1909,0
Poland,1910,0
Poland,1911,0
Poland,1912,0
Poland,1913,0
Poland,1914,0
Poland,1915,0
Poland,1916,0
Poland,1917,0
Poland,1918,0
Poland,1919,0
Poland,1920,0
Poland,1921,0
Poland,1922,6
Poland,1923,17
Poland,1924,23
Poland,1925,29
Poland,1926,50
Poland,1927,53
Poland,1928,60
Poland,1929,60
Poland,1930,69
Poland,1931,83
Poland,1932,95
Poland,1933,102
Poland,1934,118
Poland,1935,127
Poland,1936,137
Poland,1937,154
Poland,1938,178
Poland,1939,186
Poland,1940,186
Poland,1941,186
Poland,1942,186
Poland,1943,186
Poland,1944,186
Poland,1945,186
Poland,1946,186
Poland,1947,200
Poland,1948,207
Poland,1949,216
Poland,1950,223
Poland,1951,223
Poland,1952,229
Poland,1953,238
Poland,1954,241
Poland,1955,247
Poland,1956,260
Poland,1957,270
Poland,1958,279
Poland,1959,292
Poland,1960,303
Poland,1961,314
Poland,1962,325
Poland,1963,345
Poland,1964,358
Poland,1965,370
Poland,1966,384
Poland,1967,392
Poland,1968,413
Poland,1969,442
Poland,1970,461
Poland,1971,472
Poland,1972,477
Poland,1973,505
Poland,1974,538
Poland,1975,571
Poland,1976,580
Poland,1977,602
Poland,1978,625
Poland,1979,646
Poland,1980,674
Poland,1981,691
Poland,1982,710
Poland,1983,717
Poland,1984,733
Poland,1985,747
Poland,1986,755
Poland,1987,775
Poland,1988,793
Poland,1989,811
Poland,1990,831
Poland,1991,846
Poland,1992,859
Poland,1993,871
Poland,1994,886
Poland,1995,903
Poland,1996,911
Poland,1997,932
Poland,1998,951
Poland,1999,963
Poland,2000,972
Poland,2001,993
Poland,2002,1009
Poland,2003,1041
Poland,2004,1063
Poland,2005,1098
Poland,2006,1120
Poland,2007,1146
Poland,2008,1164
Poland,2009,1183
Poland,2010,1205
Poland,2011,1219
Poland,2012,1238
Poland,2013,1256
Poland,2014,1279
Poland,2015,1304
Poland,2016,1326
Poland,2017,1344
Poland,2018,1360
Poland,2019,1378
Poland,2020,1391
Poland,2021,1428
Poland,2022,1441
Poland,2023,1454
Poland,2024,1476
Poland,2025,1493
Poland,2026,1499
Portugal,1872,0
Portugal,1873,0
Portugal,1874,0
Portugal,1875,0
Portugal,1876,0
Portugal,1877,0
Portugal,1878,0
Portugal,1879,0
Portugal,1880,0
Portugal,1881,0
Portugal,1882,0
Portugal,1883,0
Portugal,1884,0
Portugal,1885,0
Portugal,1886,0
Portugal,1887,0
Portugal,1888,0
Portugal,1889,0
Portugal,1890,0
Portugal,1891,0
Portugal,1892,0
Portugal,1893,0
Portugal,1894,0
Portugal,1895,0
Portugal,1896,0
Portugal,1897,0
Portugal,1898,0
Portugal,1899,0
Portugal,1900,0
Portugal,1901,0
Portugal,1902,0
Portugal,1903,0
Portugal,1904,0
Portugal,1905,0
Portugal,1906,0
Portugal,1907,0
Portugal,1908,0
Portugal,1909,0
Portugal,1910,0
Portugal,1911,0
Portugal,1912,0
Portugal,1913,0
Portugal,1914,0
Portugal,1915,0
Portugal,1916,0
Portugal,1917,0
Portugal,1918,0
Portugal,1919,0
Portugal,1920,0
Portugal,1921,1
Portugal,1922,2
Portugal,1923,2
Portugal,1924,2
Portugal,1925,3
Portugal,1926,8
Portugal,1927,13
Portugal,1928,27
Portugal,1929,28
Portugal,1930,32
Portugal,1931,35
Portugal,1932,38
Portugal,1933,39
Portugal,1934,40
Portugal,1935,43
Portugal,1936,46
Portugal,1937,48
Portugal,1938,55
Portugal,1939,57
Portugal,1940,59
Portugal,1941,62
Portugal,1942,65
Portugal,1943,65
Portugal,1944,65
Portugal,1945,69
Portugal,1946,74
Portugal,1947,84
Portugal,1948,86
Portugal,1949,91
Portugal,1950,99
Portugal,1951,104
Portugal,1952,106
Portugal,1953,110
Portugal,1954,111
Portugal,1955,121
Portugal,1956,129
Portugal,1957,134
Portugal,1958,135
Portugal,1959,147
Portugal,1960,151
Portugal,1961,160
Portugal,1962,166
Portugal,1963,167
Portugal,1964,179
Portugal,1965,188
Portugal,1966,218
Portugal,1967,224
Portugal,1968,229
Portugal,1969,232
Portugal,1970,234
Portugal,1971,243
Portugal,1972,265
Portugal,1973,272
Portugal,1974,272
Portugal,1975,280
Portugal,1976,286
Portugal,1977,296
Portugal,1978,301
Portugal,1979,307
Portugal,1980,314
Portugal,1981,325
Portugal,1982,334
Portugal,1983,342
Portugal,1984,354
Portugal,1985,364
Portugal,1986,372
Portugal,1987,378
Portugal,1988,379
Portugal,1989,397
Portugal,1990,400
Portugal,1991,413
Portugal,1992,418
Portugal,1993,437
Portugal,1994,453
Portugal,1995,471
Portugal,1996,484
Portugal,1997,491
Portugal,1998,501
Portugal,1999,531
Portugal,2000,560
Portugal,2001,595
Portugal,2002,613
Portugal,2003,637
Portugal,2004,676
Portugal,2005,700
Portugal,2006,727
Portugal,2007,746
Portugal,2008,770
Portugal,2009,789
Portugal,2010,818
Portugal,2011,844
Portugal,2012,861
Portugal,2013,884
Portugal,2014,903
Portugal,2015,915
Portugal,2016,957
Portugal,2017,992
Portugal,2018,1014
Portugal,2019,1040
Portugal,2020,1059
Portugal,2021,1093
Portugal,2022,1125
Portugal,2023,1161
Portugal,2024,1192
Portugal,2025,1221
Portugal,2026,1235
Provence,1872,0
Provence,1873,0
Provence,1874,0
Provence,1875,0
Provence,1876,0
Provence,1877,0
Provence,1878,0
Provence,1879,0
Provence,1880,0
Provence,1881,0
Provence,1882,0
Provence,1883,0
Provence,1884,0
Provence,1885,0
Provence,1886,0
Provence,1887,0
Provence,1888,0
Provence,1889,0
Provence,1890,0
Provence,1891,0
Provence,1892,0
Provence,1893,0
Provence,1894,0
Provence,1895,0
Provence,1896,0
Provence,1897,0
Provence,1898,0
Provence,1899,0
Provence,1900,0
Provence,1901,0
Provence,1902,0
Provence,1903,0
Provence,1904,0
Provence,1905,0
Provence,1906,0
Provence,1907,0
Provence,1908,0
Provence,1909,0
Provence,1910,0
Provence,1911,0
Provence,1912,0
Provence,1913,0
Provence,1914,0
Provence,1915,0
Provence,1916,0
Provence,1917,0
Provence,1918,0
Provence,1919,0
Provence,1920,0
Provence,1921,0
Provence,1922,0
Provence,1923,0
Provence,1924,0
Provence,1925,0
Provence,1926,0
Provence,1927,0
Provence,1928,0
Provence,1929,0
Provence,1930,0
Provence,1931,0
Provence,1932,0
Provence,1933,0
Provence,1934,0
Provence,1935,0
Provence,1936,0
Provence,1937,0
Provence,1938,0
Provence,1939,0
Provence,1940,0
Provence,1941,0
Provence,1942,0
Provence,1943,0
Provence,1944,0
Provence,1945,0
Provence,1946,0
Provence,1947,0
Provence,1948,0
Provence,1949,0
Provence,1950,0
Provence,1951,0
Provence,1952,0
Provence,1953,0
Provence,1954,0
Provence,1955,0
Provence,1956,0
Provence,1957,0
Provence,1958,0
Provence,1959,0
Provence,1960,0
Provence,1961,0
Provence,1962,0
Provence,1963,0
Provence,1964,0
Provence,1965,0
Provence,1966,0
Provence,1967,0
Provence,1968,0
Provence,1969,0
Provence,1970,0
Provence,1971,0
Provence,1972,0
Provence,1973,0
Provence,1974,0
Provence,1975,0
Provence,1976,0
Provence,1977,0
Provence,1978,0
Provence,1979,0
Provence,1980,0
Provence,1981,0
Provence,1982,0
Provence,1983,0
Provence,1984,0
Provence,1985,0
Provence,1986,0
Provence,1987,0
Provence,1988,0
Provence,1989,0
Provence,1990,0
Provence,1991,0
Provence,1992,0
Provence,1993,0
Provence,1994,0
Provence,1995,0
Provence,1996,0
Provence,1997,0
Provence,1998,0
Provence,1999,0
Provence,2000,0
Provence,2001,0
Provence,2002,0
Provence,2003,0
Provence,2004,0
Provence,2005,0
Provence,2006,0
Provence,2007,0
Provence,2008,6
Provence,2009,15
Provence,2010,21
Provence,2011,21
Provence,2012,44
Provence,2013,73
Provence,2014,73
Provence,2015,73
Provence,2016,73
Provence,2017,73
Provence,2018,73
Provence,2019,73
Provence,2020,73
Provence,2021,73
Provence,2022,73
Provence,2023,73
Provence,2024,73
Provence,2025,73
Provence,2026,73
Puerto Rico,1872,0
Puerto Rico,1873,0
Puerto Rico,1874,0
Puerto Rico,1875,0
Puerto Rico,1876,0
Puerto Rico,1877,0
Puerto Rico,1878,0
Puerto Rico,1879,0
Puerto Rico,1880,0
Puerto Rico,1881,0
Puerto Rico,1882,0
Puerto Rico,1883,0
Puerto Rico,1884,0
Puerto Rico,1885,0
Puerto Rico,1886,0
Puerto Rico,1887,0
Puerto Rico,1888,0
Puerto Rico,1889,0
Puerto Rico,1890,0
Puerto Rico,1891,0
Puerto Rico,1892,0
Puerto Rico,1893,0
Puerto Rico,1894,0
Puerto Rico,1895,0
Puerto Rico,1896,0
Puerto Rico,1897,0
Puerto Rico,1898,0
Puerto Rico,1899,0
Puerto Rico,1900,0
Puerto Rico,1901,0
Puerto Rico,1902,0
Puerto Rico,1903,0
Puerto Rico,1904,0
Puerto Rico,1905,0
Puerto Rico,1906,0
Puerto Rico,1907,0
Puerto Rico,1908,0
Puerto Rico,1909,0
Puerto Rico,1910,0
Puerto Rico,1911,0
Puerto Rico,1912,0
Puerto Rico,1913,0
Puerto Rico,1914,0
Puerto Rico,1915,0
Puerto Rico,1916,0
Puerto Rico,1917,0
Puerto Rico,1918,0
Puerto Rico,1919,0
Puerto Rico,1920,0
Puerto Rico,1921,0
Puerto Rico,1922,0
Puerto Rico,1923,0
Puerto Rico,1924,0
Puerto Rico,1925,0
Puerto Rico,1926,0
Puerto Rico,1927,0
Puerto Rico,1928,0
Puerto Rico,1929,0
Puerto Rico,1930,0
Puerto Rico,1931,0
Puerto Rico,1932,0
Puerto Rico,1933,0
Puerto Rico,1934,0
Puerto Rico,1935,0
Puerto Rico,1936,0
Puerto Rico,1937,0
Puerto Rico,1938,0
Puerto Rico,1939,0
Puerto Rico,1940,1
Puerto Rico,1941,1
Puerto Rico,1942,1
Puerto Rico,1943,1
Puerto Rico,1944,1
Puerto Rico,1945,1
Puerto Rico,1946,4
Puerto Rico,1947,4
Puerto Rico,1948,4
Puerto Rico,1949,6
Puerto Rico,1950,6
Puerto Rico,1951,6
Puerto Rico,1952,6
Puerto Rico,1953,6
Puerto Rico,1954,6
Puerto Rico,1955,6
Puerto Rico,1956,6
Puerto Rico,1957,6
Puerto Rico,1958,6
Puerto Rico,1959,6
Puerto Rico,1960,6
Puerto Rico,1961,6
Puerto Rico,1962,7
Puerto Rico,1963,7
Puerto Rico,1964,7
Puerto Rico,1965,7
Puerto Rico,1966,7
Puerto Rico,1967,12
Puerto Rico,1968,12
Puerto Rico,1969,12
Puerto Rico,1970,12
Puerto Rico,1971,12
Puerto Rico,1972,13
Puerto Rico,1973,13
Puerto Rico,1974,13
Puerto Rico,1975,14
Puerto Rico,1976,14
Puerto Rico,1977,14
Puerto Rico,1978,20
Puerto Rico,1979,20
Puerto Rico,1980,20
Puerto Rico,1981,21
Puerto Rico,1982,21
Puerto Rico,1983,21
Puerto Rico,1984,21
Puerto Rico,1985,21
Puerto Rico,1986,21
Puerto Rico,1987,21
Puerto Rico,1988,22
Puerto Rico,1989,22
Puerto Rico,1990,22
Puerto Rico,1991,25
Puerto Rico,1992,29
Puerto Rico,1993,39
Puerto Rico,1994,40
Puerto Rico,1995,43
Puerto Rico,1996,44
Puerto Rico,1997,44
Puerto Rico,1998,45
Puerto Rico,1999,45
Puerto Rico,2000,49
Puerto Rico,2001,50
Puerto Rico,2002,50
Puerto Rico,2003,50
Puerto Rico,2004,53
Puerto Rico,2005,54
Puerto Rico,2006,54
Puerto Rico,2007,54
Puerto Rico,2008,62
Puerto Rico,2009,62
Puerto Rico,2010,72
Puerto Rico,2011,80
Puerto Rico,2012,101
Puerto Rico,2013,101
Puerto Rico,2014,106
Puerto Rico,2015,107
Puerto Rico,2016,118
Puerto Rico,2017,118
Puerto Rico,2018,118
Puerto Rico,2019,124
Puerto Rico,2020,124
Puerto Rico,2021,135
Puerto Rico,2022,144
Puerto Rico,2023,174
Puerto Rico,2024,194
Puerto Rico,2025,199
Puerto Rico,2026,205
Qatar,1872,0
Qatar,1873,0
Qatar,1874,0
Qatar,1875,0
Qatar,1876,0
Qatar,1877,0
Qatar,1878,0
Qatar,1879,0
Qatar,1880,0
Qatar,1881,0
Qatar,1882,0
Qatar,1883,0
Qatar,1884,0
Qatar,1885,0
Qatar,1886,0
Qatar,1887,0
Qatar,1888,0
Qatar,1889,0
Qatar,1890,0
Qatar,1891,0
Qatar,1892,0
Qatar,1893,0
Qatar,1894,0
Qatar,1895,0
Qatar,1896,0
Qatar,1897,0
Qatar,1898,0
Qatar,1899,0
Qatar,1900,0
Qatar,1901,0
Qatar,1902,0
Qatar,1903,0
Qatar,1904,0
Qatar,1905,0
Qatar,1906,0
Qatar,1907,0
Qatar,1908,0
Qatar,1909,0
Qatar,1910,0
Qatar,1911,0
Qatar,1912,0
Qatar,1913,0
Qatar,1914,0
Qatar,1915,0
Qatar,1916,0
Qatar,1917,0
Qatar,1918,0
Qatar,1919,0
Qatar,1920,0
Qatar,1921,0
Qatar,1922,0
Qatar,1923,0
Qatar,1924,0
Qatar,1925,0
Qatar,1926,0
Qatar,1927,0
Qatar,1928,0
Qatar,1929,0
Qatar,1930,0
Qatar,1931,0
Qatar,1932,0
Qatar,1933,0
Qatar,1934,0
Qatar,1935,0
Qatar,1936,0
Qatar,1937,0
Qatar,1938,0
Qatar,1939,0
Qatar,1940,0
Qatar,1941,0
Qatar,1942,0
Qatar,1943,0
Qatar,1944,0
Qatar,1945,0
Qatar,1946,0
Qatar,1947,0
Qatar,1948,0
Qatar,1949,0
Qatar,1950,0
Qatar,1951,0
Qatar,1952,0
Qatar,1953,0
Qatar,1954,0
Qatar,1955,0
Qatar,1956,0
Qatar,1957,0
Qatar,1958,0
Qatar,1959,0
Qatar,1960,0
Qatar,1961,0
Qatar,1962,0
Qatar,1963,0
Qatar,1964,0
Qatar,1965,0
Qatar,1966,0
Qatar,1967,0
Qatar,1968,0
Qatar,1969,0
Qatar,1970,4
Qatar,1971,4
Qatar,1972,11
Qatar,1973,12
Qatar,1974,18
Qatar,1975,23
Qatar,1976,34
Qatar,1977,38
Qatar,1978,41
Qatar,1979,48
Qatar,1980,51
Qatar,1981,56
Qatar,1982,62
Qatar,1983,67
Qatar,1984,95
Qatar,1985,104
Qatar,1986,117
Qatar,1987,117
Qatar,1988,137
Qatar,1989,151
Qatar,1990,155
Qatar,1991,155
Qatar,1992,176
Qatar,1993,200
Qatar,1994,214
Qatar,1995,214
Qatar,1996,252
Qatar,1997,259
Qatar,1998,281
Qatar,1999,281
Qatar,2000,313
Qatar,2001,351
Qatar,2002,367
Qatar,2003,383
Qatar,2004,431
Qatar,2005,431
Qatar,2006,449
Qatar,2007,469
Qatar,2008,494
Qatar,2009,514
Qatar,2010,526
Qatar,2011,548
Qatar,2012,555
Qatar,2013,595
Qatar,2014,625
Qatar,2015,662
Qatar,2016,678
Qatar,2017,702
Qatar,2018,722
Qatar,2019,767
Qatar,2020,775
Qatar,2021,810
Qatar,2022,821
Qatar,2023,844
Qatar,2024,879
Qatar,2025,895
Qatar,2026,897
Quebec,1872,0
Quebec,1873,0
Quebec,1874,0
Quebec,1875,0
Quebec,1876,0
Quebec,1877,0
Quebec,1878,0
Quebec,1879,0
Quebec,1880,0
Quebec,1881,0
Quebec,1882,0
Quebec,1883,0
Quebec,1884,0
Quebec,1885,0
Quebec,1886,0
Quebec,1887,0
Quebec,1888,0
Quebec,1889,0
Quebec,1890,0
Quebec,1891,0
Quebec,1892,0
Quebec,1893,0
Quebec,1894,0
Quebec,1895,0
Quebec,1896,0
Quebec,1897,0
Quebec,1898,0
Quebec,1899,0
Quebec,1900,0
Quebec,1901,0
Quebec,1902,0
Quebec,1903,0
Quebec,1904,0
Quebec,1905,0
Quebec,1906,0
Quebec,1907,0
Quebec,1908,0
Quebec,1909,0
Quebec,1910,0
Quebec,1911,0
Quebec,1912,0
Quebec,1913,0
Quebec,1914,0
Quebec,1915,0
Quebec,1916,0
Quebec,1917,0
Quebec,1918,0
Quebec,1919,0
Quebec,1920,0
Quebec,1921,0
Quebec,1922,0
Quebec,1923,0
Quebec,1924,0
Quebec,1925,0
Quebec,1926,0
Quebec,1927,0
Quebec,1928,0
Quebec,1929,0
Quebec,1930,0
Quebec,1931,0
Quebec,1932,0
Quebec,1933,0
Quebec,1934,0
Quebec,1935,0
Quebec,1936,0
Quebec,1937,0
Quebec,1938,0
Quebec,1939,0
Quebec,1940,0
Quebec,1941,0
Quebec,1942,0
Quebec,1943,0
Quebec,1944,0
Quebec,1945,0
Quebec,1946,0
Quebec,1947,0
Quebec,1948,0
Quebec,1949,0
Quebec,1950,0
Quebec,1951,0
Quebec,1952,0
Quebec,1953,0
Quebec,1954,0
Quebec,1955,0
Quebec,1956,0
Quebec,1957,0
Quebec,1958,0
Quebec,1959,0
Quebec,1960,0
Quebec,1961,0
Quebec,1962,0
Quebec,1963,0
Quebec,1964,0
Quebec,1965,0
Quebec,1966,0
Quebec,1967,0
Quebec,1968,0
Quebec,1969,0
Quebec,1970,0
Quebec,1971,0
Quebec,1972,0
Quebec,1973,0
Quebec,1974,0
Quebec,1975,0
Quebec,1976,0
Quebec,1977,0
Quebec,1978,0
Quebec,1979,0
Quebec,1980,0
Quebec,1981,0
Quebec,1982,0
Quebec,1983,0
Quebec,1984,0
Quebec,1985,0
Quebec,1986,0
Quebec,1987,0
Quebec,1988,0
Quebec,1989,0
Quebec,1990,0
Quebec,1991,0
Quebec,1992,0
Quebec,1993,0
Quebec,1994,0
Quebec,1995,0
Quebec,1996,0
Quebec,1997,0
Quebec,1998,0
Quebec,1999,0
Quebec,2000,0
Quebec,2001,0
Quebec,2002,0
Quebec,2003,0
Quebec,2004,0
Quebec,2005,0
Quebec,2006,0
Quebec,2007,0
Quebec,2008,0
Quebec,2009,0
Quebec,2010,0
Quebec,2011,0
Quebec,2012,0
Quebec,2013,24
Quebec,2014,24
Quebec,2015,24
Quebec,2016,24
Quebec,2017,24
Quebec,2018,24
Quebec,2019,24
Quebec,2020,24
Quebec,2021,24
Quebec,2022,24
Quebec,2023,24
Quebec,2024,24
Quebec,2025,24
Quebec,2026,24
Raetia,1872,0
Raetia,1873,0
Raetia,1874,0
Raetia,1875,0
Raetia,1876,0
Raetia,1877,0
Raetia,1878,0
Raetia,1879,0
Raetia,1880,0
Raetia,1881,0
Raetia,1882,0
Raetia,1883,0
Raetia,1884,0
Raetia,1885,0
Raetia,1886,0
Raetia,1887,0
Raetia,1888,0
Raetia,1889,0
Raetia,1890,0
Raetia,1891,0
Raetia,1892,0
Raetia,1893,0
Raetia,1894,0
Raetia,1895,0
Raetia,1896,0
Raetia,1897,0
Raetia,1898,0
Raetia,1899,0
Raetia,1900,0
Raetia,1901,0
Raetia,1902,0
Raetia,1903,0
Raetia,1904,0
Raetia,1905,0
Raetia,1906,0
Raetia,1907,0
Raetia,1908,0
Raetia,1909,0
Raetia,1910,0
Raetia,1911,0
Raetia,1912,0
Raetia,1913,0
Raetia,1914,0
Raetia,1915,0
Raetia,1916,0
Raetia,1917,0
Raetia,1918,0
Raetia,1919,0
Raetia,1920,0
Raetia,1921,0
Raetia,1922,0
Raetia,1923,0
Raetia,1924,0
Raetia,1925,0
Raetia,1926,0
Raetia,1927,0
Raetia,1928,0
Raetia,1929,0
Raetia,1930,0
Raetia,1931,0
Raetia,1932,0
Raetia,1933,0
Raetia,1934,0
Raetia,1935,0
Raetia,1936,0
Raetia,1937,0
Raetia,1938,0
Raetia,1939,0
Raetia,1940,0
Raetia,1941,0
Raetia,1942,0
Raetia,1943,0
Raetia,1944,0
Raetia,1945,0
Raetia,1946,0
Raetia,1947,0
Raetia,1948,0
Raetia,1949,0
Raetia,1950,0
Raetia,1951,0
Raetia,1952,0
Raetia,1953,0
Raetia,1954,0
Raetia,1955,0
Raetia,1956,0
Raetia,1957,0
Raetia,1958,0
Raetia,1959,0
Raetia,1960,0
Raetia,1961,0
Raetia,1962,0
Raetia,1963,0
Raetia,1964,0
Raetia,1965,0
Raetia,1966,0
Raetia,1967,0
Raetia,1968,0
Raetia,1969,0
Raetia,1970,0
Raetia,1971,0
Raetia,1972,0
Raetia,1973,0
Raetia,1974,0
Raetia,1975,0
Raetia,1976,0
Raetia,1977,0
Raetia,1978,0
Raetia,1979,0
Raetia,1980,0
Raetia,1981,0
Raetia,1982,0
Raetia,1983,0
Raetia,1984,0
Raetia,1985,0
Raetia,1986,0
Raetia,1987,0
Raetia,1988,0
Raetia,1989,0
Raetia,1990,0
Raetia,1991,0
Raetia,1992,0
Raetia,1993,0
Raetia,1994,0
Raetia,1995,0
Raetia,1996,0
Raetia,1997,0
Raetia,1998,0
Raetia,1999,0
Raetia,2000,0
Raetia,2001,0
Raetia,2002,0
Raetia,2003,0
Raetia,2004,0
Raetia,2005,0
Raetia,2006,0
Raetia,2007,0
Raetia,2008,0
Raetia,2009,0
Raetia,2010,0
Raetia,2011,1
Raetia,2012,5
Raetia,2013,9
Raetia,2014,12
Raetia,2015,18
Raetia,2016,21
Raetia,2017,21
Raetia,2018,21
Raetia,2019,26
Raetia,2020,26
Raetia,2021,26
Raetia,2022,30
Raetia,2023,43
Raetia,2024,43
Raetia,2025,43
Raetia,2026,48
Republic of Ireland,1872,0
Republic of Ireland,1873,0
Republic of Ireland,1874,0
Republic of Ireland,1875,0
Republic of Ireland,1876,0
Republic of Ireland,1877,0
Republic of Ireland,1878,0
Republic of Ireland,1879,0
Republic of Ireland,1880,0
Republic of Ireland,1881,0
Republic of Ireland,1882,0
Republic of Ireland,1883,0
Republic of Ireland,1884,0
Republic of Ireland,1885,0
Republic of Ireland,1886,0
Republic of Ireland,1887,0
Republic of Ireland,1888,0
Republic of Ireland,1889,0
Republic of Ireland,1890,0
Republic of Ireland,1891,0
Republic of Ireland,1892,0
Republic of Ireland,1893,0
Republic of Ireland,1894,0
Republic of Ireland,1895,0
Republic of Ireland,1896,0
Republic of Ireland,1897,0
Republic of Ireland,1898,0
Republic of Ireland,1899,0
Republic of Ireland,1900,0
Republic of Ireland,1901,0
Republic of Ireland,1902,0
Republic of Ireland,1903,0
Republic of Ireland,1904,0
Republic of Ireland,1905,0
Republic of Ireland,1906,0
Republic of Ireland,1907,0
Republic of Ireland,1908,0
Republic of Ireland,1909,0
Republic of Ireland,1910,0
Republic of Ireland,1911,0
Republic of Ireland,1912,0
Republic of Ireland,1913,0
Republic of Ireland,1914,0
Republic of Ireland,1915,0
Republic of Ireland,1916,0
Republic of Ireland,1917,0
Republic of Ireland,1918,0
Republic of Ireland,1919,0
Republic of Ireland,1920,0
Republic of Ireland,1921,0
Republic of Ireland,1922,0
Republic of Ireland,1923,0
Republic of Ireland,1924,2
Republic of Ireland,1925,2
Republic of Ireland,1926,2
Republic of Ireland,1927,2
Republic of Ireland,1928,6
Republic of Ireland,1929,10
Republic of Ireland,1930,13
Republic of Ireland,1931,14
Republic of Ireland,1932,16
Republic of Ireland,1933,16
Republic of Ireland,1934,24
Republic of Ireland,1935,28
Republic of Ireland,1936,44
Republic of Ireland,1937,52
Republic of Ireland,1938,61
Republic of Ireland,1939,66
Republic of Ireland,1940,66
Republic of Ireland,1941,66
Republic of Ireland,1942,66
Republic of Ireland,1943,66
Republic of Ireland,1944,66
Republic of Ireland,1945,66
Republic of Ireland,1946,68
Republic of Ireland,1947,71
Republic of Ireland,1948,72
Republic of Ireland,1949,82
Republic of Ireland,1950,85
Republic of Ireland,1951,91
Republic of Ireland,1952,92
Republic of Ireland,1953,103
Republic of Ireland,1954,106
Republic of Ireland,1955,114
Republic of Ireland,1956,123
Republic of Ireland,1957,127
Republic of Ireland,1958,132
Republic of Ireland,1959,137
Republic of Ireland,1960,146
Republic of Ireland,1961,149
Republic of Ireland,1962,156
Republic of Ireland,1963,160
Republic of Ireland,1964,170
Republic of Ireland,1965,172
Republic of Ireland,1966,177
Republic of Ireland,1967,180
Republic of Ireland,1968,185
Republic of Ireland,1969,189
Republic of Ireland,1970,192
Republic of Ireland,1971,194
Republic of Ireland,1972,204
Republic of Ireland,1973,210
Republic of Ireland,1974,217
Republic of Ireland,1975,224
Republic of Ireland,1976,233
Republic of Ireland,1977,235
Republic of Ireland,1978,243
Republic of Ireland,1979,254
Republic of Ireland,1980,268
Republic of Ireland,1981,277
Republic of Ireland,1982,284
Republic of Ireland,1983,298
Republic of Ireland,1984,300
Republic of Ireland,1985,306
Republic of Ireland,1986,312
Republic of Ireland,1987,326
Republic of Ireland,1988,339
Republic of Ireland,1989,350
Republic of Ireland,1990,365
Republic of Ireland,1991,379
Republic of Ireland,1992,394
Republic of Ireland,1993,411
Republic of Ireland,1994,429
Republic of Ireland,1995,436
Republic of Ireland,1996,453
Republic of Ireland,1997,469
Republic of Ireland,1998,477
Republic of Ireland,1999,489
Republic of Ireland,2000,506
Republic of Ireland,2001,528
Republic of Ireland,2002,548
Republic of Ireland,2003,565
Republic of Ireland,2004,578
Republic of Ireland,2005,587
Republic of Ireland,2006,598
Republic of Ireland,2007,613
Republic of Ireland,2008,621
Republic of Ireland,2009,633
Republic of Ireland,2010,646
Republic of Ireland,2011,672
Republic of Ireland,2012,686
Republic of Ireland,2013,705
Republic of Ireland,2014,725
Republic of Ireland,2015,737
Republic of Ireland,2016,756
Republic of Ireland,2017,766
Republic of Ireland,2018,770
Republic of Ireland,2019,783
Republic of Ireland,2020,784
Republic of Ireland,2021,804
Republic of Ireland,2022,817
Republic of Ireland,2023,830
Republic of Ireland,2024,835
Republic of Ireland,2025,849
Republic of Ireland,2026,858
Republic of St. Pauli,1872,0
Republic of St. Pauli,1873,0
Republic of St. Pauli,1874,0
Republic of St. Pauli,1875,0
Republic of St. Pauli,1876,0
Republic of St. Pauli,1877,0
Republic of St. Pauli,1878,0
Republic of St. Pauli,1879,0
Republic of St. Pauli,1880,0
Republic of St. Pauli,1881,0
Republic of St. Pauli,1882,0
Republic of St. Pauli,1883,0
Republic of St. Pauli,1884,0
Republic of St. Pauli,1885,0
Republic of St. Pauli,1886,0
Republic of St. Pauli,1887,0
Republic of St. Pauli,1888,0
Republic of St. Pauli,1889,0
Republic of St. Pauli,1890,0
Republic of St. Pauli,1891,0
Republic of St. Pauli,1892,0
Republic of St. Pauli,1893,0
Republic of St. Pauli,1894,0
Republic of St. Pauli,1895,0
Republic of St. Pauli,1896,0
Republic of St. Pauli,1897,0
Republic of St. Pauli,1898,0
Republic of St. Pauli,1899,0
Republic of St. Pauli,1900,0
Republic of St. Pauli,1901,0
Republic of St. Pauli,1902,0
Republic of St. Pauli,1903,0
Republic of St. Pauli,1904,0
Republic of St. Pauli,1905,0
Republic of St. Pauli,1906,0
Republic of St. Pauli,1907,0
Republic of St. Pauli,1908,0
Republic of St. Pauli,1909,0
Republic of St. Pauli,1910,0
Republic of St. Pauli,1911,0
Republic of St. Pauli,1912,0
Republic of St. Pauli,1913,0
Republic of St. Pauli,1914,0
Republic of St. Pauli,1915,0
Republic of St. Pauli,1916,0
Republic of St. Pauli,1917,0
Republic of St. Pauli,1918,0
Republic of St. Pauli,1919,0
Republic of St. Pauli,1920,0
Republic of St. Pauli,1921,0
Republic of St. Pauli,1922,0
Republic of St. Pauli,1923,0
Republic of St. Pauli,1924,0
Republic of St. Pauli,1925,0
Republic of St. Pauli,1926,0
Republic of St. Pauli,1927,0
Republic of St. Pauli,1928,0
Republic of St. Pauli,1929,0
Republic of St. Pauli,1930,0
Republic of St. Pauli,1931,0
Republic of St. Pauli,1932,0
Republic of St. Pauli,1933,0
Republic of St. Pauli,1934,0
Republic of St. Pauli,1935,0
Republic of St. Pauli,1936,0
Republic of St. Pauli,1937,0
Republic of St. Pauli,1938,0
Republic of St. Pauli,1939,0
Republic of St. Pauli,1940,0
Republic of St. Pauli,1941,0
Republic of St. Pauli,1942,0
Republic of St. Pauli,1943,0
Republic of St. Pauli,1944,0
Republic of St. Pauli,1945,0
Republic of St. Pauli,1946,0
Republic of St. Pauli,1947,0
Republic of St. Pauli,1948,0
Republic of St. Pauli,1949,0
Republic of St. Pauli,1950,0
Republic of St. Pauli,1951,0
Republic of St. Pauli,1952,0
Republic of St. Pauli,1953,0
Republic of St. Pauli,1954,0
Republic of St. Pauli,1955,0
Republic of St. Pauli,1956,0
Republic of St. Pauli,1957,0
Republic of St. Pauli,1958,0
Republic of St. Pauli,1959,0
Republic of St. Pauli,1960,0
Republic of St. Pauli,1961,0
Republic of St. Pauli,1962,0
Republic of St. Pauli,1963,0
Republic of St. Pauli,1964,0
Republic of St. Pauli,1965,0
Republic of St. Pauli,1966,0
Republic of St. Pauli,1967,0
Republic of St. Pauli,1968,0
Republic of St. Pauli,1969,0
Republic of St. Pauli,1970,0
Republic of St. Pauli,1971,0
Republic of St. Pauli,1972,0
Republic of St. Pauli,1973,0
Republic of St. Pauli,1974,0
Republic of St. Pauli,1975,0
Republic of St. Pauli,1976,0
Republic of St. Pauli,1977,0
Republic of St. Pauli,1978,0
Republic of St. Pauli,1979,0
Republic of St. Pauli,1980,0
Republic of St. Pauli,1981,0
Republic of St. Pauli,1982,0
Republic of St. Pauli,1983,0
Republic of St. Pauli,1984,0
Republic of St. Pauli,1985,0
Republic of St. Pauli,1986,0
Republic of St. Pauli,1987,0
Republic of St. Pauli,1988,0
Republic of St. Pauli,1989,0
Republic of St. Pauli,1990,0
Republic of St. Pauli,1991,0
Republic of St. Pauli,1992,0
Republic of St. Pauli,1993,0
Republic of St. Pauli,1994,0
Republic of St. Pauli,1995,0
Republic of St. Pauli,1996,0
Republic of St. Pauli,1997,0
Republic of St. Pauli,1998,0
Republic of St. Pauli,1999,0
Republic of St. Pauli,2000,0
Republic of St. Pauli,2001,0
Republic of St. Pauli,2002,0
Republic of St. Pauli,2003,0
Republic of St. Pauli,2004,0
Republic of St. Pauli,2005,0
Republic of St. Pauli,2006,10
Republic of St. Pauli,2007,10
Republic of St. Pauli,2008,10
Republic of St. Pauli,2009,10
Republic of St. Pauli,2010,10
Republic of St. Pauli,2011,10
Republic of St. Pauli,2012,10
Republic of St. Pauli,2013,10
Republic of St. Pauli,2014,10
Republic of St. Pauli,2015,10
Republic of St. Pauli,2016,10
Republic of St. Pauli,2017,10
Republic of St. Pauli,2018,10
Republic of St. Pauli,2019,10
Republic of St. Pauli,2020,10
Republic of St. Pauli,2021,10
Republic of St. Pauli,2022,10
Republic of St. Pauli,2023,10
Republic of St. Pauli,2024,10
Republic of St. Pauli,2025,10
Republic of St. Pauli,2026,10
Rhodes,1872,0
Rhodes,1873,0
Rhodes,1874,0
Rhodes,1875,0
Rhodes,1876,0
Rhodes,1877,0
Rhodes,1878,0
Rhodes,1879,0
Rhodes,1880,0
Rhodes,1881,0
Rhodes,1882,0
Rhodes,1883,0
Rhodes,1884,0
Rhodes,1885,0
Rhodes,1886,0
Rhodes,1887,0
Rhodes,1888,0
Rhodes,1889,0
Rhodes,1890,0
Rhodes,1891,0
Rhodes,1892,0
Rhodes,1893,0
Rhodes,1894,0
Rhodes,1895,0
Rhodes,1896,0
Rhodes,1897,0
Rhodes,1898,0
Rhodes,1899,0
Rhodes,1900,0
Rhodes,1901,0
Rhodes,1902,0
Rhodes,1903,0
Rhodes,1904,0
Rhodes,1905,0
Rhodes,1906,0
Rhodes,1907,0
Rhodes,1908,0
Rhodes,1909,0
Rhodes,1910,0
Rhodes,1911,0
Rhodes,1912,0
Rhodes,1913,0
Rhodes,1914,0
Rhodes,1915,0
Rhodes,1916,0
Rhodes,1917,0
Rhodes,1918,0
Rhodes,1919,0
Rhodes,1920,0
Rhodes,1921,0
Rhodes,1922,0
Rhodes,1923,0
Rhodes,1924,0
Rhodes,1925,0
Rhodes,1926,0
Rhodes,1927,0
Rhodes,1928,0
Rhodes,1929,0
Rhodes,1930,0
Rhodes,1931,0
Rhodes,1932,0
Rhodes,1933,0
Rhodes,1934,0
Rhodes,1935,0
Rhodes,1936,0
Rhodes,1937,0
Rhodes,1938,0
Rhodes,1939,0
Rhodes,1940,0
Rhodes,1941,0
Rhodes,1942,0
Rhodes,1943,0
Rhodes,1944,0
Rhodes,1945,0
Rhodes,1946,0
Rhodes,1947,0
Rhodes,1948,0
Rhodes,1949,0
Rhodes,1950,0
Rhodes,1951,0
Rhodes,1952,0
Rhodes,1953,0
Rhodes,1954,0
Rhodes,1955,0
Rhodes,1956,0
Rhodes,1957,0
Rhodes,1958,0
Rhodes,1959,0
Rhodes,1960,0
Rhodes,1961,0
Rhodes,1962,0
Rhodes,1963,0
Rhodes,1964,0
Rhodes,1965,0
Rhodes,1966,0
Rhodes,1967,0
Rhodes,1968,0
Rhodes,1969,0
Rhodes,1970,0
Rhodes,1971,0
Rhodes,1972,0
Rhodes,1973,0
Rhodes,1974,0
Rhodes,1975,0
Rhodes,1976,0
Rhodes,1977,0
Rhodes,1978,0
Rhodes,1979,0
Rhodes,1980,0
Rhodes,1981,0
Rhodes,1982,0
Rhodes,1983,0
Rhodes,1984,0
Rhodes,1985,0
Rhodes,1986,0
Rhodes,1987,0
Rhodes,1988,0
Rhodes,1989,0
Rhodes,1990,0
Rhodes,1991,0
Rhodes,1992,0
Rhodes,1993,0
Rhodes,1994,0
Rhodes,1995,0
Rhodes,1996,0
Rhodes,1997,0
Rhodes,1998,0
Rhodes,1999,6
Rhodes,2000,6
Rhodes,2001,12
Rhodes,2002,12
Rhodes,2003,12
Rhodes,2004,12
Rhodes,2005,12
Rhodes,2006,12
Rhodes,2007,18
Rhodes,2008,18
Rhodes,2009,27
Rhodes,2010,27
Rhodes,2011,29
Rhodes,2012,29
Rhodes,2013,29
Rhodes,2014,29
Rhodes,2015,29
Rhodes,2016,29
Rhodes,2017,29
Rhodes,2018,29
Rhodes,2019,29
Rhodes,2020,29
Rhodes,2021,29
Rhodes,2022,29
Rhodes,2023,29
Rhodes,2024,29
Rhodes,2025,29
Rhodes,2026,29
Romani people,1872,0
Romani people,1873,0
Romani people,1874,0
Romani people,1875,0
Romani people,1876,0
Romani people,1877,0
Romani people,1878,0
Romani people,1879,0
Romani people,1880,0
Romani people,1881,0
Romani people,1882,0
Romani people,1883,0
Romani people,1884,0
Romani people,1885,0
Romani people,1886,0
Romani people,1887,0
Romani people,1888,0
Romani people,1889,0
Romani people,1890,0
Romani people,1891,0
Romani people,1892,0
Romani people,1893,0
Romani people,1894,0
Romani people,1895,0
Romani people,1896,0
Romani people,1897,0
Romani people,1898,0
Romani people,1899,0
Romani people,1900,0
Romani people,1901,0
Romani people,1902,0
Romani people,1903,0
Romani people,1904,0
Romani people,1905,0
Romani people,1906,0
Romani people,1907,0
Romani people,1908,0
Romani people,1909,0
Romani people,1910,0
Romani people,1911,0
Romani people,1912,0
Romani people,1913,0
Romani people,1914,0
Romani people,1915,0
Romani people,1916,0
Romani people,1917,0
Romani people,1918,0
Romani people,1919,0
Romani people,1920,0
Romani people,1921,0
Romani people,1922,0
Romani people,1923,0
Romani people,1924,0
Romani people,1925,0
Romani people,1926,0
Romani people,1927,0
Romani people,1928,0
Romani people,1929,0
Romani people,1930,0
Romani people,1931,0
Romani people,1932,0
Romani people,1933,0
Romani people,1934,0
Romani people,1935,0
Romani people,1936,0
Romani people,1937,0
Romani people,1938,0
Romani people,1939,0
Romani people,1940,0
Romani people,1941,0
Romani people,1942,0
Romani people,1943,0
Romani people,1944,0
Romani people,1945,0
Romani people,1946,0
Romani people,1947,0
Romani people,1948,0
Romani people,1949,0
Romani people,1950,0
Romani people,1951,0
Romani people,1952,0
Romani people,1953,0
Romani people,1954,0
Romani people,1955,0
Romani people,1956,0
Romani people,1957,0
Romani people,1958,0
Romani people,1959,0
Romani people,1960,0
Romani people,1961,0
Romani people,1962,0
Romani people,1963,0
Romani people,1964,0
Romani people,1965,0
Romani people,1966,0
Romani people,1967,0
Romani people,1968,0
Romani people,1969,0
Romani people,1970,0
Romani people,1971,0
Romani people,1972,0
Romani people,1973,0
Romani people,1974,0
Romani people,1975,0
Romani people,1976,0
Romani people,1977,0
Romani people,1978,0
Romani people,1979,0
Romani people,1980,0
Romani people,1981,0
Romani people,1982,0
Romani people,1983,0
Romani people,1984,0
Romani people,1985,0
Romani people,1986,0
Romani people,1987,0
Romani people,1988,0
Romani people,1989,0
Romani people,1990,0
Romani people,1991,0
Romani people,1992,0
Romani people,1993,0
Romani people,1994,0
Romani people,1995,0
Romani people,1996,0
Romani people,1997,0
Romani people,1998,0
Romani people,1999,0
Romani people,2000,0
Romani people,2001,0
Romani people,2002,0
Romani people,2003,0
Romani people,2004,0
Romani people,2005,0
Romani people,2006,0
Romani people,2007,3
Romani people,2008,3
Romani people,2009,3
Romani people,2010,3
Romani people,2011,5
Romani people,2012,5
Romani people,2013,5
Romani people,2014,5
Romani people,2015,12
Romani people,2016,13
Romani people,2017,13
Romani people,2018,13
Romani people,2019,13
Romani people,2020,13
Romani people,2021,13
Romani people,2022,13
Romani people,2023,13
Romani people,2024,13
Romani people,2025,13
Romani people,2026,13
Romania,1872,0
Romania,1873,0
Romania,1874,0
Romania,1875,0
Romania,1876,0
Romania,1877,0
Romania,1878,0
Romania,1879,0
Romania,1880,0
Romania,1881,0
Romania,1882,0
Romania,1883,0
Romania,1884,0
Romania,1885,0
Romania,1886,0
Romania,1887,0
Romania,1888,0
Romania,1889,0
Romania,1890,0
Romania,1891,0
Romania,1892,0
Romania,1893,0
Romania,1894,0
Romania,1895,0
Romania,1896,0
Romania,1897,0
Romania,1898,0
Romania,1899,0
Romania,1900,0
Romania,1901,0
Romania,1902,0
Romania,1903,0
Romania,1904,0
Romania,1905,0
Romania,1906,0
Romania,1907,0
Romania,1908,0
Romania,1909,0
Romania,1910,0
Romania,1911,0
Romania,1912,0
Romania,1913,0
Romania,1914,0
Romania,1915,0
Romania,1916,0
Romania,1917,0
Romania,1918,0
Romania,1919,3
Romania,1920,3
Romania,1921,3
Romania,1922,6
Romania,1923,10
Romania,1924,12
Romania,1925,17
Romania,1926,29
Romania,1927,32
Romania,1928,37
Romania,1929,47
Romania,1930,62
Romania,1931,82
Romania,1932,92
Romania,1933,106
Romania,1934,117
Romania,1935,126
Romania,1936,139
Romania,1937,149
Romania,1938,157
Romania,1939,162
Romania,1940,171
Romania,1941,175
Romania,1942,177
Romania,1943,179
Romania,1944,179
Romania,1945,181
Romania,1946,185
Romania,1947,197
Romania,1948,203
Romania,1949,212
Romania,1950,222
Romania,1951,224
Romania,1952,231
Romania,1953,236
Romania,1954,238
Romania,1955,246
Romania,1956,249
Romania,1957,256
Romania,1958,262
Romania,1959,265
Romania,1960,265
Romania,1961,270
Romania,1962,280
Romania,1963,286
Romania,1964,288
Romania,1965,297
Romania,1966,314
Romania,1967,329
Romania,1968,332
Romania,1969,339
Romania,1970,348
Romania,1971,357
Romania,1972,372
Romania,1973,386
Romania,1974,391
Romania,1975,409
Romania,1976,419
Romania,1977,440
Romania,1978,450
Romania,1979,460
Romania,1980,473
Romania,1981,480
Romania,1982,490
Romania,1983,505
Romania,1984,520
Romania,1985,533
Romania,1986,552
Romania,1987,571
Romania,1988,590
Romania,1989,596
Romania,1990,624
Romania,1991,634
Romania,1992,655
Romania,1993,673
Romania,1994,701
Romania,1995,713
Romania,1996,735
Romania,1997,763
Romania,1998,788
Romania,1999,809
Romania,2000,832
Romania,2001,853
Romania,2002,870
Romania,2003,887
Romania,2004,907
Romania,2005,923
Romania,2006,939
Romania,2007,963
Romania,2008,977
Romania,2009,989
Romania,2010,996
Romania,2011,1016
Romania,2012,1035
Romania,2013,1056
Romania,2014,1066
Romania,2015,1073
Romania,2016,1091
Romania,2017,1102
Romania,2018,1118
Romania,2019,1135
Romania,2020,1149
Romania,2021,1163
Romania,2022,1177
Romania,2023,1193
Romania,2024,1215
Romania,2025,1236
Romania,2026,1239
Rouet-Provence,1872,0
Rouet-Provence,1873,0
Rouet-Provence,1874,0
Rouet-Provence,1875,0
Rouet-Provence,1876,0
Rouet-Provence,1877,0
Rouet-Provence,1878,0
Rouet-Provence,1879,0
Rouet-Provence,1880,0
Rouet-Provence,1881,0
Rouet-Provence,1882,0
Rouet-Provence,1883,0
Rouet-Provence,1884,0
Rouet-Provence,1885,0
Rouet-Provence,1886,0
Rouet-Provence,1887,0
Rouet-Provence,1888,0
Rouet-Provence,1889,0
Rouet-Provence,1890,0
Rouet-Provence,1891,0
Rouet-Provence,1892,0
Rouet-Provence,1893,0
Rouet-Provence,1894,0
Rouet-Provence,1895,0
Rouet-Provence,1896,0
Rouet-Provence,1897,0
Rouet-Provence,1898,0
Rouet-Provence,1899,0
Rouet-Provence,1900,0
Rouet-Provence,1901,0
Rouet-Provence,1902,0
Rouet-Provence,1903,0
Rouet-Provence,1904,0
Rouet-Provence,1905,0
Rouet-Provence,1906,0
Rouet-Provence,1907,0
Rouet-Provence,1908,0
Rouet-Provence,1909,0
Rouet-Provence,1910,0
Rouet-Provence,1911,0
Rouet-Provence,1912,0
Rouet-Provence,1913,0
Rouet-Provence,1914,0
Rouet-Provence,1915,0
Rouet-Provence,1916,0
Rouet-Provence,1917,0
Rouet-Provence,1918,0
Rouet-Provence,1919,0
Rouet-Provence,1920,0
Rouet-Provence,1921,0
Rouet-Provence,1922,0
Rouet-Provence,1923,0
Rouet-Provence,1924,0
Rouet-Provence,1925,0
Rouet-Provence,1926,0
Rouet-Provence,1927,0
Rouet-Provence,1928,0
Rouet-Provence,1929,0
Rouet-Provence,1930,0
Rouet-Provence,1931,0
Rouet-Provence,1932,0
Rouet-Provence,1933,0
Rouet-Provence,1934,0
Rouet-Provence,1935,0
Rouet-Provence,1936,0
Rouet-Provence,1937,0
Rouet-Provence,1938,0
Rouet-Provence,1939,0
Rouet-Provence,1940,0
Rouet-Provence,1941,0
Rouet-Provence,1942,0
Rouet-Provence,1943,0
Rouet-Provence,1944,0
Rouet-Provence,1945,0
Rouet-Provence,1946,0
Rouet-Provence,1947,0
Rouet-Provence,1948,0
Rouet-Provence,1949,0
Rouet-Provence,1950,0
Rouet-Provence,1951,0
Rouet-Provence,1952,0
Rouet-Provence,1953,0
Rouet-Provence,1954,0
Rouet-Provence,1955,0
Rouet-Provence,1956,0
Rouet-Provence,1957,0
Rouet-Provence,1958,0
Rouet-Provence,1959,0
Rouet-Provence,1960,0
Rouet-Provence,1961,0
Rouet-Provence,1962,0
Rouet-Provence,1963,0
Rouet-Provence,1964,0
Rouet-Provence,1965,0
Rouet-Provence,1966,0
Rouet-Provence,1967,0
Rouet-Provence,1968,0
Rouet-Provence,1969,0
Rouet-Provence,1970,0
Rouet-Provence,1971,0
Rouet-Provence,1972,0
Rouet-Provence,1973,0
Rouet-Provence,1974,0
Rouet-Provence,1975,0
Rouet-Provence,1976,0
Rouet-Provence,1977,0
Rouet-Provence,1978,0
Rouet-Provence,1979,0
Rouet-Provence,1980,0
Rouet-Provence,1981,0
Rouet-Provence,1982,0
Rouet-Provence,1983,0
Rouet-Provence,1984,0
Rouet-Provence,1985,0
Rouet-Provence,1986,0
Rouet-Provence,1987,0
Rouet-Provence,1988,0
Rouet-Provence,1989,0
Rouet-Provence,1990,0
Rouet-Provence,1991,0
Rouet-Provence,1992,0
Rouet-Provence,1993,0
Rouet-Provence,1994,0
Rouet-Provence,1995,0
Rouet-Provence,1996,0
Rouet-Provence,1997,0
Rouet-Provence,1998,0
Rouet-Provence,1999,0
Rouet-Provence,2000,0
Rouet-Provence,2001,0
Rouet-Provence,2002,0
Rouet-Provence,2003,0
Rouet-Provence,2004,0
Rouet-Provence,2005,0
Rouet-Provence,2006,0
Rouet-Provence,2007,0
Rouet-Provence,2008,0
Rouet-Provence,2009,0
Rouet-Provence,2010,0
Rouet-Provence,2011,0
Rouet-Provence,2012,0
Rouet-Provence,2013,0
Rouet-Provence,2014,0
Rouet-Provence,2015,0
Rouet-Provence,2016,0
Rouet-Provence,2017,0
Rouet-Provence,2018,0
Rouet-Provence,2019,0
Rouet-Provence,2020,0
Rouet-Provence,2021,0
Rouet-Provence,2022,0
Rouet-Provence,2023,0
Rouet-Provence,2024,0
Rouet-Provence,2025,0
Rouet-Provence,2026,3
Russia,1872,0
Russia,1873,0
Russia,1874,0
Russia,1875,0
Russia,1876,0
Russia,1877,0
Russia,1878,0
Russia,1879,0
Russia,1880,0
Russia,1881,0
Russia,1882,0
Russia,1883,0
Russia,1884,0
Russia,1885,0
Russia,1886,0
Russia,1887,0
Russia,1888,0
Russia,1889,0
Russia,1890,0
Russia,1891,0
Russia,1892,0
Russia,1893,0
Russia,1894,0
Russia,1895,0
Russia,1896,0
Russia,1897,0
Russia,1898,0
Russia,1899,0
Russia,1900,0
Russia,1901,0
Russia,1902,0
Russia,1903,0
Russia,1904,0
Russia,1905,0
Russia,1906,0
Russia,1907,0
Russia,1908,0
Russia,1909,0
Russia,1910,6
Russia,1911,6
Russia,1912,9
Russia,1913,11
Russia,1914,14
Russia,1915,14
Russia,1916,14
Russia,1917,14
Russia,1918,14
Russia,1919,14
Russia,1920,14
Russia,1921,14
Russia,1922,14
Russia,1923,18
Russia,1924,21
Russia,1925,23
Russia,1926,23
Russia,1927,23
Russia,1928,23
Russia,1929,23
Russia,1930,23
Russia,1931,23
Russia,1932,23
Russia,1933,23
Russia,1934,23
Russia,1935,23
Russia,1936,23
Russia,1937,23
Russia,1938,23
Russia,1939,23
Russia,1940,23
Russia,1941,23
Russia,1942,23
Russia,1943,23
Russia,1944,23
Russia,1945,23
Russia,1946,23
Russia,1947,23
Russia,1948,23
Russia,1949,23
Russia,1950,23
Russia,1951,23
Russia,1952,26
Russia,1953,26
Russia,1954,34
Russia,1955,57
Russia,1956,81
Russia,1957,106
Russia,1958,117
Russia,1959,122
Russia,1960,136
Russia,1961,152
Russia,1962,173
Russia,1963,178
Russia,1964,190
Russia,1965,215
Russia,1966,241
Russia,1967,276
Russia,1968,286
Russia,1969,302
Russia,1970,322
Russia,1971,340
Russia,1972,357
Russia,1973,363
Russia,1974,364
Russia,1975,377
Russia,1976,389
Russia,1977,406
Russia,1978,436
Russia,1979,463
Russia,1980,488
Russia,1981,501
Russia,1982,515
Russia,1983,531
Russia,1984,541
Russia,1985,567
Russia,1986,587
Russia,1987,599
Russia,1988,626
Russia,1989,637
Russia,1990,658
Russia,1991,685
Russia,1992,701
Russia,1993,723
Russia,1994,746
Russia,1995,778
Russia,1996,811
Russia,1997,825
Russia,1998,835
Russia,1999,856
Russia,2000,866
Russia,2001,886
Russia,2002,902
Russia,2003,916
Russia,2004,936
Russia,2005,951
Russia,2006,957
Russia,2007,973
Russia,2008,999
Russia,2009,1016
Russia,2010,1024
Russia,2011,1038
Russia,2012,1060
Russia,2013,1078
Russia,2014,1098
Russia,2015,1116
Russia,2016,1131
Russia,2017,1149
Russia,2018,1171
Russia,2019,1204
Russia,2020,1214
Russia,2021,1237
Russia,2022,1239
Russia,2023,1254
Russia,2024,1267
Russia,2025,1292
Russia,2026,1301
Rwanda,1872,0
Rwanda,1873,0
Rwanda,1874,0
Rwanda,1875,0
Rwanda,1876,0
Rwanda,1877,0
Rwanda,1878,0
Rwanda,1879,0
Rwanda,1880,0
Rwanda,1881,0
Rwanda,1882,0
Rwanda,1883,0
Rwanda,1884,0
Rwanda,1885,0
Rwanda,1886,0
Rwanda,1887,0
Rwanda,1888,0
Rwanda,1889,0
Rwanda,1890,0
Rwanda,1891,0
Rwanda,1892,0
Rwanda,1893,0
Rwanda,1894,0
Rwanda,1895,0
Rwanda,1896,0
Rwanda,1897,0
Rwanda,1898,0
Rwanda,1899,0
Rwanda,1900,0
Rwanda,1901,0
Rwanda,1902,0
Rwanda,1903,0
Rwanda,1904,0
Rwanda,1905,0
Rwanda,1906,0
Rwanda,1907,0
Rwanda,1908,0
Rwanda,1909,0
Rwanda,1910,0
Rwanda,1911,0
Rwanda,1912,0
Rwanda,1913,0
Rwanda,1914,0
Rwanda,1915,0
Rwanda,1916,0
Rwanda,1917,0
Rwanda,1918,0
Rwanda,1919,0
Rwanda,1920,0
Rwanda,1921,0
Rwanda,1922,0
Rwanda,1923,0
Rwanda,1924,0
Rwanda,1925,0
Rwanda,1926,0
Rwanda,1927,0
Rwanda,1928,0
Rwanda,1929,0
Rwanda,1930,0
Rwanda,1931,0
Rwanda,1932,0
Rwanda,1933,0
Rwanda,1934,0
Rwanda,1935,0
Rwanda,1936,0
Rwanda,1937,0
Rwanda,1938,0
Rwanda,1939,0
Rwanda,1940,0
Rwanda,1941,0
Rwanda,1942,0
Rwanda,1943,0
Rwanda,1944,0
Rwanda,1945,0
Rwanda,1946,0
Rwanda,1947,0
Rwanda,1948,0
Rwanda,1949,0
Rwanda,1950,0
Rwanda,1951,0
Rwanda,1952,0
Rwanda,1953,0
Rwanda,1954,0
Rwanda,1955,0
Rwanda,1956,0
Rwanda,1957,0
Rwanda,1958,0
Rwanda,1959,0
Rwanda,1960,0
Rwanda,1961,0
Rwanda,1962,0
Rwanda,1963,0
Rwanda,1964,0
Rwanda,1965,0
Rwanda,1966,0
Rwanda,1967,0
Rwanda,1968,0
Rwanda,1969,0
Rwanda,1970,0
Rwanda,1971,0
Rwanda,1972,0
Rwanda,1973,0
Rwanda,1974,0
Rwanda,1975,0
Rwanda,1976,1
Rwanda,1977,1
Rwanda,1978,1
Rwanda,1979,3
Rwanda,1980,3
Rwanda,1981,4
Rwanda,1982,5
Rwanda,1983,5
Rwanda,1984,5
Rwanda,1985,5
Rwanda,1986,8
Rwanda,1987,8
Rwanda,1988,8
Rwanda,1989,8
Rwanda,1990,8
Rwanda,1991,8
Rwanda,1992,8
Rwanda,1993,8
Rwanda,1994,8
Rwanda,1995,9
Rwanda,1996,15
Rwanda,1997,15
Rwanda,1998,19
Rwanda,1999,28
Rwanda,2000,45
Rwanda,2001,52
Rwanda,2002,60
Rwanda,2003,77
Rwanda,2004,99
Rwanda,2005,111
Rwanda,2006,119
Rwanda,2007,142
Rwanda,2008,149
Rwanda,2009,162
Rwanda,2010,163
Rwanda,2011,186
Rwanda,2012,196
Rwanda,2013,201
Rwanda,2014,209
Rwanda,2015,222
Rwanda,2016,232
Rwanda,2017,238
Rwanda,2018,242
Rwanda,2019,255
Rwanda,2020,255
Rwanda,2021,265
Rwanda,2022,270
Rwanda,2023,275
Rwanda,2024,281
Rwanda,2025,283
Rwanda,2026,289
Ryūkyū,1872,0
Ryūkyū,1873,0
Ryūkyū,1874,0
Ryūkyū,1875,0
Ryūkyū,1876,0
Ryūkyū,1877,0
Ryūkyū,1878,0
Ryūkyū,1879,0
Ryūkyū,1880,0
Ryūkyū,1881,0
Ryūkyū,1882,0
Ryūkyū,1883,0
Ryūkyū,1884,0
Ryūkyū,1885,0
Ryūkyū,1886,0
Ryūkyū,1887,0
Ryūkyū,1888,0
Ryūkyū,1889,0
Ryūkyū,1890,0
Ryūkyū,1891,0
Ryūkyū,1892,0
Ryūkyū,1893,0
Ryūkyū,1894,0
Ryūkyū,1895,0
Ryūkyū,1896,0
Ryūkyū,1897,0
Ryūkyū,1898,0
Ryūkyū,1899,0
Ryūkyū,1900,0
Ryūkyū,1901,0
Ryūkyū,1902,0
Ryūkyū,1903,0
Ryūkyū,1904,0
Ryūkyū,1905,0
Ryūkyū,1906,0
Ryūkyū,1907,0
Ryūkyū,1908,0
Ryūkyū,1909,0
Ryūkyū,1910,0
Ryūkyū,1911,0
Ryūkyū,1912,0
Ryūkyū,1913,0
Ryūkyū,1914,0
Ryūkyū,1915,0
Ryūkyū,1916,0
Ryūkyū,1917,0
Ryūkyū,1918,0
Ryūkyū,1919,0
Ryūkyū,1920,0
Ryūkyū,1921,0
Ryūkyū,1922,0
Ryūkyū,1923,0
Ryūkyū,1924,0
Ryūkyū,1925,0
Ryūkyū,1926,0
Ryūkyū,1927,0
Ryūkyū,1928,0
Ryūkyū,1929,0
Ryūkyū,1930,0
Ryūkyū,1931,0
Ryūkyū,1932,0
Ryūkyū,1933,0
Ryūkyū,1934,0
Ryūkyū,1935,0
Ryūkyū,1936,0
Ryūkyū,1937,0
Ryūkyū,1938,0
Ryūkyū,1939,0
Ryūkyū,1940,0
Ryūkyū,1941,0
Ryūkyū,1942,0
Ryūkyū,1943,0
Ryūkyū,1944,0
Ryūkyū,1945,0
Ryūkyū,1946,0
Ryūkyū,1947,0
Ryūkyū,1948,0
Ryūkyū,1949,0
Ryūkyū,1950,0
Ryūkyū,1951,0
Ryūkyū,1952,0
Ryūkyū,1953,0
Ryūkyū,1954,0
Ryūkyū,1955,0
Ryūkyū,1956,0
Ryūkyū,1957,0
Ryūkyū,1958,0
Ryūkyū,1959,0
Ryūkyū,1960,0
Ryūkyū,1961,0
Ryūkyū,1962,0
Ryūkyū,1963,0
Ryūkyū,1964,0
Ryūkyū,1965,0
Ryūkyū,1966,0
Ryūkyū,1967,0
Ryūkyū,1968,0
Ryūkyū,1969,0
Ryūkyū,1970,0
Ryūkyū,1971,0
Ryūkyū,1972,0
Ryūkyū,1973,0
Ryūkyū,1974,0
Ryūkyū,1975,0
Ryūkyū,1976,0
Ryūkyū,1977,0
Ryūkyū,1978,0
Ryūkyū,1979,0
Ryūkyū,1980,0
Ryūkyū,1981,0
Ryūkyū,1982,0
Ryūkyū,1983,0
Ryūkyū,1984,0
Ryūkyū,1985,0
Ryūkyū,1986,0
Ryūkyū,1987,0
Ryūkyū,1988,0
Ryūkyū,1989,0
Ryūkyū,1990,0
Ryūkyū,1991,0
Ryūkyū,1992,0
Ryūkyū,1993,0
Ryūkyū,1994,0
Ryūkyū,1995,0
Ryūkyū,1996,0
Ryūkyū,1997,0
Ryūkyū,1998,0
Ryūkyū,1999,0
Ryūkyū,2000,0
Ryūkyū,2001,0
Ryūkyū,2002,0
Ryūkyū,2003,0
Ryūkyū,2004,0
Ryūkyū,2005,0
Ryūkyū,2006,0
Ryūkyū,2007,0
Ryūkyū,2008,0
Ryūkyū,2009,0
Ryūkyū,2010,0
Ryūkyū,2011,0
Ryūkyū,2012,0
Ryūkyū,2013,0
Ryūkyū,2014,0
Ryūkyū,2015,0
Ryūkyū,2016,0
Ryūkyū,2017,0
Ryūkyū,2018,0
Ryūkyū,2019,0
Ryūkyū,2020,0
Ryūkyū,2021,0
Ryūkyū,2022,0
Ryūkyū,2023,0
Ryūkyū,2024,0
Ryūkyū,2025,0
Ryūkyū,2026,0
Réunion,1872,0
Réunion,1873,0
Réunion,1874,0
Réunion,1875,0
Réunion,1876,0
Réunion,1877,0
Réunion,1878,0
Réunion,1879,0
Réunion,1880,0
Réunion,1881,0
Réunion,1882,0
Réunion,1883,0
Réunion,1884,0
Réunion,1885,0
Réunion,1886,0
Réunion,1887,0
Réunion,1888,0
Réunion,1889,0
Réunion,1890,0
Réunion,1891,0
Réunion,1892,0
Réunion,1893,0
Réunion,1894,0
Réunion,1895,0
Réunion,1896,0
Réunion,1897,0
Réunion,1898,0
Réunion,1899,0
Réunion,1900,0
Réunion,1901,0
Réunion,1902,0
Réunion,1903,0
Réunion,1904,0
Réunion,1905,0
Réunion,1906,0
Réunion,1907,0
Réunion,1908,0
Réunion,1909,0
Réunion,1910,0
Réunion,1911,0
Réunion,1912,0
Réunion,1913,0
Réunion,1914,0
Réunion,1915,0
Réunion,1916,0
Réunion,1917,0
Réunion,1918,0
Réunion,1919,0
Réunion,1920,0
Réunion,1921,0
Réunion,1922,0
Réunion,1923,0
Réunion,1924,0
Réunion,1925,0
Réunion,1926,0
Réunion,1927,0
Réunion,1928,0
Réunion,1929,0
Réunion,1930,0
Réunion,1931,0
Réunion,1932,0
Réunion,1933,0
Réunion,1934,0
Réunion,1935,0
Réunion,1936,0
Réunion,1937,0
Réunion,1938,0
Réunion,1939,0
Réunion,1940,0
Réunion,1941,0
Réunion,1942,0
Réunion,1943,0
Réunion,1944,0
Réunion,1945,0
Réunion,1946,0
Réunion,1947,3
Réunion,1948,5
Réunion,1949,6
Réunion,1950,11
Réunion,1951,14
Réunion,1952,14
Réunion,1953,22
Réunion,1954,28
Réunion,1955,31
Réunion,1956,36
Réunion,1957,37
Réunion,1958,38
Réunion,1959,38
Réunion,1960,39
Réunion,1961,39
Réunion,1962,39
Réunion,1963,42
Réunion,1964,42
Réunion,1965,42
Réunion,1966,42
Réunion,1967,42
Réunion,1968,42
Réunion,1969,42
Réunion,1970,42
Réunion,1971,42
Réunion,1972,42
Réunion,1973,43
Réunion,1974,45
Réunion,1975,45
Réunion,1976,50
Réunion,1977,51
Réunion,1978,60
Réunion,1979,80
Réunion,1980,80
Réunion,1981,84
Réunion,1982,88
Réunion,1983,91
Réunion,1984,92
Réunion,1985,109
Réunion,1986,110
Réunion,1987,110
Réunion,1988,111
Réunion,1989,111
Réunion,1990,113
Réunion,1991,113
Réunion,1992,113
Réunion,1993,121
Réunion,1994,121
Réunion,1995,121
Réunion,1996,121
Réunion,1997,121
Réunion,1998,131
Réunion,1999,131
Réunion,2000,131
Réunion,2001,131
Réunion,2002,132
Réunion,2003,140
Réunion,2004,140
Réunion,2005,142
Réunion,2006,145
Réunion,2007,148
Réunion,2008,157
Réunion,2009,157
Réunion,2010,171
Réunion,2011,182
Réunion,2012,198
Réunion,2013,198
Réunion,2014,198
Réunion,2015,206
Réunion,2016,206
Réunion,2017,206
Réunion,2018,206
Réunion,2019,216
Réunion,2020,216
Réunion,2021,216
Réunion,2022,216
Réunion,2023,219
Réunion,2024,219
Réunion,2025,219
Réunion,2026,219
Saare County,1872,0
Saare County,1873,0
Saare County,1874,0
Saare County,1875,0
Saare County,1876,0
Saare County,1877,0
Saare County,1878,0
Saare County,1879,0
Saare County,1880,0
Saare County,1881,0
Saare County,1882,0
Saare County,1883,0
Saare County,1884,0
Saare County,1885,0
Saare County,1886,0
Saare County,1887,0
Saare County,1888,0
Saare County,1889,0
Saare County,1890,0
Saare County,1891,0
Saare County,1892,0
Saare County,1893,0
Saare County,1894,0
Saare County,1895,0
Saare County,1896,0
Saare County,1897,0
Saare County,1898,0
Saare County,1899,0
Saare County,1900,0
Saare County,1901,0
Saare County,1902,0
Saare County,1903,0
Saare County,1904,0
Saare County,1905,0
Saare County,1906,0
Saare County,1907,0
Saare County,1908,0
Saare County,1909,0
Saare County,1910,0
Saare County,1911,0
Saare County,1912,0
Saare County,1913,0
Saare County,1914,0
Saare County,1915,0
Saare County,1916,0
Saare County,1917,0
Saare County,1918,0
Saare County,1919,0
Saare County,1920,0
Saare County,1921,0
Saare County,1922,0
Saare County,1923,0
Saare County,1924,0
Saare County,1925,0
Saare County,1926,0
Saare County,1927,0
Saare County,1928,0
Saare County,1929,0
Saare County,1930,0
Saare County,1931,0
Saare County,1932,0
Saare County,1933,0
Saare County,1934,0
Saare County,1935,0
Saare County,1936,0
Saare County,1937,0
Saare County,1938,0
Saare County,1939,0
Saare County,1940,0
Saare County,1941,0
Saare County,1942,0
Saare County,1943,0
Saare County,1944,0
Saare County,1945,0
Saare County,1946,0
Saare County,1947,0
Saare County,1948,0
Saare County,1949,0
Saare County,1950,0
Saare County,1951,0
Saare County,1952,0
Saare County,1953,0
Saare County,1954,0
Saare County,1955,0
Saare County,1956,0
Saare County,1957,0
Saare County,1958,0
Saare County,1959,0
Saare County,1960,0
Saare County,1961,0
Saare County,1962,0
Saare County,1963,0
Saare County,1964,0
Saare County,1965,0
Saare County,1966,0
Saare County,1967,0
Saare County,1968,0
Saare County,1969,0
Saare County,1970,0
Saare County,1971,0
Saare County,1972,0
Saare County,1973,0
Saare County,1974,0
Saare County,1975,0
Saare County,1976,0
Saare County,1977,0
Saare County,1978,0
Saare County,1979,0
Saare County,1980,0
Saare County,1981,0
Saare County,1982,0
Saare County,1983,0
Saare County,1984,0
Saare County,1985,0
Saare County,1986,0
Saare County,1987,0
Saare County,1988,0
Saare County,1989,0
Saare County,1990,0
Saare County,1991,0
Saare County,1992,0
Saare County,1993,0
Saare County,1994,0
Saare County,1995,0
Saare County,1996,0
Saare County,1997,0
Saare County,1998,0
Saare County,1999,4
Saare County,2000,4
Saare County,2001,9
Saare County,2002,9
Saare County,2003,9
Saare County,2004,9
Saare County,2005,16
Saare County,2006,16
Saare County,2007,19
Saare County,2008,19
Saare County,2009,22
Saare County,2010,22
Saare County,2011,27
Saare County,2012,27
Saare County,2013,27
Saare County,2014,27
Saare County,2015,32
Saare County,2016,32
Saare County,2017,41
Saare County,2018,41
Saare County,2019,41
Saare County,2020,41
Saare County,2021,41
Saare County,2022,41
Saare County,2023,41
Saare County,2024,41
Saare County,2025,41
Saare County,2026,41
Saarland,1872,0
Saarland,1873,0
Saarland,1874,0
Saarland,1875,0
Saarland,1876,0
Saarland,1877,0
Saarland,1878,0
Saarland,1879,0
Saarland,1880,0
Saarland,1881,0
Saarland,1882,0
Saarland,1883,0
Saarland,1884,0
Saarland,1885,0
Saarland,1886,0
Saarland,1887,0
Saarland,1888,0
Saarland,1889,0
Saarland,1890,0
Saarland,1891,0
Saarland,1892,0
Saarland,1893,0
Saarland,1894,0
Saarland,1895,0
Saarland,1896,0
Saarland,1897,0
Saarland,1898,0
Saarland,1899,0
Saarland,1900,0
Saarland,1901,0
Saarland,1902,0
Saarland,1903,0
Saarland,1904,0
Saarland,1905,0
Saarland,1906,0
Saarland,1907,0
Saarland,1908,0
Saarland,1909,0
Saarland,1910,0
Saarland,1911,0
Saarland,1912,0
Saarland,1913,0
Saarland,1914,0
Saarland,1915,0
Saarland,1916,0
Saarland,1917,0
Saarland,1918,0
Saarland,1919,0
Saarland,1920,0
Saarland,1921,0
Saarland,1922,0
Saarland,1923,0
Saarland,1924,0
Saarland,1925,0
Saarland,1926,0
Saarland,1927,0
Saarland,1928,0
Saarland,1929,0
Saarland,1930,0
Saarland,1931,0
Saarland,1932,0
Saarland,1933,0
Saarland,1934,0
Saarland,1935,0
Saarland,1936,0
Saarland,1937,0
Saarland,1938,0
Saarland,1939,0
Saarland,1940,0
Saarland,1941,0
Saarland,1942,0
Saarland,1943,0
Saarland,1944,0
Saarland,1945,0
Saarland,1946,0
Saarland,1947,0
Saarland,1948,0
Saarland,1949,0
Saarland,1950,0
Saarland,1951,0
Saarland,1952,0
Saarland,1953,3
Saarland,1954,6
Saarland,1955,7
Saarland,1956,10
Saarland,1957,10
Saarland,1958,10
Saarland,1959,10
Saarland,1960,10
Saarland,1961,10
Saarland,1962,10
Saarland,1963,10
Saarland,1964,10
Saarland,1965,10
Saarland,1966,10
Saarland,1967,10
Saarland,1968,10
Saarland,1969,10
Saarland,1970,10
Saarland,1971,10
Saarland,1972,10
Saarland,1973,10
Saarland,1974,10
Saarland,1975,10
Saarland,1976,10
Saarland,1977,10
Saarland,1978,10
Saarland,1979,10
Saarland,1980,10
Saarland,1981,10
Saarland,1982,10
Saarland,1983,10
Saarland,1984,10
Saarland,1985,10
Saarland,1986,10
Saarland,1987,10
Saarland,1988,10
Saarland,1989,10
Saarland,1990,10
Saarland,1991,10
Saarland,1992,10
Saarland,1993,10
Saarland,1994,10
Saarland,1995,10
Saarland,1996,10
Saarland,1997,10
Saarland,1998,10
Saarland,1999,10
Saarland,2000,10
Saarland,2001,10
Saarland,2002,10
Saarland,2003,10
Saarland,2004,10
Saarland,2005,10
Saarland,2006,10
Saarland,2007,10
Saarland,2008,10
Saarland,2009,10
Saarland,2010,10
Saarland,2011,10
Saarland,2012,10
Saarland,2013,10
Saarland,2014,10
Saarland,2015,10
Saarland,2016,10
Saarland,2017,10
Saarland,2018,10
Saarland,2019,10
Saarland,2020,10
Saarland,2021,10
Saarland,2022,10
Saarland,2023,10
Saarland,2024,10
Saarland,2025,10
Saarland,2026,10
Saint Barthélemy,1872,0
Saint Barthélemy,1873,0
Saint Barthélemy,1874,0
Saint Barthélemy,1875,0
Saint Barthélemy,1876,0
Saint Barthélemy,1877,0
Saint Barthélemy,1878,0
Saint Barthélemy,1879,0
Saint Barthélemy,1880,0
Saint Barthélemy,1881,0
Saint Barthélemy,1882,0
Saint Barthélemy,1883,0
Saint Barthélemy,1884,0
Saint Barthélemy,1885,0
Saint Barthélemy,1886,0
Saint Barthélemy,1887,0
Saint Barthélemy,1888,0
Saint Barthélemy,1889,0
Saint Barthélemy,1890,0
Saint Barthélemy,1891,0
Saint Barthélemy,1892,0
Saint Barthélemy,1893,0
Saint Barthélemy,1894,0
Saint Barthélemy,1895,0
Saint Barthélemy,1896,0
Saint Barthélemy,1897,0
Saint Barthélemy,1898,0
Saint Barthélemy,1899,0
Saint Barthélemy,1900,0
Saint Barthélemy,1901,0
Saint Barthélemy,1902,0
Saint Barthélemy,1903,0
Saint Barthélemy,1904,0
Saint Barthélemy,1905,0
Saint Barthélemy,1906,0
Saint Barthélemy,1907,0
Saint Barthélemy,1908,0
Saint Barthélemy,1909,0
Saint Barthélemy,1910,0
Saint Barthélemy,1911,0
Saint Barthélemy,1912,0
Saint Barthélemy,1913,0
Saint Barthélemy,1914,0
Saint Barthélemy,1915,0
Saint Barthélemy,1916,0
Saint Barthélemy,1917,0
Saint Barthélemy,1918,0
Saint Barthélemy,1919,0
Saint Barthélemy,1920,0
Saint Barthélemy,1921,0
Saint Barthélemy,1922,0
Saint Barthélemy,1923,0
Saint Barthélemy,1924,0
Saint Barthélemy,1925,0
Saint Barthélemy,1926,0
Saint Barthélemy,1927,0
Saint Barthélemy,1928,0
Saint Barthélemy,1929,0
Saint Barthélemy,1930,0
Saint Barthélemy,1931,0
Saint Barthélemy,1932,0
Saint Barthélemy,1933,0
Saint Barthélemy,1934,0
Saint Barthélemy,1935,0
Saint Barthélemy,1936,0
Saint Barthélemy,1937,0
Saint Barthélemy,1938,0
Saint Barthélemy,1939,0
Saint Barthélemy,1940,0
Saint Barthélemy,1941,0
Saint Barthélemy,1942,0
Saint Barthélemy,1943,0
Saint Barthélemy,1944,0
Saint Barthélemy,1945,0
Saint Barthélemy,1946,0
Saint Barthélemy,1947,0
Saint Barthélemy,1948,0
Saint Barthélemy,1949,0
Saint Barthélemy,1950,0
Saint Barthélemy,1951,0
Saint Barthélemy,1952,0
Saint Barthélemy,1953,0
Saint Barthélemy,1954,0
Saint Barthélemy,1955,0
Saint Barthélemy,1956,0
Saint Barthélemy,1957,0
Saint Barthélemy,1958,0
Saint Barthélemy,1959,0
Saint Barthélemy,1960,0
Saint Barthélemy,1961,0
Saint Barthélemy,1962,0
Saint Barthélemy,1963,0
Saint Barthélemy,1964,0
Saint Barthélemy,1965,0
Saint Barthélemy,1966,0
Saint Barthélemy,1967,0
Saint Barthélemy,1968,0
Saint Barthélemy,1969,0
Saint Barthélemy,1970,0
Saint Barthélemy,1971,0
Saint Barthélemy,1972,0
Saint Barthélemy,1973,0
Saint Barthélemy,1974,0
Saint Barthélemy,1975,0
Saint Barthélemy,1976,0
Saint Barthélemy,1977,0
Saint Barthélemy,1978,0
Saint Barthélemy,1979,0
Saint Barthélemy,1980,0
Saint Barthélemy,1981,0
Saint Barthélemy,1982,0
Saint Barthélemy,1983,0
Saint Barthélemy,1984,0
Saint Barthélemy,1985,0
Saint Barthélemy,1986,0
Saint Barthélemy,1987,0
Saint Barthélemy,1988,0
Saint Barthélemy,1989,0
Saint Barthélemy,1990,0
Saint Barthélemy,1991,0
Saint Barthélemy,1992,0
Saint Barthélemy,1993,0
Saint Barthélemy,1994,0
Saint Barthélemy,1995,0
Saint Barthélemy,1996,0
Saint Barthélemy,1997,0
Saint Barthélemy,1998,0
Saint Barthélemy,1999,0
Saint Barthélemy,2000,0
Saint Barthélemy,2001,0
Saint Barthélemy,2002,0
Saint Barthélemy,2003,0
Saint Barthélemy,2004,0
Saint Barthélemy,2005,0
Saint Barthélemy,2006,0
Saint Barthélemy,2007,0
Saint Barthélemy,2008,0
Saint Barthélemy,2009,0
Saint Barthélemy,2010,0
Saint Barthélemy,2011,0
Saint Barthélemy,2012,1
Saint Barthélemy,2013,1
Saint Barthélemy,2014,1
Saint Barthélemy,2015,1
Saint Barthélemy,2016,1
Saint Barthélemy,2017,1
Saint Barthélemy,2018,13
Saint Barthélemy,2019,18
Saint Barthélemy,2020,18
Saint Barthélemy,2021,18
Saint Barthélemy,2022,18
Saint Barthélemy,2023,25
Saint Barthélemy,2024,25
Saint Barthélemy,2025,25
Saint Barthélemy,2026,25
Saint Helena,1872,0
Saint Helena,1873,0
Saint Helena,1874,0
Saint Helena,1875,0
Saint Helena,1876,0
Saint Helena,1877,0
Saint Helena,1878,0
Saint Helena,1879,0
Saint Helena,1880,0
Saint Helena,1881,0
Saint Helena,1882,0
Saint Helena,1883,0
Saint Helena,1884,0
Saint Helena,1885,0
Saint Helena,1886,0
Saint Helena,1887,0
Saint Helena,1888,0
Saint Helena,1889,0
Saint Helena,1890,0
Saint Helena,1891,0
Saint Helena,1892,0
Saint Helena,1893,0
Saint Helena,1894,0
Saint Helena,1895,0
Saint Helena,1896,0
Saint Helena,1897,0
Saint Helena,1898,0
Saint Helena,1899,0
Saint Helena,1900,0
Saint Helena,1901,0
Saint Helena,1902,0
Saint Helena,1903,0
Saint Helena,1904,0
Saint Helena,1905,0
Saint Helena,1906,0
Saint Helena,1907,0
Saint Helena,1908,0
Saint Helena,1909,0
Saint Helena,1910,0
Saint Helena,1911,0
Saint Helena,1912,0
Saint Helena,1913,0
Saint Helena,1914,0
Saint Helena,1915,0
Saint Helena,1916,0
Saint Helena,1917,0
Saint Helena,1918,0
Saint Helena,1919,0
Saint Helena,1920,0
Saint Helena,1921,0
Saint Helena,1922,0
Saint Helena,1923,0
Saint Helena,1924,0
Saint Helena,1925,0
Saint Helena,1926,0
Saint Helena,1927,0
Saint Helena,1928,0
Saint Helena,1929,0
Saint Helena,1930,0
Saint Helena,1931,0
Saint Helena,1932,0
Saint Helena,1933,0
Saint Helena,1934,0
Saint Helena,1935,0
Saint Helena,1936,0
Saint Helena,1937,0
Saint Helena,1938,0
Saint Helena,1939,0
Saint Helena,1940,0
Saint Helena,1941,0
Saint Helena,1942,0
Saint Helena,1943,0
Saint Helena,1944,0
Saint Helena,1945,0
Saint Helena,1946,0
Saint Helena,1947,0
Saint Helena,1948,0
Saint Helena,1949,0
Saint Helena,1950,0
Saint Helena,1951,0
Saint Helena,1952,0
Saint Helena,1953,0
Saint Helena,1954,0
Saint Helena,1955,0
Saint Helena,1956,0
Saint Helena,1957,0
Saint Helena,1958,0
Saint Helena,1959,0
Saint Helena,1960,0
Saint Helena,1961,0
Saint Helena,1962,0
Saint Helena,1963,0
Saint Helena,1964,0
Saint Helena,1965,0
Saint Helena,1966,0
Saint Helena,1967,0
Saint Helena,1968,0
Saint Helena,1969,0
Saint Helena,1970,0
Saint Helena,1971,0
Saint Helena,1972,0
Saint Helena,1973,0
Saint Helena,1974,0
Saint Helena,1975,0
Saint Helena,1976,0
Saint Helena,1977,0
Saint Helena,1978,0
Saint Helena,1979,0
Saint Helena,1980,0
Saint Helena,1981,0
Saint Helena,1982,0
Saint Helena,1983,0
Saint Helena,1984,0
Saint Helena,1985,0
Saint Helena,1986,0
Saint Helena,1987,0
Saint Helena,1988,0
Saint Helena,1989,0
Saint Helena,1990,0
Saint Helena,1991,0
Saint Helena,1992,0
Saint Helena,1993,0
Saint Helena,1994,0
Saint Helena,1995,0
Saint Helena,1996,0
Saint Helena,1997,0
Saint Helena,1998,0
Saint Helena,1999,0
Saint Helena,2000,0
Saint Helena,2001,0
Saint Helena,2002,0
Saint Helena,2003,0
Saint Helena,2004,0
Saint Helena,2005,0
Saint Helena,2006,0
Saint Helena,2007,0
Saint Helena,2008,0
Saint Helena,2009,0
Saint Helena,2010,0
Saint Helena,2011,0
Saint Helena,2012,0
Saint Helena,2013,0
Saint Helena,2014,0
Saint Helena,2015,0
Saint Helena,2016,0
Saint Helena,2017,0
Saint Helena,2018,0
Saint Helena,2019,4
Saint Helena,2020,4
Saint Helena,2021,4
Saint Helena,2022,4
Saint Helena,2023,6
Saint Helena,2024,6
Saint Helena,2025,6
Saint Helena,2026,6
Saint Kitts and Nevis,1872,0
Saint Kitts and Nevis,1873,0
Saint Kitts and Nevis,1874,0
Saint Kitts and Nevis,1875,0
Saint Kitts and Nevis,1876,0
Saint Kitts and Nevis,1877,0
Saint Kitts and Nevis,1878,0
Saint Kitts and Nevis,1879,0
Saint Kitts and Nevis,1880,0
Saint Kitts and Nevis,1881,0
Saint Kitts and Nevis,1882,0
Saint Kitts and Nevis,1883,0
Saint Kitts and Nevis,1884,0
Saint Kitts and Nevis,1885,0
Saint Kitts and Nevis,1886,0
Saint Kitts and Nevis,1887,0
Saint Kitts and Nevis,1888,0
Saint Kitts and Nevis,1889,0
Saint Kitts and Nevis,1890,0
Saint Kitts and Nevis,1891,0
Saint Kitts and Nevis,1892,0
Saint Kitts and Nevis,1893,0
Saint Kitts and Nevis,1894,0
Saint Kitts and Nevis,1895,0
Saint Kitts and Nevis,1896,0
Saint Kitts and Nevis,1897,0
Saint Kitts and Nevis,1898,0
Saint Kitts and Nevis,1899,0
Saint Kitts and Nevis,1900,0
Saint Kitts and Nevis,1901,0
Saint Kitts and Nevis,1902,0
Saint Kitts and Nevis,1903,0
Saint Kitts and Nevis,1904,0
Saint Kitts and Nevis,1905,0
Saint Kitts and Nevis,1906,0
Saint Kitts and Nevis,1907,0
Saint Kitts and Nevis,1908,0
Saint Kitts and Nevis,1909,0
Saint Kitts and Nevis,1910,0
Saint Kitts and Nevis,1911,0
Saint Kitts and Nevis,1912,0
Saint Kitts and Nevis,1913,0
Saint Kitts and Nevis,1914,0
Saint Kitts and Nevis,1915,0
Saint Kitts and Nevis,1916,0
Saint Kitts and Nevis,1917,0
Saint Kitts and Nevis,1918,0
Saint Kitts and Nevis,1919,0
Saint Kitts and Nevis,1920,0
Saint Kitts and Nevis,1921,0
Saint Kitts and Nevis,1922,0
Saint Kitts and Nevis,1923,0
Saint Kitts and Nevis,1924,0
Saint Kitts and Nevis,1925,0
Saint Kitts and Nevis,1926,0
Saint Kitts and Nevis,1927,0
Saint Kitts and Nevis,1928,0
Saint Kitts and Nevis,1929,0
Saint Kitts and Nevis,1930,0
Saint Kitts and Nevis,1931,0
Saint Kitts and Nevis,1932,0
Saint Kitts and Nevis,1933,0
Saint Kitts and Nevis,1934,0
Saint Kitts and Nevis,1935,0
Saint Kitts and Nevis,1936,0
Saint Kitts and Nevis,1937,0
Saint Kitts and Nevis,1938,2
Saint Kitts and Nevis,1939,2
Saint Kitts and Nevis,1940,2
Saint Kitts and Nevis,1941,2
Saint Kitts and Nevis,1942,2
Saint Kitts and Nevis,1943,2
Saint Kitts and Nevis,1944,2
Saint Kitts and Nevis,1945,2
Saint Kitts and Nevis,1946,2
Saint Kitts and Nevis,1947,2
Saint Kitts and Nevis,1948,2
Saint Kitts and Nevis,1949,2
Saint Kitts and Nevis,1950,2
Saint Kitts and Nevis,1951,2
Saint Kitts and Nevis,1952,2
Saint Kitts and Nevis,1953,2
Saint Kitts and Nevis,1954,2
Saint Kitts and Nevis,1955,2
Saint Kitts and Nevis,1956,2
Saint Kitts and Nevis,1957,2
Saint Kitts and Nevis,1958,2
Saint Kitts and Nevis,1959,2
Saint Kitts and Nevis,1960,2
Saint Kitts and Nevis,1961,2
Saint Kitts and Nevis,1962,2
Saint Kitts and Nevis,1963,2
Saint Kitts and Nevis,1964,2
Saint Kitts and Nevis,1965,2
Saint Kitts and Nevis,1966,2
Saint Kitts and Nevis,1967,2
Saint Kitts and Nevis,1968,2
Saint Kitts and Nevis,1969,2
Saint Kitts and Nevis,1970,2
Saint Kitts and Nevis,1971,2
Saint Kitts and Nevis,1972,2
Saint Kitts and Nevis,1973,2
Saint Kitts and Nevis,1974,2
Saint Kitts and Nevis,1975,2
Saint Kitts and Nevis,1976,2
Saint Kitts and Nevis,1977,2
Saint Kitts and Nevis,1978,2
Saint Kitts and Nevis,1979,4
Saint Kitts and Nevis,1980,4
Saint Kitts and Nevis,1981,4
Saint Kitts and Nevis,1982,4
Saint Kitts and Nevis,1983,4
Saint Kitts and Nevis,1984,4
Saint Kitts and Nevis,1985,7
Saint Kitts and Nevis,1986,7
Saint Kitts and Nevis,1987,7
Saint Kitts and Nevis,1988,7
Saint Kitts and Nevis,1989,13
Saint Kitts and Nevis,1990,18
Saint Kitts and Nevis,1991,19
Saint Kitts and Nevis,1992,33
Saint Kitts and Nevis,1993,47
Saint Kitts and Nevis,1994,58
Saint Kitts and Nevis,1995,64
Saint Kitts and Nevis,1996,86
Saint Kitts and Nevis,1997,91
Saint Kitts and Nevis,1998,106
Saint Kitts and Nevis,1999,119
Saint Kitts and Nevis,2000,134
Saint Kitts and Nevis,2001,153
Saint Kitts and Nevis,2002,165
Saint Kitts and Nevis,2003,167
Saint Kitts and Nevis,2004,203
Saint Kitts and Nevis,2005,203
Saint Kitts and Nevis,2006,216
Saint Kitts and Nevis,2007,223
Saint Kitts and Nevis,2008,235
Saint Kitts and Nevis,2009,241
Saint Kitts and Nevis,2010,254
Saint Kitts and Nevis,2011,261
Saint Kitts and Nevis,2012,262
Saint Kitts and Nevis,2013,262
Saint Kitts and Nevis,2014,271
Saint Kitts and Nevis,2015,290
Saint Kitts and Nevis,2016,296
Saint Kitts and Nevis,2017,301
Saint Kitts and Nevis,2018,314
Saint Kitts and Nevis,2019,326
Saint Kitts and Nevis,2020,326
Saint Kitts and Nevis,2021,334
Saint Kitts and Nevis,2022,338
Saint Kitts and Nevis,2023,349
Saint Kitts and Nevis,2024,365
Saint Kitts and Nevis,2025,383
Saint Kitts and Nevis,2026,387
Saint Lucia,1872,0
Saint Lucia,1873,0
Saint Lucia,1874,0
Saint Lucia,1875,0
Saint Lucia,1876,0
Saint Lucia,1877,0
Saint Lucia,1878,0
Saint Lucia,1879,0
Saint Lucia,1880,0
Saint Lucia,1881,0
Saint Lucia,1882,0
Saint Lucia,1883,0
Saint Lucia,1884,0
Saint Lucia,1885,0
Saint Lucia,1886,0
Saint Lucia,1887,0
Saint Lucia,1888,0
Saint Lucia,1889,0
Saint Lucia,1890,0
Saint Lucia,1891,0
Saint Lucia,1892,0
Saint Lucia,1893,0
Saint Lucia,1894,0
Saint Lucia,1895,0
Saint Lucia,1896,0
Saint Lucia,1897,0
Saint Lucia,1898,0
Saint Lucia,1899,0
Saint Lucia,1900,0
Saint Lucia,1901,0
Saint Lucia,1902,0
Saint Lucia,1903,0
Saint Lucia,1904,0
Saint Lucia,1905,0
Saint Lucia,1906,0
Saint Lucia,1907,0
Saint Lucia,1908,0
Saint Lucia,1909,0
Saint Lucia,1910,0
Saint Lucia,1911,0
Saint Lucia,1912,0
Saint Lucia,1913,0
Saint Lucia,1914,0
Saint Lucia,1915,0
Saint Lucia,1916,0
Saint Lucia,1917,0
Saint Lucia,1918,0
Saint Lucia,1919,0
Saint Lucia,1920,0
Saint Lucia,1921,0
Saint Lucia,1922,0
Saint Lucia,1923,0
Saint Lucia,1924,0
Saint Lucia,1925,0
Saint Lucia,1926,0
Saint Lucia,1927,0
Saint Lucia,1928,0
Saint Lucia,1929,0
Saint Lucia,1930,0
Saint Lucia,1931,0
Saint Lucia,1932,0
Saint Lucia,1933,0
Saint Lucia,1934,0
Saint Lucia,1935,0
Saint Lucia,1936,0
Saint Lucia,1937,0
Saint Lucia,1938,4
Saint Lucia,1939,4
Saint Lucia,1940,4
Saint Lucia,1941,4
Saint Lucia,1942,4
Saint Lucia,1943,4
Saint Lucia,1944,4
Saint Lucia,1945,4
Saint Lucia,1946,4
Saint Lucia,1947,4
Saint Lucia,1948,4
Saint Lucia,1949,4
Saint Lucia,1950,4
Saint Lucia,1951,4
Saint Lucia,1952,4
Saint Lucia,1953,4
Saint Lucia,1954,4
Saint Lucia,1955,4
Saint Lucia,1956,4
Saint Lucia,1957,4
Saint Lucia,1958,4
Saint Lucia,1959,4
Saint Lucia,1960,4
Saint Lucia,1961,10
Saint Lucia,1962,10
Saint Lucia,1963,10
Saint Lucia,1964,21
Saint Lucia,1965,23
Saint Lucia,1966,28
Saint Lucia,1967,37
Saint Lucia,1968,41
Saint Lucia,1969,45
Saint Lucia,1970,47
Saint Lucia,1971,52
Saint Lucia,1972,56
Saint Lucia,1973,59
Saint Lucia,1974,61
Saint Lucia,1975,61
Saint Lucia,1976,61
Saint Lucia,1977,61
Saint Lucia,1978,61
Saint Lucia,1979,61
Saint Lucia,1980,61
Saint Lucia,1981,61
Saint Lucia,1982,61
Saint Lucia,1983,61
Saint Lucia,1984,63
Saint Lucia,1985,64
Saint Lucia,1986,69
Saint Lucia,1987,70
Saint Lucia,1988,70
Saint Lucia,1989,71
Saint Lucia,1990,73
Saint Lucia,1991,88
Saint Lucia,1992,90
Saint Lucia,1993,98
Saint Lucia,1994,98
Saint Lucia,1995,109
Saint Lucia,1996,112
Saint Lucia,1997,117
Saint Lucia,1998,126
Saint Lucia,1999,144
Saint Lucia,2000,160
Saint Lucia,2001,188
Saint Lucia,2002,206
Saint Lucia,2003,212
Saint Lucia,2004,232
Saint Lucia,2005,232
Saint Lucia,2006,236
Saint Lucia,2007,236
Saint Lucia,2008,241
Saint Lucia,2009,241
Saint Lucia,2010,247
Saint Lucia,2011,257
Saint Lucia,2012,262
Saint Lucia,2013,265
Saint Lucia,2014,273
Saint Lucia,2015,278
Saint Lucia,2016,278
Saint Lucia,2017,281
Saint Lucia,2018,285
Saint Lucia,2019,290
Saint Lucia,2020,290
Saint Lucia,2021,290
Saint Lucia,2022,295
Saint Lucia,2023,313
Saint Lucia,2024,323
Saint Lucia,2025,326
Saint Lucia,2026,327
Saint Martin,1872,0
Saint Martin,1873,0
Saint Martin,1874,0
Saint Martin,1875,0
Saint Martin,1876,0
Saint Martin,1877,0
Saint Martin,1878,0
Saint Martin,1879,0
Saint Martin,1880,0
Saint Martin,1881,0
Saint Martin,1882,0
Saint Martin,1883,0
Saint Martin,1884,0
Saint Martin,1885,0
Saint Martin,1886,0
Saint Martin,1887,0
Saint Martin,1888,0
Saint Martin,1889,0
Saint Martin,1890,0
Saint Martin,1891,0
Saint Martin,1892,0
Saint Martin,1893,0
Saint Martin,1894,0
Saint Martin,1895,0
Saint Martin,1896,0
Saint Martin,1897,0
Saint Martin,1898,0
Saint Martin,1899,0
Saint Martin,1900,0
Saint Martin,1901,0
Saint Martin,1902,0
Saint Martin,1903,0
Saint Martin,1904,0
Saint Martin,1905,0
Saint Martin,1906,0
Saint Martin,1907,0
Saint Martin,1908,0
Saint Martin,1909,0
Saint Martin,1910,0
Saint Martin,1911,0
Saint Martin,1912,0
Saint Martin,1913,0
Saint Martin,1914,0
Saint Martin,1915,0
Saint Martin,1916,0
Saint Martin,1917,0
Saint Martin,1918,0
Saint Martin,1919,0
Saint Martin,1920,0
Saint Martin,1921,0
Saint Martin,1922,0
Saint Martin,1923,0
Saint Martin,1924,0
Saint Martin,1925,0
Saint Martin,1926,0
Saint Martin,1927,0
Saint Martin,1928,0
Saint Martin,1929,0
Saint Martin,1930,0
Saint Martin,1931,0
Saint Martin,1932,0
Saint Martin,1933,0
Saint Martin,1934,0
Saint Martin,1935,0
Saint Martin,1936,0
Saint Martin,1937,0
Saint Martin,1938,0
Saint Martin,1939,0
Saint Martin,1940,0
Saint Martin,1941,0
Saint Martin,1942,0
Saint Martin,1943,0
Saint Martin,1944,0
Saint Martin,1945,0
Saint Martin,1946,0
Saint Martin,1947,0
Saint Martin,1948,0
Saint Martin,1949,0
Saint Martin,1950,0
Saint Martin,1951,0
Saint Martin,1952,0
Saint Martin,1953,0
Saint Martin,1954,0
Saint Martin,1955,0
Saint Martin,1956,0
Saint Martin,1957,0
Saint Martin,1958,0
Saint Martin,1959,0
Saint Martin,1960,0
Saint Martin,1961,0
Saint Martin,1962,0
Saint Martin,1963,0
Saint Martin,1964,0
Saint Martin,1965,0
Saint Martin,1966,0
Saint Martin,1967,0
Saint Martin,1968,0
Saint Martin,1969,0
Saint Martin,1970,0
Saint Martin,1971,0
Saint Martin,1972,0
Saint Martin,1973,0
Saint Martin,1974,0
Saint Martin,1975,0
Saint Martin,1976,0
Saint Martin,1977,0
Saint Martin,1978,0
Saint Martin,1979,0
Saint Martin,1980,0
Saint Martin,1981,0
Saint Martin,1982,0
Saint Martin,1983,0
Saint Martin,1984,0
Saint Martin,1985,0
Saint Martin,1986,0
Saint Martin,1987,0
Saint Martin,1988,0
Saint Martin,1989,0
Saint Martin,1990,5
Saint Martin,1991,5
Saint Martin,1992,5
Saint Martin,1993,5
Saint Martin,1994,5
Saint Martin,1995,5
Saint Martin,1996,5
Saint Martin,1997,6
Saint Martin,1998,6
Saint Martin,1999,6
Saint Martin,2000,6
Saint Martin,2001,15
Saint Martin,2002,22
Saint Martin,2003,22
Saint Martin,2004,22
Saint Martin,2005,22
Saint Martin,2006,23
Saint Martin,2007,23
Saint Martin,2008,25
Saint Martin,2009,25
Saint Martin,2010,36
Saint Martin,2011,36
Saint Martin,2012,36
Saint Martin,2013,36
Saint Martin,2014,40
Saint Martin,2015,40
Saint Martin,2016,40
Saint Martin,2017,40
Saint Martin,2018,46
Saint Martin,2019,59
Saint Martin,2020,59
Saint Martin,2021,59
Saint Martin,2022,60
Saint Martin,2023,84
Saint Martin,2024,92
Saint Martin,2025,95
Saint Martin,2026,101
Saint Pierre and Miquelon,1872,0
Saint Pierre and Miquelon,1873,0
Saint Pierre and Miquelon,1874,0
Saint Pierre and Miquelon,1875,0
Saint Pierre and Miquelon,1876,0
Saint Pierre and Miquelon,1877,0
Saint Pierre and Miquelon,1878,0
Saint Pierre and Miquelon,1879,0
Saint Pierre and Miquelon,1880,0
Saint Pierre and Miquelon,1881,0
Saint Pierre and Miquelon,1882,0
Saint Pierre and Miquelon,1883,0
Saint Pierre and Miquelon,1884,0
Saint Pierre and Miquelon,1885,0
Saint Pierre and Miquelon,1886,0
Saint Pierre and Miquelon,1887,0
Saint Pierre and Miquelon,1888,0
Saint Pierre and Miquelon,1889,0
Saint Pierre and Miquelon,1890,0
Saint Pierre and Miquelon,1891,0
Saint Pierre and Miquelon,1892,0
Saint Pierre and Miquelon,1893,0
Saint Pierre and Miquelon,1894,0
Saint Pierre and Miquelon,1895,0
Saint Pierre and Miquelon,1896,0
Saint Pierre and Miquelon,1897,0
Saint Pierre and Miquelon,1898,0
Saint Pierre and Miquelon,1899,0
Saint Pierre and Miquelon,1900,0
Saint Pierre and Miquelon,1901,0
Saint Pierre and Miquelon,1902,0
Saint Pierre and Miquelon,1903,0
Saint Pierre and Miquelon,1904,0
Saint Pierre and Miquelon,1905,0
Saint Pierre and Miquelon,1906,0
Saint Pierre and Miquelon,1907,0
Saint Pierre and Miquelon,1908,0
Saint Pierre and Miquelon,1909,0
Saint Pierre and Miquelon,1910,0
Saint Pierre and Miquelon,1911,0
Saint Pierre and Miquelon,1912,0
Saint Pierre and Miquelon,1913,0
Saint Pierre and Miquelon,1914,0
Saint Pierre and Miquelon,1915,0
Saint Pierre and Miquelon,1916,0
Saint Pierre and Miquelon,1917,0
Saint Pierre and Miquelon,1918,0
Saint Pierre and Miquelon,1919,0
Saint Pierre and Miquelon,1920,0
Saint Pierre and Miquelon,1921,0
Saint Pierre and Miquelon,1922,0
Saint Pierre and Miquelon,1923,0
Saint Pierre and Miquelon,1924,0
Saint Pierre and Miquelon,1925,0
Saint Pierre and Miquelon,1926,0
Saint Pierre and Miquelon,1927,0
Saint Pierre and Miquelon,1928,0
Saint Pierre and Miquelon,1929,0
Saint Pierre and Miquelon,1930,0
Saint Pierre and Miquelon,1931,0
Saint Pierre and Miquelon,1932,0
Saint Pierre and Miquelon,1933,0
Saint Pierre and Miquelon,1934,0
Saint Pierre and Miquelon,1935,0
Saint Pierre and Miquelon,1936,0
Saint Pierre and Miquelon,1937,0
Saint Pierre and Miquelon,1938,0
Saint Pierre and Miquelon,1939,0
Saint Pierre and Miquelon,1940,0
Saint Pierre and Miquelon,1941,0
Saint Pierre and Miquelon,1942,0
Saint Pierre and Miquelon,1943,0
Saint Pierre and Miquelon,1944,0
Saint Pierre and Miquelon,1945,0
Saint Pierre and Miquelon,1946,0
Saint Pierre and Miquelon,1947,0
Saint Pierre and Miquelon,1948,0
Saint Pierre and Miquelon,1949,0
Saint Pierre and Miquelon,1950,0
Saint Pierre and Miquelon,1951,0
Saint Pierre and Miquelon,1952,0
Saint Pierre and Miquelon,1953,0
Saint Pierre and Miquelon,1954,0
Saint Pierre and Miquelon,1955,0
Saint Pierre and Miquelon,1956,0
Saint Pierre and Miquelon,1957,0
Saint Pierre and Miquelon,1958,0
Saint Pierre and Miquelon,1959,0
Saint Pierre and Miquelon,1960,0
Saint Pierre and Miquelon,1961,0
Saint Pierre and Miquelon,1962,0
Saint Pierre and Miquelon,1963,0
Saint Pierre and Miquelon,1964,0
Saint Pierre and Miquelon,1965,0
Saint Pierre and Miquelon,1966,0
Saint Pierre and Miquelon,1967,0
Saint Pierre and Miquelon,1968,0
Saint Pierre and Miquelon,1969,0
Saint Pierre and Miquelon,1970,0
Saint Pierre and Miquelon,1971,0
Saint Pierre and Miquelon,1972,0
Saint Pierre and Miquelon,1973,0
Saint Pierre and Miquelon,1974,0
Saint Pierre and Miquelon,1975,0
Saint Pierre and Miquelon,1976,0
Saint Pierre and Miquelon,1977,0
Saint Pierre and Miquelon,1978,0
Saint Pierre and Miquelon,1979,0
Saint Pierre and Miquelon,1980,0
Saint Pierre and Miquelon,1981,0
Saint Pierre and Miquelon,1982,0
Saint Pierre and Miquelon,1983,0
Saint Pierre and Miquelon,1984,0
Saint Pierre and Miquelon,1985,0
Saint Pierre and Miquelon,1986,0
Saint Pierre and Miquelon,1987,0
Saint Pierre and Miquelon,1988,0
Saint Pierre and Miquelon,1989,0
Saint Pierre and Miquelon,1990,0
Saint Pierre and Miquelon,1991,0
Saint Pierre and Miquelon,1992,0
Saint Pierre and Miquelon,1993,0
Saint Pierre and Miquelon,1994,0
Saint Pierre and Miquelon,1995,0
Saint Pierre and Miquelon,1996,0
Saint Pierre and Miquelon,1997,0
Saint Pierre and Miquelon,1998,0
Saint Pierre and Miquelon,1999,0
Saint Pierre and Miquelon,2000,0
Saint Pierre and Miquelon,2001,0
Saint Pierre and Miquelon,2002,0
Saint Pierre and Miquelon,2003,0
Saint Pierre and Miquelon,2004,0
Saint Pierre and Miquelon,2005,0
Saint Pierre and Miquelon,2006,0
Saint Pierre and Miquelon,2007,0
Saint Pierre and Miquelon,2008,0
Saint Pierre and Miquelon,2009,0
Saint Pierre and Miquelon,2010,0
Saint Pierre and Miquelon,2011,0
Saint Pierre and Miquelon,2012,2
Saint Pierre and Miquelon,2013,2
Saint Pierre and Miquelon,2014,2
Saint Pierre and Miquelon,2015,2
Saint Pierre and Miquelon,2016,2
Saint Pierre and Miquelon,2017,2
Saint Pierre and Miquelon,2018,2
Saint Pierre and Miquelon,2019,2
Saint Pierre and Miquelon,2020,2
Saint Pierre and Miquelon,2021,2
Saint Pierre and Miquelon,2022,2
Saint Pierre and Miquelon,2023,2
Saint Pierre and Miquelon,2024,2
Saint Pierre and Miquelon,2025,2
Saint Pierre and Miquelon,2026,2
Saint Vincent and the Grenadines,1872,0
Saint Vincent and the Grenadines,1873,0
Saint Vincent and the Grenadines,1874,0
Saint Vincent and the Grenadines,1875,0
Saint Vincent and the Grenadines,1876,0
Saint Vincent and the Grenadines,1877,0
Saint Vincent and the Grenadines,1878,0
Saint Vincent and the Grenadines,1879,0
Saint Vincent and the Grenadines,1880,0
Saint Vincent and the Grenadines,1881,0
Saint Vincent and the Grenadines,1882,0
Saint Vincent and the Grenadines,1883,0
Saint Vincent and the Grenadines,1884,0
Saint Vincent and the Grenadines,1885,0
Saint Vincent and the Grenadines,1886,0
Saint Vincent and the Grenadines,1887,0
Saint Vincent and the Grenadines,1888,0
Saint Vincent and the Grenadines,1889,0
Saint Vincent and the Grenadines,1890,0
Saint Vincent and the Grenadines,1891,0
Saint Vincent and the Grenadines,1892,0
Saint Vincent and the Grenadines,1893,0
Saint Vincent and the Grenadines,1894,0
Saint Vincent and the Grenadines,1895,0
Saint Vincent and the Grenadines,1896,0
Saint Vincent and the Grenadines,1897,0
Saint Vincent and the Grenadines,1898,0
Saint Vincent and the Grenadines,1899,0
Saint Vincent and the Grenadines,1900,0
Saint Vincent and the Grenadines,1901,0
Saint Vincent and the Grenadines,1902,0
Saint Vincent and the Grenadines,1903,0
Saint Vincent and the Grenadines,1904,0
Saint Vincent and the Grenadines,1905,0
Saint Vincent and the Grenadines,1906,0
Saint Vincent and the Grenadines,1907,0
Saint Vincent and the Grenadines,1908,0
Saint Vincent and the Grenadines,1909,0
Saint Vincent and the Grenadines,1910,0
Saint Vincent and the Grenadines,1911,0
Saint Vincent and the Grenadines,1912,0
Saint Vincent and the Grenadines,1913,0
Saint Vincent and the Grenadines,1914,0
Saint Vincent and the Grenadines,1915,0
Saint Vincent and the Grenadines,1916,0
Saint Vincent and the Grenadines,1917,0
Saint Vincent and the Grenadines,1918,0
Saint Vincent and the Grenadines,1919,0
Saint Vincent and the Grenadines,1920,0
Saint Vincent and the Grenadines,1921,0
Saint Vincent and the Grenadines,1922,0
Saint Vincent and the Grenadines,1923,0
Saint Vincent and the Grenadines,1924,0
Saint Vincent and the Grenadines,1925,0
Saint Vincent and the Grenadines,1926,0
Saint Vincent and the Grenadines,1927,0
Saint Vincent and the Grenadines,1928,0
Saint Vincent and the Grenadines,1929,0
Saint Vincent and the Grenadines,1930,0
Saint Vincent and the Grenadines,1931,0
Saint Vincent and the Grenadines,1932,0
Saint Vincent and the Grenadines,1933,0
Saint Vincent and the Grenadines,1934,0
Saint Vincent and the Grenadines,1935,0
Saint Vincent and the Grenadines,1936,0
Saint Vincent and the Grenadines,1937,0
Saint Vincent and the Grenadines,1938,0
Saint Vincent and the Grenadines,1939,0
Saint Vincent and the Grenadines,1940,0
Saint Vincent and the Grenadines,1941,0
Saint Vincent and the Grenadines,1942,0
Saint Vincent and the Grenadines,1943,0
Saint Vincent and the Grenadines,1944,0
Saint Vincent and the Grenadines,1945,0
Saint Vincent and the Grenadines,1946,0
Saint Vincent and the Grenadines,1947,0
Saint Vincent and the Grenadines,1948,0
Saint Vincent and the Grenadines,1949,0
Saint Vincent and the Grenadines,1950,0
Saint Vincent and the Grenadines,1951,0
Saint Vincent and the Grenadines,1952,0
Saint Vincent and the Grenadines,1953,0
Saint Vincent and the Grenadines,1954,0
Saint Vincent and the Grenadines,1955,0
Saint Vincent and the Grenadines,1956,0
Saint Vincent and the Grenadines,1957,0
Saint Vincent and the Grenadines,1958,0
Saint Vincent and the Grenadines,1959,0
Saint Vincent and the Grenadines,1960,0
Saint Vincent and the Grenadines,1961,9
Saint Vincent and the Grenadines,1962,10
Saint Vincent and the Grenadines,1963,10
Saint Vincent and the Grenadines,1964,15
Saint Vincent and the Grenadines,1965,19
Saint Vincent and the Grenadines,1966,25
Saint Vincent and the Grenadines,1967,31
Saint Vincent and the Grenadines,1968,32
Saint Vincent and the Grenadines,1969,35
Saint Vincent and the Grenadines,1970,39
Saint Vincent and the Grenadines,1971,45
Saint Vincent and the Grenadines,1972,48
Saint Vincent and the Grenadines,1973,57
Saint Vincent and the Grenadines,1974,61
Saint Vincent and the Grenadines,1975,61
Saint Vincent and the Grenadines,1976,61
Saint Vincent and the Grenadines,1977,61
Saint Vincent and the Grenadines,1978,61
Saint Vincent and the Grenadines,1979,71
Saint Vincent and the Grenadines,1980,71
Saint Vincent and the Grenadines,1981,88
Saint Vincent and the Grenadines,1982,88
Saint Vincent and the Grenadines,1983,89
Saint Vincent and the Grenadines,1984,89
Saint Vincent and the Grenadines,1985,94
Saint Vincent and the Grenadines,1986,95
Saint Vincent and the Grenadines,1987,95
Saint Vincent and the Grenadines,1988,95
Saint Vincent and the Grenadines,1989,99
Saint Vincent and the Grenadines,1990,103
Saint Vincent and the Grenadines,1991,103
Saint Vincent and the Grenadines,1992,113
Saint Vincent and the Grenadines,1993,119
Saint Vincent and the Grenadines,1994,121
Saint Vincent and the Grenadines,1995,132
Saint Vincent and the Grenadines,1996,149
Saint Vincent and the Grenadines,1997,151
Saint Vincent and the Grenadines,1998,162
Saint Vincent and the Grenadines,1999,169
Saint Vincent and the Grenadines,2000,196
Saint Vincent and the Grenadines,2001,200
Saint Vincent and the Grenadines,2002,200
Saint Vincent and the Grenadines,2003,200
Saint Vincent and the Grenadines,2004,219
Saint Vincent and the Grenadines,2005,219
Saint Vincent and the Grenadines,2006,231
Saint Vincent and the Grenadines,2007,231
Saint Vincent and the Grenadines,2008,232
Saint Vincent and the Grenadines,2009,233
Saint Vincent and the Grenadines,2010,239
Saint Vincent and the Grenadines,2011,246
Saint Vincent and the Grenadines,2012,250
Saint Vincent and the Grenadines,2013,250
Saint Vincent and the Grenadines,2014,255
Saint Vincent and the Grenadines,2015,267
Saint Vincent and the Grenadines,2016,272
Saint Vincent and the Grenadines,2017,282
Saint Vincent and the Grenadines,2018,286
Saint Vincent and the Grenadines,2019,296
Saint Vincent and the Grenadines,2020,296
Saint Vincent and the Grenadines,2021,300
Saint Vincent and the Grenadines,2022,309
Saint Vincent and the Grenadines,2023,324
Saint Vincent and the Grenadines,2024,341
Saint Vincent and the Grenadines,2025,368
Saint Vincent and the Grenadines,2026,372
Samoa,1872,0
Samoa,1873,0
Samoa,1874,0
Samoa,1875,0
Samoa,1876,0
Samoa,1877,0
Samoa,1878,0
Samoa,1879,0
Samoa,1880,0
Samoa,1881,0
Samoa,1882,0
Samoa,1883,0
Samoa,1884,0
Samoa,1885,0
Samoa,1886,0
Samoa,1887,0
Samoa,1888,0
Samoa,1889,0
Samoa,1890,0
Samoa,1891,0
Samoa,1892,0
Samoa,1893,0
Samoa,1894,0
Samoa,1895,0
Samoa,1896,0
Samoa,1897,0
Samoa,1898,0
Samoa,1899,0
Samoa,1900,0
Samoa,1901,0
Samoa,1902,0
Samoa,1903,0
Samoa,1904,0
Samoa,1905,0
Samoa,1906,0
Samoa,1907,0
Samoa,1908,0
Samoa,1909,0
Samoa,1910,0
Samoa,1911,0
Samoa,1912,0
Samoa,1913,0
Samoa,1914,0
Samoa,1915,0
Samoa,1916,0
Samoa,1917,0
Samoa,1918,0
Samoa,1919,0
Samoa,1920,0
Samoa,1921,0
Samoa,1922,0
Samoa,1923,0
Samoa,1924,0
Samoa,1925,0
Samoa,1926,0
Samoa,1927,0
Samoa,1928,0
Samoa,1929,0
Samoa,1930,0
Samoa,1931,0
Samoa,1932,0
Samoa,1933,0
Samoa,1934,0
Samoa,1935,0
Samoa,1936,0
Samoa,1937,0
Samoa,1938,0
Samoa,1939,0
Samoa,1940,0
Samoa,1941,0
Samoa,1942,0
Samoa,1943,0
Samoa,1944,0
Samoa,1945,0
Samoa,1946,0
Samoa,1947,0
Samoa,1948,0
Samoa,1949,0
Samoa,1950,0
Samoa,1951,0
Samoa,1952,0
Samoa,1953,0
Samoa,1954,0
Samoa,1955,0
Samoa,1956,0
Samoa,1957,0
Samoa,1958,0
Samoa,1959,0
Samoa,1960,0
Samoa,1961,0
Samoa,1962,0
Samoa,1963,0
Samoa,1964,0
Samoa,1965,0
Samoa,1966,0
Samoa,1967,0
Samoa,1968,0
Samoa,1969,0
Samoa,1970,0
Samoa,1971,0
Samoa,1972,0
Samoa,1973,0
Samoa,1974,0
Samoa,1975,0
Samoa,1976,0
Samoa,1977,0
Samoa,1978,0
Samoa,1979,3
Samoa,1980,3
Samoa,1981,5
Samoa,1982,5
Samoa,1983,12
Samoa,1984,12
Samoa,1985,12
Samoa,1986,12
Samoa,1987,12
Samoa,1988,12
Samoa,1989,12
Samoa,1990,12
Samoa,1991,12
Samoa,1992,12
Samoa,1993,12
Samoa,1994,17
Samoa,1995,17
Samoa,1996,19
Samoa,1997,19
Samoa,1998,27
Samoa,1999,27
Samoa,2000,27
Samoa,2001,36
Samoa,2002,44
Samoa,2003,44
Samoa,2004,49
Samoa,2005,49
Samoa,2006,49
Samoa,2007,58
Samoa,2008,58
Samoa,2009,58
Samoa,2010,58
Samoa,2011,64
Samoa,2012,65
Samoa,2013,65
Samoa,2014,65
Samoa,2015,71
Samoa,2016,71
Samoa,2017,71
Samoa,2018,71
Samoa,2019,73
Samoa,2020,73
Samoa,2021,73
Samoa,2022,73
Samoa,2023,87
Samoa,2024,99
Samoa,2025,99
Samoa,2026,99
San Marino,1872,0
San Marino,1873,0
San Marino,1874,0
San Marino,1875,0
San Marino,1876,0
San Marino,1877,0
San Marino,1878,0
San Marino,1879,0
San Marino,1880,0
San Marino,1881,0
San Marino,1882,0
San Marino,1883,0
San Marino,1884,0
San Marino,1885,0
San Marino,1886,0
San Marino,1887,0
San Marino,1888,0
San Marino,1889,0
San Marino,1890,0
San Marino,1891,0
San Marino,1892,0
San Marino,1893,0
San Marino,1894,0
San Marino,1895,0
San Marino,1896,0
San Marino,1897,0
San Marino,1898,0
San Marino,1899,0
San Marino,1900,0
San Marino,1901,0
San Marino,1902,0
San Marino,1903,0
San Marino,1904,0
San Marino,1905,0
San Marino,1906,0
San Marino,1907,0
San Marino,1908,0
San Marino,1909,0
San Marino,1910,0
San Marino,1911,0
San Marino,1912,0
San Marino,1913,0
San Marino,1914,0
San Marino,1915,0
San Marino,1916,0
San Marino,1917,0
San Marino,1918,0
San Marino,1919,0
San Marino,1920,0
San Marino,1921,0
San Marino,1922,0
San Marino,1923,0
San Marino,1924,0
San Marino,1925,0
San Marino,1926,0
San Marino,1927,0
San Marino,1928,0
San Marino,1929,0
San Marino,1930,0
San Marino,1931,0
San Marino,1932,0
San Marino,1933,0
San Marino,1934,0
San Marino,1935,0
San Marino,1936,0
San Marino,1937,0
San Marino,1938,0
San Marino,1939,0
San Marino,1940,0
San Marino,1941,0
San Marino,1942,0
San Marino,1943,0
San Marino,1944,0
San Marino,1945,0
San Marino,1946,0
San Marino,1947,0
San Marino,1948,0
San Marino,1949,0
San Marino,1950,0
San Marino,1951,0
San Marino,1952,0
San Marino,1953,0
San Marino,1954,0
San Marino,1955,0
San Marino,1956,0
San Marino,1957,0
San Marino,1958,0
San Marino,1959,0
San Marino,1960,0
San Marino,1961,0
San Marino,1962,0
San Marino,1963,0
San Marino,1964,0
San Marino,1965,0
San Marino,1966,0
San Marino,1967,0
San Marino,1968,0
San Marino,1969,0
San Marino,1970,0
San Marino,1971,0
San Marino,1972,0
San Marino,1973,0
San Marino,1974,0
San Marino,1975,0
San Marino,1976,0
San Marino,1977,0
San Marino,1978,0
San Marino,1979,0
San Marino,1980,0
San Marino,1981,0
San Marino,1982,0
San Marino,1983,0
San Marino,1984,0
San Marino,1985,0
San Marino,1986,0
San Marino,1987,0
San Marino,1988,0
San Marino,1989,0
San Marino,1990,0
San Marino,1991,1
San Marino,1992,2
San Marino,1993,3
San Marino,1994,4
San Marino,1995,5
San Marino,1996,5
San Marino,1997,5
San Marino,1998,6
San Marino,1999,6
San Marino,2000,6
San Marino,2001,9
San Marino,2002,9
San Marino,2003,11
San Marino,2004,12
San Marino,2005,14
San Marino,2006,14
San Marino,2007,16
San Marino,2008,17
San Marino,2009,17
San Marino,2010,17
San Marino,2011,17
San Marino,2012,19
San Marino,2013,20
San Marino,2014,20
San Marino,2015,21
San Marino,2016,22
San Marino,2017,23
San Marino,2018,23
San Marino,2019,24
San Marino,2020,24
San Marino,2021,26
San Marino,2022,28
San Marino,2023,31
San Marino,2024,38
San Marino,2025,41
San Marino,2026,44
Sark,1872,0
Sark,1873,0
Sark,1874,0
Sark,1875,0
Sark,1876,0
Sark,1877,0
Sark,1878,0
Sark,1879,0
Sark,1880,0
Sark,1881,0
Sark,1882,0
Sark,1883,0
Sark,1884,0
Sark,1885,0
Sark,1886,0
Sark,1887,0
Sark,1888,0
Sark,1889,0
Sark,1890,0
Sark,1891,0
Sark,1892,0
Sark,1893,0
Sark,1894,0
Sark,1895,0
Sark,1896,0
Sark,1897,0
Sark,1898,0
Sark,1899,0
Sark,1900,0
Sark,1901,0
Sark,1902,0
Sark,1903,0
Sark,1904,0
Sark,1905,0
Sark,1906,0
Sark,1907,0
Sark,1908,0
Sark,1909,0
Sark,1910,0
Sark,1911,0
Sark,1912,0
Sark,1913,0
Sark,1914,0
Sark,1915,0
Sark,1916,0
Sark,1917,0
Sark,1918,0
Sark,1919,0
Sark,1920,0
Sark,1921,0
Sark,1922,0
Sark,1923,0
Sark,1924,0
Sark,1925,0
Sark,1926,0
Sark,1927,0
Sark,1928,0
Sark,1929,0
Sark,1930,0
Sark,1931,0
Sark,1932,0
Sark,1933,0
Sark,1934,0
Sark,1935,0
Sark,1936,0
Sark,1937,0
Sark,1938,0
Sark,1939,0
Sark,1940,0
Sark,1941,0
Sark,1942,0
Sark,1943,0
Sark,1944,0
Sark,1945,0
Sark,1946,0
Sark,1947,0
Sark,1948,0
Sark,1949,0
Sark,1950,0
Sark,1951,0
Sark,1952,0
Sark,1953,0
Sark,1954,0
Sark,1955,0
Sark,1956,0
Sark,1957,0
Sark,1958,0
Sark,1959,0
Sark,1960,0
Sark,1961,0
Sark,1962,0
Sark,1963,0
Sark,1964,0
Sark,1965,0
Sark,1966,0
Sark,1967,0
Sark,1968,0
Sark,1969,0
Sark,1970,0
Sark,1971,0
Sark,1972,0
Sark,1973,0
Sark,1974,0
Sark,1975,0
Sark,1976,0
Sark,1977,0
Sark,1978,0
Sark,1979,0
Sark,1980,0
Sark,1981,0
Sark,1982,0
Sark,1983,0
Sark,1984,0
Sark,1985,0
Sark,1986,0
Sark,1987,0
Sark,1988,0
Sark,1989,0
Sark,1990,0
Sark,1991,0
Sark,1992,0
Sark,1993,0
Sark,1994,0
Sark,1995,0
Sark,1996,0
Sark,1997,0
Sark,1998,0
Sark,1999,0
Sark,2000,0
Sark,2001,0
Sark,2002,0
Sark,2003,0
Sark,2004,0
Sark,2005,0
Sark,2006,0
Sark,2007,0
Sark,2008,0
Sark,2009,0
Sark,2010,0
Sark,2011,0
Sark,2012,0
Sark,2013,0
Sark,2014,0
Sark,2015,0
Sark,2016,0
Sark,2017,0
Sark,2018,0
Sark,2019,0
Sark,2020,0
Sark,2021,0
Sark,2022,0
Sark,2023,0
Sark,2024,0
Sark,2025,0
Sark,2026,0
Saudi Arabia,1872,0
Saudi Arabia,1873,0
Saudi Arabia,1874,0
Saudi Arabia,1875,0
Saudi Arabia,1876,0
Saudi Arabia,1877,0
Saudi Arabia,1878,0
Saudi Arabia,1879,0
Saudi Arabia,1880,0
Saudi Arabia,1881,0
Saudi Arabia,1882,0
Saudi Arabia,1883,0
Saudi Arabia,1884,0
Saudi Arabia,1885,0
Saudi Arabia,1886,0
Saudi Arabia,1887,0
Saudi Arabia,1888,0
Saudi Arabia,1889,0
Saudi Arabia,1890,0
Saudi Arabia,1891,0
Saudi Arabia,1892,0
Saudi Arabia,1893,0
Saudi Arabia,1894,0
Saudi Arabia,1895,0
Saudi Arabia,1896,0
Saudi Arabia,1897,0
Saudi Arabia,1898,0
Saudi Arabia,1899,0
Saudi Arabia,1900,0
Saudi Arabia,1901,0
Saudi Arabia,1902,0
Saudi Arabia,1903,0
Saudi Arabia,1904,0
Saudi Arabia,1905,0
Saudi Arabia,1906,0
Saudi Arabia,1907,0
Saudi Arabia,1908,0
Saudi Arabia,1909,0
Saudi Arabia,1910,0
Saudi Arabia,1911,0
Saudi Arabia,1912,0
Saudi Arabia,1913,0
Saudi Arabia,1914,0
Saudi Arabia,1915,0
Saudi Arabia,1916,0
Saudi Arabia,1917,0
Saudi Arabia,1918,0
Saudi Arabia,1919,0
Saudi Arabia,1920,0
Saudi Arabia,1921,0
Saudi Arabia,1922,0
Saudi Arabia,1923,0
Saudi Arabia,1924,0
Saudi Arabia,1925,0
Saudi Arabia,1926,0
Saudi Arabia,1927,0
Saudi Arabia,1928,0
Saudi Arabia,1929,0
Saudi Arabia,1930,0
Saudi Arabia,1931,0
Saudi Arabia,1932,0
Saudi Arabia,1933,0
Saudi Arabia,1934,0
Saudi Arabia,1935,0
Saudi Arabia,1936,0
Saudi Arabia,1937,0
Saudi Arabia,1938,0
Saudi Arabia,1939,0
Saudi Arabia,1940,0
Saudi Arabia,1941,0
Saudi Arabia,1942,0
Saudi Arabia,1943,0
Saudi Arabia,1944,0
Saudi Arabia,1945,0
Saudi Arabia,1946,0
Saudi Arabia,1947,0
Saudi Arabia,1948,0
Saudi Arabia,1949,0
Saudi Arabia,1950,0
Saudi Arabia,1951,0
Saudi Arabia,1952,0
Saudi Arabia,1953,0
Saudi Arabia,1954,0
Saudi Arabia,1955,0
Saudi Arabia,1956,0
Saudi Arabia,1957,0
Saudi Arabia,1958,0
Saudi Arabia,1959,0
Saudi Arabia,1960,0
Saudi Arabia,1961,0
Saudi Arabia,1962,0
Saudi Arabia,1963,0
Saudi Arabia,1964,0
Saudi Arabia,1965,0
Saudi Arabia,1966,0
Saudi Arabia,1967,4
Saudi Arabia,1968,4
Saudi Arabia,1969,5
Saudi Arabia,1970,7
Saudi Arabia,1971,7
Saudi Arabia,1972,19
Saudi Arabia,1973,19
Saudi Arabia,1974,30
Saudi Arabia,1975,43
Saudi Arabia,1976,55
Saudi Arabia,1977,55
Saudi Arabia,1978,58
Saudi Arabia,1979,72
Saudi Arabia,1980,86
Saudi Arabia,1981,101
Saudi Arabia,1982,116
Saudi Arabia,1983,116
Saudi Arabia,1984,161
Saudi Arabia,1985,171
Saudi Arabia,1986,195
Saudi Arabia,1987,195
Saudi Arabia,1988,218
Saudi Arabia,1989,229
Saudi Arabia,1990,235
Saudi Arabia,1991,235
Saudi Arabia,1992,262
Saudi Arabia,1993,312
Saudi Arabia,1994,351
Saudi Arabia,1995,361
Saudi Arabia,1996,406
Saudi Arabia,1997,446
Saudi Arabia,1998,480
Saudi Arabia,1999,501
Saudi Arabia,2000,529
Saudi Arabia,2001,591
Saudi Arabia,2002,619
Saudi Arabia,2003,655
Saudi Arabia,2004,684
Saudi Arabia,2005,704
Saudi Arabia,2006,741
Saudi Arabia,2007,776
Saudi Arabia,2008,808
Saudi Arabia,2009,837
Saudi Arabia,2010,853
Saudi Arabia,2011,867
Saudi Arabia,2012,883
Saudi Arabia,2013,899
Saudi Arabia,2014,916
Saudi Arabia,2015,948
Saudi Arabia,2016,964
Saudi Arabia,2017,986
Saudi Arabia,2018,1004
Saudi Arabia,2019,1031
Saudi Arabia,2020,1035
Saudi Arabia,2021,1060
Saudi Arabia,2022,1070
Saudi Arabia,2023,1085
Saudi Arabia,2024,1111
Saudi Arabia,2025,1133
Saudi Arabia,2026,1139
Saugeais,1872,0
Saugeais,1873,0
Saugeais,1874,0
Saugeais,1875,0
Saugeais,1876,0
Saugeais,1877,0
Saugeais,1878,0
Saugeais,1879,0
Saugeais,1880,0
Saugeais,1881,0
Saugeais,1882,0
Saugeais,1883,0
Saugeais,1884,0
Saugeais,1885,0
Saugeais,1886,0
Saugeais,1887,0
Saugeais,1888,0
Saugeais,1889,0
Saugeais,1890,0
Saugeais,1891,0
Saugeais,1892,0
Saugeais,1893,0
Saugeais,1894,0
Saugeais,1895,0
Saugeais,1896,0
Saugeais,1897,0
Saugeais,1898,0
Saugeais,1899,0
Saugeais,1900,0
Saugeais,1901,0
Saugeais,1902,0
Saugeais,1903,0
Saugeais,1904,0
Saugeais,1905,0
Saugeais,1906,0
Saugeais,1907,0
Saugeais,1908,0
Saugeais,1909,0
Saugeais,1910,0
Saugeais,1911,0
Saugeais,1912,0
Saugeais,1913,0
Saugeais,1914,0
Saugeais,1915,0
Saugeais,1916,0
Saugeais,1917,0
Saugeais,1918,0
Saugeais,1919,0
Saugeais,1920,0
Saugeais,1921,0
Saugeais,1922,0
Saugeais,1923,0
Saugeais,1924,0
Saugeais,1925,0
Saugeais,1926,0
Saugeais,1927,0
Saugeais,1928,0
Saugeais,1929,0
Saugeais,1930,0
Saugeais,1931,0
Saugeais,1932,0
Saugeais,1933,0
Saugeais,1934,0
Saugeais,1935,0
Saugeais,1936,0
Saugeais,1937,0
Saugeais,1938,0
Saugeais,1939,0
Saugeais,1940,0
Saugeais,1941,0
Saugeais,1942,0
Saugeais,1943,0
Saugeais,1944,0
Saugeais,1945,0
Saugeais,1946,0
Saugeais,1947,0
Saugeais,1948,0
Saugeais,1949,0
Saugeais,1950,0
Saugeais,1951,0
Saugeais,1952,0
Saugeais,1953,0
Saugeais,1954,0
Saugeais,1955,0
Saugeais,1956,0
Saugeais,1957,0
Saugeais,1958,0
Saugeais,1959,0
Saugeais,1960,0
Saugeais,1961,0
Saugeais,1962,0
Saugeais,1963,0
Saugeais,1964,0
Saugeais,1965,0
Saugeais,1966,0
Saugeais,1967,0
Saugeais,1968,0
Saugeais,1969,0
Saugeais,1970,0
Saugeais,1971,0
Saugeais,1972,0
Saugeais,1973,0
Saugeais,1974,0
Saugeais,1975,0
Saugeais,1976,0
Saugeais,1977,0
Saugeais,1978,0
Saugeais,1979,0
Saugeais,1980,0
Saugeais,1981,0
Saugeais,1982,0
Saugeais,1983,0
Saugeais,1984,0
Saugeais,1985,0
Saugeais,1986,0
Saugeais,1987,0
Saugeais,1988,0
Saugeais,1989,0
Saugeais,1990,0
Saugeais,1991,0
Saugeais,1992,0
Saugeais,1993,0
Saugeais,1994,0
Saugeais,1995,0
Saugeais,1996,0
Saugeais,1997,0
Saugeais,1998,0
Saugeais,1999,0
Saugeais,2000,0
Saugeais,2001,0
Saugeais,2002,0
Saugeais,2003,0
Saugeais,2004,0
Saugeais,2005,0
Saugeais,2006,0
Saugeais,2007,0
Saugeais,2008,0
Saugeais,2009,0
Saugeais,2010,0
Saugeais,2011,0
Saugeais,2012,0
Saugeais,2013,1
Saugeais,2014,1
Saugeais,2015,1
Saugeais,2016,1
Saugeais,2017,1
Saugeais,2018,1
Saugeais,2019,1
Saugeais,2020,1
Saugeais,2021,1
Saugeais,2022,1
Saugeais,2023,1
Saugeais,2024,1
Saugeais,2025,1
Saugeais,2026,1
Scotland,1872,0
Scotland,1873,2
Scotland,1874,4
Scotland,1875,6
Scotland,1876,13
Scotland,1877,18
Scotland,1878,34
Scotland,1879,41
Scotland,1880,51
Scotland,1881,62
Scotland,1882,72
Scotland,1883,78
Scotland,1884,88
Scotland,1885,105
Scotland,1886,117
Scotland,1887,126
Scotland,1888,145
Scotland,1889,155
Scotland,1890,165
Scotland,1891,172
Scotland,1892,182
Scotland,1893,198
Scotland,1894,207
Scotland,1895,212
Scotland,1896,221
Scotland,1897,230
Scotland,1898,239
Scotland,1899,255
Scotland,1900,267
Scotland,1901,281
Scotland,1902,293
Scotland,1903,296
Scotland,1904,298
Scotland,1905,303
Scotland,1906,306
Scotland,1907,310
Scotland,1908,318
Scotland,1909,325
Scotland,1910,328
Scotland,1911,333
Scotland,1912,339
Scotland,1913,341
Scotland,1914,345
Scotland,1915,345
Scotland,1916,345
Scotland,1917,345
Scotland,1918,345
Scotland,1919,345
Scotland,1920,353
Scotland,1921,361
Scotland,1922,365
Scotland,1923,370
Scotland,1924,373
Scotland,1925,384
Scotland,1926,392
Scotland,1927,397
Scotland,1928,406
Scotland,1929,428
Scotland,1930,436
Scotland,1931,447
Scotland,1932,456
Scotland,1933,463
Scotland,1934,467
Scotland,1935,481
Scotland,1936,488
Scotland,1937,499
Scotland,1938,511
Scotland,1939,512
Scotland,1940,512
Scotland,1941,512
Scotland,1942,512
Scotland,1943,512
Scotland,1944,512
Scotland,1945,512
Scotland,1946,521
Scotland,1947,530
Scotland,1948,539
Scotland,1949,558
Scotland,1950,573
Scotland,1951,588
Scotland,1952,601
Scotland,1953,610
Scotland,1954,621
Scotland,1955,636
Scotland,1956,643
Scotland,1957,659
Scotland,1958,671
Scotland,1959,680
Scotland,1960,694
Scotland,1961,717
Scotland,1962,729
Scotland,1963,753
Scotland,1964,764
Scotland,1965,777
Scotland,1966,784
Scotland,1967,792
Scotland,1968,801
Scotland,1969,820
Scotland,1970,822
Scotland,1971,827
Scotland,1972,840
Scotland,1973,846
Scotland,1974,861
Scotland,1975,876
Scotland,1976,892
Scotland,1977,910
Scotland,1978,924
Scotland,1979,934
Scotland,1980,941
Scotland,1981,952
Scotland,1982,968
Scotland,1983,981
Scotland,1984,996
Scotland,1985,1001
Scotland,1986,1010
Scotland,1987,1016
Scotland,1988,1022
Scotland,1989,1033
Scotland,1990,1045
Scotland,1991,1054
Scotland,1992,1064
Scotland,1993,1077
Scotland,1994,1088
Scotland,1995,1101
Scotland,1996,1107
Scotland,1997,1123
Scotland,1998,1131
Scotland,1999,1143
Scotland,2000,1149
Scotland,2001,1158
Scotland,2002,1167
Scotland,2003,1177
Scotland,2004,1186
Scotland,2005,1197
Scotland,2006,1212
Scotland,2007,1226
Scotland,2008,1230
Scotland,2009,1234
Scotland,2010,1242
Scotland,2011,1257
Scotland,2012,1266
Scotland,2013,1276
Scotland,2014,1285
Scotland,2015,1304
Scotland,2016,1312
Scotland,2017,1324
Scotland,2018,1336
Scotland,2019,1352
Scotland,2020,1358
Scotland,2021,1379
Scotland,2022,1395
Scotland,2023,1414
Scotland,2024,1427
Scotland,2025,1446
Scotland,2026,1455
Sealand,1872,0
Sealand,1873,0
Sealand,1874,0
Sealand,1875,0
Sealand,1876,0
Sealand,1877,0
Sealand,1878,0
Sealand,1879,0
Sealand,1880,0
Sealand,1881,0
Sealand,1882,0
Sealand,1883,0
Sealand,1884,0
Sealand,1885,0
Sealand,1886,0
Sealand,1887,0
Sealand,1888,0
Sealand,1889,0
Sealand,1890,0
Sealand,1891,0
Sealand,1892,0
Sealand,1893,0
Sealand,1894,0
Sealand,1895,0
Sealand,1896,0
Sealand,1897,0
Sealand,1898,0
Sealand,1899,0
Sealand,1900,0
Sealand,1901,0
Sealand,1902,0
Sealand,1903,0
Sealand,1904,0
Sealand,1905,0
Sealand,1906,0
Sealand,1907,0
Sealand,1908,0
Sealand,1909,0
Sealand,1910,0
Sealand,1911,0
Sealand,1912,0
Sealand,1913,0
Sealand,1914,0
Sealand,1915,0
Sealand,1916,0
Sealand,1917,0
Sealand,1918,0
Sealand,1919,0
Sealand,1920,0
Sealand,1921,0
Sealand,1922,0
Sealand,1923,0
Sealand,1924,0
Sealand,1925,0
Sealand,1926,0
Sealand,1927,0
Sealand,1928,0
Sealand,1929,0
Sealand,1930,0
Sealand,1931,0
Sealand,1932,0
Sealand,1933,0
Sealand,1934,0
Sealand,1935,0
Sealand,1936,0
Sealand,1937,0
Sealand,1938,0
Sealand,1939,0
Sealand,1940,0
Sealand,1941,0
Sealand,1942,0
Sealand,1943,0
Sealand,1944,0
Sealand,1945,0
Sealand,1946,0
Sealand,1947,0
Sealand,1948,0
Sealand,1949,0
Sealand,1950,0
Sealand,1951,0
Sealand,1952,0
Sealand,1953,0
Sealand,1954,0
Sealand,1955,0
Sealand,1956,0
Sealand,1957,0
Sealand,1958,0
Sealand,1959,0
Sealand,1960,0
Sealand,1961,0
Sealand,1962,0
Sealand,1963,0
Sealand,1964,0
Sealand,1965,0
Sealand,1966,0
Sealand,1967,0
Sealand,1968,0
Sealand,1969,0
Sealand,1970,0
Sealand,1971,0
Sealand,1972,0
Sealand,1973,0
Sealand,1974,0
Sealand,1975,0
Sealand,1976,0
Sealand,1977,0
Sealand,1978,0
Sealand,1979,0
Sealand,1980,0
Sealand,1981,0
Sealand,1982,0
Sealand,1983,0
Sealand,1984,0
Sealand,1985,0
Sealand,1986,0
Sealand,1987,0
Sealand,1988,0
Sealand,1989,0
Sealand,1990,0
Sealand,1991,0
Sealand,1992,0
Sealand,1993,0
Sealand,1994,0
Sealand,1995,0
Sealand,1996,0
Sealand,1997,0
Sealand,1998,0
Sealand,1999,0
Sealand,2000,0
Sealand,2001,0
Sealand,2002,0
Sealand,2003,0
Sealand,2004,2
Sealand,2005,2
Sealand,2006,2
Sealand,2007,2
Sealand,2008,2
Sealand,2009,2
Sealand,2010,2
Sealand,2011,2
Sealand,2012,4
Sealand,2013,11
Sealand,2014,27
Sealand,2015,27
Sealand,2016,27
Sealand,2017,27
Sealand,2018,27
Sealand,2019,27
Sealand,2020,27
Sealand,2021,27
Sealand,2022,27
Sealand,2023,27
Sealand,2024,27
Sealand,2025,27
Sealand,2026,27
Seborga,1872,0
Seborga,1873,0
Seborga,1874,0
Seborga,1875,0
Seborga,1876,0
Seborga,1877,0
Seborga,1878,0
Seborga,1879,0
Seborga,1880,0
Seborga,1881,0
Seborga,1882,0
Seborga,1883,0
Seborga,1884,0
Seborga,1885,0
Seborga,1886,0
Seborga,1887,0
Seborga,1888,0
Seborga,1889,0
Seborga,1890,0
Seborga,1891,0
Seborga,1892,0
Seborga,1893,0
Seborga,1894,0
Seborga,1895,0
Seborga,1896,0
Seborga,1897,0
Seborga,1898,0
Seborga,1899,0
Seborga,1900,0
Seborga,1901,0
Seborga,1902,0
Seborga,1903,0
Seborga,1904,0
Seborga,1905,0
Seborga,1906,0
Seborga,1907,0
Seborga,1908,0
Seborga,1909,0
Seborga,1910,0
Seborga,1911,0
Seborga,1912,0
Seborga,1913,0
Seborga,1914,0
Seborga,1915,0
Seborga,1916,0
Seborga,1917,0
Seborga,1918,0
Seborga,1919,0
Seborga,1920,0
Seborga,1921,0
Seborga,1922,0
Seborga,1923,0
Seborga,1924,0
Seborga,1925,0
Seborga,1926,0
Seborga,1927,0
Seborga,1928,0
Seborga,1929,0
Seborga,1930,0
Seborga,1931,0
Seborga,1932,0
Seborga,1933,0
Seborga,1934,0
Seborga,1935,0
Seborga,1936,0
Seborga,1937,0
Seborga,1938,0
Seborga,1939,0
Seborga,1940,0
Seborga,1941,0
Seborga,1942,0
Seborga,1943,0
Seborga,1944,0
Seborga,1945,0
Seborga,1946,0
Seborga,1947,0
Seborga,1948,0
Seborga,1949,0
Seborga,1950,0
Seborga,1951,0
Seborga,1952,0
Seborga,1953,0
Seborga,1954,0
Seborga,1955,0
Seborga,1956,0
Seborga,1957,0
Seborga,1958,0
Seborga,1959,0
Seborga,1960,0
Seborga,1961,0
Seborga,1962,0
Seborga,1963,0
Seborga,1964,0
Seborga,1965,0
Seborga,1966,0
Seborga,1967,0
Seborga,1968,0
Seborga,1969,0
Seborga,1970,0
Seborga,1971,0
Seborga,1972,0
Seborga,1973,0
Seborga,1974,0
Seborga,1975,0
Seborga,1976,0
Seborga,1977,0
Seborga,1978,0
Seborga,1979,0
Seborga,1980,0
Seborga,1981,0
Seborga,1982,0
Seborga,1983,0
Seborga,1984,0
Seborga,1985,0
Seborga,1986,0
Seborga,1987,0
Seborga,1988,0
Seborga,1989,0
Seborga,1990,0
Seborga,1991,0
Seborga,1992,0
Seborga,1993,0
Seborga,1994,0
Seborga,1995,0
Seborga,1996,0
Seborga,1997,0
Seborga,1998,0
Seborga,1999,0
Seborga,2000,0
Seborga,2001,0
Seborga,2002,0
Seborga,2003,0
Seborga,2004,0
Seborga,2005,0
Seborga,2006,0
Seborga,2007,0
Seborga,2008,0
Seborga,2009,0
Seborga,2010,0
Seborga,2011,0
Seborga,2012,0
Seborga,2013,0
Seborga,2014,2
Seborga,2015,2
Seborga,2016,2
Seborga,2017,2
Seborga,2018,2
Seborga,2019,2
Seborga,2020,2
Seborga,2021,2
Seborga,2022,2
Seborga,2023,2
Seborga,2024,2
Seborga,2025,2
Seborga,2026,2
Senegal,1872,0
Senegal,1873,0
Senegal,1874,0
Senegal,1875,0
Senegal,1876,0
Senegal,1877,0
Senegal,1878,0
Senegal,1879,0
Senegal,1880,0
Senegal,1881,0
Senegal,1882,0
Senegal,1883,0
Senegal,1884,0
Senegal,1885,0
Senegal,1886,0
Senegal,1887,0
Senegal,1888,0
Senegal,1889,0
Senegal,1890,0
Senegal,1891,0
Senegal,1892,0
Senegal,1893,0
Senegal,1894,0
Senegal,1895,0
Senegal,1896,0
Senegal,1897,0
Senegal,1898,0
Senegal,1899,0
Senegal,1900,0
Senegal,1901,0
Senegal,1902,0
Senegal,1903,0
Senegal,1904,0
Senegal,1905,0
Senegal,1906,0
Senegal,1907,0
Senegal,1908,0
Senegal,1909,0
Senegal,1910,0
Senegal,1911,0
Senegal,1912,0
Senegal,1913,0
Senegal,1914,0
Senegal,1915,0
Senegal,1916,0
Senegal,1917,0
Senegal,1918,0
Senegal,1919,0
Senegal,1920,0
Senegal,1921,0
Senegal,1922,0
Senegal,1923,0
Senegal,1924,0
Senegal,1925,0
Senegal,1926,0
Senegal,1927,0
Senegal,1928,0
Senegal,1929,0
Senegal,1930,0
Senegal,1931,0
Senegal,1932,0
Senegal,1933,0
Senegal,1934,0
Senegal,1935,0
Senegal,1936,0
Senegal,1937,0
Senegal,1938,0
Senegal,1939,0
Senegal,1940,0
Senegal,1941,0
Senegal,1942,0
Senegal,1943,0
Senegal,1944,0
Senegal,1945,0
Senegal,1946,0
Senegal,1947,0
Senegal,1948,0
Senegal,1949,0
Senegal,1950,0
Senegal,1951,0
Senegal,1952,0
Senegal,1953,0
Senegal,1954,0
Senegal,1955,0
Senegal,1956,0
Senegal,1957,0
Senegal,1958,0
Senegal,1959,0
Senegal,1960,0
Senegal,1961,13
Senegal,1962,14
Senegal,1963,29
Senegal,1964,29
Senegal,1965,42
Senegal,1966,42
Senegal,1967,53
Senegal,1968,58
Senegal,1969,67
Senegal,1970,73
Senegal,1971,85
Senegal,1972,87
Senegal,1973,92
Senegal,1974,94
Senegal,1975,100
Senegal,1976,108
Senegal,1977,122
Senegal,1978,122
Senegal,1979,135
Senegal,1980,153
Senegal,1981,162
Senegal,1982,182
Senegal,1983,198
Senegal,1984,219
Senegal,1985,237
Senegal,1986,249
Senegal,1987,259
Senegal,1988,272
Senegal,1989,286
Senegal,1990,291
Senegal,1991,305
Senegal,1992,318
Senegal,1993,339
Senegal,1994,348
Senegal,1995,363
Senegal,1996,370
Senegal,1997,382
Senegal,1998,389
Senegal,1999,411
Senegal,2000,426
Senegal,2001,450
Senegal,2002,472
Senegal,2003,482
Senegal,2004,504
Senegal,2005,523
Senegal,2006,536
Senegal,2007,558
Senegal,2008,576
Senegal,2009,580
Senegal,2010,596
Senegal,2011,604
Senegal,2012,616
Senegal,2013,624
Senegal,2014,639
Senegal,2015,660
Senegal,2016,672
Senegal,2017,697
Senegal,2018,712
Senegal,2019,732
Senegal,2020,736
Senegal,2021,765
Senegal,2022,792
Senegal,2023,809
Senegal,2024,835
Senegal,2025,870
Senegal,2026,892
Serbia,1872,0
Serbia,1873,0
Serbia,1874,0
Serbia,1875,0
Serbia,1876,0
Serbia,1877,0
Serbia,1878,0
Serbia,1879,0
Serbia,1880,0
Serbia,1881,0
Serbia,1882,0
Serbia,1883,0
Serbia,1884,0
Serbia,1885,0
Serbia,1886,0
Serbia,1887,0
Serbia,1888,0
Serbia,1889,0
Serbia,1890,0
Serbia,1891,0
Serbia,1892,0
Serbia,1893,0
Serbia,1894,0
Serbia,1895,0
Serbia,1896,0
Serbia,1897,0
Serbia,1898,0
Serbia,1899,0
Serbia,1900,0
Serbia,1901,0
Serbia,1902,0
Serbia,1903,0
Serbia,1904,0
Serbia,1905,0
Serbia,1906,0
Serbia,1907,0
Serbia,1908,0
Serbia,1909,0
Serbia,1910,0
Serbia,1911,0
Serbia,1912,0
Serbia,1913,0
Serbia,1914,0
Serbia,1915,0
Serbia,1916,0
Serbia,1917,0
Serbia,1918,0
Serbia,1919,0
Serbia,1920,0
Serbia,1921,0
Serbia,1922,0
Serbia,1923,0
Serbia,1924,0
Serbia,1925,0
Serbia,1926,0
Serbia,1927,0
Serbia,1928,0
Serbia,1929,0
Serbia,1930,0
Serbia,1931,0
Serbia,1932,0
Serbia,1933,0
Serbia,1934,0
Serbia,1935,0
Serbia,1936,0
Serbia,1937,0
Serbia,1938,0
Serbia,1939,0
Serbia,1940,0
Serbia,1941,0
Serbia,1942,0
Serbia,1943,0
Serbia,1944,0
Serbia,1945,0
Serbia,1946,0
Serbia,1947,0
Serbia,1948,0
Serbia,1949,0
Serbia,1950,1
Serbia,1951,1
Serbia,1952,1
Serbia,1953,1
Serbia,1954,1
Serbia,1955,1
Serbia,1956,1
Serbia,1957,1
Serbia,1958,1
Serbia,1959,1
Serbia,1960,1
Serbia,1961,1
Serbia,1962,1
Serbia,1963,1
Serbia,1964,1
Serbia,1965,1
Serbia,1966,1
Serbia,1967,1
Serbia,1968,1
Serbia,1969,1
Serbia,1970,1
Serbia,1971,1
Serbia,1972,1
Serbia,1973,1
Serbia,1974,1
Serbia,1975,1
Serbia,1976,1
Serbia,1977,1
Serbia,1978,1
Serbia,1979,1
Serbia,1980,1
Serbia,1981,1
Serbia,1982,1
Serbia,1983,1
Serbia,1984,1
Serbia,1985,1
Serbia,1986,1
Serbia,1987,1
Serbia,1988,1
Serbia,1989,1
Serbia,1990,1
Serbia,1991,1
Serbia,1992,1
Serbia,1993,1
Serbia,1994,1
Serbia,1995,14
Serbia,1996,36
Serbia,1997,66
Serbia,1998,86
Serbia,1999,103
Serbia,2000,122
Serbia,2001,152
Serbia,2002,164
Serbia,2003,177
Serbia,2004,191
Serbia,2005,203
Serbia,2006,217
Serbia,2007,233
Serbia,2008,252
Serbia,2009,274
Serbia,2010,292
Serbia,2011,303
Serbia,2012,315
Serbia,2013,333
Serbia,2014,342
Serbia,2015,354
Serbia,2016,370
Serbia,2017,384
Serbia,2018,405
Serbia,2019,424
Serbia,2020,436
Serbia,2021,463
Serbia,2022,487
Serbia,2023,507
Serbia,2024,516
Serbia,2025,528
Serbia,2026,531
Seychelles,1872,0
Seychelles,1873,0
Seychelles,1874,0
Seychelles,1875,0
Seychelles,1876,0
Seychelles,1877,0
Seychelles,1878,0
Seychelles,1879,0
Seychelles,1880,0
Seychelles,1881,0
Seychelles,1882,0
Seychelles,1883,0
Seychelles,1884,0
Seychelles,1885,0
Seychelles,1886,0
Seychelles,1887,0
Seychelles,1888,0
Seychelles,1889,0
Seychelles,1890,0
Seychelles,1891,0
Seychelles,1892,0
Seychelles,1893,0
Seychelles,1894,0
Seychelles,1895,0
Seychelles,1896,0
Seychelles,1897,0
Seychelles,1898,0
Seychelles,1899,0
Seychelles,1900,0
Seychelles,1901,0
Seychelles,1902,0
Seychelles,1903,0
Seychelles,1904,0
Seychelles,1905,0
Seychelles,1906,0
Seychelles,1907,0
Seychelles,1908,0
Seychelles,1909,0
Seychelles,1910,0
Seychelles,1911,0
Seychelles,1912,0
Seychelles,1913,0
Seychelles,1914,0
Seychelles,1915,0
Seychelles,1916,0
Seychelles,1917,0
Seychelles,1918,0
Seychelles,1919,0
Seychelles,1920,0
Seychelles,1921,0
Seychelles,1922,0
Seychelles,1923,0
Seychelles,1924,0
Seychelles,1925,0
Seychelles,1926,0
Seychelles,1927,0
Seychelles,1928,0
Seychelles,1929,0
Seychelles,1930,0
Seychelles,1931,0
Seychelles,1932,0
Seychelles,1933,0
Seychelles,1934,0
Seychelles,1935,0
Seychelles,1936,0
Seychelles,1937,0
Seychelles,1938,0
Seychelles,1939,0
Seychelles,1940,0
Seychelles,1941,0
Seychelles,1942,0
Seychelles,1943,0
Seychelles,1944,0
Seychelles,1945,0
Seychelles,1946,0
Seychelles,1947,0
Seychelles,1948,0
Seychelles,1949,0
Seychelles,1950,0
Seychelles,1951,0
Seychelles,1952,0
Seychelles,1953,0
Seychelles,1954,0
Seychelles,1955,0
Seychelles,1956,0
Seychelles,1957,0
Seychelles,1958,0
Seychelles,1959,0
Seychelles,1960,0
Seychelles,1961,0
Seychelles,1962,0
Seychelles,1963,0
Seychelles,1964,0
Seychelles,1965,0
Seychelles,1966,0
Seychelles,1967,0
Seychelles,1968,0
Seychelles,1969,0
Seychelles,1970,0
Seychelles,1971,0
Seychelles,1972,0
Seychelles,1973,0
Seychelles,1974,3
Seychelles,1975,3
Seychelles,1976,5
Seychelles,1977,6
Seychelles,1978,8
Seychelles,1979,19
Seychelles,1980,19
Seychelles,1981,19
Seychelles,1982,19
Seychelles,1983,21
Seychelles,1984,21
Seychelles,1985,22
Seychelles,1986,22
Seychelles,1987,23
Seychelles,1988,25
Seychelles,1989,25
Seychelles,1990,28
Seychelles,1991,28
Seychelles,1992,31
Seychelles,1993,34
Seychelles,1994,34
Seychelles,1995,34
Seychelles,1996,35
Seychelles,1997,35
Seychelles,1998,45
Seychelles,1999,45
Seychelles,2000,46
Seychelles,2001,46
Seychelles,2002,47
Seychelles,2003,54
Seychelles,2004,54
Seychelles,2005,54
Seychelles,2006,61
Seychelles,2007,66
Seychelles,2008,78
Seychelles,2009,80
Seychelles,2010,80
Seychelles,2011,91
Seychelles,2012,91
Seychelles,2013,98
Seychelles,2014,102
Seychelles,2015,107
Seychelles,2016,111
Seychelles,2017,113
Seychelles,2018,117
Seychelles,2019,121
Seychelles,2020,121
Seychelles,2021,128
Seychelles,2022,130
Seychelles,2023,133
Seychelles,2024,135
Seychelles,2025,135
Seychelles,2026,135
Shetland,1872,0
Shetland,1873,0
Shetland,1874,0
Shetland,1875,0
Shetland,1876,0
Shetland,1877,0
Shetland,1878,0
Shetland,1879,0
Shetland,1880,0
Shetland,1881,0
Shetland,1882,0
Shetland,1883,0
Shetland,1884,0
Shetland,1885,0
Shetland,1886,0
Shetland,1887,0
Shetland,1888,0
Shetland,1889,0
Shetland,1890,0
Shetland,1891,0
Shetland,1892,0
Shetland,1893,0
Shetland,1894,0
Shetland,1895,0
Shetland,1896,0
Shetland,1897,0
Shetland,1898,0
Shetland,1899,0
Shetland,1900,0
Shetland,1901,0
Shetland,1902,0
Shetland,1903,0
Shetland,1904,0
Shetland,1905,0
Shetland,1906,0
Shetland,1907,0
Shetland,1908,0
Shetland,1909,0
Shetland,1910,0
Shetland,1911,0
Shetland,1912,0
Shetland,1913,0
Shetland,1914,0
Shetland,1915,0
Shetland,1916,0
Shetland,1917,0
Shetland,1918,0
Shetland,1919,0
Shetland,1920,0
Shetland,1921,0
Shetland,1922,0
Shetland,1923,0
Shetland,1924,0
Shetland,1925,0
Shetland,1926,0
Shetland,1927,0
Shetland,1928,0
Shetland,1929,0
Shetland,1930,0
Shetland,1931,0
Shetland,1932,0
Shetland,1933,0
Shetland,1934,0
Shetland,1935,0
Shetland,1936,0
Shetland,1937,0
Shetland,1938,0
Shetland,1939,0
Shetland,1940,0
Shetland,1941,0
Shetland,1942,0
Shetland,1943,0
Shetland,1944,0
Shetland,1945,0
Shetland,1946,0
Shetland,1947,0
Shetland,1948,0
Shetland,1949,0
Shetland,1950,0
Shetland,1951,0
Shetland,1952,0
Shetland,1953,0
Shetland,1954,0
Shetland,1955,0
Shetland,1956,0
Shetland,1957,0
Shetland,1958,0
Shetland,1959,0
Shetland,1960,0
Shetland,1961,0
Shetland,1962,0
Shetland,1963,0
Shetland,1964,0
Shetland,1965,0
Shetland,1966,0
Shetland,1967,0
Shetland,1968,0
Shetland,1969,0
Shetland,1970,0
Shetland,1971,0
Shetland,1972,0
Shetland,1973,0
Shetland,1974,0
Shetland,1975,0
Shetland,1976,0
Shetland,1977,0
Shetland,1978,0
Shetland,1979,0
Shetland,1980,0
Shetland,1981,0
Shetland,1982,0
Shetland,1983,0
Shetland,1984,0
Shetland,1985,0
Shetland,1986,0
Shetland,1987,0
Shetland,1988,0
Shetland,1989,1
Shetland,1990,1
Shetland,1991,8
Shetland,1992,8
Shetland,1993,11
Shetland,1994,11
Shetland,1995,11
Shetland,1996,11
Shetland,1997,15
Shetland,1998,15
Shetland,1999,29
Shetland,2000,29
Shetland,2001,35
Shetland,2002,35
Shetland,2003,44
Shetland,2004,44
Shetland,2005,53
Shetland,2006,53
Shetland,2007,53
Shetland,2008,53
Shetland,2009,60
Shetland,2010,60
Shetland,2011,60
Shetland,2012,60
Shetland,2013,60
Shetland,2014,60
Shetland,2015,70
Shetland,2016,70
Shetland,2017,77
Shetland,2018,77
Shetland,2019,85
Shetland,2020,85
Shetland,2021,85
Shetland,2022,85
Shetland,2023,97
Shetland,2024,97
Shetland,2025,101
Shetland,2026,101
Sierra Leone,1872,0
Sierra Leone,1873,0
Sierra Leone,1874,0
Sierra Leone,1875,0
Sierra Leone,1876,0
Sierra Leone,1877,0
Sierra Leone,1878,0
Sierra Leone,1879,0
Sierra Leone,1880,0
Sierra Leone,1881,0
Sierra Leone,1882,0
Sierra Leone,1883,0
Sierra Leone,1884,0
Sierra Leone,1885,0
Sierra Leone,1886,0
Sierra Leone,1887,0
Sierra Leone,1888,0
Sierra Leone,1889,0
Sierra Leone,1890,0
Sierra Leone,1891,0
Sierra Leone,1892,0
Sierra Leone,1893,0
Sierra Leone,1894,0
Sierra Leone,1895,0
Sierra Leone,1896,0
Sierra Leone,1897,0
Sierra Leone,1898,0
Sierra Leone,1899,0
Sierra Leone,1900,0
Sierra Leone,1901,0
Sierra Leone,1902,0
Sierra Leone,1903,0
Sierra Leone,1904,0
Sierra Leone,1905,0
Sierra Leone,1906,0
Sierra Leone,1907,0
Sierra Leone,1908,0
Sierra Leone,1909,0
Sierra Leone,1910,0
Sierra Leone,1911,0
Sierra Leone,1912,0
Sierra Leone,1913,0
Sierra Leone,1914,0
Sierra Leone,1915,0
Sierra Leone,1916,0
Sierra Leone,1917,0
Sierra Leone,1918,0
Sierra Leone,1919,0
Sierra Leone,1920,0
Sierra Leone,1921,0
Sierra Leone,1922,0
Sierra Leone,1923,0
Sierra Leone,1924,0
Sierra Leone,1925,0
Sierra Leone,1926,0
Sierra Leone,1927,0
Sierra Leone,1928,0
Sierra Leone,1929,0
Sierra Leone,1930,0
Sierra Leone,1931,0
Sierra Leone,1932,0
Sierra Leone,1933,0
Sierra Leone,1934,0
Sierra Leone,1935,0
Sierra Leone,1936,0
Sierra Leone,1937,0
Sierra Leone,1938,0
Sierra Leone,1939,0
Sierra Leone,1940,0
Sierra Leone,1941,0
Sierra Leone,1942,0
Sierra Leone,1943,0
Sierra Leone,1944,0
Sierra Leone,1945,0
Sierra Leone,1946,0
Sierra Leone,1947,0
Sierra Leone,1948,0
Sierra Leone,1949,0
Sierra Leone,1950,0
Sierra Leone,1951,0
Sierra Leone,1952,0
Sierra Leone,1953,1
Sierra Leone,1954,1
Sierra Leone,1955,1
Sierra Leone,1956,5
Sierra Leone,1957,7
Sierra Leone,1958,7
Sierra Leone,1959,7
Sierra Leone,1960,13
Sierra Leone,1961,14
Sierra Leone,1962,14
Sierra Leone,1963,14
Sierra Leone,1964,14
Sierra Leone,1965,14
Sierra Leone,1966,15
Sierra Leone,1967,18
Sierra Leone,1968,22
Sierra Leone,1969,23
Sierra Leone,1970,25
Sierra Leone,1971,33
Sierra Leone,1972,38
Sierra Leone,1973,41
Sierra Leone,1974,42
Sierra Leone,1975,42
Sierra Leone,1976,54
Sierra Leone,1977,55
Sierra Leone,1978,57
Sierra Leone,1979,60
Sierra Leone,1980,69
Sierra Leone,1981,69
Sierra Leone,1982,71
Sierra Leone,1983,75
Sierra Leone,1984,83
Sierra Leone,1985,86
Sierra Leone,1986,98
Sierra Leone,1987,105
Sierra Leone,1988,111
Sierra Leone,1989,113
Sierra Leone,1990,116
Sierra Leone,1991,120
Sierra Leone,1992,126
Sierra Leone,1993,137
Sierra Leone,1994,141
Sierra Leone,1995,153
Sierra Leone,1996,157
Sierra Leone,1997,166
Sierra Leone,1998,166
Sierra Leone,1999,166
Sierra Leone,2000,174
Sierra Leone,2001,177
Sierra Leone,2002,184
Sierra Leone,2003,187
Sierra Leone,2004,187
Sierra Leone,2005,193
Sierra Leone,2006,193
Sierra Leone,2007,196
Sierra Leone,2008,201
Sierra Leone,2009,201
Sierra Leone,2010,202
Sierra Leone,2011,207
Sierra Leone,2012,219
Sierra Leone,2013,225
Sierra Leone,2014,232
Sierra Leone,2015,234
Sierra Leone,2016,238
Sierra Leone,2017,238
Sierra Leone,2018,238
Sierra Leone,2019,241
Sierra Leone,2020,246
Sierra Leone,2021,250
Sierra Leone,2022,258
Sierra Leone,2023,268
Sierra Leone,2024,279
Sierra Leone,2025,287
Sierra Leone,2026,290
Silesia,1872,0
Silesia,1873,0
Silesia,1874,0
Silesia,1875,0
Silesia,1876,0
Silesia,1877,0
Silesia,1878,0
Silesia,1879,0
Silesia,1880,0
Silesia,1881,0
Silesia,1882,0
Silesia,1883,0
Silesia,1884,0
Silesia,1885,0
Silesia,1886,0
Silesia,1887,0
Silesia,1888,0
Silesia,1889,0
Silesia,1890,0
Silesia,1891,0
Silesia,1892,0
Silesia,1893,0
Silesia,1894,0
Silesia,1895,0
Silesia,1896,0
Silesia,1897,0
Silesia,1898,0
Silesia,1899,0
Silesia,1900,0
Silesia,1901,0
Silesia,1902,0
Silesia,1903,0
Silesia,1904,0
Silesia,1905,0
Silesia,1906,0
Silesia,1907,0
Silesia,1908,0
Silesia,1909,0
Silesia,1910,0
Silesia,1911,0
Silesia,1912,0
Silesia,1913,0
Silesia,1914,0
Silesia,1915,0
Silesia,1916,0
Silesia,1917,0
Silesia,1918,0
Silesia,1919,0
Silesia,1920,0
Silesia,1921,0
Silesia,1922,0
Silesia,1923,0
Silesia,1924,0
Silesia,1925,0
Silesia,1926,0
Silesia,1927,0
Silesia,1928,0
Silesia,1929,0
Silesia,1930,0
Silesia,1931,0
Silesia,1932,0
Silesia,1933,1
Silesia,1934,1
Silesia,1935,1
Silesia,1936,1
Silesia,1937,4
Silesia,1938,4
Silesia,1939,4
Silesia,1940,4
Silesia,1941,4
Silesia,1942,4
Silesia,1943,4
Silesia,1944,4
Silesia,1945,4
Silesia,1946,4
Silesia,1947,4
Silesia,1948,6
Silesia,1949,6
Silesia,1950,6
Silesia,1951,6
Silesia,1952,11
Silesia,1953,16
Silesia,1954,16
Silesia,1955,16
Silesia,1956,16
Silesia,1957,16
Silesia,1958,16
Silesia,1959,16
Silesia,1960,16
Silesia,1961,16
Silesia,1962,16
Silesia,1963,16
Silesia,1964,16
Silesia,1965,16
Silesia,1966,16
Silesia,1967,16
Silesia,1968,16
Silesia,1969,16
Silesia,1970,16
Silesia,1971,16
Silesia,1972,16
Silesia,1973,16
Silesia,1974,23
Silesia,1975,23
Silesia,1976,23
Silesia,1977,23
Silesia,1978,23
Silesia,1979,23
Silesia,1980,23
Silesia,1981,23
Silesia,1982,23
Silesia,1983,23
Silesia,1984,23
Silesia,1985,23
Silesia,1986,23
Silesia,1987,23
Silesia,1988,23
Silesia,1989,23
Silesia,1990,23
Silesia,1991,23
Silesia,1992,23
Silesia,1993,23
Silesia,1994,23
Silesia,1995,23
Silesia,1996,23
Silesia,1997,23
Silesia,1998,23
Silesia,1999,23
Silesia,2000,23
Silesia,2001,23
Silesia,2002,23
Silesia,2003,23
Silesia,2004,23
Silesia,2005,23
Silesia,2006,24
Silesia,2007,24
Silesia,2008,24
Silesia,2009,24
Silesia,2010,24
Silesia,2011,24
Silesia,2012,24
Silesia,2013,24
Silesia,2014,24
Silesia,2015,24
Silesia,2016,24
Silesia,2017,24
Silesia,2018,24
Silesia,2019,24
Silesia,2020,24
Silesia,2021,24
Silesia,2022,24
Silesia,2023,24
Silesia,2024,24
Silesia,2025,24
Silesia,2026,24
Singapore,1872,0
Singapore,1873,0
Singapore,1874,0
Singapore,1875,0
Singapore,1876,0
Singapore,1877,0
Singapore,1878,0
Singapore,1879,0
Singapore,1880,0
Singapore,1881,0
Singapore,1882,0
Singapore,1883,0
Singapore,1884,0
Singapore,1885,0
Singapore,1886,0
Singapore,1887,0
Singapore,1888,0
Singapore,1889,0
Singapore,1890,0
Singapore,1891,0
Singapore,1892,0
Singapore,1893,0
Singapore,1894,0
Singapore,1895,0
Singapore,1896,0
Singapore,1897,0
Singapore,1898,0
Singapore,1899,0
Singapore,1900,0
Singapore,1901,0
Singapore,1902,0
Singapore,1903,0
Singapore,1904,0
Singapore,1905,0
Singapore,1906,0
Singapore,1907,0
Singapore,1908,0
Singapore,1909,0
Singapore,1910,0
Singapore,1911,0
Singapore,1912,0
Singapore,1913,0
Singapore,1914,0
Singapore,1915,0
Singapore,1916,0
Singapore,1917,0
Singapore,1918,0
Singapore,1919,0
Singapore,1920,0
Singapore,1921,0
Singapore,1922,0
Singapore,1923,0
Singapore,1924,0
Singapore,1925,0
Singapore,1926,0
Singapore,1927,0
Singapore,1928,0
Singapore,1929,0
Singapore,1930,0
Singapore,1931,0
Singapore,1932,0
Singapore,1933,0
Singapore,1934,0
Singapore,1935,0
Singapore,1936,0
Singapore,1937,0
Singapore,1938,0
Singapore,1939,0
Singapore,1940,0
Singapore,1941,0
Singapore,1942,0
Singapore,1943,0
Singapore,1944,0
Singapore,1945,0
Singapore,1946,0
Singapore,1947,0
Singapore,1948,0
Singapore,1949,0
Singapore,1950,0
Singapore,1951,0
Singapore,1952,0
Singapore,1953,9
Singapore,1954,14
Singapore,1955,14
Singapore,1956,17
Singapore,1957,37
Singapore,1958,53
Singapore,1959,66
Singapore,1960,80
Singapore,1961,86
Singapore,1962,100
Singapore,1963,104
Singapore,1964,108
Singapore,1965,113
Singapore,1966,135
Singapore,1967,149
Singapore,1968,161
Singapore,1969,180
Singapore,1970,192
Singapore,1971,216
Singapore,1972,249
Singapore,1973,266
Singapore,1974,271
Singapore,1975,278
Singapore,1976,281
Singapore,1977,291
Singapore,1978,305
Singapore,1979,312
Singapore,1980,317
Singapore,1981,328
Singapore,1982,354
Singapore,1983,377
Singapore,1984,381
Singapore,1985,397
Singapore,1986,398
Singapore,1987,398
Singapore,1988,401
Singapore,1989,421
Singapore,1990,431
Singapore,1991,437
Singapore,1992,442
Singapore,1993,472
Singapore,1994,472
Singapore,1995,483
Singapore,1996,506
Singapore,1997,515
Singapore,1998,528
Singapore,1999,536
Singapore,2000,551
Singapore,2001,558
Singapore,2002,574
Singapore,2003,591
Singapore,2004,614
Singapore,2005,629
Singapore,2006,639
Singapore,2007,679
Singapore,2008,701
Singapore,2009,716
Singapore,2010,728
Singapore,2011,740
Singapore,2012,765
Singapore,2013,777
Singapore,2014,796
Singapore,2015,813
Singapore,2016,821
Singapore,2017,827
Singapore,2018,844
Singapore,2019,857
Singapore,2020,857
Singapore,2021,869
Singapore,2022,889
Singapore,2023,902
Singapore,2024,919
Singapore,2025,933
Singapore,2026,938
Sint Maarten,1872,0
Sint Maarten,1873,0
Sint Maarten,1874,0
Sint Maarten,1875,0
Sint Maarten,1876,0
Sint Maarten,1877,0
Sint Maarten,1878,0
Sint Maarten,1879,0
Sint Maarten,1880,0
Sint Maarten,1881,0
Sint Maarten,1882,0
Sint Maarten,1883,0
Sint Maarten,1884,0
Sint Maarten,1885,0
Sint Maarten,1886,0
Sint Maarten,1887,0
Sint Maarten,1888,0
Sint Maarten,1889,0
Sint Maarten,1890,0
Sint Maarten,1891,0
Sint Maarten,1892,0
Sint Maarten,1893,0
Sint Maarten,1894,0
Sint Maarten,1895,0
Sint Maarten,1896,0
Sint Maarten,1897,0
Sint Maarten,1898,0
Sint Maarten,1899,0
Sint Maarten,1900,0
Sint Maarten,1901,0
Sint Maarten,1902,0
Sint Maarten,1903,0
Sint Maarten,1904,0
Sint Maarten,1905,0
Sint Maarten,1906,0
Sint Maarten,1907,0
Sint Maarten,1908,0
Sint Maarten,1909,0
Sint Maarten,1910,0
Sint Maarten,1911,0
Sint Maarten,1912,0
Sint Maarten,1913,0
Sint Maarten,1914,0
Sint Maarten,1915,0
Sint Maarten,1916,0
Sint Maarten,1917,0
Sint Maarten,1918,0
Sint Maarten,1919,0
Sint Maarten,1920,0
Sint Maarten,1921,0
Sint Maarten,1922,0
Sint Maarten,1923,0
Sint Maarten,1924,0
Sint Maarten,1925,0
Sint Maarten,1926,0
Sint Maarten,1927,0
Sint Maarten,1928,0
Sint Maarten,1929,0
Sint Maarten,1930,0
Sint Maarten,1931,0
Sint Maarten,1932,0
Sint Maarten,1933,0
Sint Maarten,1934,0
Sint Maarten,1935,0
Sint Maarten,1936,0
Sint Maarten,1937,0
Sint Maarten,1938,0
Sint Maarten,1939,0
Sint Maarten,1940,0
Sint Maarten,1941,0
Sint Maarten,1942,0
Sint Maarten,1943,0
Sint Maarten,1944,0
Sint Maarten,1945,0
Sint Maarten,1946,0
Sint Maarten,1947,0
Sint Maarten,1948,0
Sint Maarten,1949,0
Sint Maarten,1950,0
Sint Maarten,1951,0
Sint Maarten,1952,0
Sint Maarten,1953,0
Sint Maarten,1954,0
Sint Maarten,1955,0
Sint Maarten,1956,0
Sint Maarten,1957,0
Sint Maarten,1958,0
Sint Maarten,1959,0
Sint Maarten,1960,0
Sint Maarten,1961,0
Sint Maarten,1962,0
Sint Maarten,1963,0
Sint Maarten,1964,0
Sint Maarten,1965,0
Sint Maarten,1966,0
Sint Maarten,1967,0
Sint Maarten,1968,0
Sint Maarten,1969,0
Sint Maarten,1970,0
Sint Maarten,1971,0
Sint Maarten,1972,0
Sint Maarten,1973,0
Sint Maarten,1974,0
Sint Maarten,1975,0
Sint Maarten,1976,0
Sint Maarten,1977,0
Sint Maarten,1978,0
Sint Maarten,1979,0
Sint Maarten,1980,0
Sint Maarten,1981,0
Sint Maarten,1982,0
Sint Maarten,1983,0
Sint Maarten,1984,0
Sint Maarten,1985,0
Sint Maarten,1986,0
Sint Maarten,1987,0
Sint Maarten,1988,0
Sint Maarten,1989,2
Sint Maarten,1990,3
Sint Maarten,1991,3
Sint Maarten,1992,8
Sint Maarten,1993,13
Sint Maarten,1994,18
Sint Maarten,1995,19
Sint Maarten,1996,23
Sint Maarten,1997,29
Sint Maarten,1998,29
Sint Maarten,1999,29
Sint Maarten,2000,30
Sint Maarten,2001,30
Sint Maarten,2002,30
Sint Maarten,2003,30
Sint Maarten,2004,30
Sint Maarten,2005,30
Sint Maarten,2006,30
Sint Maarten,2007,30
Sint Maarten,2008,30
Sint Maarten,2009,30
Sint Maarten,2010,30
Sint Maarten,2011,30
Sint Maarten,2012,30
Sint Maarten,2013,30
Sint Maarten,2014,30
Sint Maarten,2015,30
Sint Maarten,2016,33
Sint Maarten,2017,33
Sint Maarten,2018,37
Sint Maarten,2019,48
Sint Maarten,2020,48
Sint Maarten,2021,48
Sint Maarten,2022,59
Sint Maarten,2023,75
Sint Maarten,2024,82
Sint Maarten,2025,85
Sint Maarten,2026,88
Slovakia,1872,0
Slovakia,1873,0
Slovakia,1874,0
Slovakia,1875,0
Slovakia,1876,0
Slovakia,1877,0
Slovakia,1878,0
Slovakia,1879,0
Slovakia,1880,0
Slovakia,1881,0
Slovakia,1882,0
Slovakia,1883,0
Slovakia,1884,0
Slovakia,1885,0
Slovakia,1886,0
Slovakia,1887,0
Slovakia,1888,0
Slovakia,1889,0
Slovakia,1890,0
Slovakia,1891,0
Slovakia,1892,0
Slovakia,1893,0
Slovakia,1894,0
Slovakia,1895,0
Slovakia,1896,0
Slovakia,1897,0
Slovakia,1898,0
Slovakia,1899,0
Slovakia,1900,0
Slovakia,1901,0
Slovakia,1902,0
Slovakia,1903,0
Slovakia,1904,0
Slovakia,1905,0
Slovakia,1906,0
Slovakia,1907,0
Slovakia,1908,0
Slovakia,1909,0
Slovakia,1910,0
Slovakia,1911,0
Slovakia,1912,0
Slovakia,1913,0
Slovakia,1914,0
Slovakia,1915,0
Slovakia,1916,0
Slovakia,1917,0
Slovakia,1918,0
Slovakia,1919,0
Slovakia,1920,0
Slovakia,1921,0
Slovakia,1922,0
Slovakia,1923,0
Slovakia,1924,0
Slovakia,1925,0
Slovakia,1926,0
Slovakia,1927,0
Slovakia,1928,0
Slovakia,1929,0
Slovakia,1930,0
Slovakia,1931,0
Slovakia,1932,0
Slovakia,1933,0
Slovakia,1934,0
Slovakia,1935,0
Slovakia,1936,0
Slovakia,1937,0
Slovakia,1938,0
Slovakia,1939,3
Slovakia,1940,7
Slovakia,1941,11
Slovakia,1942,16
Slovakia,1943,18
Slovakia,1944,21
Slovakia,1945,21
Slovakia,1946,21
Slovakia,1947,21
Slovakia,1948,21
Slovakia,1949,21
Slovakia,1950,21
Slovakia,1951,21
Slovakia,1952,21
Slovakia,1953,21
Slovakia,1954,21
Slovakia,1955,21
Slovakia,1956,21
Slovakia,1957,21
Slovakia,1958,21
Slovakia,1959,21
Slovakia,1960,21
Slovakia,1961,21
Slovakia,1962,21
Slovakia,1963,21
Slovakia,1964,21
Slovakia,1965,21
Slovakia,1966,21
Slovakia,1967,21
Slovakia,1968,21
Slovakia,1969,21
Slovakia,1970,21
Slovakia,1971,21
Slovakia,1972,21
Slovakia,1973,21
Slovakia,1974,21
Slovakia,1975,21
Slovakia,1976,21
Slovakia,1977,21
Slovakia,1978,21
Slovakia,1979,21
Slovakia,1980,21
Slovakia,1981,21
Slovakia,1982,21
Slovakia,1983,21
Slovakia,1984,21
Slovakia,1985,21
Slovakia,1986,21
Slovakia,1987,21
Slovakia,1988,21
Slovakia,1989,21
Slovakia,1990,21
Slovakia,1991,21
Slovakia,1992,25
Slovakia,1993,29
Slovakia,1994,43
Slovakia,1995,56
Slovakia,1996,75
Slovakia,1997,88
Slovakia,1998,101
Slovakia,1999,111
Slovakia,2000,124
Slovakia,2001,143
Slovakia,2002,154
Slovakia,2003,170
Slovakia,2004,190
Slovakia,2005,205
Slovakia,2006,228
Slovakia,2007,251
Slovakia,2008,265
Slovakia,2009,286
Slovakia,2010,302
Slovakia,2011,309
Slovakia,2012,319
Slovakia,2013,329
Slovakia,2014,345
Slovakia,2015,361
Slovakia,2016,379
Slovakia,2017,391
Slovakia,2018,407
Slovakia,2019,426
Slovakia,2020,433
Slovakia,2021,453
Slovakia,2022,462
Slovakia,2023,479
Slovakia,2024,502
Slovakia,2025,509
Slovakia,2026,518
Slovenia,1872,0
Slovenia,1873,0
Slovenia,1874,0
Slovenia,1875,0
Slovenia,1876,0
Slovenia,1877,0
Slovenia,1878,0
Slovenia,1879,0
Slovenia,1880,0
Slovenia,1881,0
Slovenia,1882,0
Slovenia,1883,0
Slovenia,1884,0
Slovenia,1885,0
Slovenia,1886,0
Slovenia,1887,0
Slovenia,1888,0
Slovenia,1889,0
Slovenia,1890,0
Slovenia,1891,0
Slovenia,1892,0
Slovenia,1893,0
Slovenia,1894,0
Slovenia,1895,0
Slovenia,1896,0
Slovenia,1897,0
Slovenia,1898,0
Slovenia,1899,0
Slovenia,1900,0
Slovenia,1901,0
Slovenia,1902,0
Slovenia,1903,0
Slovenia,1904,0
Slovenia,1905,0
Slovenia,1906,0
Slovenia,1907,0
Slovenia,1908,0
Slovenia,1909,0
Slovenia,1910,0
Slovenia,1911,0
Slovenia,1912,0
Slovenia,1913,0
Slovenia,1914,0
Slovenia,1915,0
Slovenia,1916,0
Slovenia,1917,0
Slovenia,1918,0
Slovenia,1919,0
Slovenia,1920,0
Slovenia,1921,0
Slovenia,1922,0
Slovenia,1923,0
Slovenia,1924,0
Slovenia,1925,0
Slovenia,1926,0
Slovenia,1927,0
Slovenia,1928,0
Slovenia,1929,0
Slovenia,1930,0
Slovenia,1931,0
Slovenia,1932,0
Slovenia,1933,0
Slovenia,1934,0
Slovenia,1935,0
Slovenia,1936,0
Slovenia,1937,0
Slovenia,1938,0
Slovenia,1939,0
Slovenia,1940,0
Slovenia,1941,0
Slovenia,1942,0
Slovenia,1943,0
Slovenia,1944,0
Slovenia,1945,0
Slovenia,1946,0
Slovenia,1947,0
Slovenia,1948,0
Slovenia,1949,0
Slovenia,1950,0
Slovenia,1951,0
Slovenia,1952,0
Slovenia,1953,0
Slovenia,1954,0
Slovenia,1955,0
Slovenia,1956,0
Slovenia,1957,0
Slovenia,1958,0
Slovenia,1959,0
Slovenia,1960,0
Slovenia,1961,0
Slovenia,1962,0
Slovenia,1963,0
Slovenia,1964,0
Slovenia,1965,0
Slovenia,1966,0
Slovenia,1967,0
Slovenia,1968,0
Slovenia,1969,0
Slovenia,1970,0
Slovenia,1971,0
Slovenia,1972,0
Slovenia,1973,0
Slovenia,1974,0
Slovenia,1975,0
Slovenia,1976,0
Slovenia,1977,0
Slovenia,1978,0
Slovenia,1979,0
Slovenia,1980,0
Slovenia,1981,0
Slovenia,1982,0
Slovenia,1983,0
Slovenia,1984,0
Slovenia,1985,0
Slovenia,1986,0
Slovenia,1987,0
Slovenia,1988,0
Slovenia,1989,0
Slovenia,1990,0
Slovenia,1991,0
Slovenia,1992,2
Slovenia,1993,5
Slovenia,1994,15
Slovenia,1995,28
Slovenia,1996,39
Slovenia,1997,45
Slovenia,1998,55
Slovenia,1999,74
Slovenia,2000,94
Slovenia,2001,110
Slovenia,2002,120
Slovenia,2003,136
Slovenia,2004,142
Slovenia,2005,148
Slovenia,2006,157
Slovenia,2007,164
Slovenia,2008,176
Slovenia,2009,192
Slovenia,2010,212
Slovenia,2011,220
Slovenia,2012,231
Slovenia,2013,245
Slovenia,2014,249
Slovenia,2015,264
Slovenia,2016,270
Slovenia,2017,278
Slovenia,2018,285
Slovenia,2019,301
Slovenia,2020,313
Slovenia,2021,333
Slovenia,2022,343
Slovenia,2023,363
Slovenia,2024,380
Slovenia,2025,387
Slovenia,2026,392
Solomon Islands,1872,0
Solomon Islands,1873,0
Solomon Islands,1874,0
Solomon Islands,1875,0
Solomon Islands,1876,0
Solomon Islands,1877,0
Solomon Islands,1878,0
Solomon Islands,1879,0
Solomon Islands,1880,0
Solomon Islands,1881,0
Solomon Islands,1882,0
Solomon Islands,1883,0
Solomon Islands,1884,0
Solomon Islands,1885,0
Solomon Islands,1886,0
Solomon Islands,1887,0
Solomon Islands,1888,0
Solomon Islands,1889,0
Solomon Islands,1890,0
Solomon Islands,1891,0
Solomon Islands,1892,0
Solomon Islands,1893,0
Solomon Islands,1894,0
Solomon Islands,1895,0
Solomon Islands,1896,0
Solomon Islands,1897,0
Solomon Islands,1898,0
Solomon Islands,1899,0
Solomon Islands,1900,0
Solomon Islands,1901,0
Solomon Islands,1902,0
Solomon Islands,1903,0
Solomon Islands,1904,0
Solomon Islands,1905,0
Solomon Islands,1906,0
Solomon Islands,1907,0
Solomon Islands,1908,0
Solomon Islands,1909,0
Solomon Islands,1910,0
Solomon Islands,1911,0
Solomon Islands,1912,0
Solomon Islands,1913,0
Solomon Islands,1914,0
Solomon Islands,1915,0
Solomon Islands,1916,0
Solomon Islands,1917,0
Solomon Islands,1918,0
Solomon Islands,1919,0
Solomon Islands,1920,0
Solomon Islands,1921,0
Solomon Islands,1922,0
Solomon Islands,1923,0
Solomon Islands,1924,0
Solomon Islands,1925,0
Solomon Islands,1926,0
Solomon Islands,1927,0
Solomon Islands,1928,0
Solomon Islands,1929,0
Solomon Islands,1930,0
Solomon Islands,1931,0
Solomon Islands,1932,0
Solomon Islands,1933,0
Solomon Islands,1934,0
Solomon Islands,1935,0
Solomon Islands,1936,0
Solomon Islands,1937,0
Solomon Islands,1938,0
Solomon Islands,1939,0
Solomon Islands,1940,0
Solomon Islands,1941,0
Solomon Islands,1942,0
Solomon Islands,1943,0
Solomon Islands,1944,0
Solomon Islands,1945,0
Solomon Islands,1946,0
Solomon Islands,1947,0
Solomon Islands,1948,0
Solomon Islands,1949,0
Solomon Islands,1950,0
Solomon Islands,1951,0
Solomon Islands,1952,0
Solomon Islands,1953,0
Solomon Islands,1954,0
Solomon Islands,1955,0
Solomon Islands,1956,0
Solomon Islands,1957,0
Solomon Islands,1958,0
Solomon Islands,1959,0
Solomon Islands,1960,0
Solomon Islands,1961,0
Solomon Islands,1962,0
Solomon Islands,1963,6
Solomon Islands,1964,6
Solomon Islands,1965,6
Solomon Islands,1966,10
Solomon Islands,1967,10
Solomon Islands,1968,10
Solomon Islands,1969,14
Solomon Islands,1970,14
Solomon Islands,1971,14
Solomon Islands,1972,14
Solomon Islands,1973,14
Solomon Islands,1974,14
Solomon Islands,1975,23
Solomon Islands,1976,23
Solomon Islands,1977,23
Solomon Islands,1978,23
Solomon Islands,1979,47
Solomon Islands,1980,50
Solomon Islands,1981,61
Solomon Islands,1982,61
Solomon Islands,1983,61
Solomon Islands,1984,61
Solomon Islands,1985,61
Solomon Islands,1986,61
Solomon Islands,1987,61
Solomon Islands,1988,69
Solomon Islands,1989,71
Solomon Islands,1990,74
Solomon Islands,1991,87
Solomon Islands,1992,96
Solomon Islands,1993,108
Solomon Islands,1994,119
Solomon Islands,1995,153
Solomon Islands,1996,156
Solomon Islands,1997,180
Solomon Islands,1998,190
Solomon Islands,1999,190
Solomon Islands,2000,207
Solomon Islands,2001,224
Solomon Islands,2002,227
Solomon Islands,2003,246
Solomon Islands,2004,274
Solomon Islands,2005,275
Solomon Islands,2006,275
Solomon Islands,2007,300
Solomon Islands,2008,301
Solomon Islands,2009,301
Solomon Islands,2010,301
Solomon Islands,2011,324
Solomon Islands,2012,334
Solomon Islands,2013,334
Solomon Islands,2014,334
Solomon Islands,2015,334
Solomon Islands,2016,339
Solomon Islands,2017,364
Solomon Islands,2018,369
Solomon Islands,2019,406
Solomon Islands,2020,406
Solomon Islands,2021,406
Solomon Islands,2022,417
Solomon Islands,2023,444
Solomon Islands,2024,457
Solomon Islands,2025,458
Solomon Islands,2026,462
Somalia,1872,0
Somalia,1873,0
Somalia,1874,0
Somalia,1875,0
Somalia,1876,0
Somalia,1877,0
Somalia,1878,0
Somalia,1879,0
Somalia,1880,0
Somalia,1881,0
Somalia,1882,0
Somalia,1883,0
Somalia,1884,0
Somalia,1885,0
Somalia,1886,0
Somalia,1887,0
Somalia,1888,0
Somalia,1889,0
Somalia,1890,0
Somalia,1891,0
Somalia,1892,0
Somalia,1893,0
Somalia,1894,0
Somalia,1895,0
Somalia,1896,0
Somalia,1897,0
Somalia,1898,0
Somalia,1899,0
Somalia,1900,0
Somalia,1901,0
Somalia,1902,0
Somalia,1903,0
Somalia,1904,0
Somalia,1905,0
Somalia,1906,0
Somalia,1907,0
Somalia,1908,0
Somalia,1909,0
Somalia,1910,0
Somalia,1911,0
Somalia,1912,0
Somalia,1913,0
Somalia,1914,0
Somalia,1915,0
Somalia,1916,0
Somalia,1917,0
Somalia,1918,0
Somalia,1919,0
Somalia,1920,0
Somalia,1921,0
Somalia,1922,0
Somalia,1923,0
Somalia,1924,0
Somalia,1925,0
Somalia,1926,0
Somalia,1927,0
Somalia,1928,0
Somalia,1929,0
Somalia,1930,0
Somalia,1931,0
Somalia,1932,0
Somalia,1933,0
Somalia,1934,0
Somalia,1935,0
Somalia,1936,0
Somalia,1937,0
Somalia,1938,0
Somalia,1939,0
Somalia,1940,0
Somalia,1941,0
Somalia,1942,0
Somalia,1943,0
Somalia,1944,0
Somalia,1945,0
Somalia,1946,0
Somalia,1947,0
Somalia,1948,0
Somalia,1949,0
Somalia,1950,0
Somalia,1951,0
Somalia,1952,0
Somalia,1953,0
Somalia,1954,0
Somalia,1955,0
Somalia,1956,0
Somalia,1957,0
Somalia,1958,0
Somalia,1959,0
Somalia,1960,0
Somalia,1961,0
Somalia,1962,0
Somalia,1963,0
Somalia,1964,0
Somalia,1965,0
Somalia,1966,0
Somalia,1967,0
Somalia,1968,0
Somalia,1969,1
Somalia,1970,1
Somalia,1971,1
Somalia,1972,2
Somalia,1973,8
Somalia,1974,15
Somalia,1975,15
Somalia,1976,18
Somalia,1977,19
Somalia,1978,22
Somalia,1979,22
Somalia,1980,24
Somalia,1981,24
Somalia,1982,24
Somalia,1983,27
Somalia,1984,31
Somalia,1985,31
Somalia,1986,32
Somalia,1987,32
Somalia,1988,32
Somalia,1989,32
Somalia,1990,32
Somalia,1991,32
Somalia,1992,32
Somalia,1993,32
Somalia,1994,35
Somalia,1995,35
Somalia,1996,35
Somalia,1997,35
Somalia,1998,35
Somalia,1999,35
Somalia,2000,36
Somalia,2001,36
Somalia,2002,37
Somalia,2003,37
Somalia,2004,37
Somalia,2005,41
Somalia,2006,44
Somalia,2007,44
Somalia,2008,47
Somalia,2009,49
Somalia,2010,49
Somalia,2011,50
Somalia,2012,51
Somalia,2013,51
Somalia,2014,51
Somalia,2015,51
Somalia,2016,51
Somalia,2017,51
Somalia,2018,51
Somalia,2019,53
Somalia,2020,53
Somalia,2021,54
Somalia,2022,55
Somalia,2023,56
Somalia,2024,60
Somalia,2025,62
Somalia,2026,62
Somaliland,1872,0
Somaliland,1873,0
Somaliland,1874,0
Somaliland,1875,0
Somaliland,1876,0
Somaliland,1877,0
Somaliland,1878,0
Somaliland,1879,0
Somaliland,1880,0
Somaliland,1881,0
Somaliland,1882,0
Somaliland,1883,0
Somaliland,1884,0
Somaliland,1885,0
Somaliland,1886,0
Somaliland,1887,0
Somaliland,1888,0
Somaliland,1889,0
Somaliland,1890,0
Somaliland,1891,0
Somaliland,1892,0
Somaliland,1893,0
Somaliland,1894,0
Somaliland,1895,0
Somaliland,1896,0
Somaliland,1897,0
Somaliland,1898,0
Somaliland,1899,0
Somaliland,1900,0
Somaliland,1901,0
Somaliland,1902,0
Somaliland,1903,0
Somaliland,1904,0
Somaliland,1905,0
Somaliland,1906,0
Somaliland,1907,0
Somaliland,1908,0
Somaliland,1909,0
Somaliland,1910,0
Somaliland,1911,0
Somaliland,1912,0
Somaliland,1913,0
Somaliland,1914,0
Somaliland,1915,0
Somaliland,1916,0
Somaliland,1917,0
Somaliland,1918,0
Somaliland,1919,0
Somaliland,1920,0
Somaliland,1921,0
Somaliland,1922,0
Somaliland,1923,0
Somaliland,1924,0
Somaliland,1925,0
Somaliland,1926,0
Somaliland,1927,0
Somaliland,1928,0
Somaliland,1929,0
Somaliland,1930,0
Somaliland,1931,0
Somaliland,1932,0
Somaliland,1933,0
Somaliland,1934,0
Somaliland,1935,0
Somaliland,1936,0
Somaliland,1937,0
Somaliland,1938,0
Somaliland,1939,0
Somaliland,1940,0
Somaliland,1941,0
Somaliland,1942,0
Somaliland,1943,0
Somaliland,1944,0
Somaliland,1945,0
Somaliland,1946,0
Somaliland,1947,0
Somaliland,1948,0
Somaliland,1949,0
Somaliland,1950,0
Somaliland,1951,0
Somaliland,1952,0
Somaliland,1953,0
Somaliland,1954,0
Somaliland,1955,0
Somaliland,1956,0
Somaliland,1957,0
Somaliland,1958,0
Somaliland,1959,0
Somaliland,1960,0
Somaliland,1961,0
Somaliland,1962,0
Somaliland,1963,0
Somaliland,1964,0
Somaliland,1965,0
Somaliland,1966,0
Somaliland,1967,0
Somaliland,1968,0
Somaliland,1969,0
Somaliland,1970,0
Somaliland,1971,0
Somaliland,1972,0
Somaliland,1973,0
Somaliland,1974,0
Somaliland,1975,0
Somaliland,1976,0
Somaliland,1977,0
Somaliland,1978,0
Somaliland,1979,0
Somaliland,1980,0
Somaliland,1981,0
Somaliland,1982,0
Somaliland,1983,0
Somaliland,1984,0
Somaliland,1985,0
Somaliland,1986,0
Somaliland,1987,0
Somaliland,1988,0
Somaliland,1989,0
Somaliland,1990,0
Somaliland,1991,0
Somaliland,1992,0
Somaliland,1993,0
Somaliland,1994,0
Somaliland,1995,0
Somaliland,1996,0
Somaliland,1997,0
Somaliland,1998,0
Somaliland,1999,0
Somaliland,2000,0
Somaliland,2001,0
Somaliland,2002,0
Somaliland,2003,0
Somaliland,2004,0
Somaliland,2005,0
Somaliland,2006,0
Somaliland,2007,0
Somaliland,2008,0
Somaliland,2009,0
Somaliland,2010,0
Somaliland,2011,0
Somaliland,2012,0
Somaliland,2013,0
Somaliland,2014,2
Somaliland,2015,2
Somaliland,2016,12
Somaliland,2017,12
Somaliland,2018,12
Somaliland,2019,14
Somaliland,2020,14
Somaliland,2021,14
Somaliland,2022,14
Somaliland,2023,14
Somaliland,2024,14
Somaliland,2025,14
Somaliland,2026,14
South Africa,1872,0
South Africa,1873,0
South Africa,1874,0
South Africa,1875,0
South Africa,1876,0
South Africa,1877,0
South Africa,1878,0
South Africa,1879,0
South Africa,1880,0
South Africa,1881,0
South Africa,1882,0
South Africa,1883,0
South Africa,1884,0
South Africa,1885,0
South Africa,1886,0
South Africa,1887,0
South Africa,1888,0
South Africa,1889,0
South Africa,1890,0
South Africa,1891,0
South Africa,1892,0
South Africa,1893,0
South Africa,1894,0
South Africa,1895,0
South Africa,1896,0
South Africa,1897,0
South Africa,1898,0
South Africa,1899,0
South Africa,1900,0
South Africa,1901,0
South Africa,1902,0
South Africa,1903,0
South Africa,1904,0
South Africa,1905,0
South Africa,1906,1
South Africa,1907,1
South Africa,1908,1
South Africa,1909,1
South Africa,1910,1
South Africa,1911,1
South Africa,1912,1
South Africa,1913,1
South Africa,1914,1
South Africa,1915,1
South Africa,1916,1
South Africa,1917,1
South Africa,1918,1
South Africa,1919,1
South Africa,1920,1
South Africa,1921,1
South Africa,1922,1
South Africa,1923,1
South Africa,1924,4
South Africa,1925,4
South Africa,1926,4
South Africa,1927,4
South Africa,1928,4
South Africa,1929,4
South Africa,1930,4
South Africa,1931,4
South Africa,1932,4
South Africa,1933,4
South Africa,1934,4
South Africa,1935,4
South Africa,1936,4
South Africa,1937,4
South Africa,1938,4
South Africa,1939,4
South Africa,1940,4
South Africa,1941,4
South Africa,1942,4
South Africa,1943,4
South Africa,1944,4
South Africa,1945,4
South Africa,1946,4
South Africa,1947,40
South Africa,1948,40
South Africa,1949,40
South Africa,1950,46
South Africa,1951,46
South Africa,1952,46
South Africa,1953,47
South Africa,1954,49
South Africa,1955,72
South Africa,1956,72
South Africa,1957,72
South Africa,1958,75
South Africa,1959,75
South Africa,1960,75
South Africa,1961,75
South Africa,1962,75
South Africa,1963,75
South Africa,1964,75
South Africa,1965,75
South Africa,1966,75
South Africa,1967,75
South Africa,1968,75
South Africa,1969,75
South Africa,1970,75
South Africa,1971,75
South Africa,1972,75
South Africa,1973,75
South Africa,1974,75
South Africa,1975,75
South Africa,1976,75
South Africa,1977,83
South Africa,1978,83
South Africa,1979,83
South Africa,1980,83
South Africa,1981,83
South Africa,1982,83
South Africa,1983,83
South Africa,1984,83
South Africa,1985,83
South Africa,1986,83
South Africa,1987,83
South Africa,1988,83
South Africa,1989,83
South Africa,1990,83
South Africa,1991,83
South Africa,1992,89
South Africa,1993,96
South Africa,1994,98
South Africa,1995,108
South Africa,1996,129
South Africa,1997,143
South Africa,1998,162
South Africa,1999,178
South Africa,2000,204
South Africa,2001,221
South Africa,2002,249
South Africa,2003,264
South Africa,2004,277
South Africa,2005,303
South Africa,2006,308
South Africa,2007,322
South Africa,2008,353
South Africa,2009,366
South Africa,2010,392
South Africa,2011,402
South Africa,2012,414
South Africa,2013,443
South Africa,2014,455
South Africa,2015,476
South Africa,2016,496
South Africa,2017,511
South Africa,2018,529
South Africa,2019,540
South Africa,2020,548
South Africa,2021,567
South Africa,2022,580
South Africa,2023,596
South Africa,2024,627
South Africa,2025,646
South Africa,2026,652
South Korea,1872,0
South Korea,1873,0
South Korea,1874,0
South Korea,1875,0
South Korea,1876,0
South Korea,1877,0
South Korea,1878,0
South Korea,1879,0
South Korea,1880,0
South Korea,1881,0
South Korea,1882,0
South Korea,1883,0
South Korea,1884,0
South Korea,1885,0
South Korea,1886,0
South Korea,1887,0
South Korea,1888,0
South Korea,1889,0
South Korea,1890,0
South Korea,1891,0
South Korea,1892,0
South Korea,1893,0
South Korea,1894,0
South Korea,1895,0
South Korea,1896,0
South Korea,1897,0
South Korea,1898,0
South Korea,1899,0
South Korea,1900,0
South Korea,1901,0
South Korea,1902,0
South Korea,1903,0
South Korea,1904,0
South Korea,1905,0
South Korea,1906,0
South Korea,1907,0
South Korea,1908,0
South Korea,1909,0
South Korea,1910,0
South Korea,1911,0
South Korea,1912,0
South Korea,1913,0
South Korea,1914,0
South Korea,1915,0
South Korea,1916,0
South Korea,1917,0
South Korea,1918,0
South Korea,1919,0
South Korea,1920,0
South Korea,1921,0
South Korea,1922,0
South Korea,1923,0
South Korea,1924,0
South Korea,1925,0
South Korea,1926,0
South Korea,1927,0
South Korea,1928,0
South Korea,1929,0
South Korea,1930,0
South Korea,1931,0
South Korea,1932,0
South Korea,1933,0
South Korea,1934,0
South Korea,1935,0
South Korea,1936,0
South Korea,1937,0
South Korea,1938,0
South Korea,1939,0
South Korea,1940,0
South Korea,1941,0
South Korea,1942,0
South Korea,1943,0
South Korea,1944,0
South Korea,1945,0
South Korea,1946,0
South Korea,1947,0
South Korea,1948,0
South Korea,1949,10
South Korea,1950,13
South Korea,1951,13
South Korea,1952,13
South Korea,1953,28
South Korea,1954,50
South Korea,1955,50
South Korea,1956,71
South Korea,1957,71
South Korea,1958,89
South Korea,1959,110
South Korea,1960,126
South Korea,1961,131
South Korea,1962,144
South Korea,1963,153
South Korea,1964,157
South Korea,1965,164
South Korea,1966,174
South Korea,1967,206
South Korea,1968,219
South Korea,1969,242
South Korea,1970,282
South Korea,1971,303
South Korea,1972,342
South Korea,1973,378
South Korea,1974,396
South Korea,1975,444
South Korea,1976,489
South Korea,1977,542
South Korea,1978,595
South Korea,1979,628
South Korea,1980,675
South Korea,1981,692
South Korea,1982,726
South Korea,1983,739
South Korea,1984,761
South Korea,1985,790
South Korea,1986,823
South Korea,1987,831
South Korea,1988,853
South Korea,1989,888
South Korea,1990,920
South Korea,1991,927
South Korea,1992,939
South Korea,1993,979
South Korea,1994,1015
South Korea,1995,1026
South Korea,1996,1070
South Korea,1997,1118
South Korea,1998,1152
South Korea,1999,1156
South Korea,2000,1198
South Korea,2001,1220
South Korea,2002,1245
South Korea,2003,1280
South Korea,2004,1311
South Korea,2005,1334
South Korea,2006,1360
South Korea,2007,1369
South Korea,2008,1395
South Korea,2009,1411
South Korea,2010,1439
South Korea,2011,1474
South Korea,2012,1493
South Korea,2013,1509
South Korea,2014,1522
South Korea,2015,1566
South Korea,2016,1581
South Korea,2017,1597
South Korea,2018,1621
South Korea,2019,1648
South Korea,2020,1652
South Korea,2021,1672
South Korea,2022,1710
South Korea,2023,1733
South Korea,2024,1769
South Korea,2025,1786
South Korea,2026,1794
South Ossetia,1872,0
South Ossetia,1873,0
South Ossetia,1874,0
South Ossetia,1875,0
South Ossetia,1876,0
South Ossetia,1877,0
South Ossetia,1878,0
South Ossetia,1879,0
South Ossetia,1880,0
South Ossetia,1881,0
South Ossetia,1882,0
South Ossetia,1883,0
South Ossetia,1884,0
South Ossetia,1885,0
South Ossetia,1886,0
South Ossetia,1887,0
South Ossetia,1888,0
South Ossetia,1889,0
South Ossetia,1890,0
South Ossetia,1891,0
South Ossetia,1892,0
South Ossetia,1893,0
South Ossetia,1894,0
South Ossetia,1895,0
South Ossetia,1896,0
South Ossetia,1897,0
South Ossetia,1898,0
South Ossetia,1899,0
South Ossetia,1900,0
South Ossetia,1901,0
South Ossetia,1902,0
South Ossetia,1903,0
South Ossetia,1904,0
South Ossetia,1905,0
South Ossetia,1906,0
South Ossetia,1907,0
South Ossetia,1908,0
South Ossetia,1909,0
South Ossetia,1910,0
South Ossetia,1911,0
South Ossetia,1912,0
South Ossetia,1913,0
South Ossetia,1914,0
South Ossetia,1915,0
South Ossetia,1916,0
South Ossetia,1917,0
South Ossetia,1918,0
South Ossetia,1919,0
South Ossetia,1920,0
South Ossetia,1921,0
South Ossetia,1922,0
South Ossetia,1923,0
South Ossetia,1924,0
South Ossetia,1925,0
South Ossetia,1926,0
South Ossetia,1927,0
South Ossetia,1928,0
South Ossetia,1929,0
South Ossetia,1930,0
South Ossetia,1931,0
South Ossetia,1932,0
South Ossetia,1933,0
South Ossetia,1934,0
South Ossetia,1935,0
South Ossetia,1936,0
South Ossetia,1937,0
South Ossetia,1938,0
South Ossetia,1939,0
South Ossetia,1940,0
South Ossetia,1941,0
South Ossetia,1942,0
South Ossetia,1943,0
South Ossetia,1944,0
South Ossetia,1945,0
South Ossetia,1946,0
South Ossetia,1947,0
South Ossetia,1948,0
South Ossetia,1949,0
South Ossetia,1950,0
South Ossetia,1951,0
South Ossetia,1952,0
South Ossetia,1953,0
South Ossetia,1954,0
South Ossetia,1955,0
South Ossetia,1956,0
South Ossetia,1957,0
South Ossetia,1958,0
South Ossetia,1959,0
South Ossetia,1960,0
South Ossetia,1961,0
South Ossetia,1962,0
South Ossetia,1963,0
South Ossetia,1964,0
South Ossetia,1965,0
South Ossetia,1966,0
South Ossetia,1967,0
South Ossetia,1968,0
South Ossetia,1969,0
South Ossetia,1970,0
South Ossetia,1971,0
South Ossetia,1972,0
South Ossetia,1973,0
South Ossetia,1974,0
South Ossetia,1975,0
South Ossetia,1976,0
South Ossetia,1977,0
South Ossetia,1978,0
South Ossetia,1979,0
South Ossetia,1980,0
South Ossetia,1981,0
South Ossetia,1982,0
South Ossetia,1983,0
South Ossetia,1984,0
South Ossetia,1985,0
South Ossetia,1986,0
South Ossetia,1987,0
South Ossetia,1988,0
South Ossetia,1989,0
South Ossetia,1990,0
South Ossetia,1991,0
South Ossetia,1992,0
South Ossetia,1993,0
South Ossetia,1994,0
South Ossetia,1995,0
South Ossetia,1996,0
South Ossetia,1997,0
South Ossetia,1998,0
South Ossetia,1999,0
South Ossetia,2000,0
South Ossetia,2001,0
South Ossetia,2002,0
South Ossetia,2003,0
South Ossetia,2004,0
South Ossetia,2005,0
South Ossetia,2006,0
South Ossetia,2007,0
South Ossetia,2008,0
South Ossetia,2009,0
South Ossetia,2010,0
South Ossetia,2011,0
South Ossetia,2012,0
South Ossetia,2013,0
South Ossetia,2014,21
South Ossetia,2015,21
South Ossetia,2016,21
South Ossetia,2017,23
South Ossetia,2018,23
South Ossetia,2019,35
South Ossetia,2020,35
South Ossetia,2021,35
South Ossetia,2022,35
South Ossetia,2023,35
South Ossetia,2024,35
South Ossetia,2025,35
South Ossetia,2026,35
South Sudan,1872,0
South Sudan,1873,0
South Sudan,1874,0
South Sudan,1875,0
South Sudan,1876,0
South Sudan,1877,0
South Sudan,1878,0
South Sudan,1879,0
South Sudan,1880,0
South Sudan,1881,0
South Sudan,1882,0
South Sudan,1883,0
South Sudan,1884,0
South Sudan,1885,0
South Sudan,1886,0
South Sudan,1887,0
South Sudan,1888,0
South Sudan,1889,0
South Sudan,1890,0
South Sudan,1891,0
South Sudan,1892,0
South Sudan,1893,0
South Sudan,1894,0
South Sudan,1895,0
South Sudan,1896,0
South Sudan,1897,0
South Sudan,1898,0
South Sudan,1899,0
South Sudan,1900,0
South Sudan,1901,0
South Sudan,1902,0
South Sudan,1903,0
South Sudan,1904,0
South Sudan,1905,0
South Sudan,1906,0
South Sudan,1907,0
South Sudan,1908,0
South Sudan,1909,0
South Sudan,1910,0
South Sudan,1911,0
South Sudan,1912,0
South Sudan,1913,0
South Sudan,1914,0
South Sudan,1915,0
South Sudan,1916,0
South Sudan,1917,0
South Sudan,1918,0
South Sudan,1919,0
South Sudan,1920,0
South Sudan,1921,0
South Sudan,1922,0
South Sudan,1923,0
South Sudan,1924,0
South Sudan,1925,0
South Sudan,1926,0
South Sudan,1927,0
South Sudan,1928,0
South Sudan,1929,0
South Sudan,1930,0
South Sudan,1931,0
South Sudan,1932,0
South Sudan,1933,0
South Sudan,1934,0
South Sudan,1935,0
South Sudan,1936,0
South Sudan,1937,0
South Sudan,1938,0
South Sudan,1939,0
South Sudan,1940,0
South Sudan,1941,0
South Sudan,1942,0
South Sudan,1943,0
South Sudan,1944,0
South Sudan,1945,0
South Sudan,1946,0
South Sudan,1947,0
South Sudan,1948,0
South Sudan,1949,0
South Sudan,1950,0
South Sudan,1951,0
South Sudan,1952,0
South Sudan,1953,0
South Sudan,1954,0
South Sudan,1955,0
South Sudan,1956,0
South Sudan,1957,0
South Sudan,1958,0
South Sudan,1959,0
South Sudan,1960,0
South Sudan,1961,0
South Sudan,1962,0
South Sudan,1963,0
South Sudan,1964,0
South Sudan,1965,0
South Sudan,1966,0
South Sudan,1967,0
South Sudan,1968,0
South Sudan,1969,0
South Sudan,1970,0
South Sudan,1971,0
South Sudan,1972,0
South Sudan,1973,0
South Sudan,1974,0
South Sudan,1975,0
South Sudan,1976,0
South Sudan,1977,0
South Sudan,1978,0
South Sudan,1979,0
South Sudan,1980,0
South Sudan,1981,0
South Sudan,1982,0
South Sudan,1983,0
South Sudan,1984,0
South Sudan,1985,0
South Sudan,1986,0
South Sudan,1987,0
South Sudan,1988,0
South Sudan,1989,0
South Sudan,1990,0
South Sudan,1991,0
South Sudan,1992,0
South Sudan,1993,0
South Sudan,1994,0
South Sudan,1995,0
South Sudan,1996,0
South Sudan,1997,0
South Sudan,1998,0
South Sudan,1999,0
South Sudan,2000,0
South Sudan,2001,0
South Sudan,2002,0
South Sudan,2003,0
South Sudan,2004,0
South Sudan,2005,0
South Sudan,2006,0
South Sudan,2007,0
South Sudan,2008,0
South Sudan,2009,0
South Sudan,2010,0
South Sudan,2011,0
South Sudan,2012,2
South Sudan,2013,4
South Sudan,2014,4
South Sudan,2015,10
South Sudan,2016,12
South Sudan,2017,19
South Sudan,2018,21
South Sudan,2019,26
South Sudan,2020,27
South Sudan,2021,29
South Sudan,2022,35
South Sudan,2023,40
South Sudan,2024,48
South Sudan,2025,50
South Sudan,2026,50
South Yemen,1872,0
South Yemen,1873,0
South Yemen,1874,0
South Yemen,1875,0
South Yemen,1876,0
South Yemen,1877,0
South Yemen,1878,0
South Yemen,1879,0
South Yemen,1880,0
South Yemen,1881,0
South Yemen,1882,0
South Yemen,1883,0
South Yemen,1884,0
South Yemen,1885,0
South Yemen,1886,0
South Yemen,1887,0
South Yemen,1888,0
South Yemen,1889,0
South Yemen,1890,0
South Yemen,1891,0
South Yemen,1892,0
South Yemen,1893,0
South Yemen,1894,0
South Yemen,1895,0
South Yemen,1896,0
South Yemen,1897,0
South Yemen,1898,0
South Yemen,1899,0
South Yemen,1900,0
South Yemen,1901,0
South Yemen,1902,0
South Yemen,1903,0
South Yemen,1904,0
South Yemen,1905,0
South Yemen,1906,0
South Yemen,1907,0
South Yemen,1908,0
South Yemen,1909,0
South Yemen,1910,0
South Yemen,1911,0
South Yemen,1912,0
South Yemen,1913,0
South Yemen,1914,0
South Yemen,1915,0
South Yemen,1916,0
South Yemen,1917,0
South Yemen,1918,0
South Yemen,1919,0
South Yemen,1920,0
South Yemen,1921,0
South Yemen,1922,0
South Yemen,1923,0
South Yemen,1924,0
South Yemen,1925,0
South Yemen,1926,0
South Yemen,1927,0
South Yemen,1928,0
South Yemen,1929,0
South Yemen,1930,0
South Yemen,1931,0
South Yemen,1932,0
South Yemen,1933,0
South Yemen,1934,0
South Yemen,1935,0
South Yemen,1936,0
South Yemen,1937,0
South Yemen,1938,0
South Yemen,1939,0
South Yemen,1940,0
South Yemen,1941,0
South Yemen,1942,0
South Yemen,1943,0
South Yemen,1944,0
South Yemen,1945,0
South Yemen,1946,0
South Yemen,1947,0
South Yemen,1948,0
South Yemen,1949,0
South Yemen,1950,0
South Yemen,1951,0
South Yemen,1952,0
South Yemen,1953,0
South Yemen,1954,0
South Yemen,1955,0
South Yemen,1956,0
South Yemen,1957,0
South Yemen,1958,0
South Yemen,1959,0
South Yemen,1960,0
South Yemen,1961,0
South Yemen,1962,0
South Yemen,1963,0
South Yemen,1964,0
South Yemen,1965,0
South Yemen,1966,0
South Yemen,1967,0
South Yemen,1968,0
South Yemen,1969,0
South Yemen,1970,0
South Yemen,1971,0
South Yemen,1972,0
South Yemen,1973,0
South Yemen,1974,0
South Yemen,1975,0
South Yemen,1976,0
South Yemen,1977,0
South Yemen,1978,0
South Yemen,1979,0
South Yemen,1980,0
South Yemen,1981,0
South Yemen,1982,1
South Yemen,1983,1
South Yemen,1984,1
South Yemen,1985,1
South Yemen,1986,1
South Yemen,1987,1
South Yemen,1988,1
South Yemen,1989,1
South Yemen,1990,1
South Yemen,1991,1
South Yemen,1992,1
South Yemen,1993,1
South Yemen,1994,1
South Yemen,1995,1
South Yemen,1996,1
South Yemen,1997,1
South Yemen,1998,1
South Yemen,1999,1
South Yemen,2000,1
South Yemen,2001,1
South Yemen,2002,1
South Yemen,2003,1
South Yemen,2004,1
South Yemen,2005,1
South Yemen,2006,1
South Yemen,2007,1
South Yemen,2008,1
South Yemen,2009,1
South Yemen,2010,1
South Yemen,2011,1
South Yemen,2012,1
South Yemen,2013,1
South Yemen,2014,1
South Yemen,2015,1
South Yemen,2016,1
South Yemen,2017,1
South Yemen,2018,1
South Yemen,2019,1
South Yemen,2020,1
South Yemen,2021,1
South Yemen,2022,1
South Yemen,2023,1
South Yemen,2024,1
South Yemen,2025,1
South Yemen,2026,1
Spain,1872,0
Spain,1873,0
Spain,1874,0
Spain,1875,0
Spain,1876,0
Spain,1877,0
Spain,1878,0
Spain,1879,0
Spain,1880,0
Spain,1881,0
Spain,1882,0
Spain,1883,0
Spain,1884,0
Spain,1885,0
Spain,1886,0
Spain,1887,0
Spain,1888,0
Spain,1889,0
Spain,1890,0
Spain,1891,0
Spain,1892,0
Spain,1893,0
Spain,1894,0
Spain,1895,0
Spain,1896,0
Spain,1897,0
Spain,1898,0
Spain,1899,0
Spain,1900,0
Spain,1901,0
Spain,1902,0
Spain,1903,0
Spain,1904,0
Spain,1905,0
Spain,1906,0
Spain,1907,0
Spain,1908,0
Spain,1909,0
Spain,1910,0
Spain,1911,0
Spain,1912,0
Spain,1913,0
Spain,1914,0
Spain,1915,0
Spain,1916,0
Spain,1917,0
Spain,1918,0
Spain,1919,0
Spain,1920,9
Spain,1921,12
Spain,1922,18
Spain,1923,24
Spain,1924,33
Spain,1925,39
Spain,1926,43
Spain,1927,48
Spain,1928,60
Spain,1929,77
Spain,1930,82
Spain,1931,89
Spain,1932,91
Spain,1933,108
Spain,1934,125
Spain,1935,132
Spain,1936,139
Spain,1937,140
Spain,1938,140
Spain,1939,140
Spain,1940,140
Spain,1941,150
Spain,1942,155
Spain,1943,155
Spain,1944,155
Spain,1945,161
Spain,1946,161
Spain,1947,165
Spain,1948,172
Spain,1949,184
Spain,1950,201
Spain,1951,210
Spain,1952,218
Spain,1953,231
Spain,1954,237
Spain,1955,245
Spain,1956,246
Spain,1957,268
Spain,1958,277
Spain,1959,294
Spain,1960,313
Spain,1961,325
Spain,1962,335
Spain,1963,340
Spain,1964,352
Spain,1965,357
Spain,1966,364
Spain,1967,368
Spain,1968,377
Spain,1969,387
Spain,1970,397
Spain,1971,411
Spain,1972,418
Spain,1973,427
Spain,1974,433
Spain,1975,439
Spain,1976,441
Spain,1977,448
Spain,1978,465
Spain,1979,472
Spain,1980,482
Spain,1981,497
Spain,1982,511
Spain,1983,532
Spain,1984,548
Spain,1985,558
Spain,1986,585
Spain,1987,601
Spain,1988,616
Spain,1989,633
Spain,1990,659
Spain,1991,668
Spain,1992,680
Spain,1993,702
Spain,1994,732
Spain,1995,750
Spain,1996,770
Spain,1997,782
Spain,1998,805
Spain,1999,848
Spain,2000,869
Spain,2001,889
Spain,2002,912
Spain,2003,938
Spain,2004,957
Spain,2005,986
Spain,2006,1010
Spain,2007,1031
Spain,2008,1064
Spain,2009,1111
Spain,2010,1143
Spain,2011,1173
Spain,2012,1215
Spain,2013,1251
Spain,2014,1273
Spain,2015,1287
Spain,2016,1321
Spain,2017,1354
Spain,2018,1387
Spain,2019,1418
Spain,2020,1432
Spain,2021,1467
Spain,2022,1494
Spain,2023,1521
Spain,2024,1562
Spain,2025,1595
Spain,2026,1616
Sri Lanka,1872,0
Sri Lanka,1873,0
Sri Lanka,1874,0
Sri Lanka,1875,0
Sri Lanka,1876,0
Sri Lanka,1877,0
Sri Lanka,1878,0
Sri Lanka,1879,0
Sri Lanka,1880,0
Sri Lanka,1881,0
Sri Lanka,1882,0
Sri Lanka,1883,0
Sri Lanka,1884,0
Sri Lanka,1885,0
Sri Lanka,1886,0
Sri Lanka,1887,0
Sri Lanka,1888,0
Sri Lanka,1889,0
Sri Lanka,1890,0
Sri Lanka,1891,0
Sri Lanka,1892,0
Sri Lanka,1893,0
Sri Lanka,1894,0
Sri Lanka,1895,0
Sri Lanka,1896,0
Sri Lanka,1897,0
Sri Lanka,1898,0
Sri Lanka,1899,0
Sri Lanka,1900,0
Sri Lanka,1901,0
Sri Lanka,1902,0
Sri Lanka,1903,0
Sri Lanka,1904,0
Sri Lanka,1905,0
Sri Lanka,1906,0
Sri Lanka,1907,0
Sri Lanka,1908,0
Sri Lanka,1909,0
Sri Lanka,1910,0
Sri Lanka,1911,0
Sri Lanka,1912,0
Sri Lanka,1913,0
Sri Lanka,1914,0
Sri Lanka,1915,0
Sri Lanka,1916,0
Sri Lanka,1917,0
Sri Lanka,1918,0
Sri Lanka,1919,0
Sri Lanka,1920,0
Sri Lanka,1921,0
Sri Lanka,1922,0
Sri Lanka,1923,0
Sri Lanka,1924,0
Sri Lanka,1925,0
Sri Lanka,1926,0
Sri Lanka,1927,0
Sri Lanka,1928,0
Sri Lanka,1929,0
Sri Lanka,1930,0
Sri Lanka,1931,0
Sri Lanka,1932,0
Sri Lanka,1933,0
Sri Lanka,1934,0
Sri Lanka,1935,0
Sri Lanka,1936,0
Sri Lanka,1937,0
Sri Lanka,1938,0
Sri Lanka,1939,0
Sri Lanka,1940,0
Sri Lanka,1941,0
Sri Lanka,1942,0
Sri Lanka,1943,0
Sri Lanka,1944,0
Sri Lanka,1945,0
Sri Lanka,1946,0
Sri Lanka,1947,0
Sri Lanka,1948,0
Sri Lanka,1949,0
Sri Lanka,1950,0
Sri Lanka,1951,0
Sri Lanka,1952,1
Sri Lanka,1953,3
Sri Lanka,1954,7
Sri Lanka,1955,11
Sri Lanka,1956,11
Sri Lanka,1957,11
Sri Lanka,1958,11
Sri Lanka,1959,11
Sri Lanka,1960,11
Sri Lanka,1961,11
Sri Lanka,1962,11
Sri Lanka,1963,11
Sri Lanka,1964,16
Sri Lanka,1965,16
Sri Lanka,1966,16
Sri Lanka,1967,16
Sri Lanka,1968,16
Sri Lanka,1969,16
Sri Lanka,1970,16
Sri Lanka,1971,17
Sri Lanka,1972,31
Sri Lanka,1973,31
Sri Lanka,1974,31
Sri Lanka,1975,31
Sri Lanka,1976,31
Sri Lanka,1977,31
Sri Lanka,1978,31
Sri Lanka,1979,32
Sri Lanka,1980,32
Sri Lanka,1981,32
Sri Lanka,1982,32
Sri Lanka,1983,32
Sri Lanka,1984,38
Sri Lanka,1985,38
Sri Lanka,1986,40
Sri Lanka,1987,40
Sri Lanka,1988,40
Sri Lanka,1989,41
Sri Lanka,1990,41
Sri Lanka,1991,43
Sri Lanka,1992,43
Sri Lanka,1993,48
Sri Lanka,1994,48
Sri Lanka,1995,53
Sri Lanka,1996,62
Sri Lanka,1997,68
Sri Lanka,1998,70
Sri Lanka,1999,74
Sri Lanka,2000,81
Sri Lanka,2001,90
Sri Lanka,2002,100
Sri Lanka,2003,112
Sri Lanka,2004,116
Sri Lanka,2005,117
Sri Lanka,2006,124
Sri Lanka,2007,124
Sri Lanka,2008,144
Sri Lanka,2009,169
Sri Lanka,2010,173
Sri Lanka,2011,180
Sri Lanka,2012,180
Sri Lanka,2013,191
Sri Lanka,2014,194
Sri Lanka,2015,196
Sri Lanka,2016,200
Sri Lanka,2017,200
Sri Lanka,2018,202
Sri Lanka,2019,209
Sri Lanka,2020,209
Sri Lanka,2021,222
Sri Lanka,2022,222
Sri Lanka,2023,223
Sri Lanka,2024,228
Sri Lanka,2025,237
Sri Lanka,2026,237
Sudan,1872,0
Sudan,1873,0
Sudan,1874,0
Sudan,1875,0
Sudan,1876,0
Sudan,1877,0
Sudan,1878,0
Sudan,1879,0
Sudan,1880,0
Sudan,1881,0
Sudan,1882,0
Sudan,1883,0
Sudan,1884,0
Sudan,1885,0
Sudan,1886,0
Sudan,1887,0
Sudan,1888,0
Sudan,1889,0
Sudan,1890,0
Sudan,1891,0
Sudan,1892,0
Sudan,1893,0
Sudan,1894,0
Sudan,1895,0
Sudan,1896,0
Sudan,1897,0
Sudan,1898,0
Sudan,1899,0
Sudan,1900,0
Sudan,1901,0
Sudan,1902,0
Sudan,1903,0
Sudan,1904,0
Sudan,1905,0
Sudan,1906,0
Sudan,1907,0
Sudan,1908,0
Sudan,1909,0
Sudan,1910,0
Sudan,1911,0
Sudan,1912,0
Sudan,1913,0
Sudan,1914,0
Sudan,1915,0
Sudan,1916,0
Sudan,1917,0
Sudan,1918,0
Sudan,1919,0
Sudan,1920,0
Sudan,1921,0
Sudan,1922,0
Sudan,1923,0
Sudan,1924,0
Sudan,1925,0
Sudan,1926,0
Sudan,1927,0
Sudan,1928,0
Sudan,1929,0
Sudan,1930,0
Sudan,1931,0
Sudan,1932,0
Sudan,1933,0
Sudan,1934,0
Sudan,1935,0
Sudan,1936,0
Sudan,1937,0
Sudan,1938,0
Sudan,1939,0
Sudan,1940,0
Sudan,1941,0
Sudan,1942,0
Sudan,1943,0
Sudan,1944,0
Sudan,1945,0
Sudan,1946,0
Sudan,1947,0
Sudan,1948,0
Sudan,1949,0
Sudan,1950,0
Sudan,1951,0
Sudan,1952,0
Sudan,1953,0
Sudan,1954,0
Sudan,1955,0
Sudan,1956,1
Sudan,1957,8
Sudan,1958,8
Sudan,1959,10
Sudan,1960,10
Sudan,1961,10
Sudan,1962,10
Sudan,1963,23
Sudan,1964,23
Sudan,1965,32
Sudan,1966,38
Sudan,1967,54
Sudan,1968,61
Sudan,1969,76
Sudan,1970,84
Sudan,1971,94
Sudan,1972,99
Sudan,1973,102
Sudan,1974,115
Sudan,1975,125
Sudan,1976,128
Sudan,1977,128
Sudan,1978,133
Sudan,1979,141
Sudan,1980,145
Sudan,1981,148
Sudan,1982,148
Sudan,1983,159
Sudan,1984,160
Sudan,1985,160
Sudan,1986,160
Sudan,1987,163
Sudan,1988,164
Sudan,1989,165
Sudan,1990,171
Sudan,1991,179
Sudan,1992,187
Sudan,1993,190
Sudan,1994,192
Sudan,1995,201
Sudan,1996,211
Sudan,1997,211
Sudan,1998,221
Sudan,1999,222
Sudan,2000,232
Sudan,2001,243
Sudan,2002,259
Sudan,2003,283
Sudan,2004,299
Sudan,2005,321
Sudan,2006,339
Sudan,2007,361
Sudan,2008,375
Sudan,2009,380
Sudan,2010,385
Sudan,2011,410
Sudan,2012,423
Sudan,2013,434
Sudan,2014,438
Sudan,2015,446
Sudan,2016,449
Sudan,2017,451
Sudan,2018,454
Sudan,2019,462
Sudan,2020,466
Sudan,2021,482
Sudan,2022,488
Sudan,2023,493
Sudan,2024,502
Sudan,2025,507
Sudan,2026,508
Suriname,1872,0
Suriname,1873,0
Suriname,1874,0
Suriname,1875,0
Suriname,1876,0
Suriname,1877,0
Suriname,1878,0
Suriname,1879,0
Suriname,1880,0
Suriname,1881,0
Suriname,1882,0
Suriname,1883,0
Suriname,1884,0
Suriname,1885,0
Suriname,1886,0
Suriname,1887,0
Suriname,1888,0
Suriname,1889,0
Suriname,1890,0
Suriname,1891,0
Suriname,1892,0
Suriname,1893,0
Suriname,1894,0
Suriname,1895,0
Suriname,1896,0
Suriname,1897,0
Suriname,1898,0
Suriname,1899,0
Suriname,1900,0
Suriname,1901,0
Suriname,1902,0
Suriname,1903,0
Suriname,1904,0
Suriname,1905,0
Suriname,1906,0
Suriname,1907,0
Suriname,1908,0
Suriname,1909,0
Suriname,1910,0
Suriname,1911,0
Suriname,1912,0
Suriname,1913,0
Suriname,1914,0
Suriname,1915,0
Suriname,1916,0
Suriname,1917,0
Suriname,1918,0
Suriname,1919,0
Suriname,1920,0
Suriname,1921,1
Suriname,1922,1
Suriname,1923,3
Suriname,1924,3
Suriname,1925,3
Suriname,1926,3
Suriname,1927,3
Suriname,1928,3
Suriname,1929,3
Suriname,1930,3
Suriname,1931,3
Suriname,1932,3
Suriname,1933,3
Suriname,1934,12
Suriname,1935,18
Suriname,1936,21
Suriname,1937,35
Suriname,1938,42
Suriname,1939,42
Suriname,1940,42
Suriname,1941,42
Suriname,1942,42
Suriname,1943,47
Suriname,1944,55
Suriname,1945,68
Suriname,1946,74
Suriname,1947,88
Suriname,1948,99
Suriname,1949,106
Suriname,1950,117
Suriname,1951,132
Suriname,1952,142
Suriname,1953,148
Suriname,1954,151
Suriname,1955,162
Suriname,1956,166
Suriname,1957,166
Suriname,1958,166
Suriname,1959,176
Suriname,1960,180
Suriname,1961,180
Suriname,1962,193
Suriname,1963,203
Suriname,1964,207
Suriname,1965,227
Suriname,1966,249
Suriname,1967,263
Suriname,1968,289
Suriname,1969,308
Suriname,1970,319
Suriname,1971,326
Suriname,1972,337
Suriname,1973,344
Suriname,1974,352
Suriname,1975,364
Suriname,1976,373
Suriname,1977,381
Suriname,1978,398
Suriname,1979,403
Suriname,1980,408
Suriname,1981,420
Suriname,1982,423
Suriname,1983,423
Suriname,1984,437
Suriname,1985,444
Suriname,1986,444
Suriname,1987,446
Suriname,1988,449
Suriname,1989,449
Suriname,1990,456
Suriname,1991,461
Suriname,1992,469
Suriname,1993,469
Suriname,1994,478
Suriname,1995,481
Suriname,1996,492
Suriname,1997,492
Suriname,1998,500
Suriname,1999,503
Suriname,2000,504
Suriname,2001,518
Suriname,2002,528
Suriname,2003,528
Suriname,2004,545
Suriname,2005,545
Suriname,2006,549
Suriname,2007,549
Suriname,2008,574
Suriname,2009,579
Suriname,2010,600
Suriname,2011,611
Suriname,2012,633
Suriname,2013,638
Suriname,2014,642
Suriname,2015,647
Suriname,2016,656
Suriname,2017,660
Suriname,2018,666
Suriname,2019,684
Suriname,2020,684
Suriname,2021,702
Suriname,2022,709
Suriname,2023,715
Suriname,2024,733
Suriname,2025,749
Suriname,2026,750
Surrey,1872,0
Surrey,1873,0
Surrey,1874,0
Surrey,1875,0
Surrey,1876,0
Surrey,1877,0
Surrey,1878,0
Surrey,1879,0
Surrey,1880,0
Surrey,1881,0
Surrey,1882,0
Surrey,1883,0
Surrey,1884,0
Surrey,1885,0
Surrey,1886,0
Surrey,1887,0
Surrey,1888,0
Surrey,1889,0
Surrey,1890,0
Surrey,1891,0
Surrey,1892,0
Surrey,1893,0
Surrey,1894,0
Surrey,1895,0
Surrey,1896,0
Surrey,1897,0
Surrey,1898,0
Surrey,1899,0
Surrey,1900,0
Surrey,1901,0
Surrey,1902,0
Surrey,1903,0
Surrey,1904,0
Surrey,1905,0
Surrey,1906,0
Surrey,1907,0
Surrey,1908,0
Surrey,1909,0
Surrey,1910,0
Surrey,1911,0
Surrey,1912,0
Surrey,1913,0
Surrey,1914,0
Surrey,1915,0
Surrey,1916,0
Surrey,1917,0
Surrey,1918,0
Surrey,1919,0
Surrey,1920,0
Surrey,1921,0
Surrey,1922,0
Surrey,1923,0
Surrey,1924,0
Surrey,1925,0
Surrey,1926,0
Surrey,1927,0
Surrey,1928,0
Surrey,1929,0
Surrey,1930,0
Surrey,1931,0
Surrey,1932,0
Surrey,1933,0
Surrey,1934,0
Surrey,1935,0
Surrey,1936,0
Surrey,1937,0
Surrey,1938,0
Surrey,1939,0
Surrey,1940,0
Surrey,1941,0
Surrey,1942,0
Surrey,1943,0
Surrey,1944,0
Surrey,1945,0
Surrey,1946,0
Surrey,1947,0
Surrey,1948,0
Surrey,1949,0
Surrey,1950,0
Surrey,1951,0
Surrey,1952,0
Surrey,1953,0
Surrey,1954,0
Surrey,1955,0
Surrey,1956,0
Surrey,1957,0
Surrey,1958,0
Surrey,1959,0
Surrey,1960,0
Surrey,1961,0
Surrey,1962,0
Surrey,1963,0
Surrey,1964,0
Surrey,1965,0
Surrey,1966,0
Surrey,1967,0
Surrey,1968,0
Surrey,1969,0
Surrey,1970,0
Surrey,1971,0
Surrey,1972,0
Surrey,1973,0
Surrey,1974,0
Surrey,1975,0
Surrey,1976,0
Surrey,1977,0
Surrey,1978,0
Surrey,1979,0
Surrey,1980,0
Surrey,1981,0
Surrey,1982,0
Surrey,1983,0
Surrey,1984,0
Surrey,1985,0
Surrey,1986,0
Surrey,1987,0
Surrey,1988,0
Surrey,1989,0
Surrey,1990,0
Surrey,1991,0
Surrey,1992,0
Surrey,1993,0
Surrey,1994,0
Surrey,1995,0
Surrey,1996,0
Surrey,1997,0
Surrey,1998,0
Surrey,1999,0
Surrey,2000,0
Surrey,2001,0
Surrey,2002,0
Surrey,2003,0
Surrey,2004,0
Surrey,2005,0
Surrey,2006,0
Surrey,2007,0
Surrey,2008,0
Surrey,2009,0
Surrey,2010,0
Surrey,2011,0
Surrey,2012,0
Surrey,2013,0
Surrey,2014,0
Surrey,2015,0
Surrey,2016,0
Surrey,2017,0
Surrey,2018,3
Surrey,2019,3
Surrey,2020,3
Surrey,2021,3
Surrey,2022,3
Surrey,2023,3
Surrey,2024,3
Surrey,2025,3
Surrey,2026,3
Sweden,1872,0
Sweden,1873,0
Sweden,1874,0
Sweden,1875,0
Sweden,1876,0
Sweden,1877,0
Sweden,1878,0
Sweden,1879,0
Sweden,1880,0
Sweden,1881,0
Sweden,1882,0
Sweden,1883,0
Sweden,1884,0
Sweden,1885,0
Sweden,1886,0
Sweden,1887,0
Sweden,1888,0
Sweden,1889,0
Sweden,1890,0
Sweden,1891,0
Sweden,1892,0
Sweden,1893,0
Sweden,1894,0
Sweden,1895,0
Sweden,1896,0
Sweden,1897,0
Sweden,1898,0
Sweden,1899,0
Sweden,1900,0
Sweden,1901,0
Sweden,1902,0
Sweden,1903,0
Sweden,1904,0
Sweden,1905,0
Sweden,1906,0
Sweden,1907,0
Sweden,1908,15
Sweden,1909,15
Sweden,1910,19
Sweden,1911,33
Sweden,1912,51
Sweden,1913,65
Sweden,1914,80
Sweden,1915,86
Sweden,1916,98
Sweden,1917,105
Sweden,1918,109
Sweden,1919,125
Sweden,1920,146
Sweden,1921,154
Sweden,1922,167
Sweden,1923,188
Sweden,1924,244
Sweden,1925,270
Sweden,1926,301
Sweden,1927,337
Sweden,1928,357
Sweden,1929,384
Sweden,1930,409
Sweden,1931,431
Sweden,1932,464
Sweden,1933,483
Sweden,1934,506
Sweden,1935,529
Sweden,1936,544
Sweden,1937,561
Sweden,1938,587
Sweden,1939,609
Sweden,1940,621
Sweden,1941,628
Sweden,1942,637
Sweden,1943,650
Sweden,1944,650
Sweden,1945,683
Sweden,1946,704
Sweden,1947,737
Sweden,1948,752
Sweden,1949,776
Sweden,1950,802
Sweden,1951,817
Sweden,1952,839
Sweden,1953,860
Sweden,1954,896
Sweden,1955,918
Sweden,1956,927
Sweden,1957,944
Sweden,1958,972
Sweden,1959,996
Sweden,1960,1009
Sweden,1961,1027
Sweden,1962,1047
Sweden,1963,1057
Sweden,1964,1069
Sweden,1965,1085
Sweden,1966,1102
Sweden,1967,1112
Sweden,1968,1131
Sweden,1969,1155
Sweden,1970,1165
Sweden,1971,1177
Sweden,1972,1195
Sweden,1973,1212
Sweden,1974,1224
Sweden,1975,1237
Sweden,1976,1256
Sweden,1977,1265
Sweden,1978,1276
Sweden,1979,1294
Sweden,1980,1302
Sweden,1981,1319
Sweden,1982,1329
Sweden,1983,1362
Sweden,1984,1370
Sweden,1985,1383
Sweden,1986,1395
Sweden,1987,1404
Sweden,1988,1422
Sweden,1989,1437
Sweden,1990,1459
Sweden,1991,1482
Sweden,1992,1504
Sweden,1993,1520
Sweden,1994,1556
Sweden,1995,1571
Sweden,1996,1587
Sweden,1997,1604
Sweden,1998,1612
Sweden,1999,1622
Sweden,2000,1631
Sweden,2001,1667
Sweden,2002,1684
Sweden,2003,1716
Sweden,2004,1754
Sweden,2005,1778
Sweden,2006,1791
Sweden,2007,1811
Sweden,2008,1821
Sweden,2009,1838
Sweden,2010,1858
Sweden,2011,1886
Sweden,2012,1914
Sweden,2013,1938
Sweden,2014,1950
Sweden,2015,1969
Sweden,2016,1985
Sweden,2017,2011
Sweden,2018,2026
Sweden,2019,2051
Sweden,2020,2060
Sweden,2021,2085
Sweden,2022,2097
Sweden,2023,2122
Sweden,2024,2147
Sweden,2025,2162
Sweden,2026,2178
Switzerland,1872,0
Switzerland,1873,0
Switzerland,1874,0
Switzerland,1875,0
Switzerland,1876,0
Switzerland,1877,0
Switzerland,1878,0
Switzerland,1879,0
Switzerland,1880,0
Switzerland,1881,0
Switzerland,1882,0
Switzerland,1883,0
Switzerland,1884,0
Switzerland,1885,0
Switzerland,1886,0
Switzerland,1887,0
Switzerland,1888,0
Switzerland,1889,0
Switzerland,1890,0
Switzerland,1891,0
Switzerland,1892,0
Switzerland,1893,0
Switzerland,1894,0
Switzerland,1895,0
Switzerland,1896,0
Switzerland,1897,0
Switzerland,1898,0
Switzerland,1899,0
Switzerland,1900,0
Switzerland,1901,0
Switzerland,1902,0
Switzerland,1903,0
Switzerland,1904,0
Switzerland,1905,0
Switzerland,1906,0
Switzerland,1907,0
Switzerland,1908,6
Switzerland,1909,6
Switzerland,1910,8
Switzerland,1911,22
Switzerland,1912,26
Switzerland,1913,30
Switzerland,1914,33
Switzerland,1915,34
Switzerland,1916,34
Switzerland,1917,37
Switzerland,1918,39
Switzerland,1919,39
Switzerland,1920,49
Switzerland,1921,53
Switzerland,1922,64
Switzerland,1923,75
Switzerland,1924,100
Switzerland,1925,106
Switzerland,1926,113
Switzerland,1927,117
Switzerland,1928,133
Switzerland,1929,142
Switzerland,1930,155
Switzerland,1931,165
Switzerland,1932,179
Switzerland,1933,194
Switzerland,1934,206
Switzerland,1935,221
Switzerland,1936,230
Switzerland,1937,243
Switzerland,1938,261
Switzerland,1939,276
Switzerland,1940,277
Switzerland,1941,284
Switzerland,1942,294
Switzerland,1943,296
Switzerland,1944,296
Switzerland,1945,308
Switzerland,1946,315
Switzerland,1947,327
Switzerland,1948,339
Switzerland,1949,354
Switzerland,1950,373
Switzerland,1951,385
Switzerland,1952,394
Switzerland,1953,404
Switzerland,1954,425
Switzerland,1955,433
Switzerland,1956,445
Switzerland,1957,451
Switzerland,1958,454
Switzerland,1959,459
Switzerland,1960,477
Switzerland,1961,484
Switzerland,1962,489
Switzerland,1963,493
Switzerland,1964,502
Switzerland,1965,507
Switzerland,1966,514
Switzerland,1967,533
Switzerland,1968,537
Switzerland,1969,541
Switzerland,1970,547
Switzerland,1971,562
Switzerland,1972,565
Switzerland,1973,568
Switzerland,1974,573
Switzerland,1975,579
Switzerland,1976,585
Switzerland,1977,592
Switzerland,1978,596
Switzerland,1979,602
Switzerland,1980,611
Switzerland,1981,621
Switzerland,1982,635
Switzerland,1983,648
Switzerland,1984,652
Switzerland,1985,662
Switzerland,1986,670
Switzerland,1987,682
Switzerland,1988,693
Switzerland,1989,701
Switzerland,1990,716
Switzerland,1991,742
Switzerland,1992,759
Switzerland,1993,772
Switzerland,1994,798
Switzerland,1995,809
Switzerland,1996,817
Switzerland,1997,827
Switzerland,1998,831
Switzerland,1999,846
Switzerland,2000,863
Switzerland,2001,876
Switzerland,2002,891
Switzerland,2003,905
Switzerland,2004,919
Switzerland,2005,936
Switzerland,2006,957
Switzerland,2007,972
Switzerland,2008,993
Switzerland,2009,1005
Switzerland,2010,1016
Switzerland,2011,1026
Switzerland,2012,1045
Switzerland,2013,1057
Switzerland,2014,1079
Switzerland,2015,1103
Switzerland,2016,1118
Switzerland,2017,1134
Switzerland,2018,1163
Switzerland,2019,1183
Switzerland,2020,1194
Switzerland,2021,1231
Switzerland,2022,1244
Switzerland,2023,1266
Switzerland,2024,1286
Switzerland,2025,1312
Switzerland,2026,1330
Syria,1872,0
Syria,1873,0
Syria,1874,0
Syria,1875,0
Syria,1876,0
Syria,1877,0
Syria,1878,0
Syria,1879,0
Syria,1880,0
Syria,1881,0
Syria,1882,0
Syria,1883,0
Syria,1884,0
Syria,1885,0
Syria,1886,0
Syria,1887,0
Syria,1888,0
Syria,1889,0
Syria,1890,0
Syria,1891,0
Syria,1892,0
Syria,1893,0
Syria,1894,0
Syria,1895,0
Syria,1896,0
Syria,1897,0
Syria,1898,0
Syria,1899,0
Syria,1900,0
Syria,1901,0
Syria,1902,0
Syria,1903,0
Syria,1904,0
Syria,1905,0
Syria,1906,0
Syria,1907,0
Syria,1908,0
Syria,1909,0
Syria,1910,0
Syria,1911,0
Syria,1912,0
Syria,1913,0
Syria,1914,0
Syria,1915,0
Syria,1916,0
Syria,1917,0
Syria,1918,0
Syria,1919,0
Syria,1920,0
Syria,1921,0
Syria,1922,0
Syria,1923,0
Syria,1924,0
Syria,1925,0
Syria,1926,0
Syria,1927,0
Syria,1928,0
Syria,1929,0
Syria,1930,0
Syria,1931,0
Syria,1932,0
Syria,1933,0
Syria,1934,0
Syria,1935,0
Syria,1936,0
Syria,1937,0
Syria,1938,0
Syria,1939,0
Syria,1940,0
Syria,1941,0
Syria,1942,0
Syria,1943,0
Syria,1944,0
Syria,1945,0
Syria,1946,0
Syria,1947,0
Syria,1948,0
Syria,1949,0
Syria,1950,0
Syria,1951,0
Syria,1952,0
Syria,1953,0
Syria,1954,0
Syria,1955,0
Syria,1956,0
Syria,1957,1
Syria,1958,1
Syria,1959,1
Syria,1960,1
Syria,1961,1
Syria,1962,1
Syria,1963,12
Syria,1964,12
Syria,1965,12
Syria,1966,21
Syria,1967,21
Syria,1968,21
Syria,1969,21
Syria,1970,21
Syria,1971,26
Syria,1972,37
Syria,1973,54
Syria,1974,63
Syria,1975,66
Syria,1976,68
Syria,1977,68
Syria,1978,77
Syria,1979,77
Syria,1980,80
Syria,1981,82
Syria,1982,85
Syria,1983,87
Syria,1984,100
Syria,1985,110
Syria,1986,111
Syria,1987,113
Syria,1988,126
Syria,1989,133
Syria,1990,133
Syria,1991,133
Syria,1992,137
Syria,1993,153
Syria,1994,153
Syria,1995,154
Syria,1996,170
Syria,1997,198
Syria,1998,215
Syria,1999,215
Syria,2000,239
Syria,2001,283
Syria,2002,301
Syria,2003,326
Syria,2004,354
Syria,2005,363
Syria,2006,379
Syria,2007,412
Syria,2008,433
Syria,2009,462
Syria,2010,481
Syria,2011,495
Syria,2012,509
Syria,2013,516
Syria,2014,519
Syria,2015,548
Syria,2016,561
Syria,2017,577
Syria,2018,587
Syria,2019,614
Syria,2020,615
Syria,2021,633
Syria,2022,640
Syria,2023,648
Syria,2024,668
Syria,2025,691
Syria,2026,692
Székely Land,1872,0
Székely Land,1873,0
Székely Land,1874,0
Székely Land,1875,0
Székely Land,1876,0
Székely Land,1877,0
Székely Land,1878,0
Székely Land,1879,0
Székely Land,1880,0
Székely Land,1881,0
Székely Land,1882,0
Székely Land,1883,0
Székely Land,1884,0
Székely Land,1885,0
Székely Land,1886,0
Székely Land,1887,0
Székely Land,1888,0
Székely Land,1889,0
Székely Land,1890,0
Székely Land,1891,0
Székely Land,1892,0
Székely Land,1893,0
Székely Land,1894,0
Székely Land,1895,0
Székely Land,1896,0
Székely Land,1897,0
Székely Land,1898,0
Székely Land,1899,0
Székely Land,1900,0
Székely Land,1901,0
Székely Land,1902,0
Székely Land,1903,0
Székely Land,1904,0
Székely Land,1905,0
Székely Land,1906,0
Székely Land,1907,0
Székely Land,1908,0
Székely Land,1909,0
Székely Land,1910,0
Székely Land,1911,0
Székely Land,1912,0
Székely Land,1913,0
Székely Land,1914,0
Székely Land,1915,0
Székely Land,1916,0
Székely Land,1917,0
Székely Land,1918,0
Székely Land,1919,0
Székely Land,1920,0
Székely Land,1921,0
Székely Land,1922,0
Székely Land,1923,0
Székely Land,1924,0
Székely Land,1925,0
Székely Land,1926,0
Székely Land,1927,0
Székely Land,1928,0
Székely Land,1929,0
Székely Land,1930,0
Székely Land,1931,0
Székely Land,1932,0
Székely Land,1933,0
Székely Land,1934,0
Székely Land,1935,0
Székely Land,1936,0
Székely Land,1937,0
Székely Land,1938,0
Székely Land,1939,0
Székely Land,1940,0
Székely Land,1941,0
Székely Land,1942,0
Székely Land,1943,0
Székely Land,1944,0
Székely Land,1945,0
Székely Land,1946,0
Székely Land,1947,0
Székely Land,1948,0
Székely Land,1949,0
Székely Land,1950,0
Székely Land,1951,0
Székely Land,1952,0
Székely Land,1953,0
Székely Land,1954,0
Székely Land,1955,0
Székely Land,1956,0
Székely Land,1957,0
Székely Land,1958,0
Székely Land,1959,0
Székely Land,1960,0
Székely Land,1961,0
Székely Land,1962,0
Székely Land,1963,0
Székely Land,1964,0
Székely Land,1965,0
Székely Land,1966,0
Székely Land,1967,0
Székely Land,1968,0
Székely Land,1969,0
Székely Land,1970,0
Székely Land,1971,0
Székely Land,1972,0
Székely Land,1973,0
Székely Land,1974,0
Székely Land,1975,0
Székely Land,1976,0
Székely Land,1977,0
Székely Land,1978,0
Székely Land,1979,0
Székely Land,1980,0
Székely Land,1981,0
Székely Land,1982,0
Székely Land,1983,0
Székely Land,1984,0
Székely Land,1985,0
Székely Land,1986,0
Székely Land,1987,0
Székely Land,1988,0
Székely Land,1989,0
Székely Land,1990,0
Székely Land,1991,0
Székely Land,1992,0
Székely Land,1993,0
Székely Land,1994,0
Székely Land,1995,0
Székely Land,1996,0
Székely Land,1997,0
Székely Land,1998,0
Székely Land,1999,0
Székely Land,2000,0
Székely Land,2001,0
Székely Land,2002,0
Székely Land,2003,0
Székely Land,2004,0
Székely Land,2005,0
Székely Land,2006,0
Székely Land,2007,0
Székely Land,2008,0
Székely Land,2009,0
Székely Land,2010,0
Székely Land,2011,0
Székely Land,2012,0
Székely Land,2013,0
Székely Land,2014,3
Székely Land,2015,8
Székely Land,2016,16
Székely Land,2017,25
Székely Land,2018,41
Székely Land,2019,46
Székely Land,2020,46
Székely Land,2021,46
Székely Land,2022,46
Székely Land,2023,56
Székely Land,2024,56
Székely Land,2025,56
Székely Land,2026,56
Sápmi,1872,0
Sápmi,1873,0
Sápmi,1874,0
Sápmi,1875,0
Sápmi,1876,0
Sápmi,1877,0
Sápmi,1878,0
Sápmi,1879,0
Sápmi,1880,0
Sápmi,1881,0
Sápmi,1882,0
Sápmi,1883,0
Sápmi,1884,0
Sápmi,1885,0
Sápmi,1886,0
Sápmi,1887,0
Sápmi,1888,0
Sápmi,1889,0
Sápmi,1890,0
Sápmi,1891,0
Sápmi,1892,0
Sápmi,1893,0
Sápmi,1894,0
Sápmi,1895,0
Sápmi,1896,0
Sápmi,1897,0
Sápmi,1898,0
Sápmi,1899,0
Sápmi,1900,0
Sápmi,1901,0
Sápmi,1902,0
Sápmi,1903,0
Sápmi,1904,0
Sápmi,1905,0
Sápmi,1906,0
Sápmi,1907,0
Sápmi,1908,0
Sápmi,1909,0
Sápmi,1910,0
Sápmi,1911,0
Sápmi,1912,0
Sápmi,1913,0
Sápmi,1914,0
Sápmi,1915,0
Sápmi,1916,0
Sápmi,1917,0
Sápmi,1918,0
Sápmi,1919,0
Sápmi,1920,0
Sápmi,1921,0
Sápmi,1922,0
Sápmi,1923,0
Sápmi,1924,0
Sápmi,1925,0
Sápmi,1926,0
Sápmi,1927,0
Sápmi,1928,0
Sápmi,1929,0
Sápmi,1930,0
Sápmi,1931,0
Sápmi,1932,0
Sápmi,1933,0
Sápmi,1934,0
Sápmi,1935,0
Sápmi,1936,0
Sápmi,1937,0
Sápmi,1938,0
Sápmi,1939,0
Sápmi,1940,0
Sápmi,1941,0
Sápmi,1942,0
Sápmi,1943,0
Sápmi,1944,0
Sápmi,1945,0
Sápmi,1946,0
Sápmi,1947,0
Sápmi,1948,0
Sápmi,1949,0
Sápmi,1950,0
Sápmi,1951,0
Sápmi,1952,0
Sápmi,1953,0
Sápmi,1954,0
Sápmi,1955,0
Sápmi,1956,0
Sápmi,1957,0
Sápmi,1958,0
Sápmi,1959,0
Sápmi,1960,0
Sápmi,1961,0
Sápmi,1962,0
Sápmi,1963,0
Sápmi,1964,0
Sápmi,1965,0
Sápmi,1966,0
Sápmi,1967,0
Sápmi,1968,0
Sápmi,1969,0
Sápmi,1970,0
Sápmi,1971,0
Sápmi,1972,0
Sápmi,1973,0
Sápmi,1974,0
Sápmi,1975,0
Sápmi,1976,0
Sápmi,1977,0
Sápmi,1978,0
Sápmi,1979,0
Sápmi,1980,0
Sápmi,1981,0
Sápmi,1982,0
Sápmi,1983,0
Sápmi,1984,0
Sápmi,1985,0
Sápmi,1986,0
Sápmi,1987,0
Sápmi,1988,0
Sápmi,1989,0
Sápmi,1990,0
Sápmi,1991,0
Sápmi,1992,0
Sápmi,1993,0
Sápmi,1994,0
Sápmi,1995,0
Sápmi,1996,0
Sápmi,1997,0
Sápmi,1998,0
Sápmi,1999,0
Sápmi,2000,0
Sápmi,2001,0
Sápmi,2002,0
Sápmi,2003,0
Sápmi,2004,0
Sápmi,2005,3
Sápmi,2006,48
Sápmi,2007,48
Sápmi,2008,57
Sápmi,2009,69
Sápmi,2010,69
Sápmi,2011,69
Sápmi,2012,71
Sápmi,2013,71
Sápmi,2014,77
Sápmi,2015,77
Sápmi,2016,87
Sápmi,2017,87
Sápmi,2018,87
Sápmi,2019,92
Sápmi,2020,92
Sápmi,2021,92
Sápmi,2022,92
Sápmi,2023,93
Sápmi,2024,93
Sápmi,2025,93
Sápmi,2026,93
São Tomé and Príncipe,1872,0
São Tomé and Príncipe,1873,0
São Tomé and Príncipe,1874,0
São Tomé and Príncipe,1875,0
São Tomé and Príncipe,1876,0
São Tomé and Príncipe,1877,0
São Tomé and Príncipe,1878,0
São Tomé and Príncipe,1879,0
São Tomé and Príncipe,1880,0
São Tomé and Príncipe,1881,0
São Tomé and Príncipe,1882,0
São Tomé and Príncipe,1883,0
São Tomé and Príncipe,1884,0
São Tomé and Príncipe,1885,0
São Tomé and Príncipe,1886,0
São Tomé and Príncipe,1887,0
São Tomé and Príncipe,1888,0
São Tomé and Príncipe,1889,0
São Tomé and Príncipe,1890,0
São Tomé and Príncipe,1891,0
São Tomé and Príncipe,1892,0
São Tomé and Príncipe,1893,0
São Tomé and Príncipe,1894,0
São Tomé and Príncipe,1895,0
São Tomé and Príncipe,1896,0
São Tomé and Príncipe,1897,0
São Tomé and Príncipe,1898,0
São Tomé and Príncipe,1899,0
São Tomé and Príncipe,1900,0
São Tomé and Príncipe,1901,0
São Tomé and Príncipe,1902,0
São Tomé and Príncipe,1903,0
São Tomé and Príncipe,1904,0
São Tomé and Príncipe,1905,0
São Tomé and Príncipe,1906,0
São Tomé and Príncipe,1907,0
São Tomé and Príncipe,1908,0
São Tomé and Príncipe,1909,0
São Tomé and Príncipe,1910,0
São Tomé and Príncipe,1911,0
São Tomé and Príncipe,1912,0
São Tomé and Príncipe,1913,0
São Tomé and Príncipe,1914,0
São Tomé and Príncipe,1915,0
São Tomé and Príncipe,1916,0
São Tomé and Príncipe,1917,0
São Tomé and Príncipe,1918,0
São Tomé and Príncipe,1919,0
São Tomé and Príncipe,1920,0
São Tomé and Príncipe,1921,0
São Tomé and Príncipe,1922,0
São Tomé and Príncipe,1923,0
São Tomé and Príncipe,1924,0
São Tomé and Príncipe,1925,0
São Tomé and Príncipe,1926,0
São Tomé and Príncipe,1927,0
São Tomé and Príncipe,1928,0
São Tomé and Príncipe,1929,0
São Tomé and Príncipe,1930,0
São Tomé and Príncipe,1931,0
São Tomé and Príncipe,1932,0
São Tomé and Príncipe,1933,0
São Tomé and Príncipe,1934,0
São Tomé and Príncipe,1935,0
São Tomé and Príncipe,1936,0
São Tomé and Príncipe,1937,0
São Tomé and Príncipe,1938,0
São Tomé and Príncipe,1939,0
São Tomé and Príncipe,1940,0
São Tomé and Príncipe,1941,0
São Tomé and Príncipe,1942,0
São Tomé and Príncipe,1943,0
São Tomé and Príncipe,1944,0
São Tomé and Príncipe,1945,0
São Tomé and Príncipe,1946,0
São Tomé and Príncipe,1947,0
São Tomé and Príncipe,1948,0
São Tomé and Príncipe,1949,0
São Tomé and Príncipe,1950,0
São Tomé and Príncipe,1951,0
São Tomé and Príncipe,1952,0
São Tomé and Príncipe,1953,0
São Tomé and Príncipe,1954,0
São Tomé and Príncipe,1955,0
São Tomé and Príncipe,1956,0
São Tomé and Príncipe,1957,0
São Tomé and Príncipe,1958,0
São Tomé and Príncipe,1959,0
São Tomé and Príncipe,1960,0
São Tomé and Príncipe,1961,0
São Tomé and Príncipe,1962,0
São Tomé and Príncipe,1963,0
São Tomé and Príncipe,1964,0
São Tomé and Príncipe,1965,0
São Tomé and Príncipe,1966,0
São Tomé and Príncipe,1967,0
São Tomé and Príncipe,1968,0
São Tomé and Príncipe,1969,0
São Tomé and Príncipe,1970,0
São Tomé and Príncipe,1971,0
São Tomé and Príncipe,1972,0
São Tomé and Príncipe,1973,0
São Tomé and Príncipe,1974,0
São Tomé and Príncipe,1975,0
São Tomé and Príncipe,1976,3
São Tomé and Príncipe,1977,3
São Tomé and Príncipe,1978,6
São Tomé and Príncipe,1979,7
São Tomé and Príncipe,1980,7
São Tomé and Príncipe,1981,8
São Tomé and Príncipe,1982,8
São Tomé and Príncipe,1983,8
São Tomé and Príncipe,1984,8
São Tomé and Príncipe,1985,10
São Tomé and Príncipe,1986,10
São Tomé and Príncipe,1987,11
São Tomé and Príncipe,1988,11
São Tomé and Príncipe,1989,11
São Tomé and Príncipe,1990,11
São Tomé and Príncipe,1991,11
São Tomé and Príncipe,1992,11
São Tomé and Príncipe,1993,11
São Tomé and Príncipe,1994,11
São Tomé and Príncipe,1995,11
São Tomé and Príncipe,1996,11
São Tomé and Príncipe,1997,11
São Tomé and Príncipe,1998,11
São Tomé and Príncipe,1999,13
São Tomé and Príncipe,2000,17
São Tomé and Príncipe,2001,17
São Tomé and Príncipe,2002,17
São Tomé and Príncipe,2003,18
São Tomé and Príncipe,2004,18
São Tomé and Príncipe,2005,18
São Tomé and Príncipe,2006,18
São Tomé and Príncipe,2007,18
São Tomé and Príncipe,2008,18
São Tomé and Príncipe,2009,18
São Tomé and Príncipe,2010,18
São Tomé and Príncipe,2011,19
São Tomé and Príncipe,2012,24
São Tomé and Príncipe,2013,24
São Tomé and Príncipe,2014,24
São Tomé and Príncipe,2015,26
São Tomé and Príncipe,2016,29
São Tomé and Príncipe,2017,31
São Tomé and Príncipe,2018,32
São Tomé and Príncipe,2019,38
São Tomé and Príncipe,2020,40
São Tomé and Príncipe,2021,41
São Tomé and Príncipe,2022,45
São Tomé and Príncipe,2023,47
São Tomé and Príncipe,2024,49
São Tomé and Príncipe,2025,53
São Tomé and Príncipe,2026,53
Tahiti,1872,0
Tahiti,1873,0
Tahiti,1874,0
Tahiti,1875,0
Tahiti,1876,0
Tahiti,1877,0
Tahiti,1878,0
Tahiti,1879,0
Tahiti,1880,0
Tahiti,1881,0
Tahiti,1882,0
Tahiti,1883,0
Tahiti,1884,0
Tahiti,1885,0
Tahiti,1886,0
Tahiti,1887,0
Tahiti,1888,0
Tahiti,1889,0
Tahiti,1890,0
Tahiti,1891,0
Tahiti,1892,0
Tahiti,1893,0
Tahiti,1894,0
Tahiti,1895,0
Tahiti,1896,0
Tahiti,1897,0
Tahiti,1898,0
Tahiti,1899,0
Tahiti,1900,0
Tahiti,1901,0
Tahiti,1902,0
Tahiti,1903,0
Tahiti,1904,0
Tahiti,1905,0
Tahiti,1906,0
Tahiti,1907,0
Tahiti,1908,0
Tahiti,1909,0
Tahiti,1910,0
Tahiti,1911,0
Tahiti,1912,0
Tahiti,1913,0
Tahiti,1914,0
Tahiti,1915,0
Tahiti,1916,0
Tahiti,1917,0
Tahiti,1918,0
Tahiti,1919,0
Tahiti,1920,0
Tahiti,1921,0
Tahiti,1922,0
Tahiti,1923,0
Tahiti,1924,0
Tahiti,1925,0
Tahiti,1926,0
Tahiti,1927,0
Tahiti,1928,0
Tahiti,1929,0
Tahiti,1930,0
Tahiti,1931,0
Tahiti,1932,0
Tahiti,1933,0
Tahiti,1934,0
Tahiti,1935,0
Tahiti,1936,0
Tahiti,1937,0
Tahiti,1938,0
Tahiti,1939,0
Tahiti,1940,0
Tahiti,1941,0
Tahiti,1942,0
Tahiti,1943,0
Tahiti,1944,0
Tahiti,1945,0
Tahiti,1946,0
Tahiti,1947,0
Tahiti,1948,0
Tahiti,1949,0
Tahiti,1950,0
Tahiti,1951,0
Tahiti,1952,5
Tahiti,1953,15
Tahiti,1954,15
Tahiti,1955,16
Tahiti,1956,16
Tahiti,1957,23
Tahiti,1958,23
Tahiti,1959,28
Tahiti,1960,30
Tahiti,1961,33
Tahiti,1962,33
Tahiti,1963,52
Tahiti,1964,56
Tahiti,1965,58
Tahiti,1966,72
Tahiti,1967,72
Tahiti,1968,74
Tahiti,1969,90
Tahiti,1970,93
Tahiti,1971,139
Tahiti,1972,139
Tahiti,1973,148
Tahiti,1974,153
Tahiti,1975,165
Tahiti,1976,165
Tahiti,1977,165
Tahiti,1978,173
Tahiti,1979,206
Tahiti,1980,231
Tahiti,1981,265
Tahiti,1982,265
Tahiti,1983,302
Tahiti,1984,302
Tahiti,1985,306
Tahiti,1986,306
Tahiti,1987,315
Tahiti,1988,315
Tahiti,1989,315
Tahiti,1990,315
Tahiti,1991,337
Tahiti,1992,347
Tahiti,1993,370
Tahiti,1994,382
Tahiti,1995,426
Tahiti,1996,428
Tahiti,1997,430
Tahiti,1998,465
Tahiti,1999,465
Tahiti,2000,467
Tahiti,2001,481
Tahiti,2002,489
Tahiti,2003,514
Tahiti,2004,521
Tahiti,2005,521
Tahiti,2006,521
Tahiti,2007,523
Tahiti,2008,523
Tahiti,2009,523
Tahiti,2010,526
Tahiti,2011,556
Tahiti,2012,582
Tahiti,2013,585
Tahiti,2014,585
Tahiti,2015,585
Tahiti,2016,595
Tahiti,2017,599
Tahiti,2018,603
Tahiti,2019,623
Tahiti,2020,623
Tahiti,2021,623
Tahiti,2022,624
Tahiti,2023,647
Tahiti,2024,657
Tahiti,2025,657
Tahiti,2026,657
Taiwan,1872,0
Taiwan,1873,0
Taiwan,1874,0
Taiwan,1875,0
Taiwan,1876,0
Taiwan,1877,0
Taiwan,1878,0
Taiwan,1879,0
Taiwan,1880,0
Taiwan,1881,0
Taiwan,1882,0
Taiwan,1883,0
Taiwan,1884,0
Taiwan,1885,0
Taiwan,1886,0
Taiwan,1887,0
Taiwan,1888,0
Taiwan,1889,0
Taiwan,1890,0
Taiwan,1891,0
Taiwan,1892,0
Taiwan,1893,0
Taiwan,1894,0
Taiwan,1895,0
Taiwan,1896,0
Taiwan,1897,0
Taiwan,1898,0
Taiwan,1899,0
Taiwan,1900,0
Taiwan,1901,0
Taiwan,1902,0
Taiwan,1903,0
Taiwan,1904,0
Taiwan,1905,0
Taiwan,1906,0
Taiwan,1907,0
Taiwan,1908,0
Taiwan,1909,0
Taiwan,1910,0
Taiwan,1911,0
Taiwan,1912,0
Taiwan,1913,0
Taiwan,1914,0
Taiwan,1915,0
Taiwan,1916,0
Taiwan,1917,0
Taiwan,1918,0
Taiwan,1919,0
Taiwan,1920,0
Taiwan,1921,0
Taiwan,1922,0
Taiwan,1923,0
Taiwan,1924,0
Taiwan,1925,0
Taiwan,1926,0
Taiwan,1927,0
Taiwan,1928,0
Taiwan,1929,0
Taiwan,1930,0
Taiwan,1931,0
Taiwan,1932,0
Taiwan,1933,0
Taiwan,1934,0
Taiwan,1935,0
Taiwan,1936,0
Taiwan,1937,0
Taiwan,1938,0
Taiwan,1939,0
Taiwan,1940,0
Taiwan,1941,0
Taiwan,1942,0
Taiwan,1943,0
Taiwan,1944,0
Taiwan,1945,0
Taiwan,1946,0
Taiwan,1947,0
Taiwan,1948,0
Taiwan,1949,0
Taiwan,1950,1
Taiwan,1951,1
Taiwan,1952,1
Taiwan,1953,5
Taiwan,1954,23
Taiwan,1955,23
Taiwan,1956,23
Taiwan,1957,23
Taiwan,1958,35
Taiwan,1959,45
Taiwan,1960,47
Taiwan,1961,47
Taiwan,1962,50
Taiwan,1963,66
Taiwan,1964,80
Taiwan,1965,92
Taiwan,1966,102
Taiwan,1967,114
Taiwan,1968,123
Taiwan,1969,123
Taiwan,1970,131
Taiwan,1971,138
Taiwan,1972,138
Taiwan,1973,138
Taiwan,1974,141
Taiwan,1975,141
Taiwan,1976,141
Taiwan,1977,142
Taiwan,1978,142
Taiwan,1979,145
Taiwan,1980,145
Taiwan,1981,150
Taiwan,1982,150
Taiwan,1983,152
Taiwan,1984,152
Taiwan,1985,153
Taiwan,1986,153
Taiwan,1987,153
Taiwan,1988,154
Taiwan,1989,154
Taiwan,1990,154
Taiwan,1991,154
Taiwan,1992,154
Taiwan,1993,157
Taiwan,1994,157
Taiwan,1995,157
Taiwan,1996,158
Taiwan,1997,162
Taiwan,1998,162
Taiwan,1999,162
Taiwan,2000,165
Taiwan,2001,165
Taiwan,2002,167
Taiwan,2003,183
Taiwan,2004,186
Taiwan,2005,186
Taiwan,2006,189
Taiwan,2007,200
Taiwan,2008,208
Taiwan,2009,209
Taiwan,2010,217
Taiwan,2011,227
Taiwan,2012,234
Taiwan,2013,237
Taiwan,2014,241
Taiwan,2015,247
Taiwan,2016,254
Taiwan,2017,272
Taiwan,2018,278
Taiwan,2019,286
Taiwan,2020,286
Taiwan,2021,289
Taiwan,2022,290
Taiwan,2023,304
Taiwan,2024,316
Taiwan,2025,320
Taiwan,2026,320
Tajikistan,1872,0
Tajikistan,1873,0
Tajikistan,1874,0
Tajikistan,1875,0
Tajikistan,1876,0
Tajikistan,1877,0
Tajikistan,1878,0
Tajikistan,1879,0
Tajikistan,1880,0
Tajikistan,1881,0
Tajikistan,1882,0
Tajikistan,1883,0
Tajikistan,1884,0
Tajikistan,1885,0
Tajikistan,1886,0
Tajikistan,1887,0
Tajikistan,1888,0
Tajikistan,1889,0
Tajikistan,1890,0
Tajikistan,1891,0
Tajikistan,1892,0
Tajikistan,1893,0
Tajikistan,1894,0
Tajikistan,1895,0
Tajikistan,1896,0
Tajikistan,1897,0
Tajikistan,1898,0
Tajikistan,1899,0
Tajikistan,1900,0
Tajikistan,1901,0
Tajikistan,1902,0
Tajikistan,1903,0
Tajikistan,1904,0
Tajikistan,1905,0
Tajikistan,1906,0
Tajikistan,1907,0
Tajikistan,1908,0
Tajikistan,1909,0
Tajikistan,1910,0
Tajikistan,1911,0
Tajikistan,1912,0
Tajikistan,1913,0
Tajikistan,1914,0
Tajikistan,1915,0
Tajikistan,1916,0
Tajikistan,1917,0
Tajikistan,1918,0
Tajikistan,1919,0
Tajikistan,1920,0
Tajikistan,1921,0
Tajikistan,1922,0
Tajikistan,1923,0
Tajikistan,1924,0
Tajikistan,1925,0
Tajikistan,1926,0
Tajikistan,1927,0
Tajikistan,1928,0
Tajikistan,1929,0
Tajikistan,1930,0
Tajikistan,1931,0
Tajikistan,1932,0
Tajikistan,1933,0
Tajikistan,1934,0
Tajikistan,1935,0
Tajikistan,1936,0
Tajikistan,1937,0
Tajikistan,1938,0
Tajikistan,1939,0
Tajikistan,1940,0
Tajikistan,1941,0
Tajikistan,1942,0
Tajikistan,1943,0
Tajikistan,1944,0
Tajikistan,1945,0
Tajikistan,1946,0
Tajikistan,1947,0
Tajikistan,1948,0
Tajikistan,1949,0
Tajikistan,1950,0
Tajikistan,1951,0
Tajikistan,1952,0
Tajikistan,1953,0
Tajikistan,1954,0
Tajikistan,1955,0
Tajikistan,1956,0
Tajikistan,1957,0
Tajikistan,1958,0
Tajikistan,1959,0
Tajikistan,1960,0
Tajikistan,1961,0
Tajikistan,1962,0
Tajikistan,1963,0
Tajikistan,1964,0
Tajikistan,1965,0
Tajikistan,1966,0
Tajikistan,1967,0
Tajikistan,1968,0
Tajikistan,1969,0
Tajikistan,1970,0
Tajikistan,1971,0
Tajikistan,1972,0
Tajikistan,1973,0
Tajikistan,1974,0
Tajikistan,1975,0
Tajikistan,1976,0
Tajikistan,1977,0
Tajikistan,1978,0
Tajikistan,1979,0
Tajikistan,1980,0
Tajikistan,1981,0
Tajikistan,1982,0
Tajikistan,1983,0
Tajikistan,1984,0
Tajikistan,1985,0
Tajikistan,1986,0
Tajikistan,1987,0
Tajikistan,1988,0
Tajikistan,1989,0
Tajikistan,1990,0
Tajikistan,1991,0
Tajikistan,1992,5
Tajikistan,1993,6
Tajikistan,1994,8
Tajikistan,1995,8
Tajikistan,1996,12
Tajikistan,1997,28
Tajikistan,1998,36
Tajikistan,1999,42
Tajikistan,2000,58
Tajikistan,2001,58
Tajikistan,2002,58
Tajikistan,2003,65
Tajikistan,2004,70
Tajikistan,2005,74
Tajikistan,2006,98
Tajikistan,2007,110
Tajikistan,2008,124
Tajikistan,2009,125
Tajikistan,2010,135
Tajikistan,2011,149
Tajikistan,2012,156
Tajikistan,2013,170
Tajikistan,2014,177
Tajikistan,2015,190
Tajikistan,2016,204
Tajikistan,2017,214
Tajikistan,2018,216
Tajikistan,2019,229
Tajikistan,2020,231
Tajikistan,2021,242
Tajikistan,2022,251
Tajikistan,2023,264
Tajikistan,2024,280
Tajikistan,2025,295
Tajikistan,2026,299
Tamil Eelam,1872,0
Tamil Eelam,1873,0
Tamil Eelam,1874,0
Tamil Eelam,1875,0
Tamil Eelam,1876,0
Tamil Eelam,1877,0
Tamil Eelam,1878,0
Tamil Eelam,1879,0
Tamil Eelam,1880,0
Tamil Eelam,1881,0
Tamil Eelam,1882,0
Tamil Eelam,1883,0
Tamil Eelam,1884,0
Tamil Eelam,1885,0
Tamil Eelam,1886,0
Tamil Eelam,1887,0
Tamil Eelam,1888,0
Tamil Eelam,1889,0
Tamil Eelam,1890,0
Tamil Eelam,1891,0
Tamil Eelam,1892,0
Tamil Eelam,1893,0
Tamil Eelam,1894,0
Tamil Eelam,1895,0
Tamil Eelam,1896,0
Tamil Eelam,1897,0
Tamil Eelam,1898,0
Tamil Eelam,1899,0
Tamil Eelam,1900,0
Tamil Eelam,1901,0
Tamil Eelam,1902,0
Tamil Eelam,1903,0
Tamil Eelam,1904,0
Tamil Eelam,1905,0
Tamil Eelam,1906,0
Tamil Eelam,1907,0
Tamil Eelam,1908,0
Tamil Eelam,1909,0
Tamil Eelam,1910,0
Tamil Eelam,1911,0
Tamil Eelam,1912,0
Tamil Eelam,1913,0
Tamil Eelam,1914,0
Tamil Eelam,1915,0
Tamil Eelam,1916,0
Tamil Eelam,1917,0
Tamil Eelam,1918,0
Tamil Eelam,1919,0
Tamil Eelam,1920,0
Tamil Eelam,1921,0
Tamil Eelam,1922,0
Tamil Eelam,1923,0
Tamil Eelam,1924,0
Tamil Eelam,1925,0
Tamil Eelam,1926,0
Tamil Eelam,1927,0
Tamil Eelam,1928,0
Tamil Eelam,1929,0
Tamil Eelam,1930,0
Tamil Eelam,1931,0
Tamil Eelam,1932,0
Tamil Eelam,1933,0
Tamil Eelam,1934,0
Tamil Eelam,1935,0
Tamil Eelam,1936,0
Tamil Eelam,1937,0
Tamil Eelam,1938,0
Tamil Eelam,1939,0
Tamil Eelam,1940,0
Tamil Eelam,1941,0
Tamil Eelam,1942,0
Tamil Eelam,1943,0
Tamil Eelam,1944,0
Tamil Eelam,1945,0
Tamil Eelam,1946,0
Tamil Eelam,1947,0
Tamil Eelam,1948,0
Tamil Eelam,1949,0
Tamil Eelam,1950,0
Tamil Eelam,1951,0
Tamil Eelam,1952,0
Tamil Eelam,1953,0
Tamil Eelam,1954,0
Tamil Eelam,1955,0
Tamil Eelam,1956,0
Tamil Eelam,1957,0
Tamil Eelam,1958,0
Tamil Eelam,1959,0
Tamil Eelam,1960,0
Tamil Eelam,1961,0
Tamil Eelam,1962,0
Tamil Eelam,1963,0
Tamil Eelam,1964,0
Tamil Eelam,1965,0
Tamil Eelam,1966,0
Tamil Eelam,1967,0
Tamil Eelam,1968,0
Tamil Eelam,1969,0
Tamil Eelam,1970,0
Tamil Eelam,1971,0
Tamil Eelam,1972,0
Tamil Eelam,1973,0
Tamil Eelam,1974,0
Tamil Eelam,1975,0
Tamil Eelam,1976,0
Tamil Eelam,1977,0
Tamil Eelam,1978,0
Tamil Eelam,1979,0
Tamil Eelam,1980,0
Tamil Eelam,1981,0
Tamil Eelam,1982,0
Tamil Eelam,1983,0
Tamil Eelam,1984,0
Tamil Eelam,1985,0
Tamil Eelam,1986,0
Tamil Eelam,1987,0
Tamil Eelam,1988,0
Tamil Eelam,1989,0
Tamil Eelam,1990,0
Tamil Eelam,1991,0
Tamil Eelam,1992,0
Tamil Eelam,1993,0
Tamil Eelam,1994,0
Tamil Eelam,1995,0
Tamil Eelam,1996,0
Tamil Eelam,1997,0
Tamil Eelam,1998,0
Tamil Eelam,1999,0
Tamil Eelam,2000,0
Tamil Eelam,2001,0
Tamil Eelam,2002,0
Tamil Eelam,2003,0
Tamil Eelam,2004,0
Tamil Eelam,2005,0
Tamil Eelam,2006,0
Tamil Eelam,2007,0
Tamil Eelam,2008,0
Tamil Eelam,2009,0
Tamil Eelam,2010,0
Tamil Eelam,2011,0
Tamil Eelam,2012,4
Tamil Eelam,2013,14
Tamil Eelam,2014,26
Tamil Eelam,2015,26
Tamil Eelam,2016,40
Tamil Eelam,2017,45
Tamil Eelam,2018,49
Tamil Eelam,2019,52
Tamil Eelam,2020,52
Tamil Eelam,2021,52
Tamil Eelam,2022,52
Tamil Eelam,2023,61
Tamil Eelam,2024,61
Tamil Eelam,2025,72
Tamil Eelam,2026,72
Tanzania,1872,0
Tanzania,1873,0
Tanzania,1874,0
Tanzania,1875,0
Tanzania,1876,0
Tanzania,1877,0
Tanzania,1878,0
Tanzania,1879,0
Tanzania,1880,0
Tanzania,1881,0
Tanzania,1882,0
Tanzania,1883,0
Tanzania,1884,0
Tanzania,1885,0
Tanzania,1886,0
Tanzania,1887,0
Tanzania,1888,0
Tanzania,1889,0
Tanzania,1890,0
Tanzania,1891,0
Tanzania,1892,0
Tanzania,1893,0
Tanzania,1894,0
Tanzania,1895,0
Tanzania,1896,0
Tanzania,1897,0
Tanzania,1898,0
Tanzania,1899,0
Tanzania,1900,0
Tanzania,1901,0
Tanzania,1902,0
Tanzania,1903,0
Tanzania,1904,0
Tanzania,1905,0
Tanzania,1906,0
Tanzania,1907,0
Tanzania,1908,0
Tanzania,1909,0
Tanzania,1910,0
Tanzania,1911,0
Tanzania,1912,0
Tanzania,1913,0
Tanzania,1914,0
Tanzania,1915,0
Tanzania,1916,0
Tanzania,1917,0
Tanzania,1918,0
Tanzania,1919,0
Tanzania,1920,0
Tanzania,1921,0
Tanzania,1922,0
Tanzania,1923,0
Tanzania,1924,0
Tanzania,1925,0
Tanzania,1926,0
Tanzania,1927,0
Tanzania,1928,0
Tanzania,1929,0
Tanzania,1930,0
Tanzania,1931,0
Tanzania,1932,0
Tanzania,1933,0
Tanzania,1934,0
Tanzania,1935,0
Tanzania,1936,0
Tanzania,1937,0
Tanzania,1938,0
Tanzania,1939,0
Tanzania,1940,0
Tanzania,1941,0
Tanzania,1942,0
Tanzania,1943,0
Tanzania,1944,0
Tanzania,1945,0
Tanzania,1946,0
Tanzania,1947,5
Tanzania,1948,5
Tanzania,1949,7
Tanzania,1950,14
Tanzania,1951,18
Tanzania,1952,19
Tanzania,1953,20
Tanzania,1954,23
Tanzania,1955,24
Tanzania,1956,26
Tanzania,1957,31
Tanzania,1958,35
Tanzania,1959,39
Tanzania,1960,43
Tanzania,1961,50
Tanzania,1962,70
Tanzania,1963,76
Tanzania,1964,83
Tanzania,1965,91
Tanzania,1966,101
Tanzania,1967,113
Tanzania,1968,121
Tanzania,1969,131
Tanzania,1970,139
Tanzania,1971,154
Tanzania,1972,165
Tanzania,1973,181
Tanzania,1974,188
Tanzania,1975,203
Tanzania,1976,207
Tanzania,1977,211
Tanzania,1978,212
Tanzania,1979,235
Tanzania,1980,252
Tanzania,1981,265
Tanzania,1982,271
Tanzania,1983,275
Tanzania,1984,284
Tanzania,1985,286
Tanzania,1986,288
Tanzania,1987,291
Tanzania,1988,294
Tanzania,1989,296
Tanzania,1990,306
Tanzania,1991,313
Tanzania,1992,319
Tanzania,1993,323
Tanzania,1994,341
Tanzania,1995,357
Tanzania,1996,366
Tanzania,1997,378
Tanzania,1998,380
Tanzania,1999,382
Tanzania,2000,392
Tanzania,2001,404
Tanzania,2002,417
Tanzania,2003,418
Tanzania,2004,421
Tanzania,2005,428
Tanzania,2006,448
Tanzania,2007,458
Tanzania,2008,471
Tanzania,2009,494
Tanzania,2010,504
Tanzania,2011,521
Tanzania,2012,542
Tanzania,2013,556
Tanzania,2014,569
Tanzania,2015,583
Tanzania,2016,584
Tanzania,2017,599
Tanzania,2018,604
Tanzania,2019,615
Tanzania,2020,616
Tanzania,2021,626
Tanzania,2022,633
Tanzania,2023,637
Tanzania,2024,647
Tanzania,2025,654
Tanzania,2026,660
Thailand,1872,0
Thailand,1873,0
Thailand,1874,0
Thailand,1875,0
Thailand,1876,0
Thailand,1877,0
Thailand,1878,0
Thailand,1879,0
Thailand,1880,0
Thailand,1881,0
Thailand,1882,0
Thailand,1883,0
Thailand,1884,0
Thailand,1885,0
Thailand,1886,0
Thailand,1887,0
Thailand,1888,0
Thailand,1889,0
Thailand,1890,0
Thailand,1891,0
Thailand,1892,0
Thailand,1893,0
Thailand,1894,0
Thailand,1895,0
Thailand,1896,0
Thailand,1897,0
Thailand,1898,0
Thailand,1899,0
Thailand,1900,0
Thailand,1901,0
Thailand,1902,0
Thailand,1903,0
Thailand,1904,0
Thailand,1905,0
Thailand,1906,0
Thailand,1907,0
Thailand,1908,0
Thailand,1909,0
Thailand,1910,0
Thailand,1911,0
Thailand,1912,0
Thailand,1913,0
Thailand,1914,0
Thailand,1915,0
Thailand,1916,0
Thailand,1917,0
Thailand,1918,0
Thailand,1919,0
Thailand,1920,0
Thailand,1921,0
Thailand,1922,0
Thailand,1923,0
Thailand,1924,0
Thailand,1925,0
Thailand,1926,0
Thailand,1927,0
Thailand,1928,0
Thailand,1929,0
Thailand,1930,0
Thailand,1931,0
Thailand,1932,0
Thailand,1933,0
Thailand,1934,0
Thailand,1935,0
Thailand,1936,0
Thailand,1937,0
Thailand,1938,0
Thailand,1939,0
Thailand,1940,0
Thailand,1941,0
Thailand,1942,0
Thailand,1943,0
Thailand,1944,0
Thailand,1945,0
Thailand,1946,0
Thailand,1947,0
Thailand,1948,0
Thailand,1949,0
Thailand,1950,0
Thailand,1951,0
Thailand,1952,0
Thailand,1953,0
Thailand,1954,1
Thailand,1955,1
Thailand,1956,3
Thailand,1957,8
Thailand,1958,8
Thailand,1959,17
Thailand,1960,20
Thailand,1961,34
Thailand,1962,46
Thailand,1963,58
Thailand,1964,61
Thailand,1965,74
Thailand,1966,85
Thailand,1967,106
Thailand,1968,126
Thailand,1969,137
Thailand,1970,167
Thailand,1971,212
Thailand,1972,241
Thailand,1973,266
Thailand,1974,294
Thailand,1975,316
Thailand,1976,336
Thailand,1977,367
Thailand,1978,392
Thailand,1979,412
Thailand,1980,426
Thailand,1981,453
Thailand,1982,463
Thailand,1983,479
Thailand,1984,492
Thailand,1985,518
Thailand,1986,528
Thailand,1987,536
Thailand,1988,547
Thailand,1989,560
Thailand,1990,568
Thailand,1991,578
Thailand,1992,582
Thailand,1993,616
Thailand,1994,627
Thailand,1995,655
Thailand,1996,716
Thailand,1997,744
Thailand,1998,776
Thailand,1999,805
Thailand,2000,855
Thailand,2001,901
Thailand,2002,921
Thailand,2003,940
Thailand,2004,971
Thailand,2005,972
Thailand,2006,990
Thailand,2007,1028
Thailand,2008,1062
Thailand,2009,1075
Thailand,2010,1084
Thailand,2011,1093
Thailand,2012,1124
Thailand,2013,1138
Thailand,2014,1160
Thailand,2015,1180
Thailand,2016,1204
Thailand,2017,1214
Thailand,2018,1235
Thailand,2019,1246
Thailand,2020,1246
Thailand,2021,1267
Thailand,2022,1301
Thailand,2023,1323
Thailand,2024,1361
Thailand,2025,1388
Thailand,2026,1390
Tibet,1872,0
Tibet,1873,0
Tibet,1874,0
Tibet,1875,0
Tibet,1876,0
Tibet,1877,0
Tibet,1878,0
Tibet,1879,0
Tibet,1880,0
Tibet,1881,0
Tibet,1882,0
Tibet,1883,0
Tibet,1884,0
Tibet,1885,0
Tibet,1886,0
Tibet,1887,0
Tibet,1888,0
Tibet,1889,0
Tibet,1890,0
Tibet,1891,0
Tibet,1892,0
Tibet,1893,0
Tibet,1894,0
Tibet,1895,0
Tibet,1896,0
Tibet,1897,0
Tibet,1898,0
Tibet,1899,0
Tibet,1900,0
Tibet,1901,0
Tibet,1902,0
Tibet,1903,0
Tibet,1904,0
Tibet,1905,0
Tibet,1906,0
Tibet,1907,0
Tibet,1908,0
Tibet,1909,0
Tibet,1910,0
Tibet,1911,0
Tibet,1912,0
Tibet,1913,0
Tibet,1914,0
Tibet,1915,0
Tibet,1916,0
Tibet,1917,0
Tibet,1918,0
Tibet,1919,0
Tibet,1920,0
Tibet,1921,0
Tibet,1922,0
Tibet,1923,0
Tibet,1924,0
Tibet,1925,0
Tibet,1926,0
Tibet,1927,0
Tibet,1928,0
Tibet,1929,0
Tibet,1930,0
Tibet,1931,0
Tibet,1932,0
Tibet,1933,0
Tibet,1934,0
Tibet,1935,0
Tibet,1936,0
Tibet,1937,0
Tibet,1938,0
Tibet,1939,0
Tibet,1940,0
Tibet,1941,0
Tibet,1942,0
Tibet,1943,0
Tibet,1944,0
Tibet,1945,0
Tibet,1946,0
Tibet,1947,0
Tibet,1948,0
Tibet,1949,0
Tibet,1950,0
Tibet,1951,0
Tibet,1952,0
Tibet,1953,0
Tibet,1954,0
Tibet,1955,0
Tibet,1956,0
Tibet,1957,0
Tibet,1958,0
Tibet,1959,0
Tibet,1960,0
Tibet,1961,0
Tibet,1962,0
Tibet,1963,0
Tibet,1964,0
Tibet,1965,0
Tibet,1966,0
Tibet,1967,0
Tibet,1968,0
Tibet,1969,0
Tibet,1970,0
Tibet,1971,0
Tibet,1972,0
Tibet,1973,0
Tibet,1974,0
Tibet,1975,0
Tibet,1976,0
Tibet,1977,0
Tibet,1978,0
Tibet,1979,0
Tibet,1980,0
Tibet,1981,0
Tibet,1982,0
Tibet,1983,0
Tibet,1984,0
Tibet,1985,0
Tibet,1986,0
Tibet,1987,0
Tibet,1988,0
Tibet,1989,0
Tibet,1990,0
Tibet,1991,0
Tibet,1992,0
Tibet,1993,0
Tibet,1994,0
Tibet,1995,0
Tibet,1996,0
Tibet,1997,0
Tibet,1998,0
Tibet,1999,0
Tibet,2000,0
Tibet,2001,2
Tibet,2002,2
Tibet,2003,2
Tibet,2004,2
Tibet,2005,2
Tibet,2006,2
Tibet,2007,2
Tibet,2008,2
Tibet,2009,2
Tibet,2010,2
Tibet,2011,2
Tibet,2012,2
Tibet,2013,14
Tibet,2014,14
Tibet,2015,14
Tibet,2016,14
Tibet,2017,14
Tibet,2018,18
Tibet,2019,18
Tibet,2020,18
Tibet,2021,18
Tibet,2022,21
Tibet,2023,26
Tibet,2024,26
Tibet,2025,30
Tibet,2026,30
Timor-Leste,1872,0
Timor-Leste,1873,0
Timor-Leste,1874,0
Timor-Leste,1875,0
Timor-Leste,1876,0
Timor-Leste,1877,0
Timor-Leste,1878,0
Timor-Leste,1879,0
Timor-Leste,1880,0
Timor-Leste,1881,0
Timor-Leste,1882,0
Timor-Leste,1883,0
Timor-Leste,1884,0
Timor-Leste,1885,0
Timor-Leste,1886,0
Timor-Leste,1887,0
Timor-Leste,1888,0
Timor-Leste,1889,0
Timor-Leste,1890,0
Timor-Leste,1891,0
Timor-Leste,1892,0
Timor-Leste,1893,0
Timor-Leste,1894,0
Timor-Leste,1895,0
Timor-Leste,1896,0
Timor-Leste,1897,0
Timor-Leste,1898,0
Timor-Leste,1899,0
Timor-Leste,1900,0
Timor-Leste,1901,0
Timor-Leste,1902,0
Timor-Leste,1903,0
Timor-Leste,1904,0
Timor-Leste,1905,0
Timor-Leste,1906,0
Timor-Leste,1907,0
Timor-Leste,1908,0
Timor-Leste,1909,0
Timor-Leste,1910,0
Timor-Leste,1911,0
Timor-Leste,1912,0
Timor-Leste,1913,0
Timor-Leste,1914,0
Timor-Leste,1915,0
Timor-Leste,1916,0
Timor-Leste,1917,0
Timor-Leste,1918,0
Timor-Leste,1919,0
Timor-Leste,1920,0
Timor-Leste,1921,0
Timor-Leste,1922,0
Timor-Leste,1923,0
Timor-Leste,1924,0
Timor-Leste,1925,0
Timor-Leste,1926,0
Timor-Leste,1927,0
Timor-Leste,1928,0
Timor-Leste,1929,0
Timor-Leste,1930,0
Timor-Leste,1931,0
Timor-Leste,1932,0
Timor-Leste,1933,0
Timor-Leste,1934,0
Timor-Leste,1935,0
Timor-Leste,1936,0
Timor-Leste,1937,0
Timor-Leste,1938,0
Timor-Leste,1939,0
Timor-Leste,1940,0
Timor-Leste,1941,0
Timor-Leste,1942,0
Timor-Leste,1943,0
Timor-Leste,1944,0
Timor-Leste,1945,0
Timor-Leste,1946,0
Timor-Leste,1947,0
Timor-Leste,1948,0
Timor-Leste,1949,0
Timor-Leste,1950,0
Timor-Leste,1951,0
Timor-Leste,1952,0
Timor-Leste,1953,0
Timor-Leste,1954,0
Timor-Leste,1955,0
Timor-Leste,1956,0
Timor-Leste,1957,0
Timor-Leste,1958,0
Timor-Leste,1959,0
Timor-Leste,1960,0
Timor-Leste,1961,0
Timor-Leste,1962,0
Timor-Leste,1963,0
Timor-Leste,1964,0
Timor-Leste,1965,0
Timor-Leste,1966,0
Timor-Leste,1967,0
Timor-Leste,1968,0
Timor-Leste,1969,0
Timor-Leste,1970,0
Timor-Leste,1971,0
Timor-Leste,1972,0
Timor-Leste,1973,0
Timor-Leste,1974,0
Timor-Leste,1975,0
Timor-Leste,1976,0
Timor-Leste,1977,0
Timor-Leste,1978,0
Timor-Leste,1979,0
Timor-Leste,1980,0
Timor-Leste,1981,0
Timor-Leste,1982,0
Timor-Leste,1983,0
Timor-Leste,1984,0
Timor-Leste,1985,0
Timor-Leste,1986,0
Timor-Leste,1987,0
Timor-Leste,1988,0
Timor-Leste,1989,0
Timor-Leste,1990,0
Timor-Leste,1991,0
Timor-Leste,1992,0
Timor-Leste,1993,0
Timor-Leste,1994,0
Timor-Leste,1995,0
Timor-Leste,1996,0
Timor-Leste,1997,0
Timor-Leste,1998,0
Timor-Leste,1999,0
Timor-Leste,2000,0
Timor-Leste,2001,0
Timor-Leste,2002,0
Timor-Leste,2003,2
Timor-Leste,2004,4
Timor-Leste,2005,4
Timor-Leste,2006,9
Timor-Leste,2007,12
Timor-Leste,2008,16
Timor-Leste,2009,16
Timor-Leste,2010,19
Timor-Leste,2011,20
Timor-Leste,2012,30
Timor-Leste,2013,30
Timor-Leste,2014,36
Timor-Leste,2015,36
Timor-Leste,2016,41
Timor-Leste,2017,44
Timor-Leste,2018,53
Timor-Leste,2019,55
Timor-Leste,2020,55
Timor-Leste,2021,55
Timor-Leste,2022,60
Timor-Leste,2023,60
Timor-Leste,2024,68
Timor-Leste,2025,71
Timor-Leste,2026,71
Togo,1872,0
Togo,1873,0
Togo,1874,0
Togo,1875,0
Togo,1876,0
Togo,1877,0
Togo,1878,0
Togo,1879,0
Togo,1880,0
Togo,1881,0
Togo,1882,0
Togo,1883,0
Togo,1884,0
Togo,1885,0
Togo,1886,0
Togo,1887,0
Togo,1888,0
Togo,1889,0
Togo,1890,0
Togo,1891,0
Togo,1892,0
Togo,1893,0
Togo,1894,0
Togo,1895,0
Togo,1896,0
Togo,1897,0
Togo,1898,0
Togo,1899,0
Togo,1900,0
Togo,1901,0
Togo,1902,0
Togo,1903,0
Togo,1904,0
Togo,1905,0
Togo,1906,0
Togo,1907,0
Togo,1908,0
Togo,1909,0
Togo,1910,0
Togo,1911,0
Togo,1912,0
Togo,1913,0
Togo,1914,0
Togo,1915,0
Togo,1916,0
Togo,1917,0
Togo,1918,0
Togo,1919,0
Togo,1920,0
Togo,1921,0
Togo,1922,0
Togo,1923,0
Togo,1924,0
Togo,1925,0
Togo,1926,0
Togo,1927,0
Togo,1928,0
Togo,1929,0
Togo,1930,0
Togo,1931,0
Togo,1932,0
Togo,1933,0
Togo,1934,0
Togo,1935,0
Togo,1936,0
Togo,1937,0
Togo,1938,0
Togo,1939,0
Togo,1940,0
Togo,1941,0
Togo,1942,0
Togo,1943,0
Togo,1944,0
Togo,1945,0
Togo,1946,0
Togo,1947,0
Togo,1948,0
Togo,1949,0
Togo,1950,0
Togo,1951,0
Togo,1952,0
Togo,1953,0
Togo,1954,0
Togo,1955,0
Togo,1956,2
Togo,1957,2
Togo,1958,4
Togo,1959,4
Togo,1960,7
Togo,1961,7
Togo,1962,9
Togo,1963,10
Togo,1964,10
Togo,1965,17
Togo,1966,27
Togo,1967,32
Togo,1968,33
Togo,1969,34
Togo,1970,39
Togo,1971,43
Togo,1972,53
Togo,1973,53
Togo,1974,58
Togo,1975,67
Togo,1976,69
Togo,1977,71
Togo,1978,71
Togo,1979,89
Togo,1980,93
Togo,1981,97
Togo,1982,110
Togo,1983,138
Togo,1984,149
Togo,1985,153
Togo,1986,164
Togo,1987,167
Togo,1988,168
Togo,1989,168
Togo,1990,170
Togo,1991,173
Togo,1992,175
Togo,1993,176
Togo,1994,185
Togo,1995,190
Togo,1996,203
Togo,1997,224
Togo,1998,240
Togo,1999,250
Togo,2000,264
Togo,2001,283
Togo,2002,284
Togo,2003,297
Togo,2004,305
Togo,2005,323
Togo,2006,331
Togo,2007,346
Togo,2008,356
Togo,2009,361
Togo,2010,367
Togo,2011,374
Togo,2012,382
Togo,2013,392
Togo,2014,399
Togo,2015,404
Togo,2016,418
Togo,2017,430
Togo,2018,435
Togo,2019,442
Togo,2020,444
Togo,2021,452
Togo,2022,461
Togo,2023,470
Togo,2024,480
Togo,2025,483
Togo,2026,492
Tonga,1872,0
Tonga,1873,0
Tonga,1874,0
Tonga,1875,0
Tonga,1876,0
Tonga,1877,0
Tonga,1878,0
Tonga,1879,0
Tonga,1880,0
Tonga,1881,0
Tonga,1882,0
Tonga,1883,0
Tonga,1884,0
Tonga,1885,0
Tonga,1886,0
Tonga,1887,0
Tonga,1888,0
Tonga,1889,0
Tonga,1890,0
Tonga,1891,0
Tonga,1892,0
Tonga,1893,0
Tonga,1894,0
Tonga,1895,0
Tonga,1896,0
Tonga,1897,0
Tonga,1898,0
Tonga,1899,0
Tonga,1900,0
Tonga,1901,0
Tonga,1902,0
Tonga,1903,0
Tonga,1904,0
Tonga,1905,0
Tonga,1906,0
Tonga,1907,0
Tonga,1908,0
Tonga,1909,0
Tonga,1910,0
Tonga,1911,0
Tonga,1912,0
Tonga,1913,0
Tonga,1914,0
Tonga,1915,0
Tonga,1916,0
Tonga,1917,0
Tonga,1918,0
Tonga,1919,0
Tonga,1920,0
Tonga,1921,0
Tonga,1922,0
Tonga,1923,0
Tonga,1924,0
Tonga,1925,0
Tonga,1926,0
Tonga,1927,0
Tonga,1928,0
Tonga,1929,0
Tonga,1930,0
Tonga,1931,0
Tonga,1932,0
Tonga,1933,0
Tonga,1934,0
Tonga,1935,0
Tonga,1936,0
Tonga,1937,0
Tonga,1938,0
Tonga,1939,0
Tonga,1940,0
Tonga,1941,0
Tonga,1942,0
Tonga,1943,0
Tonga,1944,0
Tonga,1945,0
Tonga,1946,0
Tonga,1947,0
Tonga,1948,0
Tonga,1949,0
Tonga,1950,0
Tonga,1951,0
Tonga,1952,0
Tonga,1953,0
Tonga,1954,0
Tonga,1955,0
Tonga,1956,0
Tonga,1957,0
Tonga,1958,0
Tonga,1959,0
Tonga,1960,0
Tonga,1961,0
Tonga,1962,0
Tonga,1963,0
Tonga,1964,0
Tonga,1965,0
Tonga,1966,0
Tonga,1967,0
Tonga,1968,0
Tonga,1969,0
Tonga,1970,0
Tonga,1971,0
Tonga,1972,0
Tonga,1973,0
Tonga,1974,0
Tonga,1975,0
Tonga,1976,0
Tonga,1977,0
Tonga,1978,0
Tonga,1979,5
Tonga,1980,5
Tonga,1981,5
Tonga,1982,5
Tonga,1983,11
Tonga,1984,11
Tonga,1985,11
Tonga,1986,11
Tonga,1987,11
Tonga,1988,11
Tonga,1989,11
Tonga,1990,11
Tonga,1991,11
Tonga,1992,11
Tonga,1993,11
Tonga,1994,15
Tonga,1995,15
Tonga,1996,18
Tonga,1997,18
Tonga,1998,23
Tonga,1999,23
Tonga,2000,26
Tonga,2001,33
Tonga,2002,40
Tonga,2003,49
Tonga,2004,51
Tonga,2005,51
Tonga,2006,51
Tonga,2007,57
Tonga,2008,57
Tonga,2009,59
Tonga,2010,59
Tonga,2011,63
Tonga,2012,63
Tonga,2013,63
Tonga,2014,63
Tonga,2015,64
Tonga,2016,64
Tonga,2017,69
Tonga,2018,69
Tonga,2019,69
Tonga,2020,69
Tonga,2021,69
Tonga,2022,69
Tonga,2023,76
Tonga,2024,81
Tonga,2025,81
Tonga,2026,81
Trinidad and Tobago,1872,0
Trinidad and Tobago,1873,0
Trinidad and Tobago,1874,0
Trinidad and Tobago,1875,0
Trinidad and Tobago,1876,0
Trinidad and Tobago,1877,0
Trinidad and Tobago,1878,0
Trinidad and Tobago,1879,0
Trinidad and Tobago,1880,0
Trinidad and Tobago,1881,0
Trinidad and Tobago,1882,0
Trinidad and Tobago,1883,0
Trinidad and Tobago,1884,0
Trinidad and Tobago,1885,0
Trinidad and Tobago,1886,0
Trinidad and Tobago,1887,0
Trinidad and Tobago,1888,0
Trinidad and Tobago,1889,0
Trinidad and Tobago,1890,0
Trinidad and Tobago,1891,0
Trinidad and Tobago,1892,0
Trinidad and Tobago,1893,0
Trinidad and Tobago,1894,0
Trinidad and Tobago,1895,0
Trinidad and Tobago,1896,0
Trinidad and Tobago,1897,0
Trinidad and Tobago,1898,0
Trinidad and Tobago,1899,0
Trinidad and Tobago,1900,0
Trinidad and Tobago,1901,0
Trinidad and Tobago,1902,0
Trinidad and Tobago,1903,0
Trinidad and Tobago,1904,0
Trinidad and Tobago,1905,4
Trinidad and Tobago,1906,4
Trinidad and Tobago,1907,4
Trinidad and Tobago,1908,4
Trinidad and Tobago,1909,4
Trinidad and Tobago,1910,4
Trinidad and Tobago,1911,4
Trinidad and Tobago,1912,4
Trinidad and Tobago,1913,4
Trinidad and Tobago,1914,4
Trinidad and Tobago,1915,4
Trinidad and Tobago,1916,4
Trinidad and Tobago,1917,4
Trinidad and Tobago,1918,4
Trinidad and Tobago,1919,4
Trinidad and Tobago,1920,4
Trinidad and Tobago,1921,4
Trinidad and Tobago,1922,4
Trinidad and Tobago,1923,4
Trinidad and Tobago,1924,4
Trinidad and Tobago,1925,4
Trinidad and Tobago,1926,4
Trinidad and Tobago,1927,4
Trinidad and Tobago,1928,5
Trinidad and Tobago,1929,10
Trinidad and Tobago,1930,10
Trinidad and Tobago,1931,25
Trinidad and Tobago,1932,30
Trinidad and Tobago,1933,51
Trinidad and Tobago,1934,54
Trinidad and Tobago,1935,61
Trinidad and Tobago,1936,69
Trinidad and Tobago,1937,81
Trinidad and Tobago,1938,89
Trinidad and Tobago,1939,89
Trinidad and Tobago,1940,89
Trinidad and Tobago,1941,89
Trinidad and Tobago,1942,92
Trinidad and Tobago,1943,92
Trinidad and Tobago,1944,119
Trinidad and Tobago,1945,119
Trinidad and Tobago,1946,119
Trinidad and Tobago,1947,138
Trinidad and Tobago,1948,148
Trinidad and Tobago,1949,172
Trinidad and Tobago,1950,194
Trinidad and Tobago,1951,196
Trinidad and Tobago,1952,196
Trinidad and Tobago,1953,210
Trinidad and Tobago,1954,210
Trinidad and Tobago,1955,213
Trinidad and Tobago,1956,213
Trinidad and Tobago,1957,214
Trinidad and Tobago,1958,219
Trinidad and Tobago,1959,225
Trinidad and Tobago,1960,230
Trinidad and Tobago,1961,230
Trinidad and Tobago,1962,234
Trinidad and Tobago,1963,240
Trinidad and Tobago,1964,255
Trinidad and Tobago,1965,260
Trinidad and Tobago,1966,269
Trinidad and Tobago,1967,289
Trinidad and Tobago,1968,293
Trinidad and Tobago,1969,297
Trinidad and Tobago,1970,302
Trinidad and Tobago,1971,309
Trinidad and Tobago,1972,332
Trinidad and Tobago,1973,347
Trinidad and Tobago,1974,352
Trinidad and Tobago,1975,352
Trinidad and Tobago,1976,362
Trinidad and Tobago,1977,369
Trinidad and Tobago,1978,389
Trinidad and Tobago,1979,395
Trinidad and Tobago,1980,401
Trinidad and Tobago,1981,423
Trinidad and Tobago,1982,438
Trinidad and Tobago,1983,442
Trinidad and Tobago,1984,454
Trinidad and Tobago,1985,466
Trinidad and Tobago,1986,466
Trinidad and Tobago,1987,477
Trinidad and Tobago,1988,491
Trinidad and Tobago,1989,537
Trinidad and Tobago,1990,537
Trinidad and Tobago,1991,552
Trinidad and Tobago,1992,563
Trinidad and Tobago,1993,570
Trinidad and Tobago,1994,585
Trinidad and Tobago,1995,617
Trinidad and Tobago,1996,655
Trinidad and Tobago,1997,674
Trinidad and Tobago,1998,700
Trinidad and Tobago,1999,731
Trinidad and Tobago,2000,773
Trinidad and Tobago,2001,812
Trinidad and Tobago,2002,819
Trinidad and Tobago,2003,834
Trinidad and Tobago,2004,878
Trinidad and Tobago,2005,910
Trinidad and Tobago,2006,918
Trinidad and Tobago,2007,938
Trinidad and Tobago,2008,995
Trinidad and Tobago,2009,1009
Trinidad and Tobago,2010,1022
Trinidad and Tobago,2011,1036
Trinidad and Tobago,2012,1062
Trinidad and Tobago,2013,1075
Trinidad and Tobago,2014,1091
Trinidad and Tobago,2015,1103
Trinidad and Tobago,2016,1126
Trinidad and Tobago,2017,1143
Trinidad and Tobago,2018,1146
Trinidad and Tobago,2019,1165
Trinidad and Tobago,2020,1165
Trinidad and Tobago,2021,1179
Trinidad and Tobago,2022,1200
Trinidad and Tobago,2023,1222
Trinidad and Tobago,2024,1240
Trinidad and Tobago,2025,1265
Trinidad and Tobago,2026,1268
Tunisia,1872,0
Tunisia,1873,0
Tunisia,1874,0
Tunisia,1875,0
Tunisia,1876,0
Tunisia,1877,0
Tunisia,1878,0
Tunisia,1879,0
Tunisia,1880,0
Tunisia,1881,0
Tunisia,1882,0
Tunisia,1883,0
Tunisia,1884,0
Tunisia,1885,0
Tunisia,1886,0
Tunisia,1887,0
Tunisia,1888,0
Tunisia,1889,0
Tunisia,1890,0
Tunisia,1891,0
Tunisia,1892,0
Tunisia,1893,0
Tunisia,1894,0
Tunisia,1895,0
Tunisia,1896,0
Tunisia,1897,0
Tunisia,1898,0
Tunisia,1899,0
Tunisia,1900,0
Tunisia,1901,0
Tunisia,1902,0
Tunisia,1903,0
Tunisia,1904,0
Tunisia,1905,0
Tunisia,1906,0
Tunisia,1907,0
Tunisia,1908,0
Tunisia,1909,0
Tunisia,1910,0
Tunisia,1911,0
Tunisia,1912,0
Tunisia,1913,0
Tunisia,1914,0
Tunisia,1915,0
Tunisia,1916,0
Tunisia,1917,0
Tunisia,1918,0
Tunisia,1919,0
Tunisia,1920,0
Tunisia,1921,0
Tunisia,1922,0
Tunisia,1923,0
Tunisia,1924,0
Tunisia,1925,0
Tunisia,1926,0
Tunisia,1927,0
Tunisia,1928,0
Tunisia,1929,0
Tunisia,1930,0
Tunisia,1931,0
Tunisia,1932,0
Tunisia,1933,0
Tunisia,1934,0
Tunisia,1935,0
Tunisia,1936,0
Tunisia,1937,0
Tunisia,1938,0
Tunisia,1939,0
Tunisia,1940,0
Tunisia,1941,0
Tunisia,1942,0
Tunisia,1943,0
Tunisia,1944,0
Tunisia,1945,0
Tunisia,1946,0
Tunisia,1947,0
Tunisia,1948,0
Tunisia,1949,0
Tunisia,1950,0
Tunisia,1951,0
Tunisia,1952,0
Tunisia,1953,0
Tunisia,1954,0
Tunisia,1955,0
Tunisia,1956,0
Tunisia,1957,4
Tunisia,1958,8
Tunisia,1959,8
Tunisia,1960,18
Tunisia,1961,20
Tunisia,1962,30
Tunisia,1963,66
Tunisia,1964,70
Tunisia,1965,77
Tunisia,1966,77
Tunisia,1967,82
Tunisia,1968,86
Tunisia,1969,90
Tunisia,1970,96
Tunisia,1971,96
Tunisia,1972,106
Tunisia,1973,129
Tunisia,1974,137
Tunisia,1975,148
Tunisia,1976,157
Tunisia,1977,183
Tunisia,1978,191
Tunisia,1979,198
Tunisia,1980,204
Tunisia,1981,221
Tunisia,1982,227
Tunisia,1983,237
Tunisia,1984,252
Tunisia,1985,263
Tunisia,1986,268
Tunisia,1987,275
Tunisia,1988,290
Tunisia,1989,298
Tunisia,1990,305
Tunisia,1991,324
Tunisia,1992,334
Tunisia,1993,356
Tunisia,1994,372
Tunisia,1995,390
Tunisia,1996,412
Tunisia,1997,430
Tunisia,1998,456
Tunisia,1999,465
Tunisia,2000,498
Tunisia,2001,534
Tunisia,2002,538
Tunisia,2003,548
Tunisia,2004,571
Tunisia,2005,599
Tunisia,2006,618
Tunisia,2007,634
Tunisia,2008,658
Tunisia,2009,670
Tunisia,2010,688
Tunisia,2011,708
Tunisia,2012,735
Tunisia,2013,753
Tunisia,2014,761
Tunisia,2015,783
Tunisia,2016,798
Tunisia,2017,815
Tunisia,2018,833
Tunisia,2019,856
Tunisia,2020,862
Tunisia,2021,891
Tunisia,2022,911
Tunisia,2023,927
Tunisia,2024,938
Tunisia,2025,972
Tunisia,2026,976
Turkey,1872,0
Turkey,1873,0
Turkey,1874,0
Turkey,1875,0
Turkey,1876,0
Turkey,1877,0
Turkey,1878,0
Turkey,1879,0
Turkey,1880,0
Turkey,1881,0
Turkey,1882,0
Turkey,1883,0
Turkey,1884,0
Turkey,1885,0
Turkey,1886,0
Turkey,1887,0
Turkey,1888,0
Turkey,1889,0
Turkey,1890,0
Turkey,1891,0
Turkey,1892,0
Turkey,1893,0
Turkey,1894,0
Turkey,1895,0
Turkey,1896,0
Turkey,1897,0
Turkey,1898,0
Turkey,1899,0
Turkey,1900,0
Turkey,1901,0
Turkey,1902,0
Turkey,1903,0
Turkey,1904,0
Turkey,1905,0
Turkey,1906,0
Turkey,1907,0
Turkey,1908,0
Turkey,1909,0
Turkey,1910,0
Turkey,1911,0
Turkey,1912,0
Turkey,1913,0
Turkey,1914,0
Turkey,1915,0
Turkey,1916,0
Turkey,1917,0
Turkey,1918,0
Turkey,1919,0
Turkey,1920,0
Turkey,1921,0
Turkey,1922,0
Turkey,1923,2
Turkey,1924,15
Turkey,1925,21
Turkey,1926,23
Turkey,1927,29
Turkey,1928,33
Turkey,1929,33
Turkey,1930,33
Turkey,1931,36
Turkey,1932,38
Turkey,1933,38
Turkey,1934,38
Turkey,1935,38
Turkey,1936,41
Turkey,1937,42
Turkey,1938,42
Turkey,1939,42
Turkey,1940,42
Turkey,1941,42
Turkey,1942,42
Turkey,1943,42
Turkey,1944,42
Turkey,1945,42
Turkey,1946,42
Turkey,1947,45
Turkey,1948,51
Turkey,1949,63
Turkey,1950,73
Turkey,1951,77
Turkey,1952,78
Turkey,1953,82
Turkey,1954,97
Turkey,1955,100
Turkey,1956,106
Turkey,1957,108
Turkey,1958,112
Turkey,1959,114
Turkey,1960,119
Turkey,1961,124
Turkey,1962,132
Turkey,1963,132
Turkey,1964,138
Turkey,1965,149
Turkey,1966,152
Turkey,1967,162
Turkey,1968,163
Turkey,1969,178
Turkey,1970,185
Turkey,1971,187
Turkey,1972,190
Turkey,1973,201
Turkey,1974,208
Turkey,1975,213
Turkey,1976,224
Turkey,1977,233
Turkey,1978,236
Turkey,1979,241
Turkey,1980,251
Turkey,1981,251
Turkey,1982,252
Turkey,1983,261
Turkey,1984,268
Turkey,1985,270
Turkey,1986,271
Turkey,1987,277
Turkey,1988,286
Turkey,1989,293
Turkey,1990,294
Turkey,1991,299
Turkey,1992,313
Turkey,1993,319
Turkey,1994,331
Turkey,1995,353
Turkey,1996,372
Turkey,1997,387
Turkey,1998,393
Turkey,1999,404
Turkey,2000,411
Turkey,2001,432
Turkey,2002,458
Turkey,2003,479
Turkey,2004,497
Turkey,2005,521
Turkey,2006,543
Turkey,2007,560
Turkey,2008,585
Turkey,2009,599
Turkey,2010,614
Turkey,2011,624
Turkey,2012,642
Turkey,2013,662
Turkey,2014,680
Turkey,2015,697
Turkey,2016,711
Turkey,2017,725
Turkey,2018,737
Turkey,2019,759
Turkey,2020,771
Turkey,2021,803
Turkey,2022,828
Turkey,2023,847
Turkey,2024,866
Turkey,2025,891
Turkey,2026,902
Turkmenistan,1872,0
Turkmenistan,1873,0
Turkmenistan,1874,0
Turkmenistan,1875,0
Turkmenistan,1876,0
Turkmenistan,1877,0
Turkmenistan,1878,0
Turkmenistan,1879,0
Turkmenistan,1880,0
Turkmenistan,1881,0
Turkmenistan,1882,0
Turkmenistan,1883,0
Turkmenistan,1884,0
Turkmenistan,1885,0
Turkmenistan,1886,0
Turkmenistan,1887,0
Turkmenistan,1888,0
Turkmenistan,1889,0
Turkmenistan,1890,0
Turkmenistan,1891,0
Turkmenistan,1892,0
Turkmenistan,1893,0
Turkmenistan,1894,0
Turkmenistan,1895,0
Turkmenistan,1896,0
Turkmenistan,1897,0
Turkmenistan,1898,0
Turkmenistan,1899,0
Turkmenistan,1900,0
Turkmenistan,1901,0
Turkmenistan,1902,0
Turkmenistan,1903,0
Turkmenistan,1904,0
Turkmenistan,1905,0
Turkmenistan,1906,0
Turkmenistan,1907,0
Turkmenistan,1908,0
Turkmenistan,1909,0
Turkmenistan,1910,0
Turkmenistan,1911,0
Turkmenistan,1912,0
Turkmenistan,1913,0
Turkmenistan,1914,0
Turkmenistan,1915,0
Turkmenistan,1916,0
Turkmenistan,1917,0
Turkmenistan,1918,0
Turkmenistan,1919,0
Turkmenistan,1920,0
Turkmenistan,1921,0
Turkmenistan,1922,0
Turkmenistan,1923,0
Turkmenistan,1924,0
Turkmenistan,1925,0
Turkmenistan,1926,0
Turkmenistan,1927,0
Turkmenistan,1928,0
Turkmenistan,1929,0
Turkmenistan,1930,0
Turkmenistan,1931,0
Turkmenistan,1932,0
Turkmenistan,1933,0
Turkmenistan,1934,0
Turkmenistan,1935,0
Turkmenistan,1936,0
Turkmenistan,1937,0
Turkmenistan,1938,0
Turkmenistan,1939,0
Turkmenistan,1940,0
Turkmenistan,1941,0
Turkmenistan,1942,0
Turkmenistan,1943,0
Turkmenistan,1944,0
Turkmenistan,1945,0
Turkmenistan,1946,0
Turkmenistan,1947,0
Turkmenistan,1948,0
Turkmenistan,1949,0
Turkmenistan,1950,0
Turkmenistan,1951,0
Turkmenistan,1952,0
Turkmenistan,1953,0
Turkmenistan,1954,0
Turkmenistan,1955,0
Turkmenistan,1956,0
Turkmenistan,1957,0
Turkmenistan,1958,0
Turkmenistan,1959,0
Turkmenistan,1960,0
Turkmenistan,1961,0
Turkmenistan,1962,0
Turkmenistan,1963,0
Turkmenistan,1964,0
Turkmenistan,1965,0
Turkmenistan,1966,0
Turkmenistan,1967,0
Turkmenistan,1968,0
Turkmenistan,1969,0
Turkmenistan,1970,0
Turkmenistan,1971,0
Turkmenistan,1972,0
Turkmenistan,1973,0
Turkmenistan,1974,0
Turkmenistan,1975,0
Turkmenistan,1976,0
Turkmenistan,1977,0
Turkmenistan,1978,0
Turkmenistan,1979,0
Turkmenistan,1980,0
Turkmenistan,1981,0
Turkmenistan,1982,0
Turkmenistan,1983,0
Turkmenistan,1984,0
Turkmenistan,1985,0
Turkmenistan,1986,0
Turkmenistan,1987,0
Turkmenistan,1988,0
Turkmenistan,1989,0
Turkmenistan,1990,0
Turkmenistan,1991,0
Turkmenistan,1992,10
Turkmenistan,1993,22
Turkmenistan,1994,38
Turkmenistan,1995,38
Turkmenistan,1996,43
Turkmenistan,1997,53
Turkmenistan,1998,66
Turkmenistan,1999,68
Turkmenistan,2000,83
Turkmenistan,2001,95
Turkmenistan,2002,95
Turkmenistan,2003,115
Turkmenistan,2004,129
Turkmenistan,2005,129
Turkmenistan,2006,129
Turkmenistan,2007,138
Turkmenistan,2008,148
Turkmenistan,2009,166
Turkmenistan,2010,171
Turkmenistan,2011,179
Turkmenistan,2012,193
Turkmenistan,2013,200
Turkmenistan,2014,206
Turkmenistan,2015,215
Turkmenistan,2016,217
Turkmenistan,2017,224
Turkmenistan,2018,226
Turkmenistan,2019,238
Turkmenistan,2020,238
Turkmenistan,2021,241
Turkmenistan,2022,244
Turkmenistan,2023,249
Turkmenistan,2024,255
Turkmenistan,2025,265
Turkmenistan,2026,265
Turks and Caicos Islands,1872,0
Turks and Caicos Islands,1873,0
Turks and Caicos Islands,1874,0
Turks and Caicos Islands,1875,0
Turks and Caicos Islands,1876,0
Turks and Caicos Islands,1877,0
Turks and Caicos Islands,1878,0
Turks and Caicos Islands,1879,0
Turks and Caicos Islands,1880,0
Turks and Caicos Islands,1881,0
Turks and Caicos Islands,1882,0
Turks and Caicos Islands,1883,0
Turks and Caicos Islands,1884,0
Turks and Caicos Islands,1885,0
Turks and Caicos Islands,1886,0
Turks and Caicos Islands,1887,0
Turks and Caicos Islands,1888,0
Turks and Caicos Islands,1889,0
Turks and Caicos Islands,1890,0
Turks and Caicos Islands,1891,0
Turks and Caicos Islands,1892,0
Turks and Caicos Islands,1893,0
Turks and Caicos Islands,1894,0
Turks and Caicos Islands,1895,0
Turks and Caicos Islands,1896,0
Turks and Caicos Islands,1897,0
Turks and Caicos Islands,1898,0
Turks and Caicos Islands,1899,0
Turks and Caicos Islands,1900,0
Turks and Caicos Islands,1901,0
Turks and Caicos Islands,1902,0
Turks and Caicos Islands,1903,0
Turks and Caicos Islands,1904,0
Turks and Caicos Islands,1905,0
Turks and Caicos Islands,1906,0
Turks and Caicos Islands,1907,0
Turks and Caicos Islands,1908,0
Turks and Caicos Islands,1909,0
Turks and Caicos Islands,1910,0
Turks and Caicos Islands,1911,0
Turks and Caicos Islands,1912,0
Turks and Caicos Islands,1913,0
Turks and Caicos Islands,1914,0
Turks and Caicos Islands,1915,0
Turks and Caicos Islands,1916,0
Turks and Caicos Islands,1917,0
Turks and Caicos Islands,1918,0
Turks and Caicos Islands,1919,0
Turks and Caicos Islands,1920,0
Turks and Caicos Islands,1921,0
Turks and Caicos Islands,1922,0
Turks and Caicos Islands,1923,0
Turks and Caicos Islands,1924,0
Turks and Caicos Islands,1925,0
Turks and Caicos Islands,1926,0
Turks and Caicos Islands,1927,0
Turks and Caicos Islands,1928,0
Turks and Caicos Islands,1929,0
Turks and Caicos Islands,1930,0
Turks and Caicos Islands,1931,0
Turks and Caicos Islands,1932,0
Turks and Caicos Islands,1933,0
Turks and Caicos Islands,1934,0
Turks and Caicos Islands,1935,0
Turks and Caicos Islands,1936,0
Turks and Caicos Islands,1937,0
Turks and Caicos Islands,1938,0
Turks and Caicos Islands,1939,0
Turks and Caicos Islands,1940,0
Turks and Caicos Islands,1941,0
Turks and Caicos Islands,1942,0
Turks and Caicos Islands,1943,0
Turks and Caicos Islands,1944,0
Turks and Caicos Islands,1945,0
Turks and Caicos Islands,1946,0
Turks and Caicos Islands,1947,0
Turks and Caicos Islands,1948,0
Turks and Caicos Islands,1949,0
Turks and Caicos Islands,1950,0
Turks and Caicos Islands,1951,0
Turks and Caicos Islands,1952,0
Turks and Caicos Islands,1953,0
Turks and Caicos Islands,1954,0
Turks and Caicos Islands,1955,0
Turks and Caicos Islands,1956,0
Turks and Caicos Islands,1957,0
Turks and Caicos Islands,1958,0
Turks and Caicos Islands,1959,0
Turks and Caicos Islands,1960,0
Turks and Caicos Islands,1961,0
Turks and Caicos Islands,1962,0
Turks and Caicos Islands,1963,0
Turks and Caicos Islands,1964,0
Turks and Caicos Islands,1965,0
Turks and Caicos Islands,1966,0
Turks and Caicos Islands,1967,0
Turks and Caicos Islands,1968,0
Turks and Caicos Islands,1969,0
Turks and Caicos Islands,1970,0
Turks and Caicos Islands,1971,0
Turks and Caicos Islands,1972,0
Turks and Caicos Islands,1973,0
Turks and Caicos Islands,1974,0
Turks and Caicos Islands,1975,0
Turks and Caicos Islands,1976,0
Turks and Caicos Islands,1977,0
Turks and Caicos Islands,1978,0
Turks and Caicos Islands,1979,0
Turks and Caicos Islands,1980,0
Turks and Caicos Islands,1981,0
Turks and Caicos Islands,1982,0
Turks and Caicos Islands,1983,0
Turks and Caicos Islands,1984,0
Turks and Caicos Islands,1985,0
Turks and Caicos Islands,1986,0
Turks and Caicos Islands,1987,0
Turks and Caicos Islands,1988,0
Turks and Caicos Islands,1989,0
Turks and Caicos Islands,1990,0
Turks and Caicos Islands,1991,0
Turks and Caicos Islands,1992,0
Turks and Caicos Islands,1993,0
Turks and Caicos Islands,1994,0
Turks and Caicos Islands,1995,0
Turks and Caicos Islands,1996,0
Turks and Caicos Islands,1997,0
Turks and Caicos Islands,1998,0
Turks and Caicos Islands,1999,2
Turks and Caicos Islands,2000,2
Turks and Caicos Islands,2001,2
Turks and Caicos Islands,2002,2
Turks and Caicos Islands,2003,2
Turks and Caicos Islands,2004,2
Turks and Caicos Islands,2005,2
Turks and Caicos Islands,2006,6
Turks and Caicos Islands,2007,6
Turks and Caicos Islands,2008,8
Turks and Caicos Islands,2009,8
Turks and Caicos Islands,2010,8
Turks and Caicos Islands,2011,8
Turks and Caicos Islands,2012,8
Turks and Caicos Islands,2013,8
Turks and Caicos Islands,2014,10
Turks and Caicos Islands,2015,14
Turks and Caicos Islands,2016,14
Turks and Caicos Islands,2017,14
Turks and Caicos Islands,2018,17
Turks and Caicos Islands,2019,28
Turks and Caicos Islands,2020,28
Turks and Caicos Islands,2021,28
Turks and Caicos Islands,2022,39
Turks and Caicos Islands,2023,45
Turks and Caicos Islands,2024,48
Turks and Caicos Islands,2025,52
Turks and Caicos Islands,2026,52
Tuvalu,1872,0
Tuvalu,1873,0
Tuvalu,1874,0
Tuvalu,1875,0
Tuvalu,1876,0
Tuvalu,1877,0
Tuvalu,1878,0
Tuvalu,1879,0
Tuvalu,1880,0
Tuvalu,1881,0
Tuvalu,1882,0
Tuvalu,1883,0
Tuvalu,1884,0
Tuvalu,1885,0
Tuvalu,1886,0
Tuvalu,1887,0
Tuvalu,1888,0
Tuvalu,1889,0
Tuvalu,1890,0
Tuvalu,1891,0
Tuvalu,1892,0
Tuvalu,1893,0
Tuvalu,1894,0
Tuvalu,1895,0
Tuvalu,1896,0
Tuvalu,1897,0
Tuvalu,1898,0
Tuvalu,1899,0
Tuvalu,1900,0
Tuvalu,1901,0
Tuvalu,1902,0
Tuvalu,1903,0
Tuvalu,1904,0
Tuvalu,1905,0
Tuvalu,1906,0
Tuvalu,1907,0
Tuvalu,1908,0
Tuvalu,1909,0
Tuvalu,1910,0
Tuvalu,1911,0
Tuvalu,1912,0
Tuvalu,1913,0
Tuvalu,1914,0
Tuvalu,1915,0
Tuvalu,1916,0
Tuvalu,1917,0
Tuvalu,1918,0
Tuvalu,1919,0
Tuvalu,1920,0
Tuvalu,1921,0
Tuvalu,1922,0
Tuvalu,1923,0
Tuvalu,1924,0
Tuvalu,1925,0
Tuvalu,1926,0
Tuvalu,1927,0
Tuvalu,1928,0
Tuvalu,1929,0
Tuvalu,1930,0
Tuvalu,1931,0
Tuvalu,1932,0
Tuvalu,1933,0
Tuvalu,1934,0
Tuvalu,1935,0
Tuvalu,1936,0
Tuvalu,1937,0
Tuvalu,1938,0
Tuvalu,1939,0
Tuvalu,1940,0
Tuvalu,1941,0
Tuvalu,1942,0
Tuvalu,1943,0
Tuvalu,1944,0
Tuvalu,1945,0
Tuvalu,1946,0
Tuvalu,1947,0
Tuvalu,1948,0
Tuvalu,1949,0
Tuvalu,1950,0
Tuvalu,1951,0
Tuvalu,1952,0
Tuvalu,1953,0
Tuvalu,1954,0
Tuvalu,1955,0
Tuvalu,1956,0
Tuvalu,1957,0
Tuvalu,1958,0
Tuvalu,1959,0
Tuvalu,1960,0
Tuvalu,1961,0
Tuvalu,1962,0
Tuvalu,1963,0
Tuvalu,1964,0
Tuvalu,1965,0
Tuvalu,1966,0
Tuvalu,1967,0
Tuvalu,1968,0
Tuvalu,1969,0
Tuvalu,1970,0
Tuvalu,1971,0
Tuvalu,1972,0
Tuvalu,1973,0
Tuvalu,1974,0
Tuvalu,1975,0
Tuvalu,1976,0
Tuvalu,1977,0
Tuvalu,1978,0
Tuvalu,1979,10
Tuvalu,1980,10
Tuvalu,1981,10
Tuvalu,1982,10
Tuvalu,1983,10
Tuvalu,1984,10
Tuvalu,1985,10
Tuvalu,1986,10
Tuvalu,1987,10
Tuvalu,1988,10
Tuvalu,1989,10
Tuvalu,1990,10
Tuvalu,1991,10
Tuvalu,1992,10
Tuvalu,1993,10
Tuvalu,1994,10
Tuvalu,1995,10
Tuvalu,1996,10
Tuvalu,1997,10
Tuvalu,1998,10
Tuvalu,1999,10
Tuvalu,2000,10
Tuvalu,2001,10
Tuvalu,2002,10
Tuvalu,2003,13
Tuvalu,2004,13
Tuvalu,2005,13
Tuvalu,2006,13
Tuvalu,2007,15
Tuvalu,2008,15
Tuvalu,2009,15
Tuvalu,2010,15
Tuvalu,2011,25
Tuvalu,2012,25
Tuvalu,2013,25
Tuvalu,2014,25
Tuvalu,2015,25
Tuvalu,2016,25
Tuvalu,2017,31
Tuvalu,2018,35
Tuvalu,2019,37
Tuvalu,2020,37
Tuvalu,2021,37
Tuvalu,2022,37
Tuvalu,2023,45
Tuvalu,2024,45
Tuvalu,2025,45
Tuvalu,2026,45
Two Sicilies,1872,0
Two Sicilies,1873,0
Two Sicilies,1874,0
Two Sicilies,1875,0
Two Sicilies,1876,0
Two Sicilies,1877,0
Two Sicilies,1878,0
Two Sicilies,1879,0
Two Sicilies,1880,0
Two Sicilies,1881,0
Two Sicilies,1882,0
Two Sicilies,1883,0
Two Sicilies,1884,0
Two Sicilies,1885,0
Two Sicilies,1886,0
Two Sicilies,1887,0
Two Sicilies,1888,0
Two Sicilies,1889,0
Two Sicilies,1890,0
Two Sicilies,1891,0
Two Sicilies,1892,0
Two Sicilies,1893,0
Two Sicilies,1894,0
Two Sicilies,1895,0
Two Sicilies,1896,0
Two Sicilies,1897,0
Two Sicilies,1898,0
Two Sicilies,1899,0
Two Sicilies,1900,0
Two Sicilies,1901,0
Two Sicilies,1902,0
Two Sicilies,1903,0
Two Sicilies,1904,0
Two Sicilies,1905,0
Two Sicilies,1906,0
Two Sicilies,1907,0
Two Sicilies,1908,0
Two Sicilies,1909,0
Two Sicilies,1910,0
Two Sicilies,1911,0
Two Sicilies,1912,0
Two Sicilies,1913,0
Two Sicilies,1914,0
Two Sicilies,1915,0
Two Sicilies,1916,0
Two Sicilies,1917,0
Two Sicilies,1918,0
Two Sicilies,1919,0
Two Sicilies,1920,0
Two Sicilies,1921,0
Two Sicilies,1922,0
Two Sicilies,1923,0
Two Sicilies,1924,0
Two Sicilies,1925,0
Two Sicilies,1926,0
Two Sicilies,1927,0
Two Sicilies,1928,0
Two Sicilies,1929,0
Two Sicilies,1930,0
Two Sicilies,1931,0
Two Sicilies,1932,0
Two Sicilies,1933,0
Two Sicilies,1934,0
Two Sicilies,1935,0
Two Sicilies,1936,0
Two Sicilies,1937,0
Two Sicilies,1938,0
Two Sicilies,1939,0
Two Sicilies,1940,0
Two Sicilies,1941,0
Two Sicilies,1942,0
Two Sicilies,1943,0
Two Sicilies,1944,0
Two Sicilies,1945,0
Two Sicilies,1946,0
Two Sicilies,1947,0
Two Sicilies,1948,0
Two Sicilies,1949,0
Two Sicilies,1950,0
Two Sicilies,1951,0
Two Sicilies,1952,0
Two Sicilies,1953,0
Two Sicilies,1954,0
Two Sicilies,1955,0
Two Sicilies,1956,0
Two Sicilies,1957,0
Two Sicilies,1958,0
Two Sicilies,1959,0
Two Sicilies,1960,0
Two Sicilies,1961,0
Two Sicilies,1962,0
Two Sicilies,1963,0
Two Sicilies,1964,0
Two Sicilies,1965,0
Two Sicilies,1966,0
Two Sicilies,1967,0
Two Sicilies,1968,0
Two Sicilies,1969,0
Two Sicilies,1970,0
Two Sicilies,1971,0
Two Sicilies,1972,0
Two Sicilies,1973,0
Two Sicilies,1974,0
Two Sicilies,1975,0
Two Sicilies,1976,0
Two Sicilies,1977,0
Two Sicilies,1978,0
Two Sicilies,1979,0
Two Sicilies,1980,0
Two Sicilies,1981,0
Two Sicilies,1982,0
Two Sicilies,1983,0
Two Sicilies,1984,0
Two Sicilies,1985,0
Two Sicilies,1986,0
Two Sicilies,1987,0
Two Sicilies,1988,0
Two Sicilies,1989,0
Two Sicilies,1990,0
Two Sicilies,1991,0
Two Sicilies,1992,0
Two Sicilies,1993,0
Two Sicilies,1994,0
Two Sicilies,1995,0
Two Sicilies,1996,0
Two Sicilies,1997,0
Two Sicilies,1998,0
Two Sicilies,1999,0
Two Sicilies,2000,0
Two Sicilies,2001,0
Two Sicilies,2002,0
Two Sicilies,2003,0
Two Sicilies,2004,0
Two Sicilies,2005,0
Two Sicilies,2006,0
Two Sicilies,2007,0
Two Sicilies,2008,0
Two Sicilies,2009,0
Two Sicilies,2010,2
Two Sicilies,2011,2
Two Sicilies,2012,2
Two Sicilies,2013,2
Two Sicilies,2014,2
Two Sicilies,2015,2
Two Sicilies,2016,2
Two Sicilies,2017,2
Two Sicilies,2018,2
Two Sicilies,2019,2
Two Sicilies,2020,2
Two Sicilies,2021,2
Two Sicilies,2022,2
Two Sicilies,2023,3
Two Sicilies,2024,3
Two Sicilies,2025,3
Two Sicilies,2026,3
Uganda,1872,0
Uganda,1873,0
Uganda,1874,0
Uganda,1875,0
Uganda,1876,0
Uganda,1877,0
Uganda,1878,0
Uganda,1879,0
Uganda,1880,0
Uganda,1881,0
Uganda,1882,0
Uganda,1883,0
Uganda,1884,0
Uganda,1885,0
Uganda,1886,0
Uganda,1887,0
Uganda,1888,0
Uganda,1889,0
Uganda,1890,0
Uganda,1891,0
Uganda,1892,0
Uganda,1893,0
Uganda,1894,0
Uganda,1895,0
Uganda,1896,0
Uganda,1897,0
Uganda,1898,0
Uganda,1899,0
Uganda,1900,0
Uganda,1901,0
Uganda,1902,0
Uganda,1903,0
Uganda,1904,0
Uganda,1905,0
Uganda,1906,0
Uganda,1907,0
Uganda,1908,0
Uganda,1909,0
Uganda,1910,0
Uganda,1911,0
Uganda,1912,0
Uganda,1913,0
Uganda,1914,0
Uganda,1915,0
Uganda,1916,0
Uganda,1917,0
Uganda,1918,0
Uganda,1919,0
Uganda,1920,0
Uganda,1921,0
Uganda,1922,0
Uganda,1923,0
Uganda,1924,0
Uganda,1925,0
Uganda,1926,2
Uganda,1927,2
Uganda,1928,6
Uganda,1929,11
Uganda,1930,16
Uganda,1931,17
Uganda,1932,30
Uganda,1933,30
Uganda,1934,30
Uganda,1935,38
Uganda,1936,38
Uganda,1937,47
Uganda,1938,50
Uganda,1939,55
Uganda,1940,61
Uganda,1941,64
Uganda,1942,67
Uganda,1943,69
Uganda,1944,70
Uganda,1945,88
Uganda,1946,89
Uganda,1947,96
Uganda,1948,104
Uganda,1949,104
Uganda,1950,105
Uganda,1951,106
Uganda,1952,116
Uganda,1953,132
Uganda,1954,143
Uganda,1955,149
Uganda,1956,157
Uganda,1957,163
Uganda,1958,166
Uganda,1959,168
Uganda,1960,173
Uganda,1961,183
Uganda,1962,190
Uganda,1963,210
Uganda,1964,229
Uganda,1965,251
Uganda,1966,261
Uganda,1967,274
Uganda,1968,289
Uganda,1969,313
Uganda,1970,322
Uganda,1971,330
Uganda,1972,340
Uganda,1973,366
Uganda,1974,373
Uganda,1975,386
Uganda,1976,407
Uganda,1977,418
Uganda,1978,433
Uganda,1979,438
Uganda,1980,438
Uganda,1981,447
Uganda,1982,463
Uganda,1983,474
Uganda,1984,486
Uganda,1985,491
Uganda,1986,501
Uganda,1987,513
Uganda,1988,516
Uganda,1989,535
Uganda,1990,549
Uganda,1991,567
Uganda,1992,576
Uganda,1993,586
Uganda,1994,596
Uganda,1995,602
Uganda,1996,615
Uganda,1997,615
Uganda,1998,626
Uganda,1999,631
Uganda,2000,670
Uganda,2001,685
Uganda,2002,706
Uganda,2003,724
Uganda,2004,735
Uganda,2005,757
Uganda,2006,770
Uganda,2007,790
Uganda,2008,799
Uganda,2009,829
Uganda,2010,849
Uganda,2011,871
Uganda,2012,895
Uganda,2013,910
Uganda,2014,924
Uganda,2015,941
Uganda,2016,945
Uganda,2017,959
Uganda,2018,969
Uganda,2019,978
Uganda,2020,979
Uganda,2021,987
Uganda,2022,996
Uganda,2023,1002
Uganda,2024,1014
Uganda,2025,1030
Uganda,2026,1030
Ukraine,1872,0
Ukraine,1873,0
Ukraine,1874,0
Ukraine,1875,0
Ukraine,1876,0
Ukraine,1877,0
Ukraine,1878,0
Ukraine,1879,0
Ukraine,1880,0
Ukraine,1881,0
Ukraine,1882,0
Ukraine,1883,0
Ukraine,1884,0
Ukraine,1885,0
Ukraine,1886,0
Ukraine,1887,0
Ukraine,1888,0
Ukraine,1889,0
Ukraine,1890,0
Ukraine,1891,0
Ukraine,1892,0
Ukraine,1893,0
Ukraine,1894,0
Ukraine,1895,0
Ukraine,1896,0
Ukraine,1897,0
Ukraine,1898,0
Ukraine,1899,0
Ukraine,1900,0
Ukraine,1901,0
Ukraine,1902,0
Ukraine,1903,0
Ukraine,1904,0
Ukraine,1905,0
Ukraine,1906,0
Ukraine,1907,0
Ukraine,1908,0
Ukraine,1909,0
Ukraine,1910,0
Ukraine,1911,0
Ukraine,1912,0
Ukraine,1913,0
Ukraine,1914,0
Ukraine,1915,0
Ukraine,1916,0
Ukraine,1917,0
Ukraine,1918,0
Ukraine,1919,0
Ukraine,1920,0
Ukraine,1921,0
Ukraine,1922,0
Ukraine,1923,0
Ukraine,1924,0
Ukraine,1925,0
Ukraine,1926,0
Ukraine,1927,0
Ukraine,1928,6
Ukraine,1929,6
Ukraine,1930,6
Ukraine,1931,6
Ukraine,1932,6
Ukraine,1933,6
Ukraine,1934,6
Ukraine,1935,6
Ukraine,1936,6
Ukraine,1937,6
Ukraine,1938,6
Ukraine,1939,6
Ukraine,1940,6
Ukraine,1941,6
Ukraine,1942,6
Ukraine,1943,6
Ukraine,1944,6
Ukraine,1945,6
Ukraine,1946,6
Ukraine,1947,6
Ukraine,1948,6
Ukraine,1949,6
Ukraine,1950,6
Ukraine,1951,6
Ukraine,1952,6
Ukraine,1953,6
Ukraine,1954,6
Ukraine,1955,6
Ukraine,1956,6
Ukraine,1957,6
Ukraine,1958,6
Ukraine,1959,6
Ukraine,1960,6
Ukraine,1961,6
Ukraine,1962,6
Ukraine,1963,6
Ukraine,1964,6
Ukraine,1965,6
Ukraine,1966,6
Ukraine,1967,6
Ukraine,1968,6
Ukraine,1969,6
Ukraine,1970,6
Ukraine,1971,6
Ukraine,1972,6
Ukraine,1973,6
Ukraine,1974,6
Ukraine,1975,6
Ukraine,1976,6
Ukraine,1977,6
Ukraine,1978,6
Ukraine,1979,8
Ukraine,1980,8
Ukraine,1981,8
Ukraine,1982,8
Ukraine,1983,8
Ukraine,1984,8
Ukraine,1985,8
Ukraine,1986,8
Ukraine,1987,8
Ukraine,1988,8
Ukraine,1989,8
Ukraine,1990,8
Ukraine,1991,8
Ukraine,1992,11
Ukraine,1993,19
Ukraine,1994,27
Ukraine,1995,35
Ukraine,1996,47
Ukraine,1997,55
Ukraine,1998,67
Ukraine,1999,78
Ukraine,2000,84
Ukraine,2001,98
Ukraine,2002,108
Ukraine,2003,116
Ukraine,2004,127
Ukraine,2005,139
Ukraine,2006,165
Ukraine,2007,181
Ukraine,2008,191
Ukraine,2009,212
Ukraine,2010,228
Ukraine,2011,246
Ukraine,2012,259
Ukraine,2013,292
Ukraine,2014,303
Ukraine,2015,317
Ukraine,2016,335
Ukraine,2017,343
Ukraine,2018,356
Ukraine,2019,376
Ukraine,2020,382
Ukraine,2021,407
Ukraine,2022,420
Ukraine,2023,434
Ukraine,2024,453
Ukraine,2025,470
Ukraine,2026,475
United Arab Emirates,1872,0
United Arab Emirates,1873,0
United Arab Emirates,1874,0
United Arab Emirates,1875,0
United Arab Emirates,1876,0
United Arab Emirates,1877,0
United Arab Emirates,1878,0
United Arab Emirates,1879,0
United Arab Emirates,1880,0
United Arab Emirates,1881,0
United Arab Emirates,1882,0
United Arab Emirates,1883,0
United Arab Emirates,1884,0
United Arab Emirates,1885,0
United Arab Emirates,1886,0
United Arab Emirates,1887,0
United Arab Emirates,1888,0
United Arab Emirates,1889,0
United Arab Emirates,1890,0
United Arab Emirates,1891,0
United Arab Emirates,1892,0
United Arab Emirates,1893,0
United Arab Emirates,1894,0
United Arab Emirates,1895,0
United Arab Emirates,1896,0
United Arab Emirates,1897,0
United Arab Emirates,1898,0
United Arab Emirates,1899,0
United Arab Emirates,1900,0
United Arab Emirates,1901,0
United Arab Emirates,1902,0
United Arab Emirates,1903,0
United Arab Emirates,1904,0
United Arab Emirates,1905,0
United Arab Emirates,1906,0
United Arab Emirates,1907,0
United Arab Emirates,1908,0
United Arab Emirates,1909,0
United Arab Emirates,1910,0
United Arab Emirates,1911,0
United Arab Emirates,1912,0
United Arab Emirates,1913,0
United Arab Emirates,1914,0
United Arab Emirates,1915,0
United Arab Emirates,1916,0
United Arab Emirates,1917,0
United Arab Emirates,1918,0
United Arab Emirates,1919,0
United Arab Emirates,1920,0
United Arab Emirates,1921,0
United Arab Emirates,1922,0
United Arab Emirates,1923,0
United Arab Emirates,1924,0
United Arab Emirates,1925,0
United Arab Emirates,1926,0
United Arab Emirates,1927,0
United Arab Emirates,1928,0
United Arab Emirates,1929,0
United Arab Emirates,1930,0
United Arab Emirates,1931,0
United Arab Emirates,1932,0
United Arab Emirates,1933,0
United Arab Emirates,1934,0
United Arab Emirates,1935,0
United Arab Emirates,1936,0
United Arab Emirates,1937,0
United Arab Emirates,1938,0
United Arab Emirates,1939,0
United Arab Emirates,1940,0
United Arab Emirates,1941,0
United Arab Emirates,1942,0
United Arab Emirates,1943,0
United Arab Emirates,1944,0
United Arab Emirates,1945,0
United Arab Emirates,1946,0
United Arab Emirates,1947,0
United Arab Emirates,1948,0
United Arab Emirates,1949,0
United Arab Emirates,1950,0
United Arab Emirates,1951,0
United Arab Emirates,1952,0
United Arab Emirates,1953,0
United Arab Emirates,1954,0
United Arab Emirates,1955,0
United Arab Emirates,1956,0
United Arab Emirates,1957,0
United Arab Emirates,1958,0
United Arab Emirates,1959,0
United Arab Emirates,1960,0
United Arab Emirates,1961,0
United Arab Emirates,1962,0
United Arab Emirates,1963,0
United Arab Emirates,1964,0
United Arab Emirates,1965,0
United Arab Emirates,1966,0
United Arab Emirates,1967,0
United Arab Emirates,1968,0
United Arab Emirates,1969,0
United Arab Emirates,1970,0
United Arab Emirates,1971,0
United Arab Emirates,1972,1
United Arab Emirates,1973,5
United Arab Emirates,1974,10
United Arab Emirates,1975,10
United Arab Emirates,1976,14
United Arab Emirates,1977,14
United Arab Emirates,1978,14
United Arab Emirates,1979,19
United Arab Emirates,1980,22
United Arab Emirates,1981,34
United Arab Emirates,1982,54
United Arab Emirates,1983,54
United Arab Emirates,1984,88
United Arab Emirates,1985,100
United Arab Emirates,1986,117
United Arab Emirates,1987,120
United Arab Emirates,1988,153
United Arab Emirates,1989,169
United Arab Emirates,1990,179
United Arab Emirates,1991,179
United Arab Emirates,1992,192
United Arab Emirates,1993,216
United Arab Emirates,1994,234
United Arab Emirates,1995,234
United Arab Emirates,1996,266
United Arab Emirates,1997,290
United Arab Emirates,1998,319
United Arab Emirates,1999,338
United Arab Emirates,2000,349
United Arab Emirates,2001,388
United Arab Emirates,2002,393
United Arab Emirates,2003,416
United Arab Emirates,2004,444
United Arab Emirates,2005,453
United Arab Emirates,2006,470
United Arab Emirates,2007,496
United Arab Emirates,2008,513
United Arab Emirates,2009,529
United Arab Emirates,2010,545
United Arab Emirates,2011,567
United Arab Emirates,2012,593
United Arab Emirates,2013,629
United Arab Emirates,2014,646
United Arab Emirates,2015,686
United Arab Emirates,2016,707
United Arab Emirates,2017,716
United Arab Emirates,2018,723
United Arab Emirates,2019,755
United Arab Emirates,2020,760
United Arab Emirates,2021,793
United Arab Emirates,2022,801
United Arab Emirates,2023,818
United Arab Emirates,2024,849
United Arab Emirates,2025,867
United Arab Emirates,2026,867
United Koreans in Japan,1872,0
United Koreans in Japan,1873,0
United Koreans in Japan,1874,0
United Koreans in Japan,1875,0
United Koreans in Japan,1876,0
United Koreans in Japan,1877,0
United Koreans in Japan,1878,0
United Koreans in Japan,1879,0
United Koreans in Japan,1880,0
United Koreans in Japan,1881,0
United Koreans in Japan,1882,0
United Koreans in Japan,1883,0
United Koreans in Japan,1884,0
United Koreans in Japan,1885,0
United Koreans in Japan,1886,0
United Koreans in Japan,1887,0
United Koreans in Japan,1888,0
United Koreans in Japan,1889,0
United Koreans in Japan,1890,0
United Koreans in Japan,1891,0
United Koreans in Japan,1892,0
United Koreans in Japan,1893,0
United Koreans in Japan,1894,0
United Koreans in Japan,1895,0
United Koreans in Japan,1896,0
United Koreans in Japan,1897,0
United Koreans in Japan,1898,0
United Koreans in Japan,1899,0
United Koreans in Japan,1900,0
United Koreans in Japan,1901,0
United Koreans in Japan,1902,0
United Koreans in Japan,1903,0
United Koreans in Japan,1904,0
United Koreans in Japan,1905,0
United Koreans in Japan,1906,0
United Koreans in Japan,1907,0
United Koreans in Japan,1908,0
United Koreans in Japan,1909,0
United Koreans in Japan,1910,0
United Koreans in Japan,1911,0
United Koreans in Japan,1912,0
United Koreans in Japan,1913,0
United Koreans in Japan,1914,0
United Koreans in Japan,1915,0
United Koreans in Japan,1916,0
United Koreans in Japan,1917,0
United Koreans in Japan,1918,0
United Koreans in Japan,1919,0
United Koreans in Japan,1920,0
United Koreans in Japan,1921,0
United Koreans in Japan,1922,0
United Koreans in Japan,1923,0
United Koreans in Japan,1924,0
United Koreans in Japan,1925,0
United Koreans in Japan,1926,0
United Koreans in Japan,1927,0
United Koreans in Japan,1928,0
United Koreans in Japan,1929,0
United Koreans in Japan,1930,0
United Koreans in Japan,1931,0
United Koreans in Japan,1932,0
United Koreans in Japan,1933,0
United Koreans in Japan,1934,0
United Koreans in Japan,1935,0
United Koreans in Japan,1936,0
United Koreans in Japan,1937,0
United Koreans in Japan,1938,0
United Koreans in Japan,1939,0
United Koreans in Japan,1940,0
United Koreans in Japan,1941,0
United Koreans in Japan,1942,0
United Koreans in Japan,1943,0
United Koreans in Japan,1944,0
United Koreans in Japan,1945,0
United Koreans in Japan,1946,0
United Koreans in Japan,1947,0
United Koreans in Japan,1948,0
United Koreans in Japan,1949,0
United Koreans in Japan,1950,0
United Koreans in Japan,1951,0
United Koreans in Japan,1952,0
United Koreans in Japan,1953,0
United Koreans in Japan,1954,0
United Koreans in Japan,1955,0
United Koreans in Japan,1956,0
United Koreans in Japan,1957,0
United Koreans in Japan,1958,0
United Koreans in Japan,1959,0
United Koreans in Japan,1960,0
United Koreans in Japan,1961,0
United Koreans in Japan,1962,0
United Koreans in Japan,1963,0
United Koreans in Japan,1964,0
United Koreans in Japan,1965,0
United Koreans in Japan,1966,0
United Koreans in Japan,1967,0
United Koreans in Japan,1968,0
United Koreans in Japan,1969,0
United Koreans in Japan,1970,0
United Koreans in Japan,1971,0
United Koreans in Japan,1972,0
United Koreans in Japan,1973,0
United Koreans in Japan,1974,0
United Koreans in Japan,1975,0
United Koreans in Japan,1976,0
United Koreans in Japan,1977,0
United Koreans in Japan,1978,0
United Koreans in Japan,1979,0
United Koreans in Japan,1980,0
United Koreans in Japan,1981,0
United Koreans in Japan,1982,0
United Koreans in Japan,1983,0
United Koreans in Japan,1984,0
United Koreans in Japan,1985,0
United Koreans in Japan,1986,0
United Koreans in Japan,1987,0
United Koreans in Japan,1988,0
United Koreans in Japan,1989,0
United Koreans in Japan,1990,0
United Koreans in Japan,1991,0
United Koreans in Japan,1992,0
United Koreans in Japan,1993,0
United Koreans in Japan,1994,0
United Koreans in Japan,1995,0
United Koreans in Japan,1996,0
United Koreans in Japan,1997,0
United Koreans in Japan,1998,0
United Koreans in Japan,1999,0
United Koreans in Japan,2000,0
United Koreans in Japan,2001,0
United Koreans in Japan,2002,0
United Koreans in Japan,2003,0
United Koreans in Japan,2004,0
United Koreans in Japan,2005,0
United Koreans in Japan,2006,0
United Koreans in Japan,2007,0
United Koreans in Japan,2008,0
United Koreans in Japan,2009,0
United Koreans in Japan,2010,0
United Koreans in Japan,2011,0
United Koreans in Japan,2012,0
United Koreans in Japan,2013,0
United Koreans in Japan,2014,0
United Koreans in Japan,2015,0
United Koreans in Japan,2016,13
United Koreans in Japan,2017,13
United Koreans in Japan,2018,20
United Koreans in Japan,2019,20
United Koreans in Japan,2020,20
United Koreans in Japan,2021,20
United Koreans in Japan,2022,20
United Koreans in Japan,2023,20
United Koreans in Japan,2024,20
United Koreans in Japan,2025,20
United Koreans in Japan,2026,20
United States,1872,0
United States,1873,0
United States,1874,0
United States,1875,0
United States,1876,0
United States,1877,0
United States,1878,0
United States,1879,0
United States,1880,0
United States,1881,0
United States,1882,0
United States,1883,0
United States,1884,0
United States,1885,0
United States,1886,3
United States,1887,3
United States,1888,3
United States,1889,3
United States,1890,3
United States,1891,3
United States,1892,3
United States,1893,3
United States,1894,3
United States,1895,3
United States,1896,3
United States,1897,3
United States,1898,3
United States,1899,3
United States,1900,3
United States,1901,3
United States,1902,3
United States,1903,3
United States,1904,3
United States,1905,3
United States,1906,3
United States,1907,3
United States,1908,3
United States,1909,3
United States,1910,3
United States,1911,3
United States,1912,3
United States,1913,3
United States,1914,3
United States,1915,3
United States,1916,7
United States,1917,7
United States,1918,7
United States,1919,14
United States,1920,14
United States,1921,14
United States,1922,14
United States,1923,14
United States,1924,18
United States,1925,24
United States,1926,30
United States,1927,30
United States,1928,35
United States,1929,35
United States,1930,45
United States,1931,45
United States,1932,45
United States,1933,45
United States,1934,50
United States,1935,52
United States,1936,52
United States,1937,57
United States,1938,57
United States,1939,57
United States,1940,57
United States,1941,57
United States,1942,57
United States,1943,57
United States,1944,57
United States,1945,57
United States,1946,57
United States,1947,59
United States,1948,62
United States,1949,70
United States,1950,74
United States,1951,74
United States,1952,74
United States,1953,77
United States,1954,84
United States,1955,86
United States,1956,95
United States,1957,100
United States,1958,100
United States,1959,101
United States,1960,104
United States,1961,104
United States,1962,104
United States,1963,104
United States,1964,104
United States,1965,108
United States,1966,108
United States,1967,108
United States,1968,130
United States,1969,130
United States,1970,130
United States,1971,130
United States,1972,136
United States,1973,141
United States,1974,142
United States,1975,143
United States,1976,146
United States,1977,153
United States,1978,153
United States,1979,160
United States,1980,167
United States,1981,167
United States,1982,169
United States,1983,171
United States,1984,182
United States,1985,188
United States,1986,188
United States,1987,190
United States,1988,199
United States,1989,211
United States,1990,240
United States,1991,262
United States,1992,283
United States,1993,324
United States,1994,355
United States,1995,375
United States,1996,403
United States,1997,424
United States,1998,439
United States,1999,458
United States,2000,492
United States,2001,506
United States,2002,539
United States,2003,567
United States,2004,594
United States,2005,627
United States,2006,647
United States,2007,675
United States,2008,705
United States,2009,748
United States,2010,767
United States,2011,783
United States,2012,806
United States,2013,851
United States,2014,866
United States,2015,904
United States,2016,934
United States,2017,967
United States,2018,977
United States,2019,1015
United States,2020,1028
United States,2021,1074
United States,2022,1095
United States,2023,1142
United States,2024,1161
United States,2025,1194
United States,2026,1211
United States Virgin Islands,1872,0
United States Virgin Islands,1873,0
United States Virgin Islands,1874,0
United States Virgin Islands,1875,0
United States Virgin Islands,1876,0
United States Virgin Islands,1877,0
United States Virgin Islands,1878,0
United States Virgin Islands,1879,0
United States Virgin Islands,1880,0
United States Virgin Islands,1881,0
United States Virgin Islands,1882,0
United States Virgin Islands,1883,0
United States Virgin Islands,1884,0
United States Virgin Islands,1885,0
United States Virgin Islands,1886,0
United States Virgin Islands,1887,0
United States Virgin Islands,1888,0
United States Virgin Islands,1889,0
United States Virgin Islands,1890,0
United States Virgin Islands,1891,0
United States Virgin Islands,1892,0
United States Virgin Islands,1893,0
United States Virgin Islands,1894,0
United States Virgin Islands,1895,0
United States Virgin Islands,1896,0
United States Virgin Islands,1897,0
United States Virgin Islands,1898,0
United States Virgin Islands,1899,0
United States Virgin Islands,1900,0
United States Virgin Islands,1901,0
United States Virgin Islands,1902,0
United States Virgin Islands,1903,0
United States Virgin Islands,1904,0
United States Virgin Islands,1905,0
United States Virgin Islands,1906,0
United States Virgin Islands,1907,0
United States Virgin Islands,1908,0
United States Virgin Islands,1909,0
United States Virgin Islands,1910,0
United States Virgin Islands,1911,0
United States Virgin Islands,1912,0
United States Virgin Islands,1913,0
United States Virgin Islands,1914,0
United States Virgin Islands,1915,0
United States Virgin Islands,1916,0
United States Virgin Islands,1917,0
United States Virgin Islands,1918,0
United States Virgin Islands,1919,0
United States Virgin Islands,1920,0
United States Virgin Islands,1921,0
United States Virgin Islands,1922,0
United States Virgin Islands,1923,0
United States Virgin Islands,1924,0
United States Virgin Islands,1925,0
United States Virgin Islands,1926,0
United States Virgin Islands,1927,0
United States Virgin Islands,1928,0
United States Virgin Islands,1929,0
United States Virgin Islands,1930,0
United States Virgin Islands,1931,0
United States Virgin Islands,1932,0
United States Virgin Islands,1933,0
United States Virgin Islands,1934,0
United States Virgin Islands,1935,0
United States Virgin Islands,1936,0
United States Virgin Islands,1937,0
United States Virgin Islands,1938,0
United States Virgin Islands,1939,0
United States Virgin Islands,1940,0
United States Virgin Islands,1941,0
United States Virgin Islands,1942,0
United States Virgin Islands,1943,0
United States Virgin Islands,1944,0
United States Virgin Islands,1945,0
United States Virgin Islands,1946,0
United States Virgin Islands,1947,0
United States Virgin Islands,1948,0
United States Virgin Islands,1949,0
United States Virgin Islands,1950,0
United States Virgin Islands,1951,0
United States Virgin Islands,1952,0
United States Virgin Islands,1953,0
United States Virgin Islands,1954,0
United States Virgin Islands,1955,0
United States Virgin Islands,1956,0
United States Virgin Islands,1957,0
United States Virgin Islands,1958,0
United States Virgin Islands,1959,0
United States Virgin Islands,1960,0
United States Virgin Islands,1961,0
United States Virgin Islands,1962,0
United States Virgin Islands,1963,0
United States Virgin Islands,1964,0
United States Virgin Islands,1965,0
United States Virgin Islands,1966,0
United States Virgin Islands,1967,0
United States Virgin Islands,1968,0
United States Virgin Islands,1969,0
United States Virgin Islands,1970,0
United States Virgin Islands,1971,0
United States Virgin Islands,1972,0
United States Virgin Islands,1973,0
United States Virgin Islands,1974,0
United States Virgin Islands,1975,0
United States Virgin Islands,1976,0
United States Virgin Islands,1977,0
United States Virgin Islands,1978,0
United States Virgin Islands,1979,0
United States Virgin Islands,1980,0
United States Virgin Islands,1981,0
United States Virgin Islands,1982,0
United States Virgin Islands,1983,0
United States Virgin Islands,1984,0
United States Virgin Islands,1985,0
United States Virgin Islands,1986,0
United States Virgin Islands,1987,0
United States Virgin Islands,1988,0
United States Virgin Islands,1989,0
United States Virgin Islands,1990,0
United States Virgin Islands,1991,0
United States Virgin Islands,1992,0
United States Virgin Islands,1993,0
United States Virgin Islands,1994,0
United States Virgin Islands,1995,0
United States Virgin Islands,1996,0
United States Virgin Islands,1997,0
United States Virgin Islands,1998,1
United States Virgin Islands,1999,3
United States Virgin Islands,2000,4
United States Virgin Islands,2001,6
United States Virgin Islands,2002,8
United States Virgin Islands,2003,8
United States Virgin Islands,2004,10
United States Virgin Islands,2005,10
United States Virgin Islands,2006,11
United States Virgin Islands,2007,11
United States Virgin Islands,2008,12
United States Virgin Islands,2009,12
United States Virgin Islands,2010,12
United States Virgin Islands,2011,18
United States Virgin Islands,2012,18
United States Virgin Islands,2013,18
United States Virgin Islands,2014,19
United States Virgin Islands,2015,20
United States Virgin Islands,2016,23
United States Virgin Islands,2017,23
United States Virgin Islands,2018,23
United States Virgin Islands,2019,29
United States Virgin Islands,2020,29
United States Virgin Islands,2021,29
United States Virgin Islands,2022,33
United States Virgin Islands,2023,39
United States Virgin Islands,2024,44
United States Virgin Islands,2025,49
United States Virgin Islands,2026,54
Uruguay,1872,0
Uruguay,1873,0
Uruguay,1874,0
Uruguay,1875,0
Uruguay,1876,0
Uruguay,1877,0
Uruguay,1878,0
Uruguay,1879,0
Uruguay,1880,0
Uruguay,1881,0
Uruguay,1882,0
Uruguay,1883,0
Uruguay,1884,0
Uruguay,1885,0
Uruguay,1886,0
Uruguay,1887,0
Uruguay,1888,0
Uruguay,1889,0
Uruguay,1890,0
Uruguay,1891,0
Uruguay,1892,0
Uruguay,1893,0
Uruguay,1894,0
Uruguay,1895,0
Uruguay,1896,0
Uruguay,1897,0
Uruguay,1898,0
Uruguay,1899,0
Uruguay,1900,0
Uruguay,1901,0
Uruguay,1902,0
Uruguay,1903,3
Uruguay,1904,3
Uruguay,1905,3
Uruguay,1906,4
Uruguay,1907,4
Uruguay,1908,8
Uruguay,1909,12
Uruguay,1910,26
Uruguay,1911,34
Uruguay,1912,44
Uruguay,1913,48
Uruguay,1914,52
Uruguay,1915,57
Uruguay,1916,74
Uruguay,1917,87
Uruguay,1918,93
Uruguay,1919,113
Uruguay,1920,127
Uruguay,1921,134
Uruguay,1922,144
Uruguay,1923,154
Uruguay,1924,186
Uruguay,1925,187
Uruguay,1926,204
Uruguay,1927,223
Uruguay,1928,239
Uruguay,1929,246
Uruguay,1930,262
Uruguay,1931,262
Uruguay,1932,264
Uruguay,1933,267
Uruguay,1934,269
Uruguay,1935,276
Uruguay,1936,278
Uruguay,1937,290
Uruguay,1938,292
Uruguay,1939,305
Uruguay,1940,316
Uruguay,1941,326
Uruguay,1942,349
Uruguay,1943,352
Uruguay,1944,353
Uruguay,1945,371
Uruguay,1946,386
Uruguay,1947,409
Uruguay,1948,414
Uruguay,1949,428
Uruguay,1950,457
Uruguay,1951,457
Uruguay,1952,473
Uruguay,1953,490
Uruguay,1954,518
Uruguay,1955,530
Uruguay,1956,547
Uruguay,1957,567
Uruguay,1958,568
Uruguay,1959,597
Uruguay,1960,605
Uruguay,1961,613
Uruguay,1962,624
Uruguay,1963,627
Uruguay,1964,630
Uruguay,1965,648
Uruguay,1966,658
Uruguay,1967,678
Uruguay,1968,685
Uruguay,1969,692
Uruguay,1970,701
Uruguay,1971,706
Uruguay,1972,708
Uruguay,1973,718
Uruguay,1974,729
Uruguay,1975,737
Uruguay,1976,746
Uruguay,1977,758
Uruguay,1978,760
Uruguay,1979,768
Uruguay,1980,791
Uruguay,1981,802
Uruguay,1982,809
Uruguay,1983,828
Uruguay,1984,837
Uruguay,1985,864
Uruguay,1986,872
Uruguay,1987,878
Uruguay,1988,891
Uruguay,1989,917
Uruguay,1990,930
Uruguay,1991,941
Uruguay,1992,952
Uruguay,1993,972
Uruguay,1994,973
Uruguay,1995,1000
Uruguay,1996,1010
Uruguay,1997,1032
Uruguay,1998,1035
Uruguay,1999,1049
Uruguay,2000,1061
Uruguay,2001,1080
Uruguay,2002,1094
Uruguay,2003,1127
Uruguay,2004,1144
Uruguay,2005,1155
Uruguay,2006,1168
Uruguay,2007,1191
Uruguay,2008,1212
Uruguay,2009,1226
Uruguay,2010,1257
Uruguay,2011,1287
Uruguay,2012,1299
Uruguay,2013,1333
Uruguay,2014,1353
Uruguay,2015,1370
Uruguay,2016,1392
Uruguay,2017,1402
Uruguay,2018,1423
Uruguay,2019,1442
Uruguay,2020,1449
Uruguay,2021,1460
Uruguay,2022,1480
Uruguay,2023,1502
Uruguay,2024,1524
Uruguay,2025,1533
Uruguay,2026,1537
Uzbekistan,1872,0
Uzbekistan,1873,0
Uzbekistan,1874,0
Uzbekistan,1875,0
Uzbekistan,1876,0
Uzbekistan,1877,0
Uzbekistan,1878,0
Uzbekistan,1879,0
Uzbekistan,1880,0
Uzbekistan,1881,0
Uzbekistan,1882,0
Uzbekistan,1883,0
Uzbekistan,1884,0
Uzbekistan,1885,0
Uzbekistan,1886,0
Uzbekistan,1887,0
Uzbekistan,1888,0
Uzbekistan,1889,0
Uzbekistan,1890,0
Uzbekistan,1891,0
Uzbekistan,1892,0
Uzbekistan,1893,0
Uzbekistan,1894,0
Uzbekistan,1895,0
Uzbekistan,1896,0
Uzbekistan,1897,0
Uzbekistan,1898,0
Uzbekistan,1899,0
Uzbekistan,1900,0
Uzbekistan,1901,0
Uzbekistan,1902,0
Uzbekistan,1903,0
Uzbekistan,1904,0
Uzbekistan,1905,0
Uzbekistan,1906,0
Uzbekistan,1907,0
Uzbekistan,1908,0
Uzbekistan,1909,0
Uzbekistan,1910,0
Uzbekistan,1911,0
Uzbekistan,1912,0
Uzbekistan,1913,0
Uzbekistan,1914,0
Uzbekistan,1915,0
Uzbekistan,1916,0
Uzbekistan,1917,0
Uzbekistan,1918,0
Uzbekistan,1919,0
Uzbekistan,1920,0
Uzbekistan,1921,0
Uzbekistan,1922,0
Uzbekistan,1923,0
Uzbekistan,1924,0
Uzbekistan,1925,0
Uzbekistan,1926,0
Uzbekistan,1927,0
Uzbekistan,1928,0
Uzbekistan,1929,0
Uzbekistan,1930,0
Uzbekistan,1931,0
Uzbekistan,1932,0
Uzbekistan,1933,0
Uzbekistan,1934,0
Uzbekistan,1935,0
Uzbekistan,1936,0
Uzbekistan,1937,0
Uzbekistan,1938,0
Uzbekistan,1939,0
Uzbekistan,1940,0
Uzbekistan,1941,0
Uzbekistan,1942,0
Uzbekistan,1943,0
Uzbekistan,1944,0
Uzbekistan,1945,0
Uzbekistan,1946,0
Uzbekistan,1947,0
Uzbekistan,1948,0
Uzbekistan,1949,0
Uzbekistan,1950,0
Uzbekistan,1951,0
Uzbekistan,1952,0
Uzbekistan,1953,0
Uzbekistan,1954,0
Uzbekistan,1955,0
Uzbekistan,1956,0
Uzbekistan,1957,0
Uzbekistan,1958,0
Uzbekistan,1959,0
Uzbekistan,1960,0
Uzbekistan,1961,0
Uzbekistan,1962,0
Uzbekistan,1963,0
Uzbekistan,1964,0
Uzbekistan,1965,0
Uzbekistan,1966,0
Uzbekistan,1967,0
Uzbekistan,1968,0
Uzbekistan,1969,0
Uzbekistan,1970,0
Uzbekistan,1971,0
Uzbekistan,1972,0
Uzbekistan,1973,0
Uzbekistan,1974,0
Uzbekistan,1975,0
Uzbekistan,1976,0
Uzbekistan,1977,0
Uzbekistan,1978,0
Uzbekistan,1979,0
Uzbekistan,1980,0
Uzbekistan,1981,0
Uzbekistan,1982,0
Uzbekistan,1983,0
Uzbekistan,1984,0
Uzbekistan,1985,0
Uzbekistan,1986,0
Uzbekistan,1987,0
Uzbekistan,1988,0
Uzbekistan,1989,0
Uzbekistan,1990,0
Uzbekistan,1991,0
Uzbekistan,1992,14
Uzbekistan,1993,14
Uzbekistan,1994,46
Uzbekistan,1995,50
Uzbekistan,1996,60
Uzbekistan,1997,93
Uzbekistan,1998,124
Uzbekistan,1999,148
Uzbekistan,2000,163
Uzbekistan,2001,209
Uzbekistan,2002,210
Uzbekistan,2003,231
Uzbekistan,2004,253
Uzbekistan,2005,261
Uzbekistan,2006,275
Uzbekistan,2007,312
Uzbekistan,2008,334
Uzbekistan,2009,346
Uzbekistan,2010,355
Uzbekistan,2011,381
Uzbekistan,2012,395
Uzbekistan,2013,414
Uzbekistan,2014,428
Uzbekistan,2015,453
Uzbekistan,2016,467
Uzbekistan,2017,472
Uzbekistan,2018,478
Uzbekistan,2019,506
Uzbekistan,2020,510
Uzbekistan,2021,524
Uzbekistan,2022,548
Uzbekistan,2023,572
Uzbekistan,2024,596
Uzbekistan,2025,607
Uzbekistan,2026,615
Vanuatu,1872,0
Vanuatu,1873,0
Vanuatu,1874,0
Vanuatu,1875,0
Vanuatu,1876,0
Vanuatu,1877,0
Vanuatu,1878,0
Vanuatu,1879,0
Vanuatu,1880,0
Vanuatu,1881,0
Vanuatu,1882,0
Vanuatu,1883,0
Vanuatu,1884,0
Vanuatu,1885,0
Vanuatu,1886,0
Vanuatu,1887,0
Vanuatu,1888,0
Vanuatu,1889,0
Vanuatu,1890,0
Vanuatu,1891,0
Vanuatu,1892,0
Vanuatu,1893,0
Vanuatu,1894,0
Vanuatu,1895,0
Vanuatu,1896,0
Vanuatu,1897,0
Vanuatu,1898,0
Vanuatu,1899,0
Vanuatu,1900,0
Vanuatu,1901,0
Vanuatu,1902,0
Vanuatu,1903,0
Vanuatu,1904,0
Vanuatu,1905,0
Vanuatu,1906,0
Vanuatu,1907,0
Vanuatu,1908,0
Vanuatu,1909,0
Vanuatu,1910,0
Vanuatu,1911,0
Vanuatu,1912,0
Vanuatu,1913,0
Vanuatu,1914,0
Vanuatu,1915,0
Vanuatu,1916,0
Vanuatu,1917,0
Vanuatu,1918,0
Vanuatu,1919,0
Vanuatu,1920,0
Vanuatu,1921,0
Vanuatu,1922,0
Vanuatu,1923,0
Vanuatu,1924,0
Vanuatu,1925,0
Vanuatu,1926,0
Vanuatu,1927,0
Vanuatu,1928,0
Vanuatu,1929,0
Vanuatu,1930,0
Vanuatu,1931,0
Vanuatu,1932,0
Vanuatu,1933,0
Vanuatu,1934,0
Vanuatu,1935,0
Vanuatu,1936,0
Vanuatu,1937,0
Vanuatu,1938,0
Vanuatu,1939,0
Vanuatu,1940,0
Vanuatu,1941,0
Vanuatu,1942,0
Vanuatu,1943,0
Vanuatu,1944,0
Vanuatu,1945,0
Vanuatu,1946,0
Vanuatu,1947,0
Vanuatu,1948,0
Vanuatu,1949,0
Vanuatu,1950,0
Vanuatu,1951,0
Vanuatu,1952,0
Vanuatu,1953,4
Vanuatu,1954,4
Vanuatu,1955,4
Vanuatu,1956,4
Vanuatu,1957,5
Vanuatu,1958,5
Vanuatu,1959,5
Vanuatu,1960,5
Vanuatu,1961,5
Vanuatu,1962,5
Vanuatu,1963,8
Vanuatu,1964,8
Vanuatu,1965,8
Vanuatu,1966,17
Vanuatu,1967,17
Vanuatu,1968,17
Vanuatu,1969,30
Vanuatu,1970,30
Vanuatu,1971,39
Vanuatu,1972,39
Vanuatu,1973,44
Vanuatu,1974,44
Vanuatu,1975,48
Vanuatu,1976,48
Vanuatu,1977,48
Vanuatu,1978,50
Vanuatu,1979,63
Vanuatu,1980,69
Vanuatu,1981,89
Vanuatu,1982,89
Vanuatu,1983,94
Vanuatu,1984,94
Vanuatu,1985,94
Vanuatu,1986,94
Vanuatu,1987,116
Vanuatu,1988,118
Vanuatu,1989,120
Vanuatu,1990,124
Vanuatu,1991,131
Vanuatu,1992,134
Vanuatu,1993,140
Vanuatu,1994,145
Vanuatu,1995,155
Vanuatu,1996,157
Vanuatu,1997,157
Vanuatu,1998,167
Vanuatu,1999,167
Vanuatu,2000,185
Vanuatu,2001,196
Vanuatu,2002,198
Vanuatu,2003,221
Vanuatu,2004,244
Vanuatu,2005,244
Vanuatu,2006,244
Vanuatu,2007,276
Vanuatu,2008,281
Vanuatu,2009,281
Vanuatu,2010,281
Vanuatu,2011,304
Vanuatu,2012,312
Vanuatu,2013,312
Vanuatu,2014,312
Vanuatu,2015,315
Vanuatu,2016,318
Vanuatu,2017,339
Vanuatu,2018,341
Vanuatu,2019,369
Vanuatu,2020,369
Vanuatu,2021,369
Vanuatu,2022,370
Vanuatu,2023,382
Vanuatu,2024,395
Vanuatu,2025,401
Vanuatu,2026,403
Vatican City,1872,0
Vatican City,1873,0
Vatican City,1874,0
Vatican City,1875,0
Vatican City,1876,0
Vatican City,1877,0
Vatican City,1878,0
Vatican City,1879,0
Vatican City,1880,0
Vatican City,1881,0
Vatican City,1882,0
Vatican City,1883,0
Vatican City,1884,0
Vatican City,1885,0
Vatican City,1886,0
Vatican City,1887,0
Vatican City,1888,0
Vatican City,1889,0
Vatican City,1890,0
Vatican City,1891,0
Vatican City,1892,0
Vatican City,1893,0
Vatican City,1894,0
Vatican City,1895,0
Vatican City,1896,0
Vatican City,1897,0
Vatican City,1898,0
Vatican City,1899,0
Vatican City,1900,0
Vatican City,1901,0
Vatican City,1902,0
Vatican City,1903,0
Vatican City,1904,0
Vatican City,1905,0
Vatican City,1906,0
Vatican City,1907,0
Vatican City,1908,0
Vatican City,1909,0
Vatican City,1910,0
Vatican City,1911,0
Vatican City,1912,0
Vatican City,1913,0
Vatican City,1914,0
Vatican City,1915,0
Vatican City,1916,0
Vatican City,1917,0
Vatican City,1918,0
Vatican City,1919,0
Vatican City,1920,0
Vatican City,1921,0
Vatican City,1922,0
Vatican City,1923,0
Vatican City,1924,0
Vatican City,1925,0
Vatican City,1926,0
Vatican City,1927,0
Vatican City,1928,0
Vatican City,1929,0
Vatican City,1930,0
Vatican City,1931,0
Vatican City,1932,0
Vatican City,1933,0
Vatican City,1934,0
Vatican City,1935,0
Vatican City,1936,0
Vatican City,1937,0
Vatican City,1938,0
Vatican City,1939,0
Vatican City,1940,0
Vatican City,1941,0
Vatican City,1942,0
Vatican City,1943,0
Vatican City,1944,0
Vatican City,1945,0
Vatican City,1946,0
Vatican City,1947,0
Vatican City,1948,0
Vatican City,1949,0
Vatican City,1950,0
Vatican City,1951,0
Vatican City,1952,0
Vatican City,1953,0
Vatican City,1954,0
Vatican City,1955,0
Vatican City,1956,0
Vatican City,1957,0
Vatican City,1958,0
Vatican City,1959,0
Vatican City,1960,0
Vatican City,1961,0
Vatican City,1962,0
Vatican City,1963,0
Vatican City,1964,0
Vatican City,1965,0
Vatican City,1966,0
Vatican City,1967,0
Vatican City,1968,0
Vatican City,1969,0
Vatican City,1970,0
Vatican City,1971,0
Vatican City,1972,0
Vatican City,1973,0
Vatican City,1974,0
Vatican City,1975,0
Vatican City,1976,0
Vatican City,1977,0
Vatican City,1978,0
Vatican City,1979,0
Vatican City,1980,0
Vatican City,1981,0
Vatican City,1982,0
Vatican City,1983,0
Vatican City,1984,0
Vatican City,1985,0
Vatican City,1986,0
Vatican City,1987,0
Vatican City,1988,0
Vatican City,1989,0
Vatican City,1990,0
Vatican City,1991,0
Vatican City,1992,0
Vatican City,1993,0
Vatican City,1994,0
Vatican City,1995,0
Vatican City,1996,0
Vatican City,1997,0
Vatican City,1998,0
Vatican City,1999,0
Vatican City,2000,0
Vatican City,2001,0
Vatican City,2002,0
Vatican City,2003,0
Vatican City,2004,0
Vatican City,2005,0
Vatican City,2006,0
Vatican City,2007,0
Vatican City,2008,0
Vatican City,2009,0
Vatican City,2010,0
Vatican City,2011,2
Vatican City,2012,2
Vatican City,2013,2
Vatican City,2014,2
Vatican City,2015,2
Vatican City,2016,2
Vatican City,2017,2
Vatican City,2018,2
Vatican City,2019,4
Vatican City,2020,4
Vatican City,2021,4
Vatican City,2022,6
Vatican City,2023,6
Vatican City,2024,6
Vatican City,2025,6
Vatican City,2026,6
Venezuela,1872,0
Venezuela,1873,0
Venezuela,1874,0
Venezuela,1875,0
Venezuela,1876,0
Venezuela,1877,0
Venezuela,1878,0
Venezuela,1879,0
Venezuela,1880,0
Venezuela,1881,0
Venezuela,1882,0
Venezuela,1883,0
Venezuela,1884,0
Venezuela,1885,0
Venezuela,1886,0
Venezuela,1887,0
Venezuela,1888,0
Venezuela,1889,0
Venezuela,1890,0
Venezuela,1891,0
Venezuela,1892,0
Venezuela,1893,0
Venezuela,1894,0
Venezuela,1895,0
Venezuela,1896,0
Venezuela,1897,0
Venezuela,1898,0
Venezuela,1899,0
Venezuela,1900,0
Venezuela,1901,0
Venezuela,1902,0
Venezuela,1903,0
Venezuela,1904,0
Venezuela,1905,0
Venezuela,1906,0
Venezuela,1907,0
Venezuela,1908,0
Venezuela,1909,0
Venezuela,1910,0
Venezuela,1911,0
Venezuela,1912,0
Venezuela,1913,0
Venezuela,1914,0
Venezuela,1915,0
Venezuela,1916,0
Venezuela,1917,0
Venezuela,1918,0
Venezuela,1919,0
Venezuela,1920,0
Venezuela,1921,0
Venezuela,1922,0
Venezuela,1923,0
Venezuela,1924,0
Venezuela,1925,0
Venezuela,1926,0
Venezuela,1927,0
Venezuela,1928,0
Venezuela,1929,0
Venezuela,1930,0
Venezuela,1931,0
Venezuela,1932,0
Venezuela,1933,0
Venezuela,1934,0
Venezuela,1935,0
Venezuela,1936,0
Venezuela,1937,0
Venezuela,1938,9
Venezuela,1939,9
Venezuela,1940,9
Venezuela,1941,9
Venezuela,1942,9
Venezuela,1943,9
Venezuela,1944,17
Venezuela,1945,17
Venezuela,1946,29
Venezuela,1947,31
Venezuela,1948,31
Venezuela,1949,31
Venezuela,1950,31
Venezuela,1951,35
Venezuela,1952,35
Venezuela,1953,35
Venezuela,1954,35
Venezuela,1955,35
Venezuela,1956,41
Venezuela,1957,41
Venezuela,1958,41
Venezuela,1959,41
Venezuela,1960,41
Venezuela,1961,50
Venezuela,1962,50
Venezuela,1963,50
Venezuela,1964,50
Venezuela,1965,54
Venezuela,1966,54
Venezuela,1967,61
Venezuela,1968,61
Venezuela,1969,62
Venezuela,1970,62
Venezuela,1971,62
Venezuela,1972,65
Venezuela,1973,65
Venezuela,1974,65
Venezuela,1975,66
Venezuela,1976,66
Venezuela,1977,69
Venezuela,1978,69
Venezuela,1979,70
Venezuela,1980,70
Venezuela,1981,74
Venezuela,1982,74
Venezuela,1983,75
Venezuela,1984,75
Venezuela,1985,80
Venezuela,1986,80
Venezuela,1987,81
Venezuela,1988,81
Venezuela,1989,91
Venezuela,1990,91
Venezuela,1991,92
Venezuela,1992,92
Venezuela,1993,104
Venezuela,1994,105
Venezuela,1995,110
Venezuela,1996,119
Venezuela,1997,124
Venezuela,1998,124
Venezuela,1999,134
Venezuela,2000,149
Venezuela,2001,161
Venezuela,2002,168
Venezuela,2003,183
Venezuela,2004,201
Venezuela,2005,213
Venezuela,2006,218
Venezuela,2007,252
Venezuela,2008,271
Venezuela,2009,287
Venezuela,2010,301
Venezuela,2011,325
Venezuela,2012,337
Venezuela,2013,347
Venezuela,2014,352
Venezuela,2015,363
Venezuela,2016,379
Venezuela,2017,386
Venezuela,2018,395
Venezuela,2019,417
Venezuela,2020,419
Venezuela,2021,428
Venezuela,2022,443
Venezuela,2023,454
Venezuela,2024,467
Venezuela,2025,476
Venezuela,2026,483
Vietnam,1872,0
Vietnam,1873,0
Vietnam,1874,0
Vietnam,1875,0
Vietnam,1876,0
Vietnam,1877,0
Vietnam,1878,0
Vietnam,1879,0
Vietnam,1880,0
Vietnam,1881,0
Vietnam,1882,0
Vietnam,1883,0
Vietnam,1884,0
Vietnam,1885,0
Vietnam,1886,0
Vietnam,1887,0
Vietnam,1888,0
Vietnam,1889,0
Vietnam,1890,0
Vietnam,1891,0
Vietnam,1892,0
Vietnam,1893,0
Vietnam,1894,0
Vietnam,1895,0
Vietnam,1896,0
Vietnam,1897,0
Vietnam,1898,0
Vietnam,1899,0
Vietnam,1900,0
Vietnam,1901,0
Vietnam,1902,0
Vietnam,1903,0
Vietnam,1904,0
Vietnam,1905,0
Vietnam,1906,0
Vietnam,1907,0
Vietnam,1908,0
Vietnam,1909,0
Vietnam,1910,0
Vietnam,1911,0
Vietnam,1912,0
Vietnam,1913,0
Vietnam,1914,0
Vietnam,1915,0
Vietnam,1916,0
Vietnam,1917,0
Vietnam,1918,0
Vietnam,1919,0
Vietnam,1920,0
Vietnam,1921,0
Vietnam,1922,0
Vietnam,1923,0
Vietnam,1924,0
Vietnam,1925,0
Vietnam,1926,0
Vietnam,1927,0
Vietnam,1928,0
Vietnam,1929,0
Vietnam,1930,0
Vietnam,1931,0
Vietnam,1932,0
Vietnam,1933,0
Vietnam,1934,0
Vietnam,1935,0
Vietnam,1936,0
Vietnam,1937,0
Vietnam,1938,0
Vietnam,1939,0
Vietnam,1940,0
Vietnam,1941,0
Vietnam,1942,0
Vietnam,1943,0
Vietnam,1944,0
Vietnam,1945,0
Vietnam,1946,0
Vietnam,1947,0
Vietnam,1948,0
Vietnam,1949,3
Vietnam,1950,3
Vietnam,1951,3
Vietnam,1952,3
Vietnam,1953,3
Vietnam,1954,8
Vietnam,1955,8
Vietnam,1956,8
Vietnam,1957,8
Vietnam,1958,8
Vietnam,1959,8
Vietnam,1960,8
Vietnam,1961,8
Vietnam,1962,8
Vietnam,1963,8
Vietnam,1964,8
Vietnam,1965,8
Vietnam,1966,8
Vietnam,1967,8
Vietnam,1968,8
Vietnam,1969,8
Vietnam,1970,8
Vietnam,1971,8
Vietnam,1972,8
Vietnam,1973,8
Vietnam,1974,8
Vietnam,1975,8
Vietnam,1976,8
Vietnam,1977,8
Vietnam,1978,8
Vietnam,1979,8
Vietnam,1980,8
Vietnam,1981,8
Vietnam,1982,8
Vietnam,1983,8
Vietnam,1984,8
Vietnam,1985,8
Vietnam,1986,8
Vietnam,1987,8
Vietnam,1988,8
Vietnam,1989,8
Vietnam,1990,8
Vietnam,1991,11
Vietnam,1992,11
Vietnam,1993,16
Vietnam,1994,16
Vietnam,1995,27
Vietnam,1996,54
Vietnam,1997,65
Vietnam,1998,74
Vietnam,1999,89
Vietnam,2000,119
Vietnam,2001,128
Vietnam,2002,155
Vietnam,2003,163
Vietnam,2004,188
Vietnam,2005,188
Vietnam,2006,195
Vietnam,2007,217
Vietnam,2008,231
Vietnam,2009,239
Vietnam,2010,252
Vietnam,2011,267
Vietnam,2012,278
Vietnam,2013,282
Vietnam,2014,310
Vietnam,2015,314
Vietnam,2016,343
Vietnam,2017,352
Vietnam,2018,373
Vietnam,2019,383
Vietnam,2020,383
Vietnam,2021,405
Vietnam,2022,428
Vietnam,2023,441
Vietnam,2024,468
Vietnam,2025,486
Vietnam,2026,489
Vietnam Republic,1872,0
Vietnam Republic,1873,0
Vietnam Republic,1874,0
Vietnam Republic,1875,0
Vietnam Republic,1876,0
Vietnam Republic,1877,0
Vietnam Republic,1878,0
Vietnam Republic,1879,0
Vietnam Republic,1880,0
Vietnam Republic,1881,0
Vietnam Republic,1882,0
Vietnam Republic,1883,0
Vietnam Republic,1884,0
Vietnam Republic,1885,0
Vietnam Republic,1886,0
Vietnam Republic,1887,0
Vietnam Republic,1888,0
Vietnam Republic,1889,0
Vietnam Republic,1890,0
Vietnam Republic,1891,0
Vietnam Republic,1892,0
Vietnam Republic,1893,0
Vietnam Republic,1894,0
Vietnam Republic,1895,0
Vietnam Republic,1896,0
Vietnam Republic,1897,0
Vietnam Republic,1898,0
Vietnam Republic,1899,0
Vietnam Republic,1900,0
Vietnam Republic,1901,0
Vietnam Republic,1902,0
Vietnam Republic,1903,0
Vietnam Republic,1904,0
Vietnam Republic,1905,0
Vietnam Republic,1906,0
Vietnam Republic,1907,0
Vietnam Republic,1908,0
Vietnam Republic,1909,0
Vietnam Republic,1910,0
Vietnam Republic,1911,0
Vietnam Republic,1912,0
Vietnam Republic,1913,0
Vietnam Republic,1914,0
Vietnam Republic,1915,0
Vietnam Republic,1916,0
Vietnam Republic,1917,0
Vietnam Republic,1918,0
Vietnam Republic,1919,0
Vietnam Republic,1920,0
Vietnam Republic,1921,0
Vietnam Republic,1922,0
Vietnam Republic,1923,0
Vietnam Republic,1924,0
Vietnam Republic,1925,0
Vietnam Republic,1926,0
Vietnam Republic,1927,0
Vietnam Republic,1928,0
Vietnam Republic,1929,0
Vietnam Republic,1930,0
Vietnam Republic,1931,0
Vietnam Republic,1932,0
Vietnam Republic,1933,0
Vietnam Republic,1934,0
Vietnam Republic,1935,0
Vietnam Republic,1936,0
Vietnam Republic,1937,0
Vietnam Republic,1938,0
Vietnam Republic,1939,0
Vietnam Republic,1940,0
Vietnam Republic,1941,0
Vietnam Republic,1942,0
Vietnam Republic,1943,0
Vietnam Republic,1944,0
Vietnam Republic,1945,0
Vietnam Republic,1946,0
Vietnam Republic,1947,0
Vietnam Republic,1948,0
Vietnam Republic,1949,0
Vietnam Republic,1950,0
Vietnam Republic,1951,0
Vietnam Republic,1952,0
Vietnam Republic,1953,0
Vietnam Republic,1954,0
Vietnam Republic,1955,0
Vietnam Republic,1956,18
Vietnam Republic,1957,30
Vietnam Republic,1958,43
Vietnam Republic,1959,72
Vietnam Republic,1960,82
Vietnam Republic,1961,109
Vietnam Republic,1962,141
Vietnam Republic,1963,162
Vietnam Republic,1964,165
Vietnam Republic,1965,190
Vietnam Republic,1966,211
Vietnam Republic,1967,254
Vietnam Republic,1968,264
Vietnam Republic,1969,277
Vietnam Republic,1970,297
Vietnam Republic,1971,325
Vietnam Republic,1972,330
Vietnam Republic,1973,353
Vietnam Republic,1974,363
Vietnam Republic,1975,364
Vietnam Republic,1976,364
Vietnam Republic,1977,364
Vietnam Republic,1978,364
Vietnam Republic,1979,364
Vietnam Republic,1980,364
Vietnam Republic,1981,364
Vietnam Republic,1982,364
Vietnam Republic,1983,364
Vietnam Republic,1984,364
Vietnam Republic,1985,364
Vietnam Republic,1986,364
Vietnam Republic,1987,364
Vietnam Republic,1988,364
Vietnam Republic,1989,364
Vietnam Republic,1990,364
Vietnam Republic,1991,364
Vietnam Republic,1992,364
Vietnam Republic,1993,364
Vietnam Republic,1994,364
Vietnam Republic,1995,364
Vietnam Republic,1996,364
Vietnam Republic,1997,364
Vietnam Republic,1998,364
Vietnam Republic,1999,364
Vietnam Republic,2000,364
Vietnam Republic,2001,364
Vietnam Republic,2002,364
Vietnam Republic,2003,364
Vietnam Republic,2004,364
Vietnam Republic,2005,364
Vietnam Republic,2006,364
Vietnam Republic,2007,364
Vietnam Republic,2008,364
Vietnam Republic,2009,364
Vietnam Republic,2010,364
Vietnam Republic,2011,364
Vietnam Republic,2012,364
Vietnam Republic,2013,364
Vietnam Republic,2014,364
Vietnam Republic,2015,364
Vietnam Republic,2016,364
Vietnam Republic,2017,364
Vietnam Republic,2018,364
Vietnam Republic,2019,364
Vietnam Republic,2020,364
Vietnam Republic,2021,364
Vietnam Republic,2022,364
Vietnam Republic,2023,364
Vietnam Republic,2024,364
Vietnam Republic,2025,364
Vietnam Republic,2026,364
Wales,1872,0
Wales,1873,0
Wales,1874,0
Wales,1875,0
Wales,1876,0
Wales,1877,0
Wales,1878,0
Wales,1879,1
Wales,1880,4
Wales,1881,6
Wales,1882,18
Wales,1883,19
Wales,1884,26
Wales,1885,36
Wales,1886,43
Wales,1887,44
Wales,1888,57
Wales,1889,61
Wales,1890,67
Wales,1891,73
Wales,1892,75
Wales,1893,75
Wales,1894,82
Wales,1895,87
Wales,1896,94
Wales,1897,99
Wales,1898,101
Wales,1899,101
Wales,1900,106
Wales,1901,108
Wales,1902,109
Wales,1903,110
Wales,1904,113
Wales,1905,119
Wales,1906,125
Wales,1907,130
Wales,1908,132
Wales,1909,138
Wales,1910,142
Wales,1911,146
Wales,1912,148
Wales,1913,152
Wales,1914,153
Wales,1915,153
Wales,1916,153
Wales,1917,153
Wales,1918,153
Wales,1919,153
Wales,1920,158
Wales,1921,161
Wales,1922,163
Wales,1923,165
Wales,1924,170
Wales,1925,172
Wales,1926,175
Wales,1927,184
Wales,1928,190
Wales,1929,194
Wales,1930,195
Wales,1931,201
Wales,1932,210
Wales,1933,217
Wales,1934,219
Wales,1935,223
Wales,1936,231
Wales,1937,238
Wales,1938,244
Wales,1939,248
Wales,1940,248
Wales,1941,248
Wales,1942,248
Wales,1943,248
Wales,1944,248
Wales,1945,249
Wales,1946,252
Wales,1947,255
Wales,1948,258
Wales,1949,269
Wales,1950,272
Wales,1951,281
Wales,1952,287
Wales,1953,297
Wales,1954,301
Wales,1955,307
Wales,1956,311
Wales,1957,318
Wales,1958,329
Wales,1959,331
Wales,1960,340
Wales,1961,350
Wales,1962,360
Wales,1963,366
Wales,1964,372
Wales,1965,390
Wales,1966,394
Wales,1967,396
Wales,1968,399
Wales,1969,407
Wales,1970,409
Wales,1971,414
Wales,1972,414
Wales,1973,417
Wales,1974,426
Wales,1975,436
Wales,1976,440
Wales,1977,446
Wales,1978,458
Wales,1979,467
Wales,1980,480
Wales,1981,488
Wales,1982,498
Wales,1983,508
Wales,1984,513
Wales,1985,521
Wales,1986,528
Wales,1987,534
Wales,1988,542
Wales,1989,547
Wales,1990,554
Wales,1991,560
Wales,1992,571
Wales,1993,583
Wales,1994,590
Wales,1995,595
Wales,1996,608
Wales,1997,616
Wales,1998,624
Wales,1999,626
Wales,2000,630
Wales,2001,638
Wales,2002,647
Wales,2003,656
Wales,2004,668
Wales,2005,675
Wales,2006,687
Wales,2007,703
Wales,2008,715
Wales,2009,725
Wales,2010,731
Wales,2011,744
Wales,2012,747
Wales,2013,756
Wales,2014,763
Wales,2015,772
Wales,2016,791
Wales,2017,797
Wales,2018,810
Wales,2019,822
Wales,2020,829
Wales,2021,847
Wales,2022,858
Wales,2023,872
Wales,2024,885
Wales,2025,906
Wales,2026,910
Wallis Islands and Futuna,1872,0
Wallis Islands and Futuna,1873,0
Wallis Islands and Futuna,1874,0
Wallis Islands and Futuna,1875,0
Wallis Islands and Futuna,1876,0
Wallis Islands and Futuna,1877,0
Wallis Islands and Futuna,1878,0
Wallis Islands and Futuna,1879,0
Wallis Islands and Futuna,1880,0
Wallis Islands and Futuna,1881,0
Wallis Islands and Futuna,1882,0
Wallis Islands and Futuna,1883,0
Wallis Islands and Futuna,1884,0
Wallis Islands and Futuna,1885,0
Wallis Islands and Futuna,1886,0
Wallis Islands and Futuna,1887,0
Wallis Islands and Futuna,1888,0
Wallis Islands and Futuna,1889,0
Wallis Islands and Futuna,1890,0
Wallis Islands and Futuna,1891,0
Wallis Islands and Futuna,1892,0
Wallis Islands and Futuna,1893,0
Wallis Islands and Futuna,1894,0
Wallis Islands and Futuna,1895,0
Wallis Islands and Futuna,1896,0
Wallis Islands and Futuna,1897,0
Wallis Islands and Futuna,1898,0
Wallis Islands and Futuna,1899,0
Wallis Islands and Futuna,1900,0
Wallis Islands and Futuna,1901,0
Wallis Islands and Futuna,1902,0
Wallis Islands and Futuna,1903,0
Wallis Islands and Futuna,1904,0
Wallis Islands and Futuna,1905,0
Wallis Islands and Futuna,1906,0
Wallis Islands and Futuna,1907,0
Wallis Islands and Futuna,1908,0
Wallis Islands and Futuna,1909,0
Wallis Islands and Futuna,1910,0
Wallis Islands and Futuna,1911,0
Wallis Islands and Futuna,1912,0
Wallis Islands and Futuna,1913,0
Wallis Islands and Futuna,1914,0
Wallis Islands and Futuna,1915,0
Wallis Islands and Futuna,1916,0
Wallis Islands and Futuna,1917,0
Wallis Islands and Futuna,1918,0
Wallis Islands and Futuna,1919,0
Wallis Islands and Futuna,1920,0
Wallis Islands and Futuna,1921,0
Wallis Islands and Futuna,1922,0
Wallis Islands and Futuna,1923,0
Wallis Islands and Futuna,1924,0
Wallis Islands and Futuna,1925,0
Wallis Islands and Futuna,1926,0
Wallis Islands and Futuna,1927,0
Wallis Islands and Futuna,1928,0
Wallis Islands and Futuna,1929,0
Wallis Islands and Futuna,1930,0
Wallis Islands and Futuna,1931,0
Wallis Islands and Futuna,1932,0
Wallis Islands and Futuna,1933,0
Wallis Islands and Futuna,1934,0
Wallis Islands and Futuna,1935,0
Wallis Islands and Futuna,1936,0
Wallis Islands and Futuna,1937,0
Wallis Islands and Futuna,1938,0
Wallis Islands and Futuna,1939,0
Wallis Islands and Futuna,1940,0
Wallis Islands and Futuna,1941,0
Wallis Islands and Futuna,1942,0
Wallis Islands and Futuna,1943,0
Wallis Islands and Futuna,1944,0
Wallis Islands and Futuna,1945,0
Wallis Islands and Futuna,1946,0
Wallis Islands and Futuna,1947,0
Wallis Islands and Futuna,1948,0
Wallis Islands and Futuna,1949,0
Wallis Islands and Futuna,1950,0
Wallis Islands and Futuna,1951,0
Wallis Islands and Futuna,1952,0
Wallis Islands and Futuna,1953,0
Wallis Islands and Futuna,1954,0
Wallis Islands and Futuna,1955,0
Wallis Islands and Futuna,1956,0
Wallis Islands and Futuna,1957,0
Wallis Islands and Futuna,1958,0
Wallis Islands and Futuna,1959,0
Wallis Islands and Futuna,1960,0
Wallis Islands and Futuna,1961,0
Wallis Islands and Futuna,1962,0
Wallis Islands and Futuna,1963,0
Wallis Islands and Futuna,1964,0
Wallis Islands and Futuna,1965,0
Wallis Islands and Futuna,1966,1
Wallis Islands and Futuna,1967,1
Wallis Islands and Futuna,1968,1
Wallis Islands and Futuna,1969,1
Wallis Islands and Futuna,1970,1
Wallis Islands and Futuna,1971,1
Wallis Islands and Futuna,1972,1
Wallis Islands and Futuna,1973,1
Wallis Islands and Futuna,1974,1
Wallis Islands and Futuna,1975,1
Wallis Islands and Futuna,1976,1
Wallis Islands and Futuna,1977,1
Wallis Islands and Futuna,1978,1
Wallis Islands and Futuna,1979,4
Wallis Islands and Futuna,1980,4
Wallis Islands and Futuna,1981,4
Wallis Islands and Futuna,1982,4
Wallis Islands and Futuna,1983,9
Wallis Islands and Futuna,1984,9
Wallis Islands and Futuna,1985,9
Wallis Islands and Futuna,1986,9
Wallis Islands and Futuna,1987,16
Wallis Islands and Futuna,1988,16
Wallis Islands and Futuna,1989,16
Wallis Islands and Futuna,1990,16
Wallis Islands and Futuna,1991,21
Wallis Islands and Futuna,1992,21
Wallis Islands and Futuna,1993,21
Wallis Islands and Futuna,1994,21
Wallis Islands and Futuna,1995,23
Wallis Islands and Futuna,1996,23
Wallis Islands and Futuna,1997,23
Wallis Islands and Futuna,1998,23
Wallis Islands and Futuna,1999,23
Wallis Islands and Futuna,2000,23
Wallis Islands and Futuna,2001,23
Wallis Islands and Futuna,2002,23
Wallis Islands and Futuna,2003,23
Wallis Islands and Futuna,2004,23
Wallis Islands and Futuna,2005,23
Wallis Islands and Futuna,2006,23
Wallis Islands and Futuna,2007,23
Wallis Islands and Futuna,2008,23
Wallis Islands and Futuna,2009,23
Wallis Islands and Futuna,2010,23
Wallis Islands and Futuna,2011,23
Wallis Islands and Futuna,2012,23
Wallis Islands and Futuna,2013,23
Wallis Islands and Futuna,2014,23
Wallis Islands and Futuna,2015,23
Wallis Islands and Futuna,2016,23
Wallis Islands and Futuna,2017,23
Wallis Islands and Futuna,2018,23
Wallis Islands and Futuna,2019,23
Wallis Islands and Futuna,2020,23
Wallis Islands and Futuna,2021,23
Wallis Islands and Futuna,2022,23
Wallis Islands and Futuna,2023,23
Wallis Islands and Futuna,2024,23
Wallis Islands and Futuna,2025,23
Wallis Islands and Futuna,2026,23
West Papua,1872,0
West Papua,1873,0
West Papua,1874,0
West Papua,1875,0
West Papua,1876,0
West Papua,1877,0
West Papua,1878,0
West Papua,1879,0
West Papua,1880,0
West Papua,1881,0
West Papua,1882,0
West Papua,1883,0
West Papua,1884,0
West Papua,1885,0
West Papua,1886,0
West Papua,1887,0
West Papua,1888,0
West Papua,1889,0
West Papua,1890,0
West Papua,1891,0
West Papua,1892,0
West Papua,1893,0
West Papua,1894,0
West Papua,1895,0
West Papua,1896,0
West Papua,1897,0
West Papua,1898,0
West Papua,1899,0
West Papua,1900,0
West Papua,1901,0
West Papua,1902,0
West Papua,1903,0
West Papua,1904,0
West Papua,1905,0
West Papua,1906,0
West Papua,1907,0
West Papua,1908,0
West Papua,1909,0
West Papua,1910,0
West Papua,1911,0
West Papua,1912,0
West Papua,1913,0
West Papua,1914,0
West Papua,1915,0
West Papua,1916,0
West Papua,1917,0
West Papua,1918,0
West Papua,1919,0
West Papua,1920,0
West Papua,1921,0
West Papua,1922,0
West Papua,1923,0
West Papua,1924,0
West Papua,1925,0
West Papua,1926,0
West Papua,1927,0
West Papua,1928,0
West Papua,1929,0
West Papua,1930,0
West Papua,1931,0
West Papua,1932,0
West Papua,1933,0
West Papua,1934,0
West Papua,1935,0
West Papua,1936,0
West Papua,1937,0
West Papua,1938,0
West Papua,1939,0
West Papua,1940,0
West Papua,1941,0
West Papua,1942,0
West Papua,1943,0
West Papua,1944,0
West Papua,1945,0
West Papua,1946,0
West Papua,1947,0
West Papua,1948,0
West Papua,1949,0
West Papua,1950,0
West Papua,1951,0
West Papua,1952,0
West Papua,1953,0
West Papua,1954,0
West Papua,1955,0
West Papua,1956,0
West Papua,1957,0
West Papua,1958,0
West Papua,1959,0
West Papua,1960,0
West Papua,1961,0
West Papua,1962,0
West Papua,1963,0
West Papua,1964,0
West Papua,1965,0
West Papua,1966,0
West Papua,1967,0
West Papua,1968,0
West Papua,1969,0
West Papua,1970,0
West Papua,1971,0
West Papua,1972,0
West Papua,1973,0
West Papua,1974,0
West Papua,1975,0
West Papua,1976,0
West Papua,1977,0
West Papua,1978,0
West Papua,1979,0
West Papua,1980,0
West Papua,1981,0
West Papua,1982,0
West Papua,1983,0
West Papua,1984,0
West Papua,1985,0
West Papua,1986,0
West Papua,1987,0
West Papua,1988,0
West Papua,1989,0
West Papua,1990,0
West Papua,1991,0
West Papua,1992,0
West Papua,1993,0
West Papua,1994,0
West Papua,1995,0
West Papua,1996,0
West Papua,1997,0
West Papua,1998,0
West Papua,1999,0
West Papua,2000,0
West Papua,2001,0
West Papua,2002,0
West Papua,2003,0
West Papua,2004,0
West Papua,2005,0
West Papua,2006,0
West Papua,2007,0
West Papua,2008,0
West Papua,2009,0
West Papua,2010,0
West Papua,2011,0
West Papua,2012,0
West Papua,2013,0
West Papua,2014,0
West Papua,2015,0
West Papua,2016,0
West Papua,2017,0
West Papua,2018,0
West Papua,2019,2
West Papua,2020,2
West Papua,2021,2
West Papua,2022,3
West Papua,2023,3
West Papua,2024,3
West Papua,2025,3
West Papua,2026,3
Western Armenia,1872,0
Western Armenia,1873,0
Western Armenia,1874,0
Western Armenia,1875,0
Western Armenia,1876,0
Western Armenia,1877,0
Western Armenia,1878,0
Western Armenia,1879,0
Western Armenia,1880,0
Western Armenia,1881,0
Western Armenia,1882,0
Western Armenia,1883,0
Western Armenia,1884,0
Western Armenia,1885,0
Western Armenia,1886,0
Western Armenia,1887,0
Western Armenia,1888,0
Western Armenia,1889,0
Western Armenia,1890,0
Western Armenia,1891,0
Western Armenia,1892,0
Western Armenia,1893,0
Western Armenia,1894,0
Western Armenia,1895,0
Western Armenia,1896,0
Western Armenia,1897,0
Western Armenia,1898,0
Western Armenia,1899,0
Western Armenia,1900,0
Western Armenia,1901,0
Western Armenia,1902,0
Western Armenia,1903,0
Western Armenia,1904,0
Western Armenia,1905,0
Western Armenia,1906,0
Western Armenia,1907,0
Western Armenia,1908,0
Western Armenia,1909,0
Western Armenia,1910,0
Western Armenia,1911,0
Western Armenia,1912,0
Western Armenia,1913,0
Western Armenia,1914,0
Western Armenia,1915,0
Western Armenia,1916,0
Western Armenia,1917,0
Western Armenia,1918,0
Western Armenia,1919,0
Western Armenia,1920,0
Western Armenia,1921,0
Western Armenia,1922,0
Western Armenia,1923,0
Western Armenia,1924,0
Western Armenia,1925,0
Western Armenia,1926,0
Western Armenia,1927,0
Western Armenia,1928,0
Western Armenia,1929,0
Western Armenia,1930,0
Western Armenia,1931,0
Western Armenia,1932,0
Western Armenia,1933,0
Western Armenia,1934,0
Western Armenia,1935,0
Western Armenia,1936,0
Western Armenia,1937,0
Western Armenia,1938,0
Western Armenia,1939,0
Western Armenia,1940,0
Western Armenia,1941,0
Western Armenia,1942,0
Western Armenia,1943,0
Western Armenia,1944,0
Western Armenia,1945,0
Western Armenia,1946,0
Western Armenia,1947,0
Western Armenia,1948,0
Western Armenia,1949,0
Western Armenia,1950,0
Western Armenia,1951,0
Western Armenia,1952,0
Western Armenia,1953,0
Western Armenia,1954,0
Western Armenia,1955,0
Western Armenia,1956,0
Western Armenia,1957,0
Western Armenia,1958,0
Western Armenia,1959,0
Western Armenia,1960,0
Western Armenia,1961,0
Western Armenia,1962,0
Western Armenia,1963,0
Western Armenia,1964,0
Western Armenia,1965,0
Western Armenia,1966,0
Western Armenia,1967,0
Western Armenia,1968,0
Western Armenia,1969,0
Western Armenia,1970,0
Western Armenia,1971,0
Western Armenia,1972,0
Western Armenia,1973,0
Western Armenia,1974,0
Western Armenia,1975,0
Western Armenia,1976,0
Western Armenia,1977,0
Western Armenia,1978,0
Western Armenia,1979,0
Western Armenia,1980,0
Western Armenia,1981,0
Western Armenia,1982,0
Western Armenia,1983,0
Western Armenia,1984,0
Western Armenia,1985,0
Western Armenia,1986,0
Western Armenia,1987,0
Western Armenia,1988,0
Western Armenia,1989,0
Western Armenia,1990,0
Western Armenia,1991,0
Western Armenia,1992,0
Western Armenia,1993,0
Western Armenia,1994,0
Western Armenia,1995,0
Western Armenia,1996,0
Western Armenia,1997,0
Western Armenia,1998,0
Western Armenia,1999,0
Western Armenia,2000,0
Western Armenia,2001,0
Western Armenia,2002,0
Western Armenia,2003,0
Western Armenia,2004,0
Western Armenia,2005,0
Western Armenia,2006,0
Western Armenia,2007,0
Western Armenia,2008,0
Western Armenia,2009,0
Western Armenia,2010,0
Western Armenia,2011,0
Western Armenia,2012,0
Western Armenia,2013,0
Western Armenia,2014,0
Western Armenia,2015,0
Western Armenia,2016,14
Western Armenia,2017,14
Western Armenia,2018,26
Western Armenia,2019,34
Western Armenia,2020,34
Western Armenia,2021,34
Western Armenia,2022,34
Western Armenia,2023,34
Western Armenia,2024,34
Western Armenia,2025,34
Western Armenia,2026,34
Western Australia,1872,0
Western Australia,1873,0
Western Australia,1874,0
Western Australia,1875,0
Western Australia,1876,0
Western Australia,1877,0
Western Australia,1878,0
Western Australia,1879,0
Western Australia,1880,0
Western Australia,1881,0
Western Australia,1882,0
Western Australia,1883,0
Western Australia,1884,0
Western Australia,1885,0
Western Australia,1886,0
Western Australia,1887,0
Western Australia,1888,0
Western Australia,1889,0
Western Australia,1890,0
Western Australia,1891,0
Western Australia,1892,0
Western Australia,1893,0
Western Australia,1894,0
Western Australia,1895,0
Western Australia,1896,0
Western Australia,1897,0
Western Australia,1898,0
Western Australia,1899,0
Western Australia,1900,0
Western Australia,1901,0
Western Australia,1902,0
Western Australia,1903,0
Western Australia,1904,0
Western Australia,1905,0
Western Australia,1906,0
Western Australia,1907,0
Western Australia,1908,0
Western Australia,1909,0
Western Australia,1910,0
Western Australia,1911,0
Western Australia,1912,0
Western Australia,1913,0
Western Australia,1914,0
Western Australia,1915,0
Western Australia,1916,0
Western Australia,1917,0
Western Australia,1918,0
Western Australia,1919,0
Western Australia,1920,0
Western Australia,1921,0
Western Australia,1922,0
Western Australia,1923,0
Western Australia,1924,0
Western Australia,1925,0
Western Australia,1926,0
Western Australia,1927,0
Western Australia,1928,0
Western Australia,1929,0
Western Australia,1930,0
Western Australia,1931,0
Western Australia,1932,0
Western Australia,1933,0
Western Australia,1934,0
Western Australia,1935,0
Western Australia,1936,0
Western Australia,1937,0
Western Australia,1938,0
Western Australia,1939,0
Western Australia,1940,0
Western Australia,1941,0
Western Australia,1942,0
Western Australia,1943,0
Western Australia,1944,0
Western Australia,1945,0
Western Australia,1946,0
Western Australia,1947,0
Western Australia,1948,0
Western Australia,1949,0
Western Australia,1950,0
Western Australia,1951,0
Western Australia,1952,0
Western Australia,1953,0
Western Australia,1954,0
Western Australia,1955,0
Western Australia,1956,0
Western Australia,1957,0
Western Australia,1958,0
Western Australia,1959,0
Western Australia,1960,0
Western Australia,1961,0
Western Australia,1962,0
Western Australia,1963,0
Western Australia,1964,0
Western Australia,1965,0
Western Australia,1966,0
Western Australia,1967,13
Western Australia,1968,34
Western Australia,1969,47
Western Australia,1970,56
Western Australia,1971,60
Western Australia,1972,60
Western Australia,1973,60
Western Australia,1974,60
Western Australia,1975,60
Western Australia,1976,60
Western Australia,1977,60
Western Australia,1978,60
Western Australia,1979,60
Western Australia,1980,63
Western Australia,1981,63
Western Australia,1982,63
Western Australia,1983,63
Western Australia,1984,63
Western Australia,1985,63
Western Australia,1986,63
Western Australia,1987,63
Western Australia,1988,63
Western Australia,1989,63
Western Australia,1990,63
Western Australia,1991,63
Western Australia,1992,63
Western Australia,1993,63
Western Australia,1994,63
Western Australia,1995,63
Western Australia,1996,63
Western Australia,1997,63
Western Australia,1998,63
Western Australia,1999,63
Western Australia,2000,63
Western Australia,2001,63
Western Australia,2002,63
Western Australia,2003,63
Western Australia,2004,63
Western Australia,2005,63
Western Australia,2006,63
Western Australia,2007,63
Western Australia,2008,63
Western Australia,2009,63
Western Australia,2010,63
Western Australia,2011,63
Western Australia,2012,63
Western Australia,2013,63
Western Australia,2014,63
Western Australia,2015,63
Western Australia,2016,63
Western Australia,2017,63
Western Australia,2018,63
Western Australia,2019,63
Western Australia,2020,63
Western Australia,2021,63
Western Australia,2022,63
Western Australia,2023,63
Western Australia,2024,63
Western Australia,2025,63
Western Australia,2026,63
Western Isles,1872,0
Western Isles,1873,0
Western Isles,1874,0
Western Isles,1875,0
Western Isles,1876,0
Western Isles,1877,0
Western Isles,1878,0
Western Isles,1879,0
Western Isles,1880,0
Western Isles,1881,0
Western Isles,1882,0
Western Isles,1883,0
Western Isles,1884,0
Western Isles,1885,0
Western Isles,1886,0
Western Isles,1887,0
Western Isles,1888,0
Western Isles,1889,0
Western Isles,1890,0
Western Isles,1891,0
Western Isles,1892,0
Western Isles,1893,0
Western Isles,1894,0
Western Isles,1895,0
Western Isles,1896,0
Western Isles,1897,0
Western Isles,1898,0
Western Isles,1899,0
Western Isles,1900,0
Western Isles,1901,0
Western Isles,1902,0
Western Isles,1903,0
Western Isles,1904,0
Western Isles,1905,0
Western Isles,1906,0
Western Isles,1907,0
Western Isles,1908,0
Western Isles,1909,0
Western Isles,1910,0
Western Isles,1911,0
Western Isles,1912,0
Western Isles,1913,0
Western Isles,1914,0
Western Isles,1915,0
Western Isles,1916,0
Western Isles,1917,0
Western Isles,1918,0
Western Isles,1919,0
Western Isles,1920,0
Western Isles,1921,0
Western Isles,1922,0
Western Isles,1923,0
Western Isles,1924,0
Western Isles,1925,0
Western Isles,1926,0
Western Isles,1927,0
Western Isles,1928,0
Western Isles,1929,0
Western Isles,1930,0
Western Isles,1931,0
Western Isles,1932,0
Western Isles,1933,0
Western Isles,1934,0
Western Isles,1935,0
Western Isles,1936,0
Western Isles,1937,0
Western Isles,1938,0
Western Isles,1939,0
Western Isles,1940,0
Western Isles,1941,0
Western Isles,1942,0
Western Isles,1943,0
Western Isles,1944,0
Western Isles,1945,0
Western Isles,1946,0
Western Isles,1947,0
Western Isles,1948,0
Western Isles,1949,0
Western Isles,1950,0
Western Isles,1951,0
Western Isles,1952,0
Western Isles,1953,0
Western Isles,1954,0
Western Isles,1955,0
Western Isles,1956,0
Western Isles,1957,0
Western Isles,1958,0
Western Isles,1959,0
Western Isles,1960,0
Western Isles,1961,0
Western Isles,1962,0
Western Isles,1963,0
Western Isles,1964,0
Western Isles,1965,0
Western Isles,1966,0
Western Isles,1967,0
Western Isles,1968,0
Western Isles,1969,0
Western Isles,1970,0
Western Isles,1971,0
Western Isles,1972,0
Western Isles,1973,0
Western Isles,1974,0
Western Isles,1975,0
Western Isles,1976,0
Western Isles,1977,0
Western Isles,1978,0
Western Isles,1979,0
Western Isles,1980,0
Western Isles,1981,0
Western Isles,1982,0
Western Isles,1983,0
Western Isles,1984,0
Western Isles,1985,0
Western Isles,1986,0
Western Isles,1987,0
Western Isles,1988,0
Western Isles,1989,0
Western Isles,1990,0
Western Isles,1991,0
Western Isles,1992,0
Western Isles,1993,0
Western Isles,1994,0
Western Isles,1995,0
Western Isles,1996,0
Western Isles,1997,0
Western Isles,1998,0
Western Isles,1999,0
Western Isles,2000,0
Western Isles,2001,0
Western Isles,2002,0
Western Isles,2003,0
Western Isles,2004,0
Western Isles,2005,14
Western Isles,2006,14
Western Isles,2007,20
Western Isles,2008,20
Western Isles,2009,30
Western Isles,2010,30
Western Isles,2011,30
Western Isles,2012,30
Western Isles,2013,30
Western Isles,2014,30
Western Isles,2015,35
Western Isles,2016,35
Western Isles,2017,40
Western Isles,2018,40
Western Isles,2019,44
Western Isles,2020,44
Western Isles,2021,44
Western Isles,2022,44
Western Isles,2023,48
Western Isles,2024,48
Western Isles,2025,51
Western Isles,2026,51
Western Sahara,1872,0
Western Sahara,1873,0
Western Sahara,1874,0
Western Sahara,1875,0
Western Sahara,1876,0
Western Sahara,1877,0
Western Sahara,1878,0
Western Sahara,1879,0
Western Sahara,1880,0
Western Sahara,1881,0
Western Sahara,1882,0
Western Sahara,1883,0
Western Sahara,1884,0
Western Sahara,1885,0
Western Sahara,1886,0
Western Sahara,1887,0
Western Sahara,1888,0
Western Sahara,1889,0
Western Sahara,1890,0
Western Sahara,1891,0
Western Sahara,1892,0
Western Sahara,1893,0
Western Sahara,1894,0
Western Sahara,1895,0
Western Sahara,1896,0
Western Sahara,1897,0
Western Sahara,1898,0
Western Sahara,1899,0
Western Sahara,1900,0
Western Sahara,1901,0
Western Sahara,1902,0
Western Sahara,1903,0
Western Sahara,1904,0
Western Sahara,1905,0
Western Sahara,1906,0
Western Sahara,1907,0
Western Sahara,1908,0
Western Sahara,1909,0
Western Sahara,1910,0
Western Sahara,1911,0
Western Sahara,1912,0
Western Sahara,1913,0
Western Sahara,1914,0
Western Sahara,1915,0
Western Sahara,1916,0
Western Sahara,1917,0
Western Sahara,1918,0
Western Sahara,1919,0
Western Sahara,1920,0
Western Sahara,1921,0
Western Sahara,1922,0
Western Sahara,1923,0
Western Sahara,1924,0
Western Sahara,1925,0
Western Sahara,1926,0
Western Sahara,1927,0
Western Sahara,1928,0
Western Sahara,1929,0
Western Sahara,1930,0
Western Sahara,1931,0
Western Sahara,1932,0
Western Sahara,1933,0
Western Sahara,1934,0
Western Sahara,1935,0
Western Sahara,1936,0
Western Sahara,1937,0
Western Sahara,1938,0
Western Sahara,1939,0
Western Sahara,1940,0
Western Sahara,1941,0
Western Sahara,1942,0
Western Sahara,1943,0
Western Sahara,1944,0
Western Sahara,1945,0
Western Sahara,1946,0
Western Sahara,1947,0
Western Sahara,1948,0
Western Sahara,1949,0
Western Sahara,1950,0
Western Sahara,1951,0
Western Sahara,1952,0
Western Sahara,1953,0
Western Sahara,1954,0
Western Sahara,1955,0
Western Sahara,1956,0
Western Sahara,1957,0
Western Sahara,1958,0
Western Sahara,1959,0
Western Sahara,1960,0
Western Sahara,1961,0
Western Sahara,1962,0
Western Sahara,1963,0
Western Sahara,1964,0
Western Sahara,1965,0
Western Sahara,1966,0
Western Sahara,1967,0
Western Sahara,1968,0
Western Sahara,1969,0
Western Sahara,1970,0
Western Sahara,1971,0
Western Sahara,1972,0
Western Sahara,1973,0
Western Sahara,1974,0
Western Sahara,1975,0
Western Sahara,1976,0
Western Sahara,1977,0
Western Sahara,1978,0
Western Sahara,1979,0
Western Sahara,1980,0
Western Sahara,1981,0
Western Sahara,1982,0
Western Sahara,1983,0
Western Sahara,1984,0
Western Sahara,1985,0
Western Sahara,1986,0
Western Sahara,1987,0
Western Sahara,1988,0
Western Sahara,1989,0
Western Sahara,1990,0
Western Sahara,1991,0
Western Sahara,1992,0
Western Sahara,1993,0
Western Sahara,1994,0
Western Sahara,1995,0
Western Sahara,1996,0
Western Sahara,1997,0
Western Sahara,1998,0
Western Sahara,1999,0
Western Sahara,2000,0
Western Sahara,2001,2
Western Sahara,2002,2
Western Sahara,2003,2
Western Sahara,2004,2
Western Sahara,2005,2
Western Sahara,2006,2
Western Sahara,2007,2
Western Sahara,2008,2
Western Sahara,2009,2
Western Sahara,2010,2
Western Sahara,2011,3
Western Sahara,2012,14
Western Sahara,2013,16
Western Sahara,2014,16
Western Sahara,2015,16
Western Sahara,2016,16
Western Sahara,2017,16
Western Sahara,2018,16
Western Sahara,2019,16
Western Sahara,2020,16
Western Sahara,2021,16
Western Sahara,2022,16
Western Sahara,2023,16
Western Sahara,2024,16
Western Sahara,2025,16
Western Sahara,2026,16
Yemen,1872,0
Yemen,1873,0
Yemen,1874,0
Yemen,1875,0
Yemen,1876,0
Yemen,1877,0
Yemen,1878,0
Yemen,1879,0
Yemen,1880,0
Yemen,1881,0
Yemen,1882,0
Yemen,1883,0
Yemen,1884,0
Yemen,1885,0
Yemen,1886,0
Yemen,1887,0
Yemen,1888,0
Yemen,1889,0
Yemen,1890,0
Yemen,1891,0
Yemen,1892,0
Yemen,1893,0
Yemen,1894,0
Yemen,1895,0
Yemen,1896,0
Yemen,1897,0
Yemen,1898,0
Yemen,1899,0
Yemen,1900,0
Yemen,1901,0
Yemen,1902,0
Yemen,1903,0
Yemen,1904,0
Yemen,1905,0
Yemen,1906,0
Yemen,1907,0
Yemen,1908,0
Yemen,1909,0
Yemen,1910,0
Yemen,1911,0
Yemen,1912,0
Yemen,1913,0
Yemen,1914,0
Yemen,1915,0
Yemen,1916,0
Yemen,1917,0
Yemen,1918,0
Yemen,1919,0
Yemen,1920,0
Yemen,1921,0
Yemen,1922,0
Yemen,1923,0
Yemen,1924,0
Yemen,1925,0
Yemen,1926,0
Yemen,1927,0
Yemen,1928,0
Yemen,1929,0
Yemen,1930,0
Yemen,1931,0
Yemen,1932,0
Yemen,1933,0
Yemen,1934,0
Yemen,1935,0
Yemen,1936,0
Yemen,1937,0
Yemen,1938,0
Yemen,1939,0
Yemen,1940,0
Yemen,1941,0
Yemen,1942,0
Yemen,1943,0
Yemen,1944,0
Yemen,1945,0
Yemen,1946,0
Yemen,1947,0
Yemen,1948,0
Yemen,1949,0
Yemen,1950,0
Yemen,1951,0
Yemen,1952,0
Yemen,1953,0
Yemen,1954,0
Yemen,1955,0
Yemen,1956,0
Yemen,1957,0
Yemen,1958,0
Yemen,1959,0
Yemen,1960,0
Yemen,1961,0
Yemen,1962,0
Yemen,1963,0
Yemen,1964,0
Yemen,1965,0
Yemen,1966,4
Yemen,1967,4
Yemen,1968,4
Yemen,1969,4
Yemen,1970,4
Yemen,1971,4
Yemen,1972,4
Yemen,1973,6
Yemen,1974,8
Yemen,1975,8
Yemen,1976,8
Yemen,1977,8
Yemen,1978,8
Yemen,1979,8
Yemen,1980,8
Yemen,1981,8
Yemen,1982,8
Yemen,1983,8
Yemen,1984,10
Yemen,1985,11
Yemen,1986,11
Yemen,1987,11
Yemen,1988,16
Yemen,1989,16
Yemen,1990,17
Yemen,1991,17
Yemen,1992,17
Yemen,1993,29
Yemen,1994,32
Yemen,1995,32
Yemen,1996,34
Yemen,1997,44
Yemen,1998,44
Yemen,1999,44
Yemen,2000,58
Yemen,2001,72
Yemen,2002,78
Yemen,2003,101
Yemen,2004,115
Yemen,2005,115
Yemen,2006,127
Yemen,2007,138
Yemen,2008,142
Yemen,2009,151
Yemen,2010,177
Yemen,2011,177
Yemen,2012,185
Yemen,2013,189
Yemen,2014,194
Yemen,2015,199
Yemen,2016,203
Yemen,2017,208
Yemen,2018,210
Yemen,2019,220
Yemen,2020,220
Yemen,2021,220
Yemen,2022,220
Yemen,2023,228
Yemen,2024,237
Yemen,2025,259
Yemen,2026,259
Yemen DPR,1872,0
Yemen DPR,1873,0
Yemen DPR,1874,0
Yemen DPR,1875,0
Yemen DPR,1876,0
Yemen DPR,1877,0
Yemen DPR,1878,0
Yemen DPR,1879,0
Yemen DPR,1880,0
Yemen DPR,1881,0
Yemen DPR,1882,0
Yemen DPR,1883,0
Yemen DPR,1884,0
Yemen DPR,1885,0
Yemen DPR,1886,0
Yemen DPR,1887,0
Yemen DPR,1888,0
Yemen DPR,1889,0
Yemen DPR,1890,0
Yemen DPR,1891,0
Yemen DPR,1892,0
Yemen DPR,1893,0
Yemen DPR,1894,0
Yemen DPR,1895,0
Yemen DPR,1896,0
Yemen DPR,1897,0
Yemen DPR,1898,0
Yemen DPR,1899,0
Yemen DPR,1900,0
Yemen DPR,1901,0
Yemen DPR,1902,0
Yemen DPR,1903,0
Yemen DPR,1904,0
Yemen DPR,1905,0
Yemen DPR,1906,0
Yemen DPR,1907,0
Yemen DPR,1908,0
Yemen DPR,1909,0
Yemen DPR,1910,0
Yemen DPR,1911,0
Yemen DPR,1912,0
Yemen DPR,1913,0
Yemen DPR,1914,0
Yemen DPR,1915,0
Yemen DPR,1916,0
Yemen DPR,1917,0
Yemen DPR,1918,0
Yemen DPR,1919,0
Yemen DPR,1920,0
Yemen DPR,1921,0
Yemen DPR,1922,0
Yemen DPR,1923,0
Yemen DPR,1924,0
Yemen DPR,1925,0
Yemen DPR,1926,0
Yemen DPR,1927,0
Yemen DPR,1928,0
Yemen DPR,1929,0
Yemen DPR,1930,0
Yemen DPR,1931,0
Yemen DPR,1932,0
Yemen DPR,1933,0
Yemen DPR,1934,0
Yemen DPR,1935,0
Yemen DPR,1936,0
Yemen DPR,1937,0
Yemen DPR,1938,0
Yemen DPR,1939,0
Yemen DPR,1940,0
Yemen DPR,1941,0
Yemen DPR,1942,0
Yemen DPR,1943,0
Yemen DPR,1944,0
Yemen DPR,1945,0
Yemen DPR,1946,0
Yemen DPR,1947,0
Yemen DPR,1948,0
Yemen DPR,1949,0
Yemen DPR,1950,0
Yemen DPR,1951,0
Yemen DPR,1952,0
Yemen DPR,1953,0
Yemen DPR,1954,0
Yemen DPR,1955,0
Yemen DPR,1956,0
Yemen DPR,1957,0
Yemen DPR,1958,0
Yemen DPR,1959,0
Yemen DPR,1960,0
Yemen DPR,1961,0
Yemen DPR,1962,0
Yemen DPR,1963,0
Yemen DPR,1964,0
Yemen DPR,1965,0
Yemen DPR,1966,0
Yemen DPR,1967,0
Yemen DPR,1968,0
Yemen DPR,1969,0
Yemen DPR,1970,0
Yemen DPR,1971,0
Yemen DPR,1972,5
Yemen DPR,1973,7
Yemen DPR,1974,14
Yemen DPR,1975,15
Yemen DPR,1976,15
Yemen DPR,1977,15
Yemen DPR,1978,15
Yemen DPR,1979,15
Yemen DPR,1980,15
Yemen DPR,1981,16
Yemen DPR,1982,16
Yemen DPR,1983,16
Yemen DPR,1984,16
Yemen DPR,1985,20
Yemen DPR,1986,20
Yemen DPR,1987,20
Yemen DPR,1988,22
Yemen DPR,1989,25
Yemen DPR,1990,25
Yemen DPR,1991,25
Yemen DPR,1992,25
Yemen DPR,1993,25
Yemen DPR,1994,25
Yemen DPR,1995,25
Yemen DPR,1996,25
Yemen DPR,1997,25
Yemen DPR,1998,25
Yemen DPR,1999,25
Yemen DPR,2000,25
Yemen DPR,2001,25
Yemen DPR,2002,25
Yemen DPR,2003,25
Yemen DPR,2004,25
Yemen DPR,2005,25
Yemen DPR,2006,25
Yemen DPR,2007,25
Yemen DPR,2008,25
Yemen DPR,2009,25
Yemen DPR,2010,25
Yemen DPR,2011,25
Yemen DPR,2012,25
Yemen DPR,2013,25
Yemen DPR,2014,25
Yemen DPR,2015,25
Yemen DPR,2016,25
Yemen DPR,2017,25
Yemen DPR,2018,25
Yemen DPR,2019,25
Yemen DPR,2020,25
Yemen DPR,2021,25
Yemen DPR,2022,25
Yemen DPR,2023,25
Yemen DPR,2024,25
Yemen DPR,2025,25
Yemen DPR,2026,25
Ynys Môn,1872,0
Ynys Môn,1873,0
Ynys Môn,1874,0
Ynys Môn,1875,0
Ynys Môn,1876,0
Ynys Môn,1877,0
Ynys Môn,1878,0
Ynys Môn,1879,0
Ynys Môn,1880,0
Ynys Môn,1881,0
Ynys Môn,1882,0
Ynys Môn,1883,0
Ynys Môn,1884,0
Ynys Môn,1885,0
Ynys Môn,1886,0
Ynys Môn,1887,0
Ynys Môn,1888,0
Ynys Môn,1889,0
Ynys Môn,1890,0
Ynys Môn,1891,0
Ynys Môn,1892,0
Ynys Môn,1893,0
Ynys Môn,1894,0
Ynys Môn,1895,0
Ynys Môn,1896,0
Ynys Môn,1897,0
Ynys Môn,1898,0
Ynys Môn,1899,0
Ynys Môn,1900,0
Ynys Môn,1901,0
Ynys Môn,1902,0
Ynys Môn,1903,0
Ynys Môn,1904,0
Ynys Môn,1905,0
Ynys Môn,1906,0
Ynys Môn,1907,0
Ynys Môn,1908,0
Ynys Môn,1909,0
Ynys Môn,1910,0
Ynys Môn,1911,0
Ynys Môn,1912,0
Ynys Môn,1913,0
Ynys Môn,1914,0
Ynys Môn,1915,0
Ynys Môn,1916,0
Ynys Môn,1917,0
Ynys Môn,1918,0
Ynys Môn,1919,0
Ynys Môn,1920,0
Ynys Môn,1921,0
Ynys Môn,1922,0
Ynys Môn,1923,0
Ynys Môn,1924,0
Ynys Môn,1925,0
Ynys Môn,1926,0
Ynys Môn,1927,0
Ynys Môn,1928,0
Ynys Môn,1929,0
Ynys Môn,1930,0
Ynys Môn,1931,0
Ynys Môn,1932,0
Ynys Môn,1933,0
Ynys Môn,1934,0
Ynys Môn,1935,0
Ynys Môn,1936,0
Ynys Môn,1937,0
Ynys Môn,1938,0
Ynys Môn,1939,0
Ynys Môn,1940,0
Ynys Môn,1941,0
Ynys Môn,1942,0
Ynys Môn,1943,0
Ynys Môn,1944,0
Ynys Môn,1945,0
Ynys Môn,1946,0
Ynys Môn,1947,0
Ynys Môn,1948,0
Ynys Môn,1949,0
Ynys Môn,1950,0
Ynys Môn,1951,0
Ynys Môn,1952,0
Ynys Môn,1953,0
Ynys Môn,1954,0
Ynys Môn,1955,0
Ynys Môn,1956,0
Ynys Môn,1957,0
Ynys Môn,1958,0
Ynys Môn,1959,0
Ynys Môn,1960,0
Ynys Môn,1961,0
Ynys Môn,1962,0
Ynys Môn,1963,0
Ynys Môn,1964,0
Ynys Môn,1965,0
Ynys Môn,1966,0
Ynys Môn,1967,0
Ynys Môn,1968,0
Ynys Môn,1969,0
Ynys Môn,1970,0
Ynys Môn,1971,0
Ynys Môn,1972,0
Ynys Môn,1973,0
Ynys Môn,1974,0
Ynys Môn,1975,0
Ynys Môn,1976,0
Ynys Môn,1977,0
Ynys Môn,1978,0
Ynys Môn,1979,0
Ynys Môn,1980,0
Ynys Môn,1981,0
Ynys Môn,1982,0
Ynys Môn,1983,0
Ynys Môn,1984,0
Ynys Môn,1985,0
Ynys Môn,1986,0
Ynys Môn,1987,0
Ynys Môn,1988,0
Ynys Môn,1989,9
Ynys Môn,1990,9
Ynys Môn,1991,16
Ynys Môn,1992,16
Ynys Môn,1993,20
Ynys Môn,1994,20
Ynys Môn,1995,26
Ynys Môn,1996,26
Ynys Môn,1997,39
Ynys Môn,1998,39
Ynys Môn,1999,45
Ynys Môn,2000,45
Ynys Môn,2001,52
Ynys Môn,2002,52
Ynys Môn,2003,57
Ynys Môn,2004,57
Ynys Môn,2005,62
Ynys Môn,2006,62
Ynys Môn,2007,65
Ynys Môn,2008,65
Ynys Môn,2009,71
Ynys Môn,2010,71
Ynys Môn,2011,81
Ynys Môn,2012,81
Ynys Môn,2013,81
Ynys Môn,2014,81
Ynys Môn,2015,87
Ynys Môn,2016,87
Ynys Môn,2017,95
Ynys Môn,2018,95
Ynys Môn,2019,112
Ynys Môn,2020,112
Ynys Môn,2021,112
Ynys Môn,2022,112
Ynys Môn,2023,123
Ynys Môn,2024,123
Ynys Môn,2025,125
Ynys Môn,2026,125
Yorkshire,1872,0
Yorkshire,1873,0
Yorkshire,1874,0
Yorkshire,1875,0
Yorkshire,1876,0
Yorkshire,1877,0
Yorkshire,1878,0
Yorkshire,1879,0
Yorkshire,1880,0
Yorkshire,1881,0
Yorkshire,1882,0
Yorkshire,1883,0
Yorkshire,1884,0
Yorkshire,1885,0
Yorkshire,1886,0
Yorkshire,1887,0
Yorkshire,1888,0
Yorkshire,1889,0
Yorkshire,1890,0
Yorkshire,1891,0
Yorkshire,1892,0
Yorkshire,1893,0
Yorkshire,1894,0
Yorkshire,1895,0
Yorkshire,1896,0
Yorkshire,1897,0
Yorkshire,1898,0
Yorkshire,1899,0
Yorkshire,1900,0
Yorkshire,1901,0
Yorkshire,1902,0
Yorkshire,1903,0
Yorkshire,1904,0
Yorkshire,1905,0
Yorkshire,1906,0
Yorkshire,1907,0
Yorkshire,1908,0
Yorkshire,1909,0
Yorkshire,1910,0
Yorkshire,1911,0
Yorkshire,1912,0
Yorkshire,1913,0
Yorkshire,1914,0
Yorkshire,1915,0
Yorkshire,1916,0
Yorkshire,1917,0
Yorkshire,1918,0
Yorkshire,1919,0
Yorkshire,1920,0
Yorkshire,1921,0
Yorkshire,1922,0
Yorkshire,1923,0
Yorkshire,1924,0
Yorkshire,1925,0
Yorkshire,1926,0
Yorkshire,1927,0
Yorkshire,1928,0
Yorkshire,1929,0
Yorkshire,1930,0
Yorkshire,1931,0
Yorkshire,1932,0
Yorkshire,1933,0
Yorkshire,1934,0
Yorkshire,1935,0
Yorkshire,1936,0
Yorkshire,1937,0
Yorkshire,1938,0
Yorkshire,1939,0
Yorkshire,1940,0
Yorkshire,1941,0
Yorkshire,1942,0
Yorkshire,1943,0
Yorkshire,1944,0
Yorkshire,1945,0
Yorkshire,1946,0
Yorkshire,1947,0
Yorkshire,1948,0
Yorkshire,1949,0
Yorkshire,1950,0
Yorkshire,1951,0
Yorkshire,1952,0
Yorkshire,1953,0
Yorkshire,1954,0
Yorkshire,1955,0
Yorkshire,1956,0
Yorkshire,1957,0
Yorkshire,1958,0
Yorkshire,1959,0
Yorkshire,1960,0
Yorkshire,1961,0
Yorkshire,1962,0
Yorkshire,1963,0
Yorkshire,1964,0
Yorkshire,1965,0
Yorkshire,1966,0
Yorkshire,1967,0
Yorkshire,1968,0
Yorkshire,1969,0
Yorkshire,1970,0
Yorkshire,1971,0
Yorkshire,1972,0
Yorkshire,1973,0
Yorkshire,1974,0
Yorkshire,1975,0
Yorkshire,1976,0
Yorkshire,1977,0
Yorkshire,1978,0
Yorkshire,1979,0
Yorkshire,1980,0
Yorkshire,1981,0
Yorkshire,1982,0
Yorkshire,1983,0
Yorkshire,1984,0
Yorkshire,1985,0
Yorkshire,1986,0
Yorkshire,1987,0
Yorkshire,1988,0
Yorkshire,1989,0
Yorkshire,1990,0
Yorkshire,1991,0
Yorkshire,1992,0
Yorkshire,1993,0
Yorkshire,1994,0
Yorkshire,1995,0
Yorkshire,1996,0
Yorkshire,1997,0
Yorkshire,1998,0
Yorkshire,1999,0
Yorkshire,2000,0
Yorkshire,2001,0
Yorkshire,2002,0
Yorkshire,2003,0
Yorkshire,2004,0
Yorkshire,2005,0
Yorkshire,2006,0
Yorkshire,2007,0
Yorkshire,2008,0
Yorkshire,2009,0
Yorkshire,2010,0
Yorkshire,2011,0
Yorkshire,2012,0
Yorkshire,2013,0
Yorkshire,2014,0
Yorkshire,2015,0
Yorkshire,2016,0
Yorkshire,2017,0
Yorkshire,2018,20
Yorkshire,2019,27
Yorkshire,2020,27
Yorkshire,2021,27
Yorkshire,2022,27
Yorkshire,2023,27
Yorkshire,2024,27
Yorkshire,2025,27
Yorkshire,2026,27
Yoruba Nation,1872,0
Yoruba Nation,1873,0
Yoruba Nation,1874,0
Yoruba Nation,1875,0
Yoruba Nation,1876,0
Yoruba Nation,1877,0
Yoruba Nation,1878,0
Yoruba Nation,1879,0
Yoruba Nation,1880,0
Yoruba Nation,1881,0
Yoruba Nation,1882,0
Yoruba Nation,1883,0
Yoruba Nation,1884,0
Yoruba Nation,1885,0
Yoruba Nation,1886,0
Yoruba Nation,1887,0
Yoruba Nation,1888,0
Yoruba Nation,1889,0
Yoruba Nation,1890,0
Yoruba Nation,1891,0
Yoruba Nation,1892,0
Yoruba Nation,1893,0
Yoruba Nation,1894,0
Yoruba Nation,1895,0
Yoruba Nation,1896,0
Yoruba Nation,1897,0
Yoruba Nation,1898,0
Yoruba Nation,1899,0
Yoruba Nation,1900,0
Yoruba Nation,1901,0
Yoruba Nation,1902,0
Yoruba Nation,1903,0
Yoruba Nation,1904,0
Yoruba Nation,1905,0
Yoruba Nation,1906,0
Yoruba Nation,1907,0
Yoruba Nation,1908,0
Yoruba Nation,1909,0
Yoruba Nation,1910,0
Yoruba Nation,1911,0
Yoruba Nation,1912,0
Yoruba Nation,1913,0
Yoruba Nation,1914,0
Yoruba Nation,1915,0
Yoruba Nation,1916,0
Yoruba Nation,1917,0
Yoruba Nation,1918,0
Yoruba Nation,1919,0
Yoruba Nation,1920,0
Yoruba Nation,1921,0
Yoruba Nation,1922,0
Yoruba Nation,1923,0
Yoruba Nation,1924,0
Yoruba Nation,1925,0
Yoruba Nation,1926,0
Yoruba Nation,1927,0
Yoruba Nation,1928,0
Yoruba Nation,1929,0
Yoruba Nation,1930,0
Yoruba Nation,1931,0
Yoruba Nation,1932,0
Yoruba Nation,1933,0
Yoruba Nation,1934,0
Yoruba Nation,1935,0
Yoruba Nation,1936,0
Yoruba Nation,1937,0
Yoruba Nation,1938,0
Yoruba Nation,1939,0
Yoruba Nation,1940,0
Yoruba Nation,1941,0
Yoruba Nation,1942,0
Yoruba Nation,1943,0
Yoruba Nation,1944,0
Yoruba Nation,1945,0
Yoruba Nation,1946,0
Yoruba Nation,1947,0
Yoruba Nation,1948,0
Yoruba Nation,1949,0
Yoruba Nation,1950,0
Yoruba Nation,1951,0
Yoruba Nation,1952,0
Yoruba Nation,1953,0
Yoruba Nation,1954,0
Yoruba Nation,1955,0
Yoruba Nation,1956,0
Yoruba Nation,1957,0
Yoruba Nation,1958,0
Yoruba Nation,1959,0
Yoruba Nation,1960,0
Yoruba Nation,1961,0
Yoruba Nation,1962,0
Yoruba Nation,1963,0
Yoruba Nation,1964,0
Yoruba Nation,1965,0
Yoruba Nation,1966,0
Yoruba Nation,1967,0
Yoruba Nation,1968,0
Yoruba Nation,1969,0
Yoruba Nation,1970,0
Yoruba Nation,1971,0
Yoruba Nation,1972,0
Yoruba Nation,1973,0
Yoruba Nation,1974,0
Yoruba Nation,1975,0
Yoruba Nation,1976,0
Yoruba Nation,1977,0
Yoruba Nation,1978,0
Yoruba Nation,1979,0
Yoruba Nation,1980,0
Yoruba Nation,1981,0
Yoruba Nation,1982,0
Yoruba Nation,1983,0
Yoruba Nation,1984,0
Yoruba Nation,1985,0
Yoruba Nation,1986,0
Yoruba Nation,1987,0
Yoruba Nation,1988,0
Yoruba Nation,1989,0
Yoruba Nation,1990,0
Yoruba Nation,1991,0
Yoruba Nation,1992,0
Yoruba Nation,1993,0
Yoruba Nation,1994,0
Yoruba Nation,1995,0
Yoruba Nation,1996,0
Yoruba Nation,1997,0
Yoruba Nation,1998,0
Yoruba Nation,1999,0
Yoruba Nation,2000,0
Yoruba Nation,2001,0
Yoruba Nation,2002,0
Yoruba Nation,2003,0
Yoruba Nation,2004,0
Yoruba Nation,2005,0
Yoruba Nation,2006,0
Yoruba Nation,2007,0
Yoruba Nation,2008,0
Yoruba Nation,2009,0
Yoruba Nation,2010,0
Yoruba Nation,2011,0
Yoruba Nation,2012,0
Yoruba Nation,2013,0
Yoruba Nation,2014,0
Yoruba Nation,2015,0
Yoruba Nation,2016,0
Yoruba Nation,2017,0
Yoruba Nation,2018,0
Yoruba Nation,2019,0
Yoruba Nation,2020,0
Yoruba Nation,2021,0
Yoruba Nation,2022,1
Yoruba Nation,2023,1
Yoruba Nation,2024,1
Yoruba Nation,2025,1
Yoruba Nation,2026,1
Yugoslavia,1872,0
Yugoslavia,1873,0
Yugoslavia,1874,0
Yugoslavia,1875,0
Yugoslavia,1876,0
Yugoslavia,1877,0
Yugoslavia,1878,0
Yugoslavia,1879,0
Yugoslavia,1880,0
Yugoslavia,1881,0
Yugoslavia,1882,0
Yugoslavia,1883,0
Yugoslavia,1884,0
Yugoslavia,1885,0
Yugoslavia,1886,0
Yugoslavia,1887,0
Yugoslavia,1888,0
Yugoslavia,1889,0
Yugoslavia,1890,0
Yugoslavia,1891,0
Yugoslavia,1892,0
Yugoslavia,1893,0
Yugoslavia,1894,0
Yugoslavia,1895,0
Yugoslavia,1896,0
Yugoslavia,1897,0
Yugoslavia,1898,0
Yugoslavia,1899,0
Yugoslavia,1900,0
Yugoslavia,1901,0
Yugoslavia,1902,0
Yugoslavia,1903,0
Yugoslavia,1904,0
Yugoslavia,1905,0
Yugoslavia,1906,0
Yugoslavia,1907,0
Yugoslavia,1908,0
Yugoslavia,1909,0
Yugoslavia,1910,0
Yugoslavia,1911,0
Yugoslavia,1912,0
Yugoslavia,1913,0
Yugoslavia,1914,0
Yugoslavia,1915,0
Yugoslavia,1916,0
Yugoslavia,1917,0
Yugoslavia,1918,0
Yugoslavia,1919,0
Yugoslavia,1920,2
Yugoslavia,1921,3
Yugoslavia,1922,9
Yugoslavia,1923,17
Yugoslavia,1924,18
Yugoslavia,1925,19
Yugoslavia,1926,27
Yugoslavia,1927,35
Yugoslavia,1928,42
Yugoslavia,1929,55
Yugoslavia,1930,78
Yugoslavia,1931,95
Yugoslavia,1932,113
Yugoslavia,1933,131
Yugoslavia,1934,156
Yugoslavia,1935,174
Yugoslavia,1936,188
Yugoslavia,1937,197
Yugoslavia,1938,207
Yugoslavia,1939,216
Yugoslavia,1940,224
Yugoslavia,1941,225
Yugoslavia,1942,225
Yugoslavia,1943,225
Yugoslavia,1944,225
Yugoslavia,1945,225
Yugoslavia,1946,231
Yugoslavia,1947,250
Yugoslavia,1948,254
Yugoslavia,1949,275
Yugoslavia,1950,307
Yugoslavia,1951,321
Yugoslavia,1952,336
Yugoslavia,1953,354
Yugoslavia,1954,374
Yugoslavia,1955,389
Yugoslavia,1956,410
Yugoslavia,1957,426
Yugoslavia,1958,446
Yugoslavia,1959,457
Yugoslavia,1960,491
Yugoslavia,1961,518
Yugoslavia,1962,544
Yugoslavia,1963,552
Yugoslavia,1964,565
Yugoslavia,1965,573
Yugoslavia,1966,582
Yugoslavia,1967,592
Yugoslavia,1968,615
Yugoslavia,1969,629
Yugoslavia,1970,638
Yugoslavia,1971,649
Yugoslavia,1972,677
Yugoslavia,1973,690
Yugoslavia,1974,711
Yugoslavia,1975,720
Yugoslavia,1976,730
Yugoslavia,1977,745
Yugoslavia,1978,752
Yugoslavia,1979,771
Yugoslavia,1980,785
Yugoslavia,1981,802
Yugoslavia,1982,810
Yugoslavia,1983,821
Yugoslavia,1984,834
Yugoslavia,1985,848
Yugoslavia,1986,858
Yugoslavia,1987,871
Yugoslavia,1988,887
Yugoslavia,1989,905
Yugoslavia,1990,921
Yugoslavia,1991,942
Yugoslavia,1992,942
Yugoslavia,1993,942
Yugoslavia,1994,942
Yugoslavia,1995,942
Yugoslavia,1996,942
Yugoslavia,1997,942
Yugoslavia,1998,942
Yugoslavia,1999,942
Yugoslavia,2000,942
Yugoslavia,2001,942
Yugoslavia,2002,942
Yugoslavia,2003,942
Yugoslavia,2004,942
Yugoslavia,2005,942
Yugoslavia,2006,942
Yugoslavia,2007,942
Yugoslavia,2008,942
Yugoslavia,2009,942
Yugoslavia,2010,942
Yugoslavia,2011,942
Yugoslavia,2012,942
Yugoslavia,2013,942
Yugoslavia,2014,942
Yugoslavia,2015,942
Yugoslavia,2016,942
Yugoslavia,2017,942
Yugoslavia,2018,942
Yugoslavia,2019,942
Yugoslavia,2020,942
Yugoslavia,2021,942
Yugoslavia,2022,942
Yugoslavia,2023,942
Yugoslavia,2024,942
Yugoslavia,2025,942
Yugoslavia,2026,942
Zambia,1872,0
Zambia,1873,0
Zambia,1874,0
Zambia,1875,0
Zambia,1876,0
Zambia,1877,0
Zambia,1878,0
Zambia,1879,0
Zambia,1880,0
Zambia,1881,0
Zambia,1882,0
Zambia,1883,0
Zambia,1884,0
Zambia,1885,0
Zambia,1886,0
Zambia,1887,0
Zambia,1888,0
Zambia,1889,0
Zambia,1890,0
Zambia,1891,0
Zambia,1892,0
Zambia,1893,0
Zambia,1894,0
Zambia,1895,0
Zambia,1896,0
Zambia,1897,0
Zambia,1898,0
Zambia,1899,0
Zambia,1900,0
Zambia,1901,0
Zambia,1902,0
Zambia,1903,0
Zambia,1904,0
Zambia,1905,0
Zambia,1906,0
Zambia,1907,0
Zambia,1908,0
Zambia,1909,0
Zambia,1910,0
Zambia,1911,0
Zambia,1912,0
Zambia,1913,0
Zambia,1914,0
Zambia,1915,0
Zambia,1916,0
Zambia,1917,0
Zambia,1918,0
Zambia,1919,0
Zambia,1920,0
Zambia,1921,0
Zambia,1922,0
Zambia,1923,0
Zambia,1924,0
Zambia,1925,0
Zambia,1926,0
Zambia,1927,0
Zambia,1928,0
Zambia,1929,0
Zambia,1930,0
Zambia,1931,0
Zambia,1932,0
Zambia,1933,0
Zambia,1934,0
Zambia,1935,0
Zambia,1936,0
Zambia,1937,0
Zambia,1938,0
Zambia,1939,0
Zambia,1940,0
Zambia,1941,0
Zambia,1942,0
Zambia,1943,0
Zambia,1944,0
Zambia,1945,0
Zambia,1946,4
Zambia,1947,6
Zambia,1948,9
Zambia,1949,9
Zambia,1950,13
Zambia,1951,14
Zambia,1952,18
Zambia,1953,19
Zambia,1954,23
Zambia,1955,23
Zambia,1956,23
Zambia,1957,28
Zambia,1958,32
Zambia,1959,32
Zambia,1960,32
Zambia,1961,32
Zambia,1962,32
Zambia,1963,37
Zambia,1964,57
Zambia,1965,67
Zambia,1966,95
Zambia,1967,106
Zambia,1968,138
Zambia,1969,158
Zambia,1970,164
Zambia,1971,204
Zambia,1972,215
Zambia,1973,248
Zambia,1974,261
Zambia,1975,278
Zambia,1976,302
Zambia,1977,332
Zambia,1978,392
Zambia,1979,408
Zambia,1980,432
Zambia,1981,457
Zambia,1982,471
Zambia,1983,472
Zambia,1984,486
Zambia,1985,503
Zambia,1986,520
Zambia,1987,526
Zambia,1988,549
Zambia,1989,570
Zambia,1990,583
Zambia,1991,601
Zambia,1992,629
Zambia,1993,657
Zambia,1994,683
Zambia,1995,705
Zambia,1996,733
Zambia,1997,768
Zambia,1998,782
Zambia,1999,795
Zambia,2000,815
Zambia,2001,835
Zambia,2002,844
Zambia,2003,863
Zambia,2004,879
Zambia,2005,904
Zambia,2006,925
Zambia,2007,940
Zambia,2008,958
Zambia,2009,979
Zambia,2010,1002
Zambia,2011,1018
Zambia,2012,1036
Zambia,2013,1065
Zambia,2014,1080
Zambia,2015,1096
Zambia,2016,1107
Zambia,2017,1122
Zambia,2018,1132
Zambia,2019,1150
Zambia,2020,1156
Zambia,2021,1176
Zambia,2022,1192
Zambia,2023,1218
Zambia,2024,1229
Zambia,2025,1234
Zambia,2026,1234
Zanzibar,1872,0
Zanzibar,1873,0
Zanzibar,1874,0
Zanzibar,1875,0
Zanzibar,1876,0
Zanzibar,1877,0
Zanzibar,1878,0
Zanzibar,1879,0
Zanzibar,1880,0
Zanzibar,1881,0
Zanzibar,1882,0
Zanzibar,1883,0
Zanzibar,1884,0
Zanzibar,1885,0
Zanzibar,1886,0
Zanzibar,1887,0
Zanzibar,1888,0
Zanzibar,1889,0
Zanzibar,1890,0
Zanzibar,1891,0
Zanzibar,1892,0
Zanzibar,1893,0
Zanzibar,1894,0
Zanzibar,1895,0
Zanzibar,1896,0
Zanzibar,1897,0
Zanzibar,1898,0
Zanzibar,1899,0
Zanzibar,1900,0
Zanzibar,1901,0
Zanzibar,1902,0
Zanzibar,1903,0
Zanzibar,1904,0
Zanzibar,1905,0
Zanzibar,1906,0
Zanzibar,1907,0
Zanzibar,1908,0
Zanzibar,1909,0
Zanzibar,1910,0
Zanzibar,1911,0
Zanzibar,1912,0
Zanzibar,1913,0
Zanzibar,1914,0
Zanzibar,1915,0
Zanzibar,1916,0
Zanzibar,1917,0
Zanzibar,1918,0
Zanzibar,1919,0
Zanzibar,1920,0
Zanzibar,1921,0
Zanzibar,1922,0
Zanzibar,1923,0
Zanzibar,1924,0
Zanzibar,1925,0
Zanzibar,1926,0
Zanzibar,1927,0
Zanzibar,1928,0
Zanzibar,1929,0
Zanzibar,1930,0
Zanzibar,1931,0
Zanzibar,1932,0
Zanzibar,1933,0
Zanzibar,1934,0
Zanzibar,1935,0
Zanzibar,1936,0
Zanzibar,1937,0
Zanzibar,1938,0
Zanzibar,1939,0
Zanzibar,1940,0
Zanzibar,1941,0
Zanzibar,1942,0
Zanzibar,1943,0
Zanzibar,1944,0
Zanzibar,1945,0
Zanzibar,1946,0
Zanzibar,1947,1
Zanzibar,1948,2
Zanzibar,1949,4
Zanzibar,1950,4
Zanzibar,1951,4
Zanzibar,1952,8
Zanzibar,1953,9
Zanzibar,1954,9
Zanzibar,1955,9
Zanzibar,1956,14
Zanzibar,1957,18
Zanzibar,1958,21
Zanzibar,1959,24
Zanzibar,1960,27
Zanzibar,1961,28
Zanzibar,1962,28
Zanzibar,1963,29
Zanzibar,1964,37
Zanzibar,1965,39
Zanzibar,1966,40
Zanzibar,1967,43
Zanzibar,1968,43
Zanzibar,1969,44
Zanzibar,1970,48
Zanzibar,1971,50
Zanzibar,1972,51
Zanzibar,1973,51
Zanzibar,1974,54
Zanzibar,1975,58
Zanzibar,1976,60
Zanzibar,1977,60
Zanzibar,1978,61
Zanzibar,1979,63
Zanzibar,1980,65
Zanzibar,1981,68
Zanzibar,1982,71
Zanzibar,1983,74
Zanzibar,1984,75
Zanzibar,1985,75
Zanzibar,1986,75
Zanzibar,1987,77
Zanzibar,1988,78
Zanzibar,1989,78
Zanzibar,1990,81
Zanzibar,1991,85
Zanzibar,1992,87
Zanzibar,1993,87
Zanzibar,1994,87
Zanzibar,1995,91
Zanzibar,1996,92
Zanzibar,1997,92
Zanzibar,1998,92
Zanzibar,1999,94
Zanzibar,2000,94
Zanzibar,2001,94
Zanzibar,2002,96
Zanzibar,2003,98
Zanzibar,2004,105
Zanzibar,2005,112
Zanzibar,2006,126
Zanzibar,2007,133
Zanzibar,2008,133
Zanzibar,2009,142
Zanzibar,2010,146
Zanzibar,2011,151
Zanzibar,2012,172
Zanzibar,2013,175
Zanzibar,2014,175
Zanzibar,2015,178
Zanzibar,2016,178
Zanzibar,2017,187
Zanzibar,2018,187
Zanzibar,2019,187
Zanzibar,2020,187
Zanzibar,2021,187
Zanzibar,2022,187
Zanzibar,2023,187
Zanzibar,2024,187
Zanzibar,2025,191
Zanzibar,2026,191
Zimbabwe,1872,0
Zimbabwe,1873,0
Zimbabwe,1874,0
Zimbabwe,1875,0
Zimbabwe,1876,0
Zimbabwe,1877,0
Zimbabwe,1878,0
Zimbabwe,1879,0
Zimbabwe,1880,0
Zimbabwe,1881,0
Zimbabwe,1882,0
Zimbabwe,1883,0
Zimbabwe,1884,0
Zimbabwe,1885,0
Zimbabwe,1886,0
Zimbabwe,1887,0
Zimbabwe,1888,0
Zimbabwe,1889,0
Zimbabwe,1890,0
Zimbabwe,1891,0
Zimbabwe,1892,0
Zimbabwe,1893,0
Zimbabwe,1894,0
Zimbabwe,1895,0
Zimbabwe,1896,0
Zimbabwe,1897,0
Zimbabwe,1898,0
Zimbabwe,1899,0
Zimbabwe,1900,0
Zimbabwe,1901,0
Zimbabwe,1902,0
Zimbabwe,1903,0
Zimbabwe,1904,0
Zimbabwe,1905,0
Zimbabwe,1906,0
Zimbabwe,1907,0
Zimbabwe,1908,0
Zimbabwe,1909,0
Zimbabwe,1910,0
Zimbabwe,1911,0
Zimbabwe,1912,0
Zimbabwe,1913,0
Zimbabwe,1914,0
Zimbabwe,1915,0
Zimbabwe,1916,0
Zimbabwe,1917,0
Zimbabwe,1918,0
Zimbabwe,1919,0
Zimbabwe,1920,0
Zimbabwe,1921,0
Zimbabwe,1922,0
Zimbabwe,1923,0
Zimbabwe,1924,0
Zimbabwe,1925,0
Zimbabwe,1926,0
Zimbabwe,1927,0
Zimbabwe,1928,0
Zimbabwe,1929,0
Zimbabwe,1930,0
Zimbabwe,1931,0
Zimbabwe,1932,0
Zimbabwe,1933,0
Zimbabwe,1934,0
Zimbabwe,1935,0
Zimbabwe,1936,0
Zimbabwe,1937,0
Zimbabwe,1938,0
Zimbabwe,1939,0
Zimbabwe,1940,0
Zimbabwe,1941,0
Zimbabwe,1942,0
Zimbabwe,1943,0
Zimbabwe,1944,0
Zimbabwe,1945,0
Zimbabwe,1946,0
Zimbabwe,1947,2
Zimbabwe,1948,6
Zimbabwe,1949,6
Zimbabwe,1950,9
Zimbabwe,1951,11
Zimbabwe,1952,17
Zimbabwe,1953,17
Zimbabwe,1954,23
Zimbabwe,1955,23
Zimbabwe,1956,23
Zimbabwe,1957,23
Zimbabwe,1958,27
Zimbabwe,1959,27
Zimbabwe,1960,27
Zimbabwe,1961,27
Zimbabwe,1962,27
Zimbabwe,1963,27
Zimbabwe,1964,27
Zimbabwe,1965,27
Zimbabwe,1966,27
Zimbabwe,1967,31
Zimbabwe,1968,31
Zimbabwe,1969,42
Zimbabwe,1970,42
Zimbabwe,1971,42
Zimbabwe,1972,42
Zimbabwe,1973,42
Zimbabwe,1974,42
Zimbabwe,1975,42
Zimbabwe,1976,42
Zimbabwe,1977,43
Zimbabwe,1978,43
Zimbabwe,1979,49
Zimbabwe,1980,68
Zimbabwe,1981,90
Zimbabwe,1982,106
Zimbabwe,1983,116
Zimbabwe,1984,135
Zimbabwe,1985,156
Zimbabwe,1986,156
Zimbabwe,1987,167
Zimbabwe,1988,172
Zimbabwe,1989,184
Zimbabwe,1990,207
Zimbabwe,1991,221
Zimbabwe,1992,233
Zimbabwe,1993,250
Zimbabwe,1994,256
Zimbabwe,1995,265
Zimbabwe,1996,275
Zimbabwe,1997,295
Zimbabwe,1998,308
Zimbabwe,1999,322
Zimbabwe,2000,349
Zimbabwe,2001,366
Zimbabwe,2002,376
Zimbabwe,2003,405
Zimbabwe,2004,425
Zimbabwe,2005,446
Zimbabwe,2006,455
Zimbabwe,2007,467
Zimbabwe,2008,476
Zimbabwe,2009,489
Zimbabwe,2010,495
Zimbabwe,2011,509
Zimbabwe,2012,520
Zimbabwe,2013,532
Zimbabwe,2014,543
Zimbabwe,2015,550
Zimbabwe,2016,571
Zimbabwe,2017,599
Zimbabwe,2018,612
Zimbabwe,2019,625
Zimbabwe,2020,628
Zimbabwe,2021,634
Zimbabwe,2022,637
Zimbabwe,2023,638
Zimbabwe,2024,645
Zimbabwe,2025,656
Zimbabwe,2026,660
Åland Islands,1872,0
Åland Islands,1873,0
Åland Islands,1874,0
Åland Islands,1875,0
Åland Islands,1876,0
Åland Islands,1877,0
Åland Islands,1878,0
Åland Islands,1879,0
Åland Islands,1880,0
Åland Islands,1881,0
Åland Islands,1882,0
Åland Islands,1883,0
Åland Islands,1884,0
Åland Islands,1885,0
Åland Islands,1886,0
Åland Islands,1887,0
Åland Islands,1888,0
Åland Islands,1889,0
Åland Islands,1890,0
Åland Islands,1891,0
Åland Islands,1892,0
Åland Islands,1893,0
Åland Islands,1894,0
Åland Islands,1895,0
Åland Islands,1896,0
Åland Islands,1897,0
Åland Islands,1898,0
Åland Islands,1899,0
Åland Islands,1900,0
Åland Islands,1901,0
Åland Islands,1902,0
Åland Islands,1903,0
Åland Islands,1904,0
Åland Islands,1905,0
Åland Islands,1906,0
Åland Islands,1907,0
Åland Islands,1908,0
Åland Islands,1909,0
Åland Islands,1910,0
Åland Islands,1911,0
Åland Islands,1912,0
Åland Islands,1913,0
Åland Islands,1914,0
Åland Islands,1915,0
Åland Islands,1916,0
Åland Islands,1917,0
Åland Islands,1918,0
Åland Islands,1919,0
Åland Islands,1920,0
Åland Islands,1921,0
Åland Islands,1922,0
Åland Islands,1923,0
Åland Islands,1924,0
Åland Islands,1925,0
Åland Islands,1926,0
Åland Islands,1927,0
Åland Islands,1928,0
Åland Islands,1929,0
Åland Islands,1930,0
Åland Islands,1931,0
Åland Islands,1932,0
Åland Islands,1933,0
Åland Islands,1934,0
Åland Islands,1935,0
Åland Islands,1936,0
Åland Islands,1937,0
Åland Islands,1938,0
Åland Islands,1939,0
Åland Islands,1940,0
Åland Islands,1941,0
Åland Islands,1942,0
Åland Islands,1943,0
Åland Islands,1944,0
Åland Islands,1945,0
Åland Islands,1946,0
Åland Islands,1947,0
Åland Islands,1948,0
Åland Islands,1949,0
Åland Islands,1950,0
Åland Islands,1951,0
Åland Islands,1952,0
Åland Islands,1953,0
Åland Islands,1954,0
Åland Islands,1955,0
Åland Islands,1956,0
Åland Islands,1957,0
Åland Islands,1958,0
Åland Islands,1959,0
Åland Islands,1960,0
Åland Islands,1961,0
Åland Islands,1962,0
Åland Islands,1963,0
Åland Islands,1964,0
Åland Islands,1965,0
Åland Islands,1966,0
Åland Islands,1967,0
Åland Islands,1968,0
Åland Islands,1969,0
Åland Islands,1970,0
Åland Islands,1971,0
Åland Islands,1972,0
Åland Islands,1973,0
Åland Islands,1974,0
Åland Islands,1975,0
Åland Islands,1976,0
Åland Islands,1977,0
Åland Islands,1978,0
Åland Islands,1979,0
Åland Islands,1980,0
Åland Islands,1981,0
Åland Islands,1982,0
Åland Islands,1983,0
Åland Islands,1984,0
Åland Islands,1985,0
Åland Islands,1986,0
Åland Islands,1987,0
Åland Islands,1988,0
Åland Islands,1989,10
Åland Islands,1990,10
Åland Islands,1991,13
Åland Islands,1992,13
Åland Islands,1993,20
Åland Islands,1994,20
Åland Islands,1995,27
Åland Islands,1996,27
Åland Islands,1997,27
Åland Islands,1998,27
Åland Islands,1999,35
Åland Islands,2000,35
Åland Islands,2001,35
Åland Islands,2002,35
Åland Islands,2003,35
Åland Islands,2004,37
Åland Islands,2005,44
Åland Islands,2006,44
Åland Islands,2007,49
Åland Islands,2008,49
Åland Islands,2009,59
Åland Islands,2010,59
Åland Islands,2011,67
Åland Islands,2012,67
Åland Islands,2013,67
Åland Islands,2014,67
Åland Islands,2015,70
Åland Islands,2016,70
Åland Islands,2017,75
Åland Islands,2018,75
Åland Islands,2019,75
Åland Islands,2020,75
Åland Islands,2021,75
Åland Islands,2022,75
Åland Islands,2023,77
Åland Islands,2024,77
Åland Islands,2025,77
Åland Islands,2026,77
